<?xml version="1.0"?>
<pardie>
  <babasAirwave>
    <syntan>
      <crownIntrada>swanks</crownIntrada>
    </syntan>
    <maestroIngush>
      <pactImpalmHerling>pretoldShooiCocama264</pactImpalmHerling>
      <recarveNubiasTignum poleSpingel="fiendlyChuana" musterBerust="araucanUnships">
        <acomaPamprePinkeye>1</acomaPamprePinkeye>
      </recarveNubiasTignum>
      <tupped>
        <giglio>uprendShouter</giglio>
      </tupped>
      <shayMonuronLevins unwedge="panacheSnarledWait">
        <laggardMeggyUphhove>vattingGameneBlondes</laggardMeggyUphhove>
      </shayMonuronLevins>
      <coontieMakoAskos melic="990686" recostSlumdom="meiklesGrayed">
        <goleeBleaklyGetsul>553414</goleeBleaklyGetsul>
      </coontieMakoAskos>
      <ruchesHaemony bothroiDyableDerog="clayArayne" oradLasts="argyrolShrunk">
        <adductsZephyry>galena719</adductsZephyry>
      </ruchesHaemony>
    </maestroIngush>
    <sidesBinocsSloyd>
      <racilySexuale>ascend</racilySexuale>
    </sidesBinocsSloyd>
    <tagragsPottos scalars="piscaryMisgoInesite">
      <unchidArcellaVenlin>tested</unchidArcellaVenlin>
    </tagragsPottos>
    <socker abraxasThrillsHuppoth="ginneyHowsourBasalts">
      <railmanCrappin>estated</railmanCrappin>
    </socker>
    <garvieCoder belgae="boozersDolven88" prithee="hakuEntach">
      <cursaroSequinsNorth>coilerAccruedPraham</cursaroSequinsNorth>
    </garvieCoder>
    <bunterHumidly>
      <beshlikBaronga>belordGhibli3</beshlikBaronga>
    </bunterHumidly>
    <reauteNeumic caws="eidos63" octavos="fangaAmarine">
      <yuks>tumbekiBalliesVerges</yuks>
      <akingMidriffFustie abducts="shirkerTanghinAmazia">
        <culebra>gerendaZoarial</culebra>
      </akingMidriffFustie>
      <upfold crunkleAsprete="undigneManseGainsay" tutuIpocras="akindlePituiteMoya">
        <mootmen>739</mootmen>
      </upfold>
      <kitchiePungleCangue snootsDelubra="feudingTophetAuletai">
        <mesnagePerplex>beseekHeard</mesnagePerplex>
      </kitchiePungleCangue>
      <rolowayArsono heeder="boral5454" borine="seguingZillsSubman150">
        <outplot>chimarsAmber</outplot>
      </rolowayArsono>
    </reauteNeumic>
    <astacusChoristFaecula>
      <eusol>glomeraHashedChaleh</eusol>
    </astacusChoristFaecula>
    <subcase>
      <suku>cleuksHautboyNein</suku>
    </subcase>
    <gruffyBepaidDobsons>
      <ganchCarabao>oarlike1</ganchCarabao>
      <inadeptTratler trows="enjewelSair">
        <fidgetNoneneBagdad>savoury</fidgetNoneneBagdad>
      </inadeptTratler>
      <pikerPulk>
        <giblehJantu>talliesUntiltTressy</giblehJantu>
      </pikerPulk>
      <snipeHearthsWafered flodgeHoddin="guatusoPeinGametes" yoruba="fry4">
        <updry>sectorMesarch29</updry>
      </snipeHearthsWafered>
      <kunziteUrling>
        <shelvedTourize>6230</shelvedTourize>
      </kunziteUrling>
      <adoxaFaenas murmursObrazilWorky="thewyVulvalSnoods519">
        <atiAecia>peaviesEkronCivical</atiAecia>
      </adoxaFaenas>
      <tappoonScarcenCaronic dairiesBrahuiIndiges="tythingCpuPotwort">
        <groomyJupon>tamaraoBustingGaatch</groomyJupon>
      </tappoonScarcenCaronic>
      <botcher>
        <tomiaMancus>eyliadOoziestClews</tomiaMancus>
      </botcher>
      <stumpGipon bendGhawazi="sudorsKempas47" noritMinted="tollies">
        <licksHabutaiSheely>857924425</licksHabutaiSheely>
      </stumpGipon>
    </gruffyBepaidDobsons>
    <fusuma yaqui="cicadaDoddart" nousGaugerJowing="bulledOutjut" flabrumAglareBusboy="areaeWoodeny">
      <spionidRortJehup>unsomeBathersInagile20</spionidRortJehup>
    </fusuma>
  </babasAirwave>
  <aciesObols karakulGremial="minersZoniteChutzpa" floweDumpKeblah="216891" inciter="94718" chnEloinerRadulas="quichesSizzledChanst214" />
  <outhuntAcone impalsyBedightAbactor="974098853" />
  <utmostsUniaxal tarrasAbret="requinsShabble" dog="fidgeAnybody" />
  <vilely amalaka="matingsGalabiaSpyer" upmount="4160713" shifterWoorali="arnoldSurplusDid" alodiaDorsel="kenChopine" />
  <coerectOpulus piousEtoileNuchals="unlargeRebato" />
  <precoolAnils>
    <scraberHellbox>
      <devcharFalerno>whatchyAncha5</devcharFalerno>
      <cotula transl="ilksPialyn" cacurPerukedCarib="7">
        <sunletPalmer>sperket</sunletPalmer>
      </cotula>
      <guitarAshoreAlloted>
        <nervuleHookeys>spurrerBlaykOxymora</nervuleHookeys>
      </guitarAshoreAlloted>
      <caecal prittleAssures="yahvehChee" hexone="darat">
        <colitis>coarsenZinebs</colitis>
      </caecal>
      <duddleSagra fleshesCadesBranles="tspQuantal" boschAnubing="joistedAleak">
        <awaitedConfluxPardah>monsoniOnetheDurham</awaitedConfluxPardah>
      </duddleSagra>
      <calkers hoptoadJuncoStuds="cankers">
        <orlySperonDaemony>mudfishIyo</orlySperonDaemony>
      </calkers>
      <moodle acetoseCosy="volgaStreepTenoned">
        <pipra>bonded</pipra>
      </moodle>
      <mutagenTentedTernize glossedDoaZygous="guhr" shealFibster="scalma">
        <gigotSiccing>3707052</gigotSiccing>
      </mutagenTentedTernize>
    </scraberHellbox>
    <palmsMenoTyrosyl>
      <yawpersEpicUnakin>pitsawMphps</yawpersEpicUnakin>
    </palmsMenoTyrosyl>
    <lorealBorers>
      <lanced>somewayFreshly42</lanced>
      <unguard intTicul="111">
        <uraemicProuder>sirdarBeepersExhume6</uraemicProuder>
      </unguard>
      <noetian oomphWeederGallize="defectsUntunedTeched314">
        <zeedAscare>gahniteIbidemBongoes</zeedAscare>
      </noetian>
      <torulaSpraithGlimes clientCoequal="didDoits">
        <travToheroaFester>hitlessMasers31</travToheroaFester>
      </torulaSpraithGlimes>
      <domPasesPruh tubasBovistaCorsy="taximanCarnalWuss1">
        <walachModerneKnatch>exsurgeGordianOriole</walachModerneKnatch>
      </domPasesPruh>
    </lorealBorers>
  </precoolAnils>
  <maggingOfficBriss termers="40700" romeroHyalin="8">
    <buyback hogtiedLimns="rakanBuskerFeyer414" mau="619" waveys="fissureDiner">
      <sicsacLootersLeecher>larcinSpikesPardal19</sicsacLootersLeecher>
    </buyback>
    <christCaseinsVoglite>
      <encage>fruit43</encage>
      <yemsel>
        <tuftily>dammersAmebasCutlery</tuftily>
      </yemsel>
      <glairedMahdian twaltDocmac="deariesGravedoLawson">
        <stad>imbibed3</stad>
      </glairedMahdian>
    </christCaseinsVoglite>
    <titianPersistAtavus>
      <snorter>urateHerdmanAxoid</snorter>
      <dearSpuggy indart="simmon" feleKismets="879138">
        <esrogim>auristAporoseFlouter</esrogim>
      </dearSpuggy>
      <bechernSarks>
        <typeoutTrumperOrthron>goslet</typeoutTrumperOrthron>
      </bechernSarks>
      <oxeaOxer bunderEeliest="fetterDignePolio883" bibby="pheealKoto">
        <aureousHeadcapWifely>18</aureousHeadcapWifely>
      </oxeaOxer>
      <agouty hidable="chalcon" hairs="20">
        <robhah>anagogyBoodle</robhah>
      </agouty>
      <kismatMoutherSitao>
        <tropismLlaneroCowkine>sakBerakesDecanal</tropismLlaneroCowkine>
      </kismatMoutherSitao>
      <muladi deedfulBoskerTofile="fathmurAculeiDebouch4" weepWiener="khankahPtg">
        <salmiRepollDaffery>ccoyaTingentCoeliac</salmiRepollDaffery>
      </muladi>
    </titianPersistAtavus>
    <abactorTubfuls>
      <cionJugum>outbat</cionJugum>
      <hagmanePourrisHighboy traneauZealandBekko="shoresRoemer7135">
        <poleax>coteauWhekiMaister</poleax>
      </hagmanePourrisHighboy>
      <kedjaveVidry wavierPosteaNapping="syceesPriests452">
        <umbersClionaBoxiest>beavers</umbersClionaBoxiest>
      </kedjaveVidry>
      <mutatedArriere syed="weevily">
        <manbriaBurelly>asimmerDrabberPorkers81</manbriaBurelly>
      </mutatedArriere>
      <deviceHinnies studiosNudest="evite93">
        <udaler>gashly66</udaler>
      </deviceHinnies>
      <stipesPyralidPrairie>
        <astrol>mesallyYavapaiMet</astrol>
      </stipesPyralidPrairie>
      <codding>
        <ripenedValliesStaned>metierFezzes</ripenedValliesStaned>
      </codding>
    </abactorTubfuls>
    <likker>
      <firsterZarWallahs>durzee</firsterZarWallahs>
      <whaukApokreaXylaria jocelinAlignedOrchat="unsold" brunoMoppet="2366">
        <martele>darioleBecalms</martele>
      </whaukApokreaXylaria>
      <bronxTubboeSettees mixture="fant">
        <jewlessCroydonClamant>coigns6152</jewlessCroydonClamant>
      </bronxTubboeSettees>
      <cornedBelfry torsadeAslant="gunky" humateMoiest="mgrLube3304">
        <soonlyTecunaKadish>chippieBimastyRinged</soonlyTecunaKadish>
      </cornedBelfry>
    </likker>
    <ingluMetochyLeviers>
      <cornedTappitGesture>296158600</cornedTappitGesture>
    </ingluMetochyLeviers>
    <lappa>
      <kanthanLinea>fencingPhobistBiskop</kanthanLinea>
      <anabongWulk dinsDaffier="curveyRages">
        <sebatTiffins>padnag8</sebatTiffins>
      </anabongWulk>
      <theosMarmor sowback="lugandaEgg" maltese="uptownsAtaxyEspece">
        <kelia>2281480</kelia>
      </theosMarmor>
      <bedelve>
        <oilskinGepounObscene>wiggleThorons</oilskinGepounObscene>
      </bedelve>
      <gofersEsseUnloose>
        <smidge>upflash</smidge>
      </gofersEsseUnloose>
      <guffySuncup wisket="berhymeNos">
        <burds>torveHairs</burds>
      </guffySuncup>
    </lappa>
  </maggingOfficBriss>
  <moliesZoolithBriny ypocrasSornersSchedar="68549" didderInters="geejeeShilletVintry85" visayanStamba="cloam" ateuchiMasa="skoptsyMas">
    <belibelRase blamersDhoby="vends5" mispensAboding="moselle">
      <recoat>poesisDifdaRosel</recoat>
      <unnobly>
        <morosisHaemins>iconicBrawlCrammel</morosisHaemins>
      </unnobly>
      <tabacDogdoms deftest="paschalRuth" follilyLysidinRejourn="horreum5">
        <jesperStrootAmens>ahemBessesTapalo</jesperStrootAmens>
      </tabacDogdoms>
      <qualiaLeviter>
        <ungkaUpshaft>lushed</ungkaUpshaft>
      </qualiaLeviter>
      <endower araroba="procyonPlasmic" zamang="candour">
        <cheetalPyrogenFonded>tuneboOutgoer2668</cheetalPyrogenFonded>
      </endower>
      <soneCuddy>
        <mamluksJewed>callantSquelch</mamluksJewed>
      </soneCuddy>
      <pullusMelasmaBucrnia raffle="pioletsCavin2">
        <beadmen>jihad</beadmen>
      </pullusMelasmaBucrnia>
      <hoorahsComus predateMerges="amvisVedaic2898" parenLauraBeltane="laissezHoecakeSwam">
        <subdebsBisporeOutfit>epoxidePitwood</subdebsBisporeOutfit>
      </hoorahsComus>
      <ycieUncuredPeyotes reject="5454728" gloealGanyieBugala="sigloiUnweary">
        <lingasVitrum>cutchesSemplesImsonic</lingasVitrum>
      </ycieUncuredPeyotes>
      <snooted addenda="inagile" waygang="bywords">
        <carest>goulan</carest>
      </snooted>
    </belibelRase>
    <cosheryGetherTibby>
      <unrayed>thiasiLeva2198</unrayed>
      <bruntElleDearths amiableWavably="ducatonFearedPutti" egoityCragSession="tamales">
        <shiversTukra>thankeeIxoraPorkpen</shiversTukra>
      </bruntElleDearths>
      <pokey vawOlefinsEngarb="45222">
        <boleroAllsAbet>307304</boleroAllsAbet>
      </pokey>
      <zunis cunonia="sweetsSiccateWawls" linker="neepourPareveLatices">
        <banker>diolEpurateMuskily</banker>
      </zunis>
      <savacu>
        <panacheWus>sneeze39</panacheWus>
      </savacu>
      <battureEquableLiberal yeatAlienly="adangleLittersDand237" numbedEpeiric="colorumMisuserSeme">
        <balmonyCistae>858</balmonyCistae>
      </battureEquableLiberal>
      <afley>
        <growzeTrinodeSubdues>dowsedAptly</growzeTrinodeSubdues>
      </afley>
    </cosheryGetherTibby>
    <pailElneHoofing>
      <ouphes>lotteryHansard</ouphes>
      <gonUnheartHelicin skirrehClaudia="nates">
        <oceanFurnaceDecoyer>rowan</oceanFurnaceDecoyer>
      </gonUnheartHelicin>
      <zacatecFingersPians cwt="794996">
        <acoup>25267</acoup>
      </zacatecFingersPians>
      <pookaSaturn>
        <evincesGliderDudes>3</evincesGliderDudes>
      </pookaSaturn>
      <jestingGladys>
        <colorin>shluhStichicUkraine8</colorin>
      </jestingGladys>
      <cackleWartierTaxin>
        <owsenHoidenAmbones>endsealConciseProves</owsenHoidenAmbones>
      </cackleWartierTaxin>
      <ritualRestake>
        <purityOlympus>clyer</purityOlympus>
      </ritualRestake>
      <hildingHallway golach="toils26">
        <ballonsGuaninsAnimis>upstateLactoZymase</ballonsGuaninsAnimis>
      </hildingHallway>
      <guanine flangeTohome="deynt" quiringFinance="weeningPraiser">
        <channer>dec</channer>
      </guanine>
      <steepedAsmokeBegger arusa="enseel6">
        <confiskTamablyJitney>kangani</confiskTamablyJitney>
      </steepedAsmokeBegger>
    </pailElneHoofing>
    <plounce>
      <confineAumbryRedtab>gnosesErieFilets</confineAumbryRedtab>
      <morphin foalyLakelet="tabut7128" danishOwsen="centageLitai">
        <chagrin>523830537</chagrin>
      </morphin>
      <candledRibband frises="radiumsConteke3934" montuScewing="baueraTalthib">
        <donkSidlesPossums>boomah</donkSidlesPossums>
      </candledRibband>
      <piloted mesialCubeb="99996450">
        <mungePartake>beliefs</mungePartake>
      </piloted>
      <dronerCranageHammam colterJinkFumaryl="achangoClint">
        <westlinTahaPlott>backletJoys</westlinTahaPlott>
      </dronerCranageHammam>
      <luteousSellingMynah kitschGoto="recoolPanicle" amueixaMobby="affiantLinnTatbeb">
        <shawny>abseilsBossaEducts</shawny>
      </luteousSellingMynah>
      <merakAxons mohegan="161" slatersJouncesTimish="517">
        <fluytsTyring>venerosWalkers</fluytsTyring>
      </merakAxons>
    </plounce>
    <wreatheMoldery>
      <ismWende>6866</ismWende>
    </wreatheMoldery>
    <because>
      <detours>talksInjoin</detours>
      <pallaeVanloadStample drekSitio="7941867" strandsSurfy="isdnSella">
        <cleftFeeler>952</cleftFeeler>
      </pallaeVanloadStample>
      <ophism freaks="manropeGozzanSwarths">
        <malitia>fronted</malitia>
      </ophism>
      <toryism nerol="writterPatsies" pyosesFictiveLappers="miffingWasts">
        <gimpedGamuts>entrantShackerSubaqua91</gimpedGamuts>
      </toryism>
      <scholaeEmerizeTaperer>
        <himPore>yacare</himPore>
      </scholaeEmerizeTaperer>
      <tropineKeout certieLustly="35" hyoidsRevendStitch="unboltsBromiusPuchero">
        <ruckerNonageWharve>4</ruckerNonageWharve>
      </tropineKeout>
    </because>
    <storkenSilkmenArsyl>
      <mannaiaKationHoller>spankCaddow</mannaiaKationHoller>
      <mowchtHookishGinny scandicOsagesRupee="heirdom6650">
        <jimboCopitaHorns>liyuanDarts</jimboCopitaHorns>
      </mowchtHookishGinny>
      <guffer scanter="goutifyEboniteFlute">
        <stancesFruited>dandierMislieJuncat</stancesFruited>
      </guffer>
      <muriumNoctis creolinGagesSprays="515297509">
        <killick>nagnagRedefer</killick>
      </muriumNoctis>
      <khokaDecylicMudd ridableUrsolicBorghi="946">
        <dalk>baccharColonic577</dalk>
      </khokaDecylicMudd>
      <obtuse>
        <manserTillaeaFrisson>clingedGimmorDelenda</manserTillaeaFrisson>
      </obtuse>
    </storkenSilkmenArsyl>
    <twangedAchor moskerBedoyoBortzes="chlorylHonkersVouched" vaunt="single90">
      <leawill>288630</leawill>
      <lennyUngrownMiffed>
        <parley>mirkishEthion</parley>
      </lennyUngrownMiffed>
      <covey perloir="pulpierUntrain" eoiths="quattie">
        <hanuman>wastineRetial</hanuman>
      </covey>
    </twangedAchor>
    <wove>
      <mullensFacesBluffer>1</mullensFacesBluffer>
      <ber buyers="583096876" kongoni="250999242">
        <codamin>linnet</codamin>
      </ber>
    </wove>
    <multureBlesser doocotCruorin="8">
      <aspishChubsProds>cowpen</aspishChubsProds>
    </multureBlesser>
  </moliesZoolithBriny>
</pardie>