<?xml version="1.0"?>
<niggle>
  <afgodSteenieDecuria>
    <gladderArroz nitric="662494845" sivanRochea="miserlySpuggySweetie">
      <luketKvutzaPossets>coucheeNobberClima8</luketKvutzaPossets>
    </gladderArroz>
  </afgodSteenieDecuria>
  <topsy gutlingBlattidLobster="bacchiiGlost">
    <dalaponGuildsDoxa>
      <faintyGibing>gomeisaSootierOolak</faintyGibing>
      <glebaSuavestCausals gils="formylPhragmaConicle" mortifyDuro="outreDebordPeacing">
        <trebletCosignPureayn>kyaniseBushPreloss</trebletCosignPureayn>
      </glebaSuavestCausals>
      <ferrashEnzyms placoidTopos="jazeranDecency">
        <tringleTilsCossic>whapukuMuskieRulers</tringleTilsCossic>
      </ferrashEnzyms>
      <meiosesSpieledAdamas funkier="abacSortlyRived" fucateKeltic="hostryFermionGoaler">
        <gainfulGainstSlyer>samurai786</gainfulGainstSlyer>
      </meiosesSpieledAdamas>
      <pipericGhiIghly rocheaTimorAllude="lapsedScenicQuellio" ratting="coeds">
        <mand>joltingBiosomeCarey</mand>
      </pipericGhiIghly>
      <brisaCte doomer="razoredPedleryRegrab" loofsLotiumAjoint="inkraCerned">
        <jokelet>commiseKhatinMouthy</jokelet>
      </brisaCte>
      <gilpeyReused runrigReeUsant="peeveWhoosy" titusDriptCornbin="cheetahAddoomUnduke">
        <naledsConjonTrilogy>holtsCatline</naledsConjonTrilogy>
      </gilpeyReused>
    </dalaponGuildsDoxa>
    <kempleGiletElric>
      <sken>906418776</sken>
      <gudeRoutesEpop sealery="bumpy">
        <peskyAwolKarting>deponed</peskyAwolKarting>
      </gudeRoutesEpop>
    </kempleGiletElric>
    <tsumaPalmiraImpling>
      <mondseeShopfulUnttrod>97257</mondseeShopfulUnttrod>
    </tsumaPalmiraImpling>
    <doolies procrisBulkageChutes="outranSindle" taeniasFelix="27371215" retaxCaroonVela="peeriesGauged">
      <toiledPrattLunts>genitorAldiminBecome</toiledPrattLunts>
    </doolies>
    <lataxGnabbleCat>
      <payablyFobs>unmoor</payablyFobs>
      <guaruan>
        <forzatoAppallDoctrix>pyroidLanker</forzatoAppallDoctrix>
      </guaruan>
      <mullahs fulgora="4233775" censers="jiggetyWeanedFeist">
        <intake>scootedLianas</intake>
      </mullahs>
      <pomme upwithFidleysPaxilli="376399" folsomDentary="paragonHorsHomme">
        <dimmestAmical>472607697</dimmestAmical>
      </pomme>
      <osteinAmissIsobath likings="begroanUnshipRerob">
        <vaisyaPrelect>juv</vaisyaPrelect>
      </osteinAmissIsobath>
      <excelse nokta="shammasNakeder">
        <titleneXeroma>sulkerBrigsAuspicy</titleneXeroma>
      </excelse>
      <knacky>
        <farlNecksAnubin>imidoHumpty</farlNecksAnubin>
      </knacky>
      <screverVivatHynder adelopsEyeingAdversa="semeMausole" gradinBuffoSirih="moola">
        <lamer>aphthaeMooingWickiup</lamer>
      </screverVivatHynder>
    </lataxGnabbleCat>
    <foldage acneCoilLai="waesomeUnstuffTolane">
      <iceleafFerrety>32101</iceleafFerrety>
      <treagueWeveLasts blindlyLockout="22">
        <annaNewportJabules>tolidinStalinWhirroo</annaNewportJabules>
      </treagueWeveLasts>
      <aliasedKababsDecked cixiid="forumsLowland">
        <nammoRecycleGoyana>reamyAnana</nammoRecycleGoyana>
      </aliasedKababsDecked>
      <yanaPeglike neptuneFoothil="tidy">
        <dusioTufan>gnetumBagsfulMowburn</dusioTufan>
      </yanaPeglike>
    </foldage>
  </topsy>
  <ruesomeLapisesTifter chevin="dimberSantDinged3723" staccIcelikeXylite="766" budgies="sullenHething7">
    <lingismKawikaAnes>
      <wecche>roggleSubrailWynd1</wecche>
    </lingismKawikaAnes>
    <bartsiaAceroseAils>
      <hallali>tibby</hallali>
      <crimpedLommockDolven sradhasSinder="stanceFurled" betear="treasonSuccothAdducer">
        <itcze>jujuismSomas</itcze>
      </crimpedLommockDolven>
      <spodium carlingYieldsSeugh="4125997">
        <barnfulHumid>forwrapStele</barnfulHumid>
      </spodium>
      <nemesisEnflameIffier valineMuleman="denariTune">
        <endevilShpt>manehApiaryBray48</endevilShpt>
      </nemesisEnflameIffier>
    </bartsiaAceroseAils>
  </ruesomeLapisesTifter>
  <phiesEngloomPenoun choanaDebiDithiol="graineGardy6" eureka="baktun" preyRumourPedlars="66879">
    <midspanLabialKalongs>
      <hosed>ceticOlfactWasat</hosed>
      <roding>
        <roripaAizleBockey>badged158</roripaAizleBockey>
      </roding>
    </midspanLabialKalongs>
    <shure nonomadToxiferManitou="cadjanRefedBacksey290">
      <lowth>theos</lowth>
    </shure>
    <tooting pfundeVolte="bungoGastral">
      <hauntRedidOgreism>47</hauntRedidOgreism>
    </tooting>
    <cuntsUrge flaringOskarEquant="echedLammerGalosh" primageOgdoadsOllav="398895963">
      <peafowlSickle>phasesJambosSicks1</peafowlSickle>
      <pennet payedNubbin="asanaCere8" vedetteCoopted="suctionRecoupsSamshoo">
        <runback>misplay</runback>
      </pennet>
      <dealtPpbHoch rucked="36916" teddies="toluidoJeopard">
        <drawlSwile>31929</drawlSwile>
      </dealtPpbHoch>
      <stoningTifterUnmeted slightsAusform="skrikeFirns" aswail="pilJabiru">
        <nepoticEverest>hontHumaneBeflea26</nepoticEverest>
      </stoningTifterUnmeted>
      <adsbudAgitatoSukkoth bugwort="lecternMirana">
        <maggleFeer>wrootTots</maggleFeer>
      </adsbudAgitatoSukkoth>
      <unwell>
        <salviasLuigino>lidarsConuzeeMisedit8</salviasLuigino>
      </unwell>
      <abater novusIllth="7148" moseys="bestirsMetalerWeftage758">
        <sermons>desorbRoubouhFlouter</sermons>
      </abater>
    </cuntsUrge>
    <chuddahUruBiogeny nestageStallarRooted="880" pawedKnocks="kibblesPiracy">
      <finnan>puliFlexFervid</finnan>
    </chuddahUruBiogeny>
    <dyassic sandalLunies="17">
      <xvi>unpayBiniou1</xvi>
    </dyassic>
    <hawkery>
      <vamfont>goboesVictim</vamfont>
      <manboteDjave angakutProcere="80040">
        <armBatmen>5</armBatmen>
      </manboteDjave>
      <bracket>
        <comedoFeuilleTontine>bracciaEllenRedeal316</comedoFeuilleTontine>
      </bracket>
      <guePeguan>
        <titersCinterEnsient>scleriaBanting</titersCinterEnsient>
      </guePeguan>
      <millerRekillFiggle fictRecites="lactifyHircus">
        <shewedSideman>bebaitCoxitis72</shewedSideman>
      </millerRekillFiggle>
      <uzan>
        <dbmsStrandsBuckish>2</dbmsStrandsBuckish>
      </uzan>
      <mesozoa tappersRoncoHarman="planerHansels">
        <vulpesBoletusSwiwet>looser</vulpesBoletusSwiwet>
      </mesozoa>
      <imbondo>
        <goxesOutfastPotoroo>copr</goxesOutfastPotoroo>
      </imbondo>
    </hawkery>
    <fodders gratia="kittlesToxylon">
      <citizenTiddle>85017591</citizenTiddle>
    </fodders>
    <cheefulShama>
      <gulaePostilThairms>adighe</gulaePostilThairms>
      <mirate>
        <closetsBuddha>codenPotpieDouma</closetsBuddha>
      </mirate>
      <boarder>
        <spritsHaskardMislays>yeldRewiden</spritsHaskardMislays>
      </boarder>
      <stourlyFalerno hoveledLamedh="forerun" moseysEurite="rhetNimietyResow">
        <regnantBlokMoho>789</regnantBlokMoho>
      </stourlyFalerno>
      <decanal saxtubaLongjawRhachis="rial463" cullen="sulkyLampasTackier">
        <machogoSlurred>samovarPightelBusby</machogoSlurred>
      </decanal>
      <bagnutNosier scotomy="saltmanAkroter780" oxyaenaDisemeAwaked="unladeBoswellHogger">
        <admrxQuedlyOvile>meminnaSikhraFlagon</admrxQuedlyOvile>
      </bagnutNosier>
      <goads>
        <poyousWhan>corita</poyousWhan>
      </goads>
      <arrays>
        <cohobaRectory>veiledSporule</cohobaRectory>
      </arrays>
    </cheefulShama>
    <muonic hellionTaco="angulaSposhWride">
      <infoldsRoofing>splodgyTailleBobooti</infoldsRoofing>
    </muonic>
  </phiesEngloomPenoun>
  <losses />
  <chomps streetSwedger="berlinaGallows" tennist="unpiousRebarHurkaru2">
    <inswellBruntsEreptic irishryJobarbeHeadsaw="200714">
      <wodKirmew>oneyerJuts</wodKirmew>
    </inswellBruntsEreptic>
    <regie submitsFaun="adeps">
      <morsureQuills>theelin</morsureQuills>
      <blacklyKennyBosniak inch="sawdustHallageBah8">
        <caroleDiamin>ashlessDudes</caroleDiamin>
      </blacklyKennyBosniak>
    </regie>
  </chomps>
  <relodgeMetopaeLateral palazzi="tenantsTiraleeReedits" />
  <wrathyDistyleHarmins nizyOldest="8" ipsKiowa="49617">
    <snitchy>
      <petateRetook>angiloEscalin</petateRetook>
    </snitchy>
    <disport>
      <citua>47430</citua>
    </disport>
    <jonPanayan>
      <sitzElds>54</sitzElds>
      <billion>
        <tricksyThinkDoko>unzipExtortNetwork165</tricksyThinkDoko>
      </billion>
      <roupierThurmus>
        <bossilyHagdonsPronto>837095</bossilyHagdonsPronto>
      </roupierThurmus>
    </jonPanayan>
    <yawnupsChytraReluct wheatWebfeetPlumed="unwillAbolishLethe" floccedEemis="ootidsSeggardLimpsey">
      <zacate>metepaFardh</zacate>
      <enrageSizers>
        <carlsInlayer>lockramClapsBackbar158</carlsInlayer>
      </enrageSizers>
      <abkarKotosRotter misbodeBhabarSwankie="brecht4">
        <adoulieEthanes>bagwigs</adoulieEthanes>
      </abkarKotosRotter>
      <marches glandBistros="upbuoy" melaninMuggier="simplyDeices">
        <typhlonEmboleCoffer>mullsDrivagePredict</typhlonEmboleCoffer>
      </marches>
      <fiches>
        <lianesCavallySublist>4</lianesCavallySublist>
      </fiches>
      <unhairChondre>
        <nattockSelene>serfsOutpushOogeny</nattockSelene>
      </unhairChondre>
      <tholesTacesElemis hechtiaEligentHuffler="atake" fenlandBritish="madnessCocoyam">
        <ochroDraping>43484110</ochroDraping>
      </tholesTacesElemis>
      <pincianAfritSkance>
        <camooch>miaows</camooch>
      </pincianAfritSkance>
    </yawnupsChytraReluct>
    <torsionPohna>
      <taxator>baalishCouril</taxator>
    </torsionPohna>
    <evictedNithing>
      <hellier>amenuse</hellier>
    </evictedNithing>
    <seisersBurblyPopal isdnTongues="virales4" raptril="billmen2797" belkValeric="lepiotaOvening">
      <septum>trochalWordman</septum>
    </seisersBurblyPopal>
    <bendiesAnilCaama>
      <salwey>leonesFositeMarlins6120</salwey>
      <margentCamalig tactile="immenseHoovey">
        <bombingNewtDacoit>sellyChackRaj</bombingNewtDacoit>
      </margentCamalig>
      <lohockGalwaysNicer>
        <levers>dyewoodOdorantPungi</levers>
      </lohockGalwaysNicer>
      <investsEngulfMimbar caveyResistMalaya="chitheAdeemed">
        <ramadan>108824</ramadan>
      </investsEngulfMimbar>
      <spug>
        <hamadan>delving</hamadan>
      </spug>
      <farrage icyYoicksPadder="carverEnrough" ondy="naifCathudFolial6124">
        <paisanoRhamnusSalon>coseyNielloSwivets1090</paisanoRhamnusSalon>
      </farrage>
      <frisadoMeline>
        <besirenBedoltNiblick>dullishExotismWarrok</besirenBedoltNiblick>
      </frisadoMeline>
      <ideal>
        <nimble>missuitHosterGigunu</nimble>
      </ideal>
      <mewerAsseverKraters cunetteSlur="lowan3390">
        <tipsy>stoogesGiltsCarter</tipsy>
      </mewerAsseverKraters>
      <easting honourCopsyCraton="houting">
        <apiales>plumbsGigueHoofish</apiales>
      </easting>
    </bendiesAnilCaama>
    <mgtSpattle>
      <stylers>734785903</stylers>
      <hearsayEffigy ijmaaBasilsChrisom="walaheeThwackCronet" hipshot="suption">
        <basial>pegaYolkedPawnees</basial>
      </hearsayEffigy>
      <summandGaulshBudged>
        <stade>kozuka</stade>
      </summandGaulshBudged>
      <aonianAkhlameShipper>
        <chuggedDinksUnrural>chloridShabbed8</chuggedDinksUnrural>
      </aonianAkhlameShipper>
      <chalked homarus="cogitoPiankaKerned" aslope="cesurasRaviFrisado">
        <xylo>timet</xylo>
      </chalked>
      <nylonWimbrel>
        <themeYakkerNegro>djukaAbaxile22</themeYakkerNegro>
      </nylonWimbrel>
      <munjAtropal scenas="lilac">
        <huzzy>sucraseRidger</huzzy>
      </munjAtropal>
      <tourney>
        <petrReclude>ratlin</petrReclude>
      </tourney>
      <imaumWhit vesicaUnglue="yakkedFoeman">
        <dimblePeropodJunked>acinusEgoismOgival</dimblePeropodJunked>
      </imaumWhit>
      <rundelHaick liquer="sorrenPiggierDicolon">
        <cutupMaileBelie>bayanoEquipWiddie</cutupMaileBelie>
      </rundelHaick>
    </mgtSpattle>
    <thrawnRubibleWaveys>
      <miasmal>hilloedCesuraePeery</miasmal>
    </thrawnRubibleWaveys>
    <parrRancourSective>
      <plunkSuomi>bowers</plunkSuomi>
    </parrRancourSective>
  </wrathyDistyleHarmins>
</niggle>