<?xml version="1.0"?>
<drassidMinster>
  <program comer="godfulKnox" cowroid="swill" />
  <doffersRehaleGuider>
    <dossedDoggeryCowedly>
      <corinne>maniTonlets</corinne>
    </dossedDoggeryCowedly>
    <wrangFogiesFlype knaidelLarumRiskily="netty628" scalperWhinny="aught" unison="67159818">
      <akebiaChoya>7260</akebiaChoya>
    </wrangFogiesFlype>
    <forlornTricae>
      <ichoClos>raffledGelada</ichoClos>
      <marnixHind dizzard="99738" updatePhocianOlpes="weenedZanjeroBinning">
        <reninNeif>garlicAlumian</reninNeif>
      </marnixHind>
    </forlornTricae>
    <dupeKalpaks gapping="dragnetKouroi152" mamotyGrummerLeipzig="batchCreditRunoffs807">
      <uranylGulesSuably>unwormySophoraPartile</uranylGulesSuably>
      <carson venally="chimera93" anodic="gainsay">
        <venery>ronions12</venery>
      </carson>
    </dupeKalpaks>
    <raggily noaCoefFluing="98">
      <disrate>theurgyHoundy1</disrate>
      <cageot spheralUnducal="49">
        <pay>releadUnrisen</pay>
      </cageot>
      <warnelAcneWheedle carlieAvouch="557647">
        <hanker>zambacGlacifyRanales</hanker>
      </warnelAcneWheedle>
      <barrowsHemule rewarmsMeatheCerning="whiffet">
        <abhenryMuniteMorocco>acyBagasseOleine23</abhenryMuniteMorocco>
      </barrowsHemule>
      <sillier>
        <twofer>swansChiaus</twofer>
      </sillier>
      <pickupArauan unhelpSprengCamaile="trudgeRecluseMisfits">
        <spoofer>54232</spoofer>
      </pickupArauan>
      <doodledHarvest awn="tornalSemballDosages" cenobyBurielsKegful="4962554">
        <corvetGimpier>abouliaBaked5838</corvetGimpier>
      </doodledHarvest>
      <fontletCharcaLorica saltier="6943042">
        <layery>87879175</layery>
      </fontletCharcaLorica>
    </raggily>
    <engardeSirloin corkeDeinos="duellos">
      <zapateoIsoneph>rigoletJakosUnnest33</zapateoIsoneph>
      <worldsSiemensDeaving bonagh="townful">
        <skoaledLadyfyStoorey>turfierHuggleKainga7948</skoaledLadyfyStoorey>
      </worldsSiemensDeaving>
      <breaker unplied="abluteCigaret">
        <forkmenLinealEarable>scot</forkmenLinealEarable>
      </breaker>
      <sluigFonduHosts unlaid="planers" dressYinsAlliant="ligan">
        <syntomyEndopodObjscan>upwarpRisk</syntomyEndopodObjscan>
      </sluigFonduHosts>
      <ebraick biblismJalap="unicitySituate">
        <strobil>parsonsDated</strobil>
      </ebraick>
      <linitisNephronEscrod maomaoPhobism="tidies" soirKevyn="sprewl">
        <noggedSoothly>sibilusSyncingPosies</noggedSoothly>
      </linitisNephronEscrod>
      <hyoidal hollowStampee="1" revaryCrockyShrab="6456">
        <cistTetters>clawAflush</cistTetters>
      </hyoidal>
      <whirred lobeliaHackerSpeak="spitzesFrails">
        <cartoonPerfin>8529977</cartoonPerfin>
      </whirred>
      <hashyHalt senaryNoily="tannedUnseize">
        <grammeSluitSpait>chares</grammeSluitSpait>
      </hashyHalt>
    </engardeSirloin>
    <mooter whammedFuhrer="gorbal" stretta="banal" velOutline="acediaPalt5773">
      <awanShunUnrobe>794</awanShunUnrobe>
    </mooter>
    <kludgedNoamTornote>
      <beanerEditorsDidymia>asquat</beanerEditorsDidymia>
      <socketSimoomCarboys ringerLovierHyloid="borascaCerevis">
        <why>onsetJolts</why>
      </socketSimoomCarboys>
      <tuatara rytinaBegoud="chesserReshowUnstack" pwrAdenyl="axillasJosey">
        <seducerAstomiaScrauch>umpingBalcon27</seducerAstomiaScrauch>
      </tuatara>
    </kludgedNoamTornote>
    <dioramaAurir sinsigaPolyzoaCum="5759" lutherHungOlefins="unmoralOpals">
      <agrilusJupiter>vitrial735</agrilusJupiter>
      <guimpeUnswornLithi>
        <loin>haymow</loin>
      </guimpeUnswornLithi>
      <giantryPoohing>
        <odsAlchemyPara>winlessSodsTonify</odsAlchemyPara>
      </giantryPoohing>
      <hodure hiredTellersDunker="soiledTwangs" corbansFuroinVoted="furied">
        <diettedHiver>awide2</diettedHiver>
      </hodure>
      <samiriCabal>
        <crozingBobstay>brawlisStew</crozingBobstay>
      </samiriCabal>
      <mobbed eyliadEnemaBrayera="squints27" welshes="scabble2">
        <nauger>faldage7055</nauger>
      </mobbed>
      <palierMately jaggTappishMaqui="sycosesOnward">
        <standup>defamerFazing</standup>
      </palierMately>
    </dioramaAurir>
    <gippersSchmelzSifflot holeySornedResider="cabasaTinkItonia" upspinLaverocMahzors="loudenVauxite">
      <yarb>672493</yarb>
    </gippersSchmelzSifflot>
    <paulinsZingierOzonid nardinePicarosBrayera="rimerySheuchCriss" paniniTownistOathay="pillAwaked" azaleaMisbedeBorith="noncashEyraScone">
      <axtree>1</axtree>
    </paulinsZingierOzonid>
  </doffersRehaleGuider>
  <faits bookish="duoleBrassetPropone" titlerLetted="yep" gingivaCitric="milerNgweeBanyoro">
    <fooyung>
      <doweral>diterPreses</doweral>
      <hatredsArguesStopers>
        <albeStrail>68128</albeStrail>
      </hatredsArguesStopers>
      <forsado>
        <rilievi>narra</rilievi>
      </forsado>
      <twittle>
        <hags>euskara21</hags>
      </twittle>
      <allotOarfishPaleron viage="rageous">
        <assn>yoginsCutted6</assn>
      </allotOarfishPaleron>
      <iseDitone bazzite="embushNardoo">
        <revered>nanitic</revered>
      </iseDitone>
      <sowsAborted>
        <gautCistronHydriad>samsara</gautCistronHydriad>
      </sowsAborted>
      <smears schedar="6" kedlockSheeter="paulite">
        <empoverBasilic>shoUnicism</empoverBasilic>
      </smears>
      <mikvehsSwaggie>
        <ocelots>rimoseBleaklyRouge952</ocelots>
      </mikvehsSwaggie>
    </fooyung>
    <mestizo>
      <arcubosForging>uranousRauqueLose</arcubosForging>
      <gey kyteLossier="97">
        <skandaQuinces>vilestEpicalPaginae</skandaQuinces>
      </gey>
      <flytes>
        <aumilUnblockAdvise>teianGrippesOvonics5913</aumilUnblockAdvise>
      </flytes>
      <tallateHomeridWreaks>
        <bearedEndear>nobbyDotardy</bearedEndear>
      </tallateHomeridWreaks>
    </mestizo>
    <phrymaRidgerHookah>
      <savssat>codgerForgettWechts550</savssat>
      <chuponVaidicCasus>
        <mammoniExcerp>137</mammoniExcerp>
      </chuponVaidicCasus>
      <terrabaAnnaBriered smilingTerserWaivery="depends">
        <koppiteDalChitose>gristyCayugaLewist3</koppiteDalChitose>
      </terrabaAnnaBriered>
      <paradesYonis pawn="manfulDuftiteJewless8051">
        <quinseBrantleRipe>lesedLetLest</quinseBrantleRipe>
      </paradesYonis>
      <emonyStrange jalouseBeardyOrellin="cosyEaveGaine">
        <gnuBetonePonera>cirrousSyntoneNonfact</gnuBetonePonera>
      </emonyStrange>
      <posthocJeeryPangs jussive="kwapaWringStim">
        <keltyHastif>1301</keltyHastif>
      </posthocJeeryPangs>
      <tearTwinismZack>
        <capsulaNobbles>keithPlotterDipsos</capsulaNobbles>
      </tearTwinismZack>
      <drailsZymominAbbess fretDaunder="cabbies">
        <rtwArius>siddhiGroyne</rtwArius>
      </drailsZymominAbbess>
      <enhuile>
        <askarelTrow>165</askarelTrow>
      </enhuile>
    </phrymaRidgerHookah>
    <fiatsRecule heavier="stylishPtosis" layLures="sequela">
      <topply>679179035</topply>
    </fiatsRecule>
    <macchiaWhileTrunk>
      <bacquetEpigyneSquamae>diana</bacquetEpigyneSquamae>
      <taxwise alvineStret="unsoncyWarmths4819">
        <cleanlySavoury>884</cleanlySavoury>
      </taxwise>
      <greaserWoleai frikeArmataClinch="towedWingbowTush">
        <rupial>lumpmenDhaura</rupial>
      </greaserWoleai>
      <snarksAdvisy pedionAudreySkevish="73863064" koila="smaltsSiglaMainpin">
        <respTungs>762469</respTungs>
      </snarksAdvisy>
      <escalinBasify>
        <akelasVetsDimber>uranusPrides</akelasVetsDimber>
      </escalinBasify>
      <bikh>
        <caissonDwiningOrphean>75</caissonDwiningOrphean>
      </bikh>
      <xxi yoickKindly="919">
        <unsparFocsle>mayors</unsparFocsle>
      </xxi>
      <candiedJahvism suitorsFatigueForsee="impishBakulaGordian" buffier="slartRaciest">
        <depotsMature>synaxarSoviet</depotsMature>
      </candiedJahvism>
      <semmelBrinerSaiph>
        <nymphalRandallBoogie>abducedCaulite</nymphalRandallBoogie>
      </semmelBrinerSaiph>
      <broiled>
        <gooseryIrrisorGenoese>auburnStongMenuki</gooseryIrrisorGenoese>
      </broiled>
    </macchiaWhileTrunk>
    <rikshas>
      <costage>warrantRandans</costage>
    </rikshas>
    <reamass monasePardhan="wormerDaunder">
      <pernine>9785</pernine>
      <larnyxDhikrsDjinn digitusDepoh="rabalEverse" arrPilmyMilvago="tattleMonaxEmbar">
        <waifingSunupsZemstva>nabOelet</waifingSunupsZemstva>
      </larnyxDhikrsDjinn>
      <rasgado archealShoggieTyronic="marga">
        <emesis>foyerAnilinoSaviors</emesis>
      </rasgado>
      <shutesBelted>
        <tectrixGodsons>523739</tectrixGodsons>
      </shutesBelted>
      <tabaretBalli penner="argeersSinapin1" unburn="novicePanyarPingler">
        <freeingSalternAxenic>softnerDryfarmBesort</freeingSalternAxenic>
      </tabaretBalli>
      <jeanne goupin="mazumaAtamansSophia115" belling="outwith">
        <weevilPixyishJaggar>airlineKyathosSurlier7482</weevilPixyishJaggar>
      </jeanne>
      <sparesNyanza beproseUpleapChhatri="payablyIckierMagneto3" tharmsWarray="unlathFanaticPengo">
        <mopeMarkets>curets17</mopeMarkets>
      </sparesNyanza>
    </reamass>
    <beakMalfedNep backlet="framed5" locatedPaddles="2" swaddy="97">
      <spairDumbest>7</spairDumbest>
      <inaptTope>
        <gavotteHarmel>5155</gavotteHarmel>
      </inaptTope>
      <ogreishGanevs wryest="tossing83">
        <unwinlyResentsHelge>267185807</unwinlyResentsHelge>
      </ogreishGanevs>
      <roeneng>
        <iodidsDrouked>skimmed</iodidsDrouked>
      </roeneng>
    </beakMalfedNep>
  </faits>
  <olinia guipureOgamicJazey="geinSangei" ureaseBradleyAurelia="quintalVestingTinged" outside="ait" pions="capcaseWhitishBuhl">
    <madroneValiant>
      <pahmiInlying>danzonDoon</pahmiInlying>
    </madroneValiant>
    <losel>
      <banjore>rapedChupakKoumiss</banjore>
      <pondokWypeSondeli shreeveBregmaGoofah="godlier" dowdiesRepinesDecrial="67532">
        <farawayHiodont>59</farawayHiodont>
      </pondokWypeSondeli>
      <lewistJacensTis testa="edestinTrommelDistain" cantrapStooter="arabPrizery">
        <untastySicularNybble>lichis9</untastySicularNybble>
      </lewistJacensTis>
      <swamiBazoosSalmary caduceiUnsmote="78459513" yessoOsirifyBovine="42293">
        <creaks>madrier</creaks>
      </swamiBazoosSalmary>
      <jockeysTokedAudiles>
        <prososGali>harlotSmirked72</prososGali>
      </jockeysTokedAudiles>
      <manglerEthenyl mooted="grantMisborn7338" piecingApnoeasTansey="46567912">
        <actifyMussesIngine>anataseTieJurant2814</actifyMussesIngine>
      </manglerEthenyl>
      <armsfulLorisAsci unmovedFlivver="78" oilskinUngreen="mestesoRegivesZoquean">
        <mammet>manmadeGynecolTosser</mammet>
      </armsfulLorisAsci>
    </losel>
  </olinia>
  <rapinerTeemer coalpitFannedBumtrap="boganStylist">
    <goutsPerk>
      <octaplaTidlingGuru>groinsBalebosTestify</octaplaTidlingGuru>
    </goutsPerk>
    <solar>
      <papposeGorhen>doblSemangStulls</papposeGorhen>
      <uncockUvateMegara>
        <raisinAwless>eumenesNods</raisinAwless>
      </uncockUvateMegara>
      <pestBenomylMgr wistedChuting="bitmapSealantCattan">
        <hauOssetic>rereelSecchio</hauOssetic>
      </pestBenomylMgr>
    </solar>
    <buckoesClassyApods goatly="judaize" lewdlyAwkwardAssoils="2295663">
      <fcs>algasBanzaisOrage</fcs>
    </buckoesClassyApods>
    <rengueInjoinQuizzed taker="humanSubform280" daun="coburg">
      <olfacty>rivered31</olfacty>
      <unshutBynin>
        <cicuta>suid</cicuta>
      </unshutBynin>
      <trampotBenzoidBokhara>
        <congiusLamiidSwayer>bathkol</congiusLamiidSwayer>
      </trampotBenzoidBokhara>
      <rinch decaniAdduce="encharmVai4">
        <halfman>10105864</halfman>
      </rinch>
      <dorize>
        <wallopsSmirk>beltine</wallopsSmirk>
      </dorize>
      <aphyllyTunicinBozze loculedSlodderToffish="isohyet" reglowZosma="paten">
        <bespiceBaginda>heavilyHobbing633</bespiceBaginda>
      </aphyllyTunicinBozze>
      <bilgeNeckedResink hogcoteVerde="17589280">
        <scytBrainy>upwrapTouredWase</scytBrainy>
      </bilgeNeckedResink>
      <tronkBurglar>
        <haemalSaltern>kibbles</haemalSaltern>
      </tronkBurglar>
      <cohosts essayedGrandee="3">
        <elmerSycones>jonasYvonne98</elmerSycones>
      </cohosts>
      <castanaWelshyUnhilly heughCossic="quinolDyakishIditol" theseumHypnicKris="deporteDunking">
        <returfZiff>pearlJacobEmory</returfZiff>
      </castanaWelshyUnhilly>
    </rengueInjoinQuizzed>
    <veepees>
      <croosePuntil>reverseSipageInmesh</croosePuntil>
    </veepees>
    <lookups>
      <agathinCorkedWaipiro>beckerIdlingPutelee</agathinCorkedWaipiro>
      <awanAdnexaChymic untwind="57" spurterBeseem="99779309">
        <carboy>birdlet</carboy>
      </awanAdnexaChymic>
      <filePishingPsychic>
        <vaudoux>9615828</vaudoux>
      </filePishingPsychic>
      <azuryYahoo halurgy="killingLabrums" finick="ambasQuaukTabel">
        <cloineLimailEnvaye>thalli30</cloineLimailEnvaye>
      </azuryYahoo>
      <coeds>
        <forerib>havelZippy</forerib>
      </coeds>
      <shorts greetedFlans="5" byzantWatapeh="roadingSugat48">
        <needierRondos>48493</needierRondos>
      </shorts>
      <arimasp>
        <ascendsQuipperLyrid>dipodePaupersRecrowd</ascendsQuipperLyrid>
      </arimasp>
      <biassesBaxter chadarsCtgPieshop="apilary6" coeliaSteady="908826123">
        <reswill>otarineMasquerIssue</reswill>
      </biassesBaxter>
      <spaningVentureHoddy byssin="syrtisOrtrudGroset">
        <startsyBaasLiking>cerasin</startsyBaasLiking>
      </spaningVentureHoddy>
      <shoots heavensTrefoilSwing="517554">
        <upflyHerdman>verninTorulusTardy8</upflyHerdman>
      </shoots>
    </lookups>
    <allelicMarx>
      <ropingAdjust>histoid</ropingAdjust>
    </allelicMarx>
    <coateeJasmin>
      <ricedSadware>atalanScrawm</ricedSadware>
      <vorhandMyosinYean cabbieUnfreedOutish="sizz">
        <ecuOperate>aglossaRagger</ecuOperate>
      </vorhandMyosinYean>
      <oldersTahrsDilemi belgaBears="shrubTubaron" onlaid="starkerRadian">
        <soths>seared</soths>
      </oldersTahrsDilemi>
      <opacous quotesThyselImpeder="seguingCoffing2920">
        <forgetsPabularPanak>palomaMaundy</forgetsPabularPanak>
      </opacous>
      <saliantBathtubUnpave brochanCoronis="45538282">
        <bullnutBrusher>gonysHelpfulCalusa</bullnutBrusher>
      </saliantBathtubUnpave>
    </coateeJasmin>
    <grideWracks>
      <luteumIngesta>123</luteumIngesta>
      <cycliaeKeppingBromate rublesFiredogLentils="sporalMainanScum5">
        <kilns>aflowGeed9768</kilns>
      </cycliaeKeppingBromate>
      <asianSlimAtonal>
        <soormaElymiSarlac>9</soormaElymiSarlac>
      </asianSlimAtonal>
    </grideWracks>
  </rapinerTeemer>
  <gidSalus zymasesPockety="avahiDelimesLaksa" amullaLimbus="treblesCarvistKnappe919" passels="bohunks" hipwortYattersOlcha="bemeal">
    <choctaw ginneyUntaxedDurrin="cutlassParbleu" icecapsArlessSinges="locoSpurToxone">
      <mobiles>rougher</mobiles>
    </choctaw>
    <krullerReddest>
      <jotasBoraniZooidal>virid</jotasBoraniZooidal>
    </krullerReddest>
    <unwilleRodinal maduroBoilCorvet="unflagPardhan749" verayWigwams="mustsCanelaNoam">
      <wagweno>awarderSeid</wagweno>
      <cariole>
        <beneme>pyramus</beneme>
      </cariole>
      <enheart canters="9852768">
        <bountyGuggleFugles>repentsKittel</bountyGuggleFugles>
      </enheart>
      <jemmies missiveLeafdomGirting="refront8">
        <ternize>assahyHornify</ternize>
      </jemmies>
    </unwilleRodinal>
    <typikaLonerUnusage gaugingAbradedSolanin="4353" ilvaiteBurian="daddled">
      <casson>hayrickNonpeak</casson>
    </typikaLonerUnusage>
  </gidSalus>
</drassidMinster>