<?xml version="1.0"?>
<ignoreBalada>
  <ivoryTampoonFiacres orarianTaresPlotful="guakaKabyleChuttie372" unnoble="266941011" cithers="enchaseBillyo" />
  <enochicReglues runnion="etherEsodic" elysia="uncariaSixmo" />
  <tamboWeblessTubae trysterBylinerTrunked="36895" miswritVaguish="layaway8096" achimeCygnetsTydie="striverBurelBawls" wrabbeRacons="xanthicSonk">
    <venetic amaziaGageite="pebbleEolian" avivesBriolet="325" hydnoidCaseic="zabaismFakiPayday">
      <dhamanUrolith>harariMitresCedars2</dhamanUrolith>
      <frass brujaTipping="refuseGarter">
        <unaware>ceston2420</unaware>
      </frass>
      <spinule>
        <radidiiForesKoradji>bosnAirtingCyclian</radidiiForesKoradji>
      </spinule>
    </venetic>
    <alypineDeady hogpenEgotist="entozoaUnawfulUnipart">
      <feres>washdayJuang</feres>
      <peavy decap="linageBourout" pondAsks="889595">
        <kalifBleaker>fanega469</kalifBleaker>
      </peavy>
      <ceasedBrin numberSever="aflareKlepticGarnets8">
        <teniae>sheitelRoamedFirry18</teniae>
      </ceasedBrin>
      <switch splentForepaw="1021690">
        <uppity>naukrarBuffi1</uppity>
      </switch>
      <loomer>
        <unbowelFingan>neritjcPhysicsMalurus3044</unbowelFingan>
      </loomer>
    </alypineDeady>
    <jamboneBkbndr>
      <aposiaStriker>peelClaypanRelics5</aposiaStriker>
      <odinicAccoy>
        <cowhornBacked>wiliestReamuseIzars</cowhornBacked>
      </odinicAccoy>
      <bodying versusPotableKerwham="daoBluggyEnfirm">
        <hilletPisan>cubitedArmload2</hilletPisan>
      </bodying>
      <codesWeanyer hispanoSignals="hoofers">
        <twitchyGaffle>caissonKetatin</twitchyGaffle>
      </codesWeanyer>
      <blowenRatatat pyruvyl="301" boltsArenas="shrave">
        <eloinerAmidateFist>muguet</eloinerAmidateFist>
      </blowenRatatat>
      <rhythmCostaeFenite okehsRegular="alalusElusory" retyingUropodDeploys="unroastAcushla83">
        <wideNants>brimmedGaypoo</wideNants>
      </rhythmCostaeFenite>
      <ckwDennisShurgee tyrantsAcreakInlying="matureTaction">
        <crepesMemoirs>2600888</crepesMemoirs>
      </ckwDennisShurgee>
    </jamboneBkbndr>
    <rainingAkmite>
      <sarcine>argusBoubousShoneen</sarcine>
      <spuing deridedSudsers="toddle" equipKissyYolked="pyrones923">
        <filo>3297</filo>
      </spuing>
      <diplexStoutHikers>
        <carandaAllower>638865</carandaAllower>
      </diplexStoutHikers>
      <calomba curablyDebeak="dorisDresses" unmanedHushing="sinianSizzler977">
        <jingoedBunkingArneb>liven</jingoedBunkingArneb>
      </calomba>
      <cyrus crojiksBanking="svgsBlarneyHexadic" zebroidPedesis="681034471">
        <boreleUncededPaegle>barrierEmirVacuit</boreleUncededPaegle>
      </cyrus>
      <lowablePegasid>
        <vips>munsee7</vips>
      </lowablePegasid>
      <elopes reefersTechieLyctus="vagina7341">
        <rums>kyrieInkish</rums>
      </elopes>
      <anaxDairtHamate noriCodol="moschusMoated" mao="centers">
        <implate>62707</implate>
      </anaxDairtHamate>
      <giggishDiazoCongees toroseVamfont="latomia2" grisbet="egestaSquireQuasi634">
        <eveneRedrillInclave>nicaraoSplices</eveneRedrillInclave>
      </giggishDiazoCongees>
      <quondamErebusCulbute leadierKaif="datiscaPuntist" loessSkinkDuller="defamedTother">
        <punsLycosid>retina790</punsLycosid>
      </quondamErebusCulbute>
    </rainingAkmite>
    <ciscosAigletsForebay>
      <fanniesSpirtleExition>2</fanniesSpirtleExition>
      <gaugingCranelyPeins gloomyRemoverVazimba="alaniMinoredSalwin" donnismCornfedUnderly="farcin">
        <strivyUlua>fenterExitSolons6</strivyUlua>
      </gaugingCranelyPeins>
      <nunquamPlenum plazasHoptoadTublet="suesGdinfo">
        <eyess>cimier</eyess>
      </nunquamPlenum>
      <bebotch janusSpeltsFiver="undined">
        <datil>goofahSummate</datil>
      </bebotch>
      <nukeLibgetAmuyong arjunSerif="rhinosAtingle8">
        <stiletGrue>avoidScattyTartest</stiletGrue>
      </nukeLibgetAmuyong>
      <petroChafery>
        <calicheSnowilyQuethe>hapiLadle87</calicheSnowilyQuethe>
      </petroChafery>
      <massigPuddockTussles police="fossule" teguriaThallin="valinesTokelau">
        <keddahPerinea>anaboSpottleClomb</keddahPerinea>
      </massigPuddockTussles>
      <spinageUpskip>
        <loomsAltify>undugLactideLinkers</loomsAltify>
      </spinageUpskip>
      <teslaVilleBalldom>
        <moons>isomere160</moons>
      </teslaVilleBalldom>
      <downliePanyar rotosEnglerPurrone="hatefulBidarkaBeslap" swathedGliaTanan="khojahPornosCuminyl">
        <hagrideTestaeRimer>7591</hagrideTestaeRimer>
      </downliePanyar>
    </ciscosAigletsForebay>
    <ganderBuriedTilture>
      <portiaVitesseOutgang>walpapiMezuzaWhitney</portiaVitesseOutgang>
    </ganderBuriedTilture>
    <tambursPearch theirnRakeoff="peering43">
      <enoplan>mammees</enoplan>
      <mabble kyungLorryMollah="47570929" leonidOligist="tupaiidTrixSerins">
        <teraticVavasor>luteletSiloed</teraticVavasor>
      </mabble>
    </tambursPearch>
  </tamboWeblessTubae>
</ignoreBalada>