<?xml version="1.0"?>
<figaro>
  <nitril />
  <mincingChintDrouked bakuCohogs="tirritAedileDraff" />
  <indweltRum onerary="dazyGaiting" consign="cymaiseDerrideBigate" palWhirroo="ligniteBeseenNumps" rallDraughtCheetah="pomeriaGomastaGlairs8929" />
  <kompowMegger borasca="curvets" roesAbbrev="lyrismBirded" choric="gratingUnlooseQuarta" />
  <farcin humoredBrainedAjitter="gondola" loppardChaltaLampara="rapinicOogoneMimbar" marcato="8741897">
    <demursGusset skewlHopakSec="255486539" cafeFaille="charing2795">
      <lackAmbery>yupMaythe</lackAmbery>
      <lahndaSurdity>
        <norbert>rajabGypsyHugeous</norbert>
      </lahndaSurdity>
      <breatheHazelGuttler creweCommoveLineas="gallows" lethyCootch="39438566">
        <lippen>boxMishap6</lippen>
      </breatheHazelGuttler>
      <mishaveKallegeShreds jadBagwork="refuteGirliesRanatra">
        <boser>addenda</boser>
      </mishaveKallegeShreds>
      <otidiaGlutoseUnscent>
        <jauntNocentGimlets>taissle</jauntNocentGimlets>
      </otidiaGlutoseUnscent>
      <minchenSeptic rivagesPuttan="chegoes">
        <vucoms>nellDiazine</vucoms>
      </minchenSeptic>
      <esseda serfageOctanolWrests="cowbaneEmmewGaffed">
        <arborerHashtEngarde>mothers</arborerHashtEngarde>
      </esseda>
      <emiliaTimesWavies>
        <fgnBultowForeman>tinierEnglutsFrache</fgnBultowForeman>
      </emiliaTimesWavies>
    </demursGusset>
    <sandustDeriv bearmLetchSexy="rammingWallah">
      <pedlery>undewedUncosCephus</pedlery>
      <plotchTashie dungy="43">
        <mazdaPujunanReprune>swevensSung</mazdaPujunanReprune>
      </plotchTashie>
      <recockAvilion abashesNiata="baalistFangs">
        <cloughsMargotNeeded>63692608</cloughsMargotNeeded>
      </recockAvilion>
      <pluDollin quartosTock="feoffRestirPhossy">
        <gipsireRhoticGally>trismic</gipsireRhoticGally>
      </pluDollin>
      <deiGambiaMoile lifts="almeryFlot">
        <galloon>mailieSealkie</galloon>
      </deiGambiaMoile>
      <horahThiller>
        <honan>platedQuilate</honan>
      </horahThiller>
      <gobbetMajeure softestPuritan="teenetMorendo4964">
        <obeismHavened>greesSpired</obeismHavened>
      </gobbetMajeure>
    </sandustDeriv>
    <santo arointsIonePagina="townishVoyeurs">
      <nobbilySahibahSicle>brigandRacking13</nobbilySahibahSicle>
      <outrickSalvyNabbing woadwax="85463046" clerics="26">
        <redock>inhelde</redock>
      </outrickSalvyNabbing>
      <suaharo>
        <vegetalMaltingSkimmed>restowPeziza</vegetalMaltingSkimmed>
      </suaharo>
      <namda>
        <frankly>prizerGowksRomanly</frankly>
      </namda>
      <liniePentyl mucate="lca6">
        <jonval>corounKheda</jonval>
      </liniePentyl>
      <lewie>
        <zonic>amalg5</zonic>
      </lewie>
      <tominesElmierErns tubaFersTouser="14" chabouk="bemottoRoomy">
        <opacityIchs>juliesThitsiPerdus</opacityIchs>
      </tominesElmierErns>
      <valving explatTaxed="8" salmineSaeter="412339578">
        <diorama>abricotMesquitMahaleb</diorama>
      </valving>
      <maucaco duadsAstatic="sneersJobsite68" carrelImprevuFamine="flirtsArabizeRacking810">
        <gorillaKlopPyins>hafgan</gorillaKlopPyins>
      </maucaco>
    </santo>
    <oomiackCestoid caldronMundleDegauss="581005284" galgaTagulaMeshuga="rebuke4544">
      <cognati>rimulaPlaudWodge</cognati>
    </oomiackCestoid>
    <visionDrouketMaybe amentyBohawn="shaking" dobroesRoryCymbalo="vivatDiscousPommels83">
      <spaheeAvoureCasus>2</spaheeAvoureCasus>
    </visionDrouketMaybe>
    <terrain>
      <uptearWarmersSurnap>adagioStageBaubees</uptearWarmersSurnap>
    </terrain>
    <aflauntSoilure newsmanOeuvreScopic="runoffShimperSasins" vividerZillahs="capannePoor" algoman="oscar6">
      <genghis>955111</genghis>
    </aflauntSoilure>
    <janet bairagiDendronOnyxes="monster" steels="scut" aeolis="ethinylUtchyWind">
      <madefy>5216</madefy>
      <beneficCiderPointes disarmsSpunchVamos="229" distuneMantidsRattens="garawiHanna">
        <widely>60785</widely>
      </beneficCiderPointes>
      <pastile homonidHanks="neoteny">
        <dennet>slavAcridyl</dennet>
      </pastile>
      <hyssopGeckosHomrai vedaVamure="943">
        <sapa>measBeduins</sapa>
      </hyssopGeckosHomrai>
      <vidameStorify muntjacGrousyOxamate="bullanFalus" gurgeOhare="napierRegardsEpoxyed30">
        <sialoid>tute</sialoid>
      </vidameStorify>
      <uphungUnmuted panicky="altairElodeaDearly" lobcoktFits="gollerPhiTarsia">
        <haviorPupal>launchAnswerAntaeus</haviorPupal>
      </uphungUnmuted>
      <dush>
        <spleen>voltaFogyishScolia5</spleen>
      </dush>
    </janet>
    <toforeFluxurePhobiac apperil="sleazyPutidlyOrigami" reversiDormy="6" spignel="quiltsHaffatDeplume">
      <prodder>preloss</prodder>
    </toforeFluxurePhobiac>
    <cussesMolas huchenSpikyLangite="hantles1653">
      <caudaMudiria>spoilerPietaHexades184</caudaMudiria>
      <mashlumNecks>
        <elopeMateysAmbari>parusRotta</elopeMateysAmbari>
      </mashlumNecks>
      <nonheroAdopterDet paperRummerEmpower="cocarde" sharnyPlanera="287">
        <downilyVicoiteAdela>4</downilyVicoiteAdela>
      </nonheroAdopterDet>
      <coopersHomeletKomati>
        <spondeeKlongsBielid>entasis</spondeeKlongsBielid>
      </coopersHomeletKomati>
      <triremeTss burel="lynchesOutpipeGriffe977" bancalAbductsSpayard="arctiidDaffery9341">
        <vizir>2867</vizir>
      </triremeTss>
      <clattyTrochedMuons yakamikChateau="pyrena1318" grannam="drazelBhaktasFettler">
        <ribletsTestril>sozin2</ribletsTestril>
      </clattyTrochedMuons>
      <deadpayChorous ginnery="miseryTercineSnakey579" hitchySlokenSecants="tchChoroti">
        <shrivenLumpTantivy>octonalTimers</shrivenLumpTantivy>
      </deadpayChorous>
    </cussesMolas>
    <wrimple>
      <snicket>chemickDecline699</snicket>
      <ascyrumAlethicAvocate aswing="jumpier" refavor="emersonSicanaGlorias">
        <boy>6513</boy>
      </ascyrumAlethicAvocate>
      <amzelBedpost fict="66" porkoltFulvid="muttUnwedge447">
        <yentesMoricheOaklike>fluffyFitzKeach86</yentesMoricheOaklike>
      </amzelBedpost>
      <centoOscules>
        <opulusHowledNashira>friskerBritt</opulusHowledNashira>
      </centoOscules>
      <iglusLegists fgridTriolsPentoic="chirms">
        <mullsTouart>pintAdobesGalenic</mullsTouart>
      </iglusLegists>
      <frapp>
        <ncoRegular>acidyQueriesGarcons</ncoRegular>
      </frapp>
      <arianaBrevesKleenex>
        <cepsChisled>crankum59</cepsChisled>
      </arianaBrevesKleenex>
    </wrimple>
  </farcin>
  <rousts>
    <shudderCepsGuavas>
      <chawersSciarid>1</chawersSciarid>
    </shudderCepsGuavas>
    <serphid leatmanLemures="foetor3500" wampum="adieuxHarmel" aristol="spear">
      <equuleiSpuingHydatic>henninCimbiaPoxes</equuleiSpuingHydatic>
      <physa>
        <weatherIntail>spignetImbruedCondite</weatherIntail>
      </physa>
      <nymssPuliolTetrose tautaugCrams="teda512" objureGrumpy="823">
        <klamathSangria>ruddledShakoes</klamathSangria>
      </nymssPuliolTetrose>
    </serphid>
    <baginda>
      <jailishLobularHicoria>kikesBilledSakieh</jailishLobularHicoria>
      <codfishSwoopSmrgs mises="fructus">
        <version>ligand</version>
      </codfishSwoopSmrgs>
    </baginda>
    <potwort>
      <wadded>brendaSidheMinivet287</wadded>
    </potwort>
    <ockerPeda wattageYogism="ecthyma">
      <caunus>tis</caunus>
      <moundsJaunced>
        <atnahSwinkerPobs>franionLewdlyLucban1401</atnahSwinkerPobs>
      </moundsJaunced>
      <pindal>
        <sparage>bbsShorten</sparage>
      </pindal>
      <abaculiLakhs>
        <pudendaScraggyPaprika>6425031</pudendaScraggyPaprika>
      </abaculiLakhs>
    </ockerPeda>
    <blurtedPadang>
      <gemelFeazingSetpfx>aidsBesullyCarlet</gemelFeazingSetpfx>
    </blurtedPadang>
    <letheanActableBehest ragworkSwinged="rebobPedalsSculps">
      <paludalFarleQuinyie>beefs</paludalFarleQuinyie>
      <chalta wigwamsAmess="ollie">
        <heroifyDyspnoi>59</heroifyDyspnoi>
      </chalta>
      <jubarbEyelike chapedFusulasAnglers="unlieVeritas">
        <xenopusBabelic>donarWhensoDodded</xenopusBabelic>
      </jubarbEyelike>
      <bolomen magyarsDormers="hypogeeGladful" roles="pelvis">
        <bockDoughtyThoric>cholicLatchesEighty47</bockDoughtyThoric>
      </bolomen>
      <cushBenzoxy>
        <biddenCymePolk>deans</biddenCymePolk>
      </cushBenzoxy>
      <tabernaBattenCarapus vacuoHillerSooreyn="99449374">
        <mechantMaypopRelict>acockBooliesBison</mechantMaypopRelict>
      </tabernaBattenCarapus>
    </letheanActableBehest>
    <misluck>
      <pairingWrothlyUnflesh>luggiesSabresNickel</pairingWrothlyUnflesh>
      <unitesJaga spitzesGodsend="pugged">
        <eyeish>780006</eyeish>
      </unitesJaga>
    </misluck>
    <slagThegns shriek="holloedSubvolaJotted" polladzMalar="iditolAnqueraSurrey" oceanidPietism="cayuco">
      <dovekey>wickersPrearmsLampfly779</dovekey>
    </slagThegns>
    <skives>
      <maipureStipo>387194</maipureStipo>
    </skives>
    <simnelsUngirds>
      <fewmandHandsewLaidly>toffishZonic1</fewmandHandsewLaidly>
      <cosiestTerassGernitz>
        <colen>cumbuPhytinsStonily5968</colen>
      </cosiestTerassGernitz>
      <senniteSapajou>
        <rehoodSanto>purveysDecries813</rehoodSanto>
      </senniteSapajou>
    </simnelsUngirds>
    <bisonsSweptEave sassChimers="unark" byssinSam="17">
      <teapHinds>sunwiseVogulMaces</teapHinds>
      <talcumRemailsSinaloa teaer="7" tambourGlynDiazole="230">
        <snickedCroupesIleac>stubby</snickedCroupesIleac>
      </talcumRemailsSinaloa>
      <cgs cosies="rippingMalting">
        <horahsAbuts>agamoidCriers</horahsAbuts>
      </cgs>
    </bisonsSweptEave>
    <aumagaTizzyWagaun>
      <tricksTarries>shibahDefeiseBaniva</tricksTarries>
      <myzontMesode>
        <haffatMayfairMenages>toprope</haffatMayfairMenages>
      </myzontMesode>
      <becivetGrovel>
        <tarpanTwiddle>bingyElemeWroke</tarpanTwiddle>
      </becivetGrovel>
      <gooseyBurked>
        <aduncAmbroseYallow>mercerJigglyCorixa</aduncAmbroseYallow>
      </gooseyBurked>
      <furDachas cerrialHajjXylenol="refloodGibbonsDachas7" nosiest="11">
        <legiferKlezmerTakin>ageBowel</legiferKlezmerTakin>
      </furDachas>
      <feluccaLactim snideryLustrum="gehennaTacklerBedbugs" coyness="gummiteOesogiCaudles8138">
        <uncrestHaitianBoris>9656</uncrestHaitianBoris>
      </feluccaLactim>
      <titanOiler>
        <tharFrutage>braggedTroche</tharFrutage>
      </titanOiler>
    </aumagaTizzyWagaun>
  </rousts>
  <planetGustsHearty />
  <marliColter japetus="ownedLucreAwls68" hamzahMosey="67" />
</figaro>