<?xml version="1.0"?>
<catelBarques>
  <wadded kinneryHoppity="genua" devoterEmydeaNeedful="bearish" clinBehoot="uncheckShallop" derfHutchedBooboos="apelet" />
  <decker battlesPennersMetaph="francGnarlBubbies" lakin="27238" />
  <viuvaAggroup karoVarvedMukade="543440399" pylons="gauntry2273" finiMarfikCosts="etudesPoppled" />
  <areitoHoneyBagass kwhr="carateVagrantHuge" guna="175783053" ghan="cooley" holistMarcsForerun="coneyArrandOofier">
    <sorboseMimamsa facts="4" lobariaFtnerrFeta="poiluSosquilLoom9274" vergersIncrestOaring="bandhorHealingScrank">
      <ecorchNonesOtic>sheitan</ecorchNonesOtic>
      <cowlikeAcridSpinnel>
        <outwardEvasionTampon>7706491</outwardEvasionTampon>
      </cowlikeAcridSpinnel>
      <citatorAkeSwarry>
        <ethenesClowerPumper>reccoClanger</ethenesClowerPumper>
      </citatorAkeSwarry>
      <sulungDolci>
        <tabernaHopsack>cutaway</tabernaHopsack>
      </sulungDolci>
      <brahmic bummerBudlikeHerding="emydea">
        <rebused>49359</rebused>
      </brahmic>
      <jayvee deash="jettruEchisCackled" flakes="894193757">
        <advisal>stealthKadish</advisal>
      </jayvee>
    </sorboseMimamsa>
    <deckeMazurka>
      <fumierFuglingEngler>runchFeveredBencher</fumierFuglingEngler>
      <unmet gilourPreset="usableDefence">
        <pyjamasHanderFig>oronoco</pyjamasHanderFig>
      </unmet>
      <lollsBepuffPhrygia uncaped="93992044" genteelAlmaAmalaka="beetsHulster">
        <kellyGreeneyUnmolds>665739</kellyGreeneyUnmolds>
      </lollsBepuffPhrygia>
      <pile chitak="tega">
        <pipiestFalsieFlipped>107527</pipiestFalsieFlipped>
      </pile>
      <plateauPhilol pilifer="tumps">
        <kaffirsShrovy>brownServeryOast</kaffirsShrovy>
      </plateauPhilol>
    </deckeMazurka>
  </areitoHoneyBagass>
  <alberge commaes="megatonMobster" congouOoid="floydPeeblesCenote" zincodeManglerDuel="18254" />
  <ariderRetenueMishnah glovesHeughs="872212" sniteLivery="reaalFeaze" />
</catelBarques>