<?xml version="1.0"?>
<malawi>
  <konkaniCrouthPatente ringentScanted="dimble" nistRatchelNurling="kairineSteals" solidumSumassAurure="sagumPutlog409">
    <gavall loperNarkedPunicin="5386" sylvinRoustFrigged="maraRarietyFrisky">
      <bavaroyChablisFarmost>laharSpader1347</bavaroyChablisFarmost>
    </gavall>
    <taxy>
      <unmixBabylonDonship>tepehua</unmixBabylonDonship>
    </taxy>
    <duddyWowser soapyPropupa="5666634" unbodyHisterChukkar="rumkin">
      <fordidSighty>snoods</fordidSighty>
      <crewet>
        <aspatiaPeludoNobby>81</aspatiaPeludoNobby>
      </crewet>
    </duddyWowser>
  </konkaniCrouthPatente>
  <bunchyTomboyPewit outtellCrustedAsteer="figgleRelives" fleabagKokuminSlock="vessesBagfuls" eluteMistone="saloonsTreksPalach" couhage="2135946" />
  <tenrecsMomotusReboant saraf="platsTupian" />
</malawi>