<?xml version="1.0"?>
<strolldHikingBands>
  <esqMokihiLegit ostic="locustKish">
    <abrotinMinxes cubagesOnethe="whityTabla">
      <newburgMinoan>emerantBeddingSecpar</newburgMinoan>
      <okia loxing="9366" emeuteSchtickCloque="ctf">
        <patiseHoeshin>bakersPlough18</patiseHoeshin>
      </okia>
      <strake>
        <alginicTootle>begripe</alginicTootle>
      </strake>
      <gaminSuperbPicaro bassosDrazel="mincopiRunkles3378">
        <bevvyDeyGrisset>sissingGyassaBadged</bevvyDeyGrisset>
      </gaminSuperbPicaro>
      <roscianGavot>
        <skivy>gervaisBessMxd</skivy>
      </roscianGavot>
      <vowellyBully wiccaRugate="364692" diabase="napsDinaric">
        <wranny>ricQuerl</wranny>
      </vowellyBully>
      <exalte quirtsLurrierLilian="brocked" woolded="unclipMariesSuguaro">
        <drekCasters>taishHolmia</drekCasters>
      </exalte>
    </abrotinMinxes>
    <navite yeukingBranderUncowed="676745" sikhismWassailFlorian="polyBoukitShelf892" cygnetsDipodyAmends="defoamGymsiaSyllab">
      <weavedCondo>spielerMiniGibbous</weavedCondo>
    </navite>
  </esqMokihiLegit>
  <areoleOhoneSorn carpidBdftBauch="storingMiningLeave">
    <taxatorKran>
      <maws>355043600</maws>
    </taxatorKran>
    <danubeDonalHybrid>
      <widegabPlugmen>120</widegabPlugmen>
    </danubeDonalHybrid>
    <salpaWindrow aroidesSteeked="from" clione="46863">
      <targer>margauxMarbles</targer>
      <duessaBowerlyAim>
        <shoopPlatted>secantLindera</shoopPlatted>
      </duessaBowerlyAim>
      <gouty reringAkania="3986">
        <pewitsCharact>quangoOhio</pewitsCharact>
      </gouty>
    </salpaWindrow>
    <pantherDurmast>
      <bedellKarmas>4268</bedellKarmas>
    </pantherDurmast>
    <fisheryMinnow mopsy="colugoPupatesScfh">
      <seelingBrigsOldies>wauken48</seelingBrigsOldies>
      <royenaMyopeDivvers marine="69162836" ethered="burans3606">
        <loy>flettonFunisKnurs45</loy>
      </royenaMyopeDivvers>
      <alloyElepaioAiled oblatioTearierSubaqua="neeleRelodgeTreen">
        <sloo>blareGunnelsDegrade</sloo>
      </alloyElepaioAiled>
      <shavian oldieOvercryShapeup="motykaToddLobo" guddledPugdog="alcae">
        <moatingCoaxingSlunken>batonsMellone</moatingCoaxingSlunken>
      </shavian>
    </fisheryMinnow>
  </areoleOhoneSorn>
</strolldHikingBands>