<?xml version="1.0"?>
<cleeked>
  <axalPlanerCynipid>
    <acridicAdmiGeosid nilousPlaud="cadeauLungan">
      <linacDismark>leefulDerog</linacDismark>
    </acridicAdmiGeosid>
    <hessiteMarascaGoniale>
      <incoup>isabelFrilal71</incoup>
      <scumsFulldoThaws kapaiAliasedKibbler="mezquitUlex" obvert="javaVetoismHadjis">
        <myzontJara>56</myzontJara>
      </scumsFulldoThaws>
      <wavererSubareaAcker>
        <scapesScrayeHooeys>unwroteGidgea</scapesScrayeHooeys>
      </wavererSubareaAcker>
      <throwBegirt>
        <gaurs>297315557</gaurs>
      </throwBegirt>
      <mordAppeteDomal sargus="789223">
        <mioticUnbusk>fumeuse</mioticUnbusk>
      </mordAppeteDomal>
      <wendishLowa>
        <oblasts>803749</oblasts>
      </wendishLowa>
    </hessiteMarascaGoniale>
    <shown>
      <cha>civetAlfione</cha>
    </shown>
    <ramilie>
      <evenersMucks>kullaniWeanyerDoters</evenersMucks>
      <pugilWyethiaDecries ornis="bolimbaTeju62">
        <becasse>mage</becasse>
      </pugilWyethiaDecries>
      <drone>
        <foderAtelic>dancers</foderAtelic>
      </drone>
      <seskinPeahensFugling>
        <ambreinUprouseSeagull>saddens</ambreinUprouseSeagull>
      </seskinPeahensFugling>
      <claucht dunciadKukiDowf="castraMentalBussed">
        <tealerySedges>prowlKakatoe</tealerySedges>
      </claucht>
      <smeddum moarian="triclad">
        <didntGourmet>hainedUsques1311</didntGourmet>
      </smeddum>
      <clautFettingApout>
        <ersFerity>unchokeDotted63</ersFerity>
      </clautFettingApout>
      <behnGowdyAgamis badger="teughlyInters" quotid="ricrac">
        <torosBotanic>modemsAwlessDugento</torosBotanic>
      </behnGowdyAgamis>
      <baizedInvoy>
        <disdeinIsologsRevamp>2949746</disdeinIsologsRevamp>
      </baizedInvoy>
      <thunorLeakersLash>
        <wimbrelDemarks>gibbusHemin</wimbrelDemarks>
      </thunorLeakersLash>
    </ramilie>
    <arterUnrestViral>
      <whom>smewsItoism73</whom>
    </arterUnrestViral>
  </axalPlanerCynipid>
  <frache>
    <skeighConiAumery>
      <heald>hahVile</heald>
    </skeighConiAumery>
    <clarion>
      <clozeDivine>silking</clozeDivine>
      <sedan sprattyPrams="oariticTropate" manuaoLatke="3348">
        <lampongSanesFlotson>auguste</lampongSanesFlotson>
      </sedan>
    </clarion>
    <panchaxMentisHurrahs>
      <tref>9786</tref>
    </panchaxMentisHurrahs>
    <kumissLackeys dingierUnwhigAdarme="50648577" uplinkWaddies="pariah995" bowman="allene">
      <enlife>droud3494</enlife>
    </kumissLackeys>
  </frache>
  <keesterBlastMyxopod cahiz="weldedTester" donut="raneesFeastly92" deggerEnnuyeeDutiful="7739" callaAspics="tackersFilius796">
    <joyceanSjomilAlabama>
      <paulina>wuzzleTarviaChan</paulina>
    </joyceanSjomilAlabama>
    <mydineTruvat>
      <sylvansQuartetOlea>kobanPlayersSamuel10</sylvansQuartetOlea>
      <zebrule>
        <dee>earlierGabbart</dee>
      </zebrule>
      <neatsCrowersTored>
        <uptwistStumour>suldanTubbeck</uptwistStumour>
      </neatsCrowersTored>
      <vomito gonna="gayway">
        <rubellaStanzas>dabbleJonquil</rubellaStanzas>
      </vomito>
      <torontoCrysteApelles>
        <plantaeSubrentKokumin>63977</plantaeSubrentKokumin>
      </torontoCrysteApelles>
      <scrinia aflameFucusedJagless="wishedEktenes" fasterBonducs="festersMercersGlirine">
        <oblastiOvenlyBully>4289041</oblastiOvenlyBully>
      </scrinia>
      <chleuhNinthsSpy aramidsUploads="rutheneChalons700" okroSikaWhaly="salminTempersHexer">
        <yhwhMiurusTosses>cowlikeGandaChequin2019</yhwhMiurusTosses>
      </chleuhNinthsSpy>
    </mydineTruvat>
  </keesterBlastMyxopod>
  <klomGalopHerdics verdour="1837" inwardUnwily="418305916" isis="congouReratedOzonate806" enshadeFendedDumber="fortesErectlyBarkary" />
</cleeked>