<?xml version="1.0"?>
<stoviesTangum>
  <gulchLocusca jaggedServerLucivee="iwaiwaSpurreyMexitl" cotterFucosePrebind="3" reekClanked="mottleThump" aphoria="93873">
    <seqNomeusPatrist>
      <anfeeld>hoeshinTsetsesNable</anfeeld>
      <mutualRicracs heaveWroxTomosis="pangasi24" riglingHymnal="hagdin">
        <ted>summateAnither</ted>
      </mutualRicracs>
      <fagottoStarkLosang covet="latirusTut5786">
        <jillionGirn>sloked895</jillionGirn>
      </fagottoStarkLosang>
    </seqNomeusPatrist>
    <mickleEmaniumZootomy>
      <brawestGaggles>glasgow</brawestGaggles>
      <sandmen truster="spenceQuickerBagdad">
        <pageboyDrama>spaceHocker</pageboyDrama>
      </sandmen>
      <roukyWarrant>
        <lintels>layeryFldAmante</lintels>
      </roukyWarrant>
      <putzCeil>
        <froe>lidgateFeofferAjari</froe>
      </putzCeil>
      <fubberyReemits putidMillkenWirable="taboredDeadensNair" blisses="cuinfoKobold">
        <copist>chancedAlgodonSoloing</copist>
      </fubberyReemits>
      <fetlockDilutor moonier="sotolsObovalTheory">
        <irredStubby>dineros</irredStubby>
      </fetlockDilutor>
      <yoyo biri="invokedEntropyKadi7552">
        <buicks>hervatiYacata</buicks>
      </yoyo>
      <haffitsMoreishRemake chummedKermis="740472">
        <horyPinchesPistrix>minever</horyPinchesPistrix>
      </haffitsMoreishRemake>
      <moulyLinder>
        <foulMesial>zatiGujar</foulMesial>
      </moulyLinder>
      <daboiaStaithe phren="pipingEheuPott" tidied="2824">
        <fogonTarre>soumakAneath</fogonTarre>
      </daboiaStaithe>
    </mickleEmaniumZootomy>
    <divvies shaveeStitchStrom="aefald" jarinaGillie="4">
      <baguiosBange>chekkerMechael</baguiosBange>
    </divvies>
  </gulchLocusca>
  <anglist adermin="pakehaMuzhik" rawerBistate="74" />
  <balakWaseguaInquest>
    <analogsGamene>
      <alisoDivisor>alumiumHonkeysCaching</alisoDivisor>
      <voileDopasTalcum hang="57760892">
        <shewedDaudSirmark>peckfulImagistGoitcho</shewedDaudSirmark>
      </voileDopasTalcum>
    </analogsGamene>
    <culbutUnlealGoeduck aspersRasuresMucopus="lennyBetag">
      <crusStricheBiset>kayasthBecky</crusStricheBiset>
    </culbutUnlealGoeduck>
    <profitsSpyship>
      <uppererThru>statePappi</uppererThru>
    </profitsSpyship>
    <refurlLynceanTrumph rouen="eunuchCheetulSalome" rupees="laertes5062">
      <crimeaHelverDfault>grief</crimeaHelverDfault>
    </refurlLynceanTrumph>
    <baguioResizes>
      <mouseeMizens>routhScaldicHonans</mouseeMizens>
      <brahmaHiperSquench aphraIdistic="504246588" inseeLobworm="4">
        <urocyonStaminGaraged>peevingSwingel21</urocyonStaminGaraged>
      </brahmaHiperSquench>
      <urubu overdenCrosser="brothsChurned">
        <tombsSonny>apogealKhud</tombsSonny>
      </urubu>
      <gripierGodfulHeuk comping="axalDialers" anchorNanismsBoing="rekneadOptimeIsoneph">
        <rengaHygromaCardona>rebite</rengaHygromaCardona>
      </gripierGodfulHeuk>
    </baguioResizes>
    <itacismClarinFlask tandySaldid="pinacle" aliencyCady="ladyfyMetepaCarmel">
      <dueMaucaco>japyxZinkyPielet</dueMaucaco>
      <elodPeppingLogo hashiyaAbkari="herodiiCyans">
        <jazzer>725</jazzer>
      </elodPeppingLogo>
      <gearKotowedCarroch sigmundRanklyAggest="daggled25" creesh="2939">
        <wadmeal>creped8353</wadmeal>
      </gearKotowedCarroch>
      <mollies tussarsAimara="mucks" arracks="9348">
        <bowered>diapersHamiltLimidae</bowered>
      </mollies>
      <khalifaAcrockUncaste haemicLipoid="arnotto">
        <salpidVawardsCarful>upbuy</salpidVawardsCarful>
      </khalifaAcrockUncaste>
      <runite boucheeOhoMalaria="muniaRaxGerbil">
        <jeanneRoxanaBube>abduceScyphusTepals</jeanneRoxanaBube>
      </runite>
    </itacismClarinFlask>
  </balakWaseguaInquest>
  <alarmsScreedsMorning tarve="82684">
    <reprosSquashsAdjiga>
      <watterPegallAllez>coseys6</watterPegallAllez>
    </reprosSquashsAdjiga>
  </alarmsScreedsMorning>
</stoviesTangum>