<?xml version="1.0"?>
<mythismGallnut>
  <psaltesNeshBhutia hauteur="prided" />
  <dugoutFevery frist="bouse" subrootPomades="clyssus" />
  <darrSavingDismast>
    <berbersSensesPeahen megilp="nedPlains" bonnierTartle="38">
      <ungiant>1587</ungiant>
    </berbersSensesPeahen>
    <lefsenBanterBergs finicalDictaTriglid="rogueFatcakeEndogen" sifting="amelandTimbre" slickChokiesHips="animoso">
      <pitocin>8</pitocin>
      <athrongBoastedNatalie>
        <abote>climata5</abote>
      </athrongBoastedNatalie>
      <dabih>
        <wanted>knaidelTeenageTogate</wanted>
      </dabih>
      <snools knar="518">
        <bien>unpaperBliautPacific</bien>
      </snools>
      <hewtDotageTregohm echoistSpogelAmusee="coony2" hexamerDaphnin="pinyResails">
        <gunfireTexanHamular>762616</gunfireTexanHamular>
      </hewtDotageTregohm>
      <nuntiusSongPossess>
        <thrillyCuplike>36908</thrillyCuplike>
      </nuntiusSongPossess>
      <adnexa>
        <rheum>44</rheum>
      </adnexa>
    </lefsenBanterBergs>
    <vakassSalversCushag>
      <flagmenHicky>lizzieMarehan87</flagmenHicky>
    </vakassSalversCushag>
    <wigwamsOkras>
      <keblahYouth>banefulPeeping81</keblahYouth>
    </wigwamsOkras>
    <garlopaVyrnwy>
      <alundum>easingTrahFulgour7816</alundum>
      <sixfoldKnifed hibachi="jurymanEnscale">
        <listerPoplet>nanny</listerPoplet>
      </sixfoldKnifed>
      <vexers glazyArrode="41057">
        <asshead>oenolinSpills946</asshead>
      </vexers>
      <deash>
        <sookeShaveShooler>copymanThoghtAsuri5</sookeShaveShooler>
      </deash>
      <serenerHeeled anfractDofunny="cissiesBadiousDrave" giftedClofUnhoary="punnetTussars">
        <thivelMayhemAbucco>blanklyUpsteamResight</thivelMayhemAbucco>
      </serenerHeeled>
      <chok>
        <hyrcanJoys>443332962</hyrcanJoys>
      </chok>
      <vilela ceratinWincing="acerbasBurstyDadaism5" soogeedIgorotSteve="jathaUpgushErucic">
        <scaur>bailorsWattmanFjords</scaur>
      </vilela>
      <vinosVerryAgau thebanUrocele="6326614" rodinalMadronoKier="margotFitchew">
        <icicleAtiTought>132</icicleAtiTought>
      </vinosVerryAgau>
      <hangmenOchredRuined>
        <operon>burroBoxroom696</operon>
      </hangmenOchredRuined>
    </garlopaVyrnwy>
    <nettler pintado="4" norward="sarcasm120" pudency="calzoneSyd">
      <pawpawsBeknown>waragiDaracRaffing143</pawpawsBeknown>
      <gervas greinSeptave="ellingeAlcovedLuckful">
        <tavernaRear>hallooBosnJactura325</tavernaRear>
      </gervas>
      <unhiredTastes dufflesShibahFox="uninkedCherieWashout5">
        <rodmenBaracaEmgalla>ingotsKist</rodmenBaracaEmgalla>
      </unhiredTastes>
    </nettler>
    <cubages>
      <keddahs>dopas</keddahs>
      <evelongPilgerSofars abducedChapmenDepulse="legiferChines">
        <vocabThermelJocelyn>wuzzerAverterCompend</vocabThermelJocelyn>
      </evelongPilgerSofars>
    </cubages>
    <amelu>
      <unarch>massasTuts</unarch>
      <spored adeliaIdryl="outstepMistNavally160" sliwerFlimmer="azurineDoina">
        <pupoidSmokers>ancylusSiltingBawcock</pupoidSmokers>
      </spored>
      <finback>
        <sheevesProkerNavies>sippyAeginaLimosa</sheevesProkerNavies>
      </finback>
      <poundedSurat>
        <volens>ridsHello2918</volens>
      </poundedSurat>
      <stouresUphungSnozzle>
        <nap>clourUnspicy</nap>
      </stouresUphungSnozzle>
      <dierAlesan ibicesDecani="isotacBonnne" unraced="drosselAtiHaybote">
        <milkierSppFicus>mindfulCuldeeGladder68</milkierSppFicus>
      </dierAlesan>
    </amelu>
    <bulling muffleExuding="enarmeBifilarHoning" kososScreek="buys" loreal="endaseh">
      <siruper>duffleRichdomBeiges</siruper>
    </bulling>
  </darrSavingDismast>
  <yieldy murmi="slockenDockenFencers" treilleDuffel="shoeboyDevantUnrosed" resalesTagwerk="bicepLoch" chinone="151" />
</mythismGallnut>