<?xml version="1.0"?>
<roarMelangeJusts>
  <tuskerAmande nosiestChirino="maddest" dominaFane="defacedSurtax" garbill="aphizogCourtsMayan513" songerClank="95595703" />
  <harkBritanyRason luciliaThakurAgunah="milfoil" entrikeGodlyHadal="fuhrerHydras" briardsYaudsPirr="pelias" layoutsLucumoAlone="failing99" />
  <palestHav />
  <wamblyLindyPhot keymenTickleCoaxy="catchup50" upcanalTiltsDryth="ginneryUltoAnoxia" dipetto="smushRipenIodism" />
  <epeeistAuraWrongs mmfHollongNailer="fagoted" marlier="dusterMurage" meddler="662800" coghleRenegesBesand="doumas">
    <rosillaRadicel>
      <dynodes>parols</dynodes>
      <orthisBran epacme="8986377">
        <embarOompah>quandoObeyed</embarOompah>
      </orthisBran>
    </rosillaRadicel>
    <arised retape="flatdomPeert714">
      <prierRotamenPuli>surreysSkiddoo</prierRotamenPuli>
    </arised>
    <jibbsRach abreid="27303456">
      <salacotIsthmWaly>5</salacotIsthmWaly>
      <nodulusAspicMyosote strafePrided="tourteDachsFowk4298">
        <cambaye>whangsAdventTopsmen</cambaye>
      </nodulusAspicMyosote>
      <vedaism>
        <getfdGauzeYounger>wilk</getfdGauzeYounger>
      </vedaism>
      <larick toddlerSeizersOutplot="tangyOxan" compoed="716433172">
        <mackles>fulgoraYetapaTorah</mackles>
      </larick>
      <fixedly>
        <flinder>seggar</flinder>
      </fixedly>
      <asconFilicinNagsman kuttabJassidsViperid="daffedPrattly" mathesPavia="aflauntShadesSinful">
        <sutor>inwraptVenice366</sutor>
      </asconFilicinNagsman>
    </jibbsRach>
  </epeeistAuraWrongs>
  <honeyRefoot>
    <sinked>
      <seech>corebelHornistSardoin</seech>
      <elbuck>
        <dangedTortilCamenes>14050548</dangedTortilCamenes>
      </elbuck>
      <schmoosVamp droylPlacit="dhikrsSwirls">
        <rabid>yoga</rabid>
      </schmoosVamp>
      <neurin taha="tulchan" gailImbibesPoisson="flatmanMezuzaChaber">
        <intrude>ardency</intrude>
      </neurin>
      <smalmedAtypy couac="oedema" nestingBombardBedells="erkRancerSubsill">
        <ashwortMolochs>nasialChinoTythes1</ashwortMolochs>
      </smalmedAtypy>
      <sublid iodinHaskardGodlily="fattingSaggers">
        <domentAfenilTubig>23440</domentAfenilTubig>
      </sublid>
      <bestickPattern>
        <outmansPewful>coeloma</outmansPewful>
      </bestickPattern>
      <apeekZenaga retaste="93">
        <aurir>suttenRakijaJolted</aurir>
      </apeekZenaga>
    </sinked>
    <beverlyTutinLuzula rowingFerrumsMiro="fons913" liardMonimia="momeKoiari">
      <outeyed>coyos</outeyed>
      <failureAbsciss surwan="4361479" gorceClone="rejerkFluenceVadium">
        <suluanSoosooBarytes>tuffet</suluanSoosooBarytes>
      </failureAbsciss>
      <sutraPlisky presumePwcaDahlias="850623867" affeirLeukPretil="seenuCateye">
        <outasLalls>paeonin</outasLalls>
      </sutraPlisky>
      <hwyAwakens>
        <irsFtnerrManuao>swirled</irsFtnerrManuao>
      </hwyAwakens>
      <batsmenTelei blijverLogroll="468206244" xeroses="revete8278">
        <snappyChitonsJereed>16265948</snappyChitonsJereed>
      </batsmenTelei>
      <yutuTorrefySplodge>
        <reclusePipped>tarpansIntradoWoolers</reclusePipped>
      </yutuTorrefySplodge>
    </beverlyTutinLuzula>
    <futhork>
      <corvenJazzersJoyleaf>dogwoodPickmenAttalea24</corvenJazzersJoyleaf>
      <coghleMisadd dearthUncrateKeno="aquabib">
        <grilseSquallsUndergo>sawdustButanesAcquit</grilseSquallsUndergo>
      </coghleMisadd>
      <clefRetablo>
        <futharkClack>19512339</futharkClack>
      </clefRetablo>
      <unwound ethnicsBerobBeala="83716428" snowlLianoidAgones="68199">
        <gristlyRetuck>macaoToivelTiedog</gristlyRetuck>
      </unwound>
    </futhork>
    <ionised rhemist="acetalKintry">
      <morrows>8</morrows>
    </ionised>
    <barrensPrevLibrae gloaterReichKittler="hairnet" deripia="whimsicLowser" foalyUngraspWayside="tontoEquantHobos">
      <parangiGrat>58979675</parangiGrat>
      <pentyneDefamed>
        <gauger>uvea</gauger>
      </pentyneDefamed>
      <khesariBajardo>
        <urinousPetum>deitate</urinousPetum>
      </khesariBajardo>
      <cuprous>
        <barruly>galeraBoloneyDolisie</barruly>
      </cuprous>
      <calami richenEtymonOvered="kinneryQuelt9" goloshLicense="butyralZithersTangue835">
        <wantsTeniasKentia>trishaw</wantsTeniasKentia>
      </calami>
      <ecbKyrial>
        <cometsAbhorCymae>airmanGaudSnobdom1</cometsAbhorCymae>
      </ecbKyrial>
      <nimmedCacaos>
        <chineeBienSpecky>bobolFone</chineeBienSpecky>
      </nimmedCacaos>
      <teens sweaterArmil="colorerApar" migransCowtownCutline="chez">
        <lavWeftsRamsons>dedal204</lavWeftsRamsons>
      </teens>
      <pharUnsunkDolmans pirNizamsIbanag="jark">
        <bowableMerop>vistlik</bowableMerop>
      </pharUnsunkDolmans>
    </barrensPrevLibrae>
    <osporeRhuses nesses="gabfestHoists5">
      <navety>applingBohawnAlulae</navety>
    </osporeRhuses>
    <skiddedGruisCowboys snips="chaverTikoorFossage" setsman="bimahs891" harayaUnured="cteniiTomcods">
      <hykeGynWagging>diel</hykeGynWagging>
      <mazingIngram plumbum="kumbiAlliums" upstayShimmer="forgoesWoodedBreba">
        <mooreAcerbasCorah>bywordsScanRonion</mooreAcerbasCorah>
      </mazingIngram>
      <derbyCavemen cirroseImperPanagia="rewokenSpinae">
        <jalurDeutziaKambal>5554</jalurDeutziaKambal>
      </derbyCavemen>
      <whelk lappet="5">
        <torquedFolies>640987171</torquedFolies>
      </whelk>
      <churrusPhillis tollbarDecreeOrdo="uncinus">
        <mudlarkPhippe>verminMappy</mudlarkPhippe>
      </churrusPhillis>
      <turmentBodach madeira="534">
        <meatusClamper>mohockBatiste</meatusClamper>
      </turmentBodach>
      <kyklopsPadsDummel>
        <worsleTripalKukeri>ambsace</worsleTripalKukeri>
      </kyklopsPadsDummel>
      <bolted outsea="tzardomNisperoSabins" listingZambiaLinener="bagge">
        <tealsCallingCowries>362</tealsCallingCowries>
      </bolted>
      <simAnnul bodilyToyshop="bongsHonest">
        <tightTepasPape>gansyMacedonWalter</tightTepasPape>
      </simAnnul>
    </skiddedGruisCowboys>
    <grade>
      <fraudEnlacedRips>strivedVeinage</fraudEnlacedRips>
    </grade>
  </honeyRefoot>
  <mowtCanny avulsedMagboteWhelker="mayhapsEnrobeBeking">
    <pipeful tymbalPinier="shimalTwee">
      <recipe>feroniaTri</recipe>
      <melaTorfleYeso>
        <ppb>diethylFaade</ppb>
      </melaTorfleYeso>
      <unsawn nebbuk="joboPilferyStun" chalcisGarotes="snarer">
        <wirerZerosRechuck>9</wirerZerosRechuck>
      </unsawn>
      <trucksWiggen pythiadCoecumDegener="582298" harast="upglide">
        <ditherHumbuzz>788301</ditherHumbuzz>
      </trucksWiggen>
      <bougeFins enamdarAbris="70500">
        <salamoWauf>resumeSepoy</salamoWauf>
      </bougeFins>
      <dreadSorely venaeSievingNipmuck="kabarProtistDasturi">
        <baraza>pichiGloves</baraza>
      </dreadSorely>
      <impower glagahMishipsArbute="baas" fastestDiazideLaterad="unadornKnaidelSoko">
        <dishragSkaldAgoutis>burboltRound</dishragSkaldAgoutis>
      </impower>
    </pipeful>
    <dominesHaydnUrolith>
      <progPttsBribe>blinyPlanont3000</progPttsBribe>
      <gumbosChaton telford="205">
        <sighter>falxFraenum</sighter>
      </gumbosChaton>
      <enent pogromsKumykSumac="ottomanAcuteDepones">
        <gorgonSpecusShafii>49853448</gorgonSpecusShafii>
      </enent>
      <stge>
        <laved>90647822</laved>
      </stge>
    </dominesHaydnUrolith>
    <snappsFloodedLowa arrowedWinned="maydaysCundy2702" enshawlHora="ptyVerchokTandour5" telsons="intort">
      <dodkin>baniwa</dodkin>
    </snappsFloodedLowa>
    <cashierRheas chassisKittarTrunks="layawayKarnStyxian" liplet="melderKangriCadence">
      <farseerRemipedTalkful>tyingHoustonGasts</farseerRemipedTalkful>
    </cashierRheas>
    <mmfdSchute>
      <kondoCareerWherrit>bizarrePensWeeds</kondoCareerWherrit>
    </mmfdSchute>
  </mowtCanny>
  <gentWedderDegger dunnyDimmockBrotula="grenierCaecal563" fegsZanza="loomer">
    <lambdasAinhum>
      <pilusliScours>didymiaBobeche</pilusliScours>
    </lambdasAinhum>
    <swineyEluents>
      <jareedWrigley>buying7</jareedWrigley>
    </swineyEluents>
    <pratesUnforkJarvie>
      <actaeaKaracul>mixers</actaeaKaracul>
    </pratesUnforkJarvie>
    <euda>
      <cripsFabling>zoolithNautchPredy5798</cripsFabling>
    </euda>
    <oxskinEupepsyPalsies>
      <youthenHostalTopman>50882422</youthenHostalTopman>
    </oxskinEupepsyPalsies>
    <serow>
      <stumpyCurvous>14406228</stumpyCurvous>
    </serow>
    <laagerRallery>
      <baberyNiton>midribsOratingGwyniad</baberyNiton>
      <avaTonka lanaBillYot="83198751" jays="cinelBogusTabstop">
        <mantids>kept7113</mantids>
      </avaTonka>
      <weirsGong unmansSupportStetson="geyserAbv1">
        <forcesHeartedDeodars>khahoonOar</forcesHeartedDeodars>
      </weirsGong>
      <rebloom>
        <gregal>64585</gregal>
      </rebloom>
      <waterieStrolls>
        <owenizeAten>winchRfreePilus</owenizeAten>
      </waterieStrolls>
    </laagerRallery>
    <bewield>
      <greaser>yardarm</greaser>
      <orchil>
        <yukianDentals>accidia1666</yukianDentals>
      </orchil>
      <abys>
        <unscentLatrian>embolon653</unscentLatrian>
      </abys>
      <aloutJobbingNoily>
        <alimaWhosen>shiveyDogleg</alimaWhosen>
      </aloutJobbingNoily>
      <sweetly andiChowsesGorses="agentsHayride" begatsRhaetic="swagedXix">
        <lealandLoggets>pousyLanyard</lealandLoggets>
      </sweetly>
      <tossesBambuteDerere bastonXystos="bytesOtkon" protect="clinkerBaubles">
        <panada>sigurdMisgaveJoom</panada>
      </tossesBambuteDerere>
      <bpsWarren endotysAssyth="epopCashou">
        <unveilsMarsian>5946391</unveilsMarsian>
      </bpsWarren>
      <spathic parlesAsiden="organrySubovalPollute26">
        <formingGhedda>extance</formingGhedda>
      </spathic>
      <noticedKipage recookTweakerFetes="108" ordn="172102">
        <shinier>poilEarls</shinier>
      </noticedKipage>
    </bewield>
    <gypsousRobberAerogel>
      <gipsCupman>toggerUpcockSise</gipsCupman>
    </gypsousRobberAerogel>
  </gentWedderDegger>
</roarMelangeJusts>