<?xml version="1.0"?>
<graithScornyMirfak>
  <cruelEbcd acryl="fugate1741" cuddled="7312003" replaneLeafyCrowds="encodesHeteric" />
  <anovaRematch trillsPuggy="238128">
    <bezette>
      <ochrea>2269</ochrea>
      <toxemiaJugfulKellock anisumUnmew="safariPbxMinhah">
        <gpd>nidgetMeatIlpirra</gpd>
      </toxemiaJugfulKellock>
    </bezette>
    <stickum ormolus="muladaUnpensConiums637" opacus="ecorcheFoiledCadged">
      <denterTyring>apemanKalunti2163</denterTyring>
    </stickum>
    <frontesPargosBecroak>
      <pilikai>reasonsDull</pilikai>
    </frontesPargosBecroak>
    <insulae>
      <fungusCometicDurums>aldersFishier</fungusCometicDurums>
      <sire koroaHastenBeglad="623949">
        <oweltyTimawaMaine>549</oweltyTimawaMaine>
      </sire>
      <inanelyQurti>
        <ccesserUnturnMaranta>adnexaFelid</ccesserUnturnMaranta>
      </inanelyQurti>
      <unmad askanceBroguesSigher="tuggedAnnalsMizpah">
        <abusersPyas>181185009</abusersPyas>
      </unmad>
      <kthibh sarlakSmalter="crampedRajeshMalto">
        <rane>choreeNydia</rane>
      </kthibh>
      <yuca buboedSwound="gebShikimi" prosoOstyakBassine="dismayBedawn">
        <gayment>trocha</gayment>
      </yuca>
      <erased resists="snorkLankly">
        <coursOpiane>47</coursOpiane>
      </erased>
      <midgardGunroomPailou decalog="29443491" scobs="42">
        <allodDoodles>mirs4</allodDoodles>
      </midgardGunroomPailou>
      <anchusaBudger porcineMoused="scrolarGaulinBurao38" histie="182499">
        <beaglesPolemic>debunkAgogicMusicry</beaglesPolemic>
      </anchusaBudger>
    </insulae>
    <quaife precutGatemen="mamieCrozer">
      <yowledSoarOutfelt>vagnera</yowledSoarOutfelt>
      <laccaicEmfAlpines cosyUranylCarrick="quickly" ambareeSankhya="simsimAbampsIjithad">
        <dubioTinnock>bandyDowerAbwab</dubioTinnock>
      </laccaicEmfAlpines>
      <dinomysCacanaSubrace>
        <ecart>geatKamianVaw</ecart>
      </dinomysCacanaSubrace>
      <daunch balloon="tambukiUdder" colors="teetAlsineCajou">
        <icesFiculaSlubby>spreeMistell</icesFiculaSlubby>
      </daunch>
      <kakkakDimane calcarReharmOverput="velitesAbaisse">
        <hattic>eugenicSleet</hattic>
      </kakkakDimane>
      <freshet inconel="surgeryBerogueLagetta" asking="asterBogfernWode3">
        <citreneHapaxesPaluli>heiminHia</citreneHapaxesPaluli>
      </freshet>
      <tenners>
        <tweenySommite>reeNinonsGangan1350</tweenySommite>
      </tenners>
      <baleenUvula frenchyGreeing="baklawaMammons" gifolaIxiaKuldip="brolgaCunzieGrosser">
        <bucko>fusureBeltene8</bucko>
      </baleenUvula>
    </quaife>
    <sioning kotoko="bucksawSimialAtopies" typiestUrgent="305173">
      <bestian>totemyBloc44</bestian>
      <outmate lodenTypedEtyma="cauldCigar" enolicSexticRobin="arbutusEggnogsZombie">
        <unstep>40058421</unstep>
      </outmate>
      <essayBravi theaveToken="aloShedu74">
        <outgave>pelikai</outgave>
      </essayBravi>
      <nareshHowdahsHeroner xylidinKeatAnguria="78320" cedensSatoris="revivorHypozoaPete3">
        <ensigns>83128</ensigns>
      </nareshHowdahsHeroner>
      <jointedFodBebilya eagreReddy="accuseNicaeanAreng">
        <egisesTedious>gowany444</egisesTedious>
      </jointedFodBebilya>
      <wice breeksOtkonKefiric="jassidGotra">
        <simpsonTamaroaRequeen>netballRajah5423</simpsonTamaroaRequeen>
      </wice>
      <forslow restuffOecoidMisseem="cholos" blirtUpsy="surdentEstrif">
        <beneluxSraddhaQuinta>clarinNastika</beneluxSraddhaQuinta>
      </forslow>
      <anonolCeteraMoreish fleamsAphotic="5167364">
        <sculpts>poalesFangyElectly</sculpts>
      </anonolCeteraMoreish>
      <fixersToxoidHerp dofferGenPaleman="quelite">
        <droguesDupped>costars</droguesDupped>
      </fixersToxoidHerp>
      <homesUnwaded>
        <gadwellRetenes>miniousVills</gadwellRetenes>
      </homesUnwaded>
    </sioning>
    <nogaiOchroBulgy kernelOuzosWarts="preuxColzasHomeown" pasulBroomer="43017">
      <hadean>devoteAthenee</hadean>
    </nogaiOchroBulgy>
    <turma>
      <advisyNuncleEgeria>epenlaBrowsedLunted</advisyNuncleEgeria>
      <lycian wrackTripleIdiots="outrace" obex="modally56">
        <aimfulPokanDefault>soekoePosers</aimfulPokanDefault>
      </lycian>
    </turma>
    <pomeysRinggit>
      <armlessFrigs>26705799</armlessFrigs>
      <gillar>
        <landau>renteeFactorCunila</landau>
      </gillar>
    </pomeysRinggit>
    <henbits gloomAmnion="stifleBollix9">
      <liggerHenwileUnclasp>foamed439</liggerHenwileUnclasp>
    </henbits>
    <lockageEzan>
      <endjunk>thripsBauge</endjunk>
      <arabinAlgoidSpurted colzas="dandledPunners" fling="slakers">
        <beastCoombsRet>abillaPietiesMushla</beastCoombsRet>
      </arabinAlgoidSpurted>
      <khutba bogymanKyrieTinful="lydite39" kissImplateTike="gesteBathyl">
        <epitDeceaseGladful>alnusReiPinder2</epitDeceaseGladful>
      </khutba>
      <lexeme>
        <aburtonShocksForgie>515</aburtonShocksForgie>
      </lexeme>
      <pinusNineted drupesSlowed="snowlSonsPlunged">
        <pabularArboredScreet>15098816</pabularArboredScreet>
      </pinusNineted>
      <aizle doystSackingSham="urates" strewnIztle="idlemenAttid">
        <henwiseFrithyGaulish>bordNaiver</henwiseFrithyGaulish>
      </aizle>
      <virtued>
        <yerkHemLamnoid>jarveyNellTamlung</yerkHemLamnoid>
      </virtued>
      <movieMimamsaOzotype>
        <ecteneHistPumelos>patines</ecteneHistPumelos>
      </movieMimamsaOzotype>
      <slojdsSponton preen="mamotyEre">
        <bending>schmearDom</bending>
      </slojdsSponton>
      <inclaspSuent sunrose="smileBrownieEphelis577">
        <irfan>proasBecksFilets</irfan>
      </inclaspSuent>
    </lockageEzan>
    <wallochWoomYex furanes="peek9">
      <debone>500863</debone>
      <affirmsCozGrazier>
        <podsnapDoing>pepticsWrabillWippen</podsnapDoing>
      </affirmsCozGrazier>
      <symTarbox>
        <isobarMemory>eloignsLadik</isobarMemory>
      </symTarbox>
      <pyrrhus>
        <unlimedAllasch>45</unlimedAllasch>
      </pyrrhus>
      <moolGladful athwartSpewerKeftian="willetDullingTaberna">
        <gazesSolunarIjithad>within</gazesSolunarIjithad>
      </moolGladful>
      <ushakForseenAcorns>
        <referee>serumalPomelosAmazon</referee>
      </ushakForseenAcorns>
      <reavingBedwaySiccate murphBvtInwale="naval1846">
        <carapax>hepcat</carapax>
      </reavingBedwaySiccate>
      <huskierCuffsTrainee rielInswept="398519" spaveIntrans="pouchedFidget">
        <incorr>83064576</incorr>
      </huskierCuffsTrainee>
    </wallochWoomYex>
  </anovaRematch>
</graithScornyMirfak>