<?xml version="1.0"?>
<guinfoEnfoilFlukes>
  <wangoniWahineLargo fulmina="7" grab="streetsDowryArachis" gooneys="wyandotSputaChondre" ceria="cyathosGibs" />
  <salminSharraSnubs boggedNandina="juriSwathes3" shreddyCista="skout" populumWabayoPareil="probate">
    <ventoySickbayDeice>
      <unweaveJammyCormels>beshoutGalletaTabanid</unweaveJammyCormels>
      <staia nearby="scuff" rilledHirpledTaskit="dawkinPize">
        <impulse>waspen</impulse>
      </staia>
      <greitWrapupSabian yodler="5922" touslyToryizeParado="4604">
        <belledCombesLeme>nautiliPrearms</belledCombesLeme>
      </greitWrapupSabian>
      <uniquerLimbatCajanus hapaxesShedderDubby="serenoaHaithalMulloid" reacher="chimpsCurval">
        <midmost>abdRapic</midmost>
      </uniquerLimbatCajanus>
      <develedAdhered stalestKatcina="squizScultBokhara">
        <boneenFlidder>voleAbd23</boneenFlidder>
      </develedAdhered>
      <pistleGibbalsEmeline mauveinLongpod="pkgsBancaCaball">
        <sassies>outwit</sassies>
      </pistleGibbalsEmeline>
      <pluralSequel>
        <hebenon>icecapCokeman</hebenon>
      </pluralSequel>
      <avianVarier ixodidsTapersMitral="waxbill" weanelSnots="tablets">
        <pantunNaboth>coopRfreeLimma</pantunNaboth>
      </avianVarier>
    </ventoySickbayDeice>
    <boogersCalineHuaco hierosPandoor="spoutedShaves" pensilPrimeurSpokane="3790" unkillAlidad="ubertyEmpiric">
      <curfewHippenIdest>duriansTate</curfewHippenIdest>
      <jaggeryGodwits arrame="troysSoulful348">
        <pepfulLapinMusties>abasioCoalingBraies</pepfulLapinMusties>
      </jaggeryGodwits>
      <crownerUndecylFraught grailBusyconStalag="wiltingLwop6" kinsmenOilcan="carrick7">
        <pakchoiMullaRepugn>mangweDucker373</pakchoiMullaRepugn>
      </crownerUndecylFraught>
      <manjackUncast>
        <bismeHicketDemarks>slumdomBogan</bismeHicketDemarks>
      </manjackUncast>
      <vinter disseatMeasMudir="990759" bisques="21">
        <calabarAbuccoShamalo>dearthPannagDisbark</calabarAbuccoShamalo>
      </vinter>
      <eben neroicGryllidCrisps="sealikeQuerida">
        <lorchaTickedFoisty>dentTorporDouce</lorchaTickedFoisty>
      </eben>
      <koumysCodeinOrals bespice="verdoyCauseyTetanic">
        <saulgeQuaint>allurerRatatatRemex</saulgeQuaint>
      </koumysCodeinOrals>
    </boogersCalineHuaco>
    <minawayMirage>
      <phonies>skiech</phonies>
      <cloyingPunkier shaleDovekeyCaptive="nawab" amableCanker="tryouts">
        <guywireLagwort>gabbais</guywireLagwort>
      </cloyingPunkier>
    </minawayMirage>
    <burked marfik="avellanRatwaSlewer" hilus="bobbyPlumery" supariWigwagsCrut="loxommaWorsleGarston">
      <wantedYachtedAffirms>drome</wantedYachtedAffirms>
    </burked>
    <tigerDrouk>
      <heartlyPresideCarnet>tribade16</heartlyPresideCarnet>
      <lifo>
        <paizingTawnyLobuli>4312327</paizingTawnyLobuli>
      </lifo>
    </tigerDrouk>
    <widder wisingDamnosa="snidelyMiskalsApocha" umbonalKameel="baburdTenser1307" nitresPhoned="cougarSavins">
      <muddingClonedHalutz>8155769</muddingClonedHalutz>
    </widder>
    <dwines>
      <enfort>gleemen881</enfort>
      <cheatee>
        <ephyraSmotterSmithy>ritesRanker1587</ephyraSmotterSmithy>
      </cheatee>
      <clamerOkroog palisfyUdalerDomett="sakai">
        <dingbatBiremeEtacist>refinedFluster</dingbatBiremeEtacist>
      </clamerOkroog>
      <curtesy>
        <upgoZygaScarcen>jelling</upgoZygaScarcen>
      </curtesy>
      <bodedDhobey widgeon="ottoRestedKosher">
        <detrude>helosisIdismFaciata</detrude>
      </bodedDhobey>
      <tinglesDinsome weeweedTorusWidegap="cubsMeindre8688">
        <cericSetier>jarliteCafes</cericSetier>
      </tinglesDinsome>
      <decoded pear="7807">
        <tiza>nabkPosit3</tiza>
      </decoded>
    </dwines>
    <lanitalArboresLeally>
      <jackye>6746946</jackye>
      <acaenaLeveeCud>
        <vestsSer>382</vestsSer>
      </acaenaLeveeCud>
      <ratite japans="21408">
        <daunterLappageApeiron>678958</daunterLappageApeiron>
      </ratite>
      <tirasseFirmans glyoxalHaiku="furud" mirvs="fruitMachaonCothy">
        <diseme>324</diseme>
      </tirasseFirmans>
      <venereHarassChantor chassedGulfs="6054090" videtteRoyou="guidoWhsleGurge">
        <wenlockRouble>tort</wenlockRouble>
      </venereHarassChantor>
      <tambalaSceat>
        <rassasyPatia>arnutApathyRelayer</rassasyPatia>
      </tambalaSceat>
      <unisonBenshUnnail dhak="ocasLeakier8538" whatman="orgiaWaxweedDeities">
        <throuInaxon>fanner74</throuInaxon>
      </unisonBenshUnnail>
      <doctor bowingFugged="59514">
        <finiteFrau>terzio</finiteFrau>
      </doctor>
      <snatchyKeg scotomaPackallStalest="chsPlaculaMayhaps">
        <pettles>51</pettles>
      </snatchyKeg>
    </lanitalArboresLeally>
    <coho grasUnfool="blowoffGarvie" shamsStooges="gooseryAztec">
      <sullanTriture>finale</sullanTriture>
      <caduceiUphealSharifs>
        <incorpNixeUphasp>308</incorpNixeUphasp>
      </caduceiUphealSharifs>
      <thrums mulmulSerioso="pattDekaresDeluged" folSharesFeculae="sycock">
        <untiltGrasper>hogtiedBaalim1</untiltGrasper>
      </thrums>
    </coho>
    <wanionAgaces>
      <planxtyPated>amortSlusherTumours</planxtyPated>
      <nutmeat rociestStuartDatsun="ruffleEngrave72">
        <punditaMomotusAug>mucosaUnled</punditaMomotusAug>
      </nutmeat>
      <devPlumberButtled>
        <mobberNinnies>terraceBearderBedelve</mobberNinnies>
      </devPlumberButtled>
      <guepardBevilYay tariqaFlitch="869">
        <bazePustule>ravellyQuerele</bazePustule>
      </guepardBevilYay>
      <moilAmapa alidadeSoldatTexts="doriesCumbre" libbardOutspyFloozy="verdun">
        <pettersEmbolic>6</pettersEmbolic>
      </moilAmapa>
      <isletsHew preterCopepodCarroch="tartine" volubleVarvedStickit="ulyssesLappageGraunt">
        <anises>intort9088</anises>
      </isletsHew>
      <tamashaShikkenNippon>
        <optimaSpateNarras>puisnesCirculiSinopie</optimaSpateNarras>
      </tamashaShikkenNippon>
      <dolci>
        <runiteBoule>amentDomeCaudata80</runiteBoule>
      </dolci>
      <beworm tufa="lyciumLoweLeche" rilletColleen="eyeletUnyoung16">
        <facetteStylet>59</facetteStylet>
      </beworm>
    </wanionAgaces>
    <raphia>
      <lairyCladus>nephriaYukkelRegion</lairyCladus>
      <envigorHubcapAucubas holloedConcupy="wittallUppop" rifiViolinaCardiac="juggingPorismsAtropos">
        <shiningBrambly>hawkbit353</shiningBrambly>
      </envigorHubcapAucubas>
      <quakerRondinoCherub peersKwanBubals="65771">
        <featlyEnwidenBemist>5212253</featlyEnwidenBemist>
      </quakerRondinoCherub>
    </raphia>
    <kitling>
      <adiatedUnhoop>hiplikePearletFrayn</adiatedUnhoop>
      <hedeomaHaloidsMeio>
        <bewigs>trompsAltars</bewigs>
      </hedeomaHaloidsMeio>
    </kitling>
  </salminSharraSnubs>
</guinfoEnfoilFlukes>