<?xml version="1.0"?>
<frassAidanceRumba>
  <shirrsSceptre encinaMisgive="8" musarSpruik="shirra" testees="2" />
  <lauroylSwampyMusmon />
  <khubberXenic xanthan="injuresUlaulaPoints" scarpaRetapeLarked="spavineAlbee" espySquabbyDisport="glaikRanidaeSintu">
    <hogyardCelomNays>
      <queysShoddenSelung>51</queysShoddenSelung>
    </hogyardCelomNays>
    <calydonHobby agapai="nuagismAgrilusMoaria">
      <packerElla>76</packerElla>
      <twitsHoopsNarrows runiteCondo="peltast8" suncup="9">
        <stamnoiWeeweesBoree>nagingKgr</stamnoiWeeweesBoree>
      </twitsHoopsNarrows>
      <votesRefoolHoards>
        <cowboysLoungyBillete>roralBusby</cowboysLoungyBillete>
      </votesRefoolHoards>
      <gutlikeMussels>
        <wooSpikyParella>congouMeanerProems6807</wooSpikyParella>
      </gutlikeMussels>
      <dolousFusains galeus="codenImogenBenthos97" veilyAsimen="totersGyleOficina36">
        <nival>95996</nival>
      </dolousFusains>
    </calydonHobby>
  </khubberXenic>
  <portedAgneanZeist patamarRetouch="beelolBlartIsthmia" />
  <spreads frowl="obtund9">
    <medakasAccoyedMarges>
      <tecaliPankinStelai>firedMiragesSovran</tecaliPankinStelai>
      <glaresSalvySkunky>
        <lopsDrummed>shilluh</lopsDrummed>
      </glaresSalvySkunky>
      <shaled zaremaCedronBeans="seen">
        <mikados>depermsShoon</mikados>
      </shaled>
    </medakasAccoyedMarges>
    <oleatesTaisho>
      <tholoi>meters</tholoi>
    </oleatesTaisho>
    <elfin>
      <caneloLewistOophore>mobshipSondeliKathy</caneloLewistOophore>
    </elfin>
    <hygeia leoneseScreet="hokerlyBooter" kukang="mustangNaganasClaps" kercherShap="artelsPallae2">
      <rentersRilievo>amplifyModicumIsoamid</rentersRilievo>
      <manakinShengOrchard>
        <recitesReprint>pionInsideJagless</recitesReprint>
      </manakinShengOrchard>
      <tomeMuzzlerBabiche glimpseTritomaOpposer="wrongerJimjamHecks" awnlike="66853816">
        <zinoberOda>romanosJustify9039</zinoberOda>
      </tomeMuzzlerBabiche>
      <lissom tartaryYabbers="sportPmsgLikest" gladeOcelotApsis="29243414">
        <dictyBendedHaoris>vealing</dictyBendedHaoris>
      </lissom>
    </hygeia>
    <vicus walletsMisname="cynipsCrim" lucumoTaggle="wheatsDargueStellas644" sweated="norParodi91">
      <ciphersNoyade>miserlyBarbelVegan</ciphersNoyade>
      <betrunk>
        <octoonCalloQuassia>millmen</octoonCalloQuassia>
      </betrunk>
    </vicus>
    <tharenGaduin slabmanGulasThebain="acinetaAlways">
      <phialsKitten>bunkoedChurchy</phialsKitten>
      <ganofsMinyanWidegab cattery="7146">
        <tablitaDrepane>47</tablitaDrepane>
      </ganofsMinyanWidegab>
      <calceus weaves="kish">
        <udiHulkingDermoid>clyerSootsDecibel</udiHulkingDermoid>
      </calceus>
      <sluiceHarpersLegwork steeleSleyShadufs="unhoop6463">
        <windlinShally>227947</windlinShally>
      </sluiceHarpersLegwork>
    </tharenGaduin>
    <unfiendEyefuls wahoos="jayveesClassed65" dadingRewendDoodia="crusile" enabled="kunkurOutfoxClumper7372">
      <plenaMurky>9072421</plenaMurky>
      <phon>
        <zairePampero>pronateSkeifCarter1</zairePampero>
      </phon>
      <fattensXericStoics sagwireMahmoudBallist="7">
        <schorlsLouse>647958</schorlsLouse>
      </fattensXericStoics>
      <bulbulsPirlAvionic leamerJoggleBudgets="24983" drilletPlacers="hoptree">
        <pirned>danioRides</pirned>
      </bulbulsPirlAvionic>
      <chantsCoped pickle="4754137">
        <land>461</land>
      </chantsCoped>
      <britskaLobbyMiniate>
        <danny>798559081</danny>
      </britskaLobbyMiniate>
      <aspirePurs>
        <chubLavecheZonate>queerMzee</chubLavecheZonate>
      </aspirePurs>
      <halvedLumping>
        <dargah>spurlDraweeProtid</dargah>
      </halvedLumping>
      <devily jitney="894" zincify="839">
        <dravyaSposhFidelia>cobaltEgbaPotenty</dravyaSposhFidelia>
      </devily>
    </unfiendEyefuls>
    <lakeOppugnAphagia>
      <urodeleAciesAliptic>vobisRattery</urodeleAciesAliptic>
      <kussoLoatherHarle soroses="ecbole">
        <lokaAdreadApples>185419</lokaAdreadApples>
      </kussoLoatherHarle>
      <atriaDedimusPawnie clinked="powitchMoodish">
        <plugman>birodo</plugman>
      </atriaDedimusPawnie>
      <armoire vegaDummiedWaes="cassyCeorlGlood" distomeYeelinRastled="emraudCannels44">
        <gesten>folden519</gesten>
      </armoire>
      <crete elatineBlur="prabhu" amniote="20241805">
        <memnonVotes>64934407</memnonVotes>
      </crete>
      <sarzanYajeninBawdy betula="swillsTappetTropeic">
        <gammonNavalUnname>thurlKaiman786</gammonNavalUnname>
      </sarzanYajeninBawdy>
      <migglesUzarinEmpall cheque="98422" macbethBeaker="inkishPukes17">
        <shearer>rangers</shearer>
      </migglesUzarinEmpall>
    </lakeOppugnAphagia>
    <horst>
      <piaster>rimous</piaster>
    </horst>
    <mungaHistoryLaid>
      <tesack>tuaStugUntrill7</tesack>
      <calmatoRhibiaPieless sozly="correalFederalFitment">
        <precant>60369</precant>
      </calmatoRhibiaPieless>
      <abbeToothedDeash>
        <peruUndull>1</peruUndull>
      </abbeToothedDeash>
    </mungaHistoryLaid>
  </spreads>
  <randyRotulus bilksAquadag="thsantToruli" draweeTailingBullous="imerina" bahistiCivetFoutre="acrasia7554" throw="viajacaAtypy" />
  <bolder tellima="21938304" remailsBaguioExitus="datasetGross" atrochaVicinalMaungy="33878" />
  <newts quashy="staniel" momenta="morasNamers377" hullsToddickSmalto="soriUpcreek" jumbuck="370620">
    <aldmAurideAconin>
      <prosodyBalada>kwanzaWawLampron</prosodyBalada>
    </aldmAurideAconin>
    <dayanimPaeonsSunlike frauLaver="tortaGastBruchus">
      <gallachLewingVesanic>consumoTuberin</gallachLewingVesanic>
    </dayanimPaeonsSunlike>
    <noosedPupasSnoke>
      <hookiesUnitaryWetted>512752125</hookiesUnitaryWetted>
    </noosedPupasSnoke>
  </newts>
</frassAidanceRumba>