<?xml version="1.0"?>
<sandburMaunnaPulian>
  <zapusSpirulaEocene jnanasJugatePachyma="piosity" />
  <forminPeaseGrafts nonegos="myxoidWeaves" />
  <optingHaum repeatsAxisesDrove="dykedSetons889">
    <thankeeRotates clangsChauvinAcrasy="unleftCrimple843" whupTriglidBeetler="upmastMistellRupitic5843" blueyLacatanErosion="obitGuestsQuickly">
      <hawsingGluckBehew>8351176</hawsingGluckBehew>
    </thankeeRotates>
    <unbends baguetHypsJackass="entrerSycees" kunbiConvokeCoppras="theoria">
      <footman>869</footman>
      <ratSolvend oxcartsCarboxyChukars="pommiesYoks" saladHicketGenit="argasid">
        <bagiosAjava>nylast</bagiosAjava>
      </ratSolvend>
      <outputIzarSerries naamUphurlKnishes="filicinFraxinCisium">
        <kindles>6363</kindles>
      </outputIzarSerries>
      <taunterColetHenwise riskLaded="contam" ononis="906458706">
        <mishmee>mazdoorTootsieBrike</mishmee>
      </taunterColetHenwise>
      <aster dawned="jaguarDevot" geniiMongst="3515">
        <lunate>15228082</lunate>
      </aster>
      <montageBipedCredit skodaicPrussinHandsew="fractal" decalinAllayer="tonifyDiapase">
        <menuraeFlackerConsult>717146</menuraeFlackerConsult>
      </montageBipedCredit>
      <dunking>
        <catsCreep>herlingChemic</catsCreep>
      </dunking>
      <wood>
        <mucago>kneltObtestsTensaw</mucago>
      </wood>
    </unbends>
    <aghanee choenix="talusIleitisCaning">
      <cetin>siltage</cetin>
      <patarin reckonsPaveKahunas="scaphe" distendNiobite="tineid">
        <lucius>30517</lucius>
      </patarin>
      <wilrone wireway="kiloPeelSowar" tinealIconism="medeGerkin">
        <centenaPumpedPennia>unix4</centenaPumpedPennia>
      </wilrone>
      <subrent scopa="carioleHarems1" solubleEvzoneGunman="eskuaraChalaza">
        <oleatesUnsetRabatos>decors</oleatesUnsetRabatos>
      </subrent>
      <manobo dariOzonify="unclogsMistoldEnjoyed">
        <capsLepusSanded>pastsTheinsGilour</capsLepusSanded>
      </manobo>
      <epeiricMouzah toity="lusts">
        <lugDousing>hoodiesMinsNonoic20</lugDousing>
      </epeiricMouzah>
      <hells>
        <stigmatPuduSampler>terriesLbsPredrew</stigmatPuduSampler>
      </hells>
      <maxim acoasmForte="footingMothedDonates">
        <strokyMoutherFuroid>trikir22</strokyMoutherFuroid>
      </maxim>
    </aghanee>
    <aim>
      <metusLinousUkiyoye>beatenMeharis</metusLinousUkiyoye>
      <buns nobleRopishElecto="uranineMeanersAstral" misdoesBircherTempts="monsoonUnlyric">
        <hajeCanepin>maistryDobbin</hajeCanepin>
      </buns>
      <fracturGlisk multicsTriplePectase="2">
        <dulcinDarkUranine>9067838</dulcinDarkUranine>
      </fracturGlisk>
      <nanosec suppler="aide">
        <reprySaultResup>taggyBiscotOchered</reprySaultResup>
      </nanosec>
      <wickersHuesDrawcut eildDheri="55" sourdBaluba="baaedNumidaPurloin">
        <pitchDigressHarier>3721</pitchDigressHarier>
      </wickersHuesDrawcut>
      <telaePukuRets retripMurkerBande="oriansComdtDakhma31">
        <upcurlsLyceal>papulanCrappedEmoted3818</upcurlsLyceal>
      </telaePukuRets>
      <momentImpelExalts unknaveSativaTabella="37338314" famularAscript="scrawlMaloca2455">
        <fixers>932</fixers>
      </momentImpelExalts>
      <yobCammock>
        <filersChilcat>3196</filersChilcat>
      </yobCammock>
      <tarocsSpilus bootid="4">
        <thisUnquiet>cocainRachUnhusks</thisUnquiet>
      </tarocsSpilus>
      <unhitchAmnicSpuffle coronis="evasionTsamba" tummy="96465389">
        <matricOogenyReived>kris</matricOogenyReived>
      </unhitchAmnicSpuffle>
    </aim>
    <polygamDosiniaPlacard>
      <sod>sosiaYow</sod>
      <latches soddier="965">
        <dewoolCusieCerebra>ammaGrf</dewoolCusieCerebra>
      </latches>
      <schmo geckedClifty="neth">
        <quaveryShemaalDynodes>shedder</quaveryShemaalDynodes>
      </schmo>
    </polygamDosiniaPlacard>
    <collut>
      <amzel>martyrsMitred30</amzel>
      <yamalkaHakes>
        <flookCayapa>stactesFawnier33</flookCayapa>
      </yamalkaHakes>
      <wusserConusesInvoke warst="farmersAcieral" spectreUnpenal="untwistFrabbitMisfond74">
        <pilferCreachyMisgrow>malloyRabbledTallish</pilferCreachyMisgrow>
      </wusserConusesInvoke>
      <agonizeBosn>
        <unfineLauanFeat>damper1388</unfineLauanFeat>
      </agonizeBosn>
    </collut>
  </optingHaum>
  <cestoid />
  <champakCardia eddyingAsian="lawksBatfowl6" sewedOrary="pest" subsortBlet="pairial" aylet="calumba56" />
  <zitisEroteme pogey="sobberPanpipeKatana" stopDiskosDyspnea="25501070" somaloChmn="horsesRelime47" emerasStentorSwains="729615">
    <newarkGranaryVacuua>
      <musaObjure>twal</musaObjure>
    </newarkGranaryVacuua>
    <tomeletTourn pandura="agazGullerPounder" kusha="liter">
      <aletheaFolkseyJimbang>kinsmanDemiman232</aletheaFolkseyJimbang>
      <stevanKibseyMina>
        <usara>periledDikes</usara>
      </stevanKibseyMina>
    </tomeletTourn>
    <colleryWaukitIlongot>
      <bilo>1114</bilo>
    </colleryWaukitIlongot>
    <provide>
      <amasses>replialFelwort69</amasses>
      <bravosUnebbed>
        <batched>cliftsSworderTowline</batched>
      </bravosUnebbed>
      <hounderSetting hallowUnpiled="forbornShapersBarong">
        <lorelStunner>tydeusSybilChid</lorelStunner>
      </hounderSetting>
      <lugBilboa>
        <sysin>candela</sysin>
      </lugBilboa>
      <roomedWished roiSkempWarily="bugweed2707">
        <phialed>semiticAziminePunk</phialed>
      </roomedWished>
      <tunefulTwinkly>
        <hadDemihag>crystalJivaroDiphase</hadDemihag>
      </tunefulTwinkly>
      <laddess relaxerCitrinParking="wicksTrevets" moonalTonousDashiki="phorbin">
        <frowzyTransom>fadlike5576</frowzyTransom>
      </laddess>
      <cronianMarvels braceAchates="librasAmritDryers403" liter="isoflorAdlai">
        <sonchus>raptestStenos</sonchus>
      </cronianMarvels>
      <anaxone dakMalieReel="unfierySapinda">
        <akka>koph3972</akka>
      </anaxone>
      <ask horrorsRefedFreon="fowl" tuscheEndgame="547009">
        <aeolian>kunbiMortier</aeolian>
      </ask>
    </provide>
    <galaxyNomblesLyttae>
      <psychsGuggleLamden>subslotSeafowl2</psychsGuggleLamden>
      <wastesFloretsCanales uteroRudolfWurly="puss" pectenDefenseIrish="amateFugled">
        <lamberSudanicUranyl>smutty</lamberSudanicUranyl>
      </wastesFloretsCanales>
      <spong sodamidNebalia="hailingObol">
        <aliyasMedians>ment6</aliyasMedians>
      </spong>
      <ticCistoriPurples avo="9">
        <ditaLapel>getups</ditaLapel>
      </ticCistoriPurples>
      <ladderTomiaTitle>
        <eclatsTruthActa>171</eclatsTruthActa>
      </ladderTomiaTitle>
    </galaxyNomblesLyttae>
    <awacsMuphridBlowing>
      <levityScrewerTheedom>tabaccoGoosyErmani12</levityScrewerTheedom>
    </awacsMuphridBlowing>
    <beblot cicalasDumsolaImmesh="flowers">
      <kazak>coater6344</kazak>
      <gateauFilmier dispost="queeryWochuaTef">
        <choya>linne</choya>
      </gateauFilmier>
      <abieghSancheHutung upgaleCageYttrias="3">
        <situsCeders>2</situsCeders>
      </abieghSancheHutung>
    </beblot>
    <neoneds fuhrersCraal="6">
      <soundBudge>iceryaDebyes</soundBudge>
    </neoneds>
    <attnPyjama>
      <misformPiculs>novene5735</misformPiculs>
    </attnPyjama>
    <stamnoi>
      <reauditDaddies>lotHippestSteride</reauditDaddies>
    </stamnoi>
    <starerBroach topTalcous="empiric" pretellUphurl="ribbers">
      <incarnSeeablySkyhook>nosean</incarnSeeablySkyhook>
    </starerBroach>
    <civillyBlattiLushai estrone="poretJuzaAsuang" turkCunitYaupers="476155596">
      <pommardCapronShiels>cloggyStillyTaels</pommardCapronShiels>
      <deepingBlayne ahold="unhaleLectors" detach="unnovelOutguns">
        <jebusiKochiaLestrad>grapey</jebusiKochiaLestrad>
      </deepingBlayne>
      <lavacreDrohCherry>
        <meeks>172421968</meeks>
      </lavacreDrohCherry>
    </civillyBlattiLushai>
  </zitisEroteme>
</sandburMaunnaPulian>