<?xml version="1.0"?>
<lehmerRetene>
  <tahsilMurzimColley jee="tailyChoiredPinitol" hullersHoopooGoodly="jailing">
    <prich unhoodTiburon="fossatePrososTalpa">
      <stagneCotonia>422714</stagneCotonia>
      <oaky amovingLis="489" dervCurbashCabildo="mousleDomett">
        <drosserTearlet>33918621</drosserTearlet>
      </oaky>
      <betelBaxtone>
        <kibes>quicheSacradEndaseh</kibes>
      </betelBaxtone>
      <debitor cravedKaf="bunsDuncify" bilged="acaridsAdvises">
        <phobistTilyer>mildishMulsifyConga29</phobistTilyer>
      </debitor>
      <inchasePopify chafing="aciditeLayed">
        <ilexPremieBuriers>mouldedSpumousAhead</ilexPremieBuriers>
      </inchasePopify>
    </prich>
    <courtalDemele>
      <bragas>2</bragas>
    </courtalDemele>
    <bumpsy>
      <michtSpp>udell6</michtSpp>
      <deltaic>
        <yangJagersStarry>greenSoften</yangJagersStarry>
      </deltaic>
      <porosis>
        <arupaKhuzi>asdicMekongBecco375</arupaKhuzi>
      </porosis>
    </bumpsy>
    <diceyLobale>
      <tamaraoPrecipeCopping>willie7</tamaraoPrecipeCopping>
    </diceyLobale>
    <naturesMindsRecoded outraySappers="prehealInfixedWeskits" scaldicUnfree="reedingSpeen" eastedOturia="benmost">
      <guileryCafe>7867</guileryCafe>
      <lanierAlloxy biddieLecythi="hexers" rhizota="picrateBattues49">
        <semitalCreeky>turkElektraMarion357</semitalCreeky>
      </lanierAlloxy>
      <afaintLacunarCurf>
        <cocoFloorsBecchi>isatateNorice</cocoFloorsBecchi>
      </afaintLacunarCurf>
      <likableReadl bardashAvid="lasesSidles">
        <plakNeukVomited>hyaloid</plakNeukVomited>
      </likableReadl>
      <crickedFungidHazy commarkCcidAcronym="subbass">
        <rackers>85</rackers>
      </crickedFungidHazy>
      <osophyForced>
        <epoxyFranksVomit>duenessMouflon</epoxyFranksVomit>
      </osophyForced>
      <coroneSqueamy lewanna="algasCreamAteknia">
        <vacoua>waipiroTwaiteCarrick</vacoua>
      </coroneSqueamy>
      <rouge clobberGamgee="70776908" rundalePawkilyHao="lamden874">
        <occiputTrisha>rags</occiputTrisha>
      </rouge>
      <inutileHaloed poromasZeinWanes="eutexiaExclave">
        <haramSmeuse>310</haramSmeuse>
      </inutileHaloed>
      <basonAthymy>
        <essoinGosther>punkahSaumHackies</essoinGosther>
      </basonAthymy>
    </naturesMindsRecoded>
    <scriniaBrustle>
      <centro>idlemen</centro>
      <student hagi="spicingPolersTrucha">
        <flamersSorance>fleuret</flamersSorance>
      </student>
      <hemipodReamendNots lunateFossae="4">
        <mate>mainpinRevuist551</mate>
      </hemipodReamendNots>
    </scriniaBrustle>
  </tahsilMurzimColley>
  <sprushBrawerIrenica />
</lehmerRetene>