<?xml version="1.0"?>
<unglossNuggetyBootes>
  <joukUnsunk bonzeSchoon="2531619" gravata="tainosDipsUnfaced">
    <agendas>
      <unsafeDiscumb>pledgetBestraw</unsafeDiscumb>
    </agendas>
    <suedineCedrus>
      <ostiaCusping>toothyOutword</ostiaCusping>
      <gossanPyinSleigh>
        <oglingHerero>9365983</oglingHerero>
      </gossanPyinSleigh>
    </suedineCedrus>
    <celliBellicPlewgh mensk="meridieDeludeUnliver">
      <olympiaHaslets>unhingeUsine22</olympiaHaslets>
      <taiyal>
        <equably>reshownTussiveCulls16</equably>
      </taiyal>
      <activeCouvertMullens smudgerFrises="zendoKolosDewed98" samisenBending="onyxisPartnerEmodins">
        <carlinaUndeft>meedWarnsCargo8</carlinaUndeft>
      </activeCouvertMullens>
      <dorsiGipsBatea>
        <hippieTousle>oculars76</hippieTousle>
      </dorsiGipsBatea>
      <flukingMutatedKyah viandryShikii="4533">
        <vivoFeaze>reseat19</vivoFeaze>
      </flukingMutatedKyah>
      <umgang ninniesSlantsWink="jger">
        <wifed>19802711</wifed>
      </umgang>
      <mear creeker="922952" fuckingBighorn="mummerGunj">
        <vinierBin>97322318</vinierBin>
      </mear>
      <skodaicSignorsMinter velamenDensate="reknit">
        <zadrugaAdlumia>32</zadrugaAdlumia>
      </skodaicSignorsMinter>
      <tolterShice planulaDieselsFrizzes="51" scalareRetalGamgia="3340061">
        <legger>sulu</legger>
      </tolterShice>
    </celliBellicPlewgh>
    <tussorPaul>
      <jyngineIsoamylVega>116261340</jyngineIsoamylVega>
      <erke collectFoilHefters="tonallyPigpenRecline">
        <whilterStriaeHaddie>doitkinAsquirmShahidi</whilterStriaeHaddie>
      </erke>
      <teddedPulicidCents calche="827848" whitishVeenHiring="squelchTargetBona">
        <skiftViols>behowlUrbaner5</skiftViols>
      </teddedPulicidCents>
      <lactucaAgoniesAvowers>
        <flawCreagh>ebcdicParpend947</flawCreagh>
      </lactucaAgoniesAvowers>
      <oxeyesRiggedRespue pinfishDegreed="7642141">
        <oziasPicture>afeardClept</oziasPicture>
      </oxeyesRiggedRespue>
      <greatenFloored>
        <nowtSedat>gongmanGunnedImpages974</nowtSedat>
      </greatenFloored>
      <vulturnLostTowhead>
        <hav>64966</hav>
      </vulturnLostTowhead>
      <algatesWhasleYerva>
        <tupiksBreird>mexicalSuited</tupiksBreird>
      </algatesWhasleYerva>
      <ponying wartletJobbet="immense" precavaCaoineLethe="diaeneKetchesDegas">
        <fuscous>niguaMiterer</fuscous>
      </ponying>
      <potters>
        <andyBoult>hitheDuhr</andyBoult>
      </potters>
    </tussorPaul>
    <shiismNogadaMuffish scaphe="greitUnrowdy5">
      <codrus>stabFlossedHeezy</codrus>
    </shiismNogadaMuffish>
    <skipperMimulusGonoph>
      <talked>tarrifyFichusUnnosed</talked>
    </skipperMimulusGonoph>
    <rippit>
      <kikumonRevivorAsarta>9240358</kikumonRevivorAsarta>
    </rippit>
    <tuneupsYobbo vibratoFlukierBoozing="48" lurkyToranaBunion="sapsagoMuddied">
      <vendRubblyHirse>adularXeres6</vendRubblyHirse>
      <grilse tellach="fezzedArccos">
        <milage>taxiesTrabeae</milage>
      </grilse>
      <noyadeEdessan>
        <languetPikemen>76158</languetPikemen>
      </noyadeEdessan>
      <gemmula>
        <punicaErwinia>62279</punicaErwinia>
      </gemmula>
      <oversetMelodic>
        <hexadic>juliusAminizeColdong476</hexadic>
      </oversetMelodic>
      <jennyLimoid wagaunPliablyGagger="aortae7" fascialTrappyEnage="ceriphs">
        <herdicsGladifyDecares>877</herdicsGladifyDecares>
      </jennyLimoid>
      <slouchOxamicReaping>
        <sinal>71506</sinal>
      </slouchOxamicReaping>
    </tuneupsYobbo>
    <odeum ararZebrinaXenopus="2609889" hyphoMalusSaba="98808243" cramelNoreast="370258">
      <beggingLumpman>alines7689</beggingLumpman>
    </odeum>
    <unlentPgnttRouthy>
      <surahsUppointAurite>tallyhoLastlyObolet</surahsUppointAurite>
      <aditio>
        <meldedEpris>1785</meldedEpris>
      </aditio>
      <lovee todySleeks="mammersPresoldCepous71">
        <sidled>demibobBrierFoxwood</sidled>
      </lovee>
      <coe>
        <remoldsJin>zenagaApitpat</remoldsJin>
      </coe>
      <haleDarzee>
        <monemeRuttish>soothedPrideTealery</monemeRuttish>
      </haleDarzee>
      <forpetFrocksSharply ecotype="larches">
        <cliptChiwere>73</cliptChiwere>
      </forpetFrocksSharply>
      <hangingJewSockets>
        <salpa>gesnera8152</salpa>
      </hangingJewSockets>
    </unlentPgnttRouthy>
    <kintryBarleys pernis="turtanPythic">
      <mbirasSwackMobcap>tampedGlycidDyer</mbirasSwackMobcap>
    </kintryBarleys>
    <weights>
      <clava>remockPineta</clava>
      <hidling>
        <buddieMaxisNeslia>slinge</buddieMaxisNeslia>
      </hidling>
      <burgeesBerwick pummel="probeLienorFinises">
        <tussuckRoosersTyphon>hopped</tussuckRoosersTyphon>
      </burgeesBerwick>
      <anodyneToleIocs>
        <womerahHattism>shirpitBespellHuskies</womerahHattism>
      </anodyneToleIocs>
      <paganrySlaveys>
        <ospore>chief</ospore>
      </paganrySlaveys>
      <cerciFerrerFretish>
        <cadyingDrysterPattie>arkose</cadyingDrysterPattie>
      </cerciFerrerFretish>
      <geotyHubbFlytrap salpidCupids="mastic">
        <stying>oink</stying>
      </geotyHubbFlytrap>
      <nonoily caradocFuturicPearce="somever">
        <heathPlummy>cawsPence</heathPlummy>
      </nonoily>
      <poignetZeed>
        <leysCitrousJazeran>dentineBunk</leysCitrousJazeran>
      </poignetZeed>
      <forfitStaphs>
        <curiaraAuctary>benzo</curiaraAuctary>
      </forfitStaphs>
    </weights>
    <teleutoShiahBrashy>
      <statorGazebo>checked6292</statorGazebo>
    </teleutoShiahBrashy>
  </joukUnsunk>
  <patacas snaked="chairedCrizzelCupless" junt="yowlUnicity48" unlocksLardedInfirms="62184137" tuqueMaladeMowing="becurlAmmelinDabuh">
    <sequentSwimbel plans="besprayTerenceWheen" keels="86939" petroFlumps="manana155">
      <hackiaGluier>dalleShairn</hackiaGluier>
      <diamylGoodman lyxose="moonilyAskersGwiniad" malawiAboonGastrin="78928">
        <kiddishRegilt>coolyBourrNauset</kiddishRegilt>
      </diamylGoodman>
      <hanksLegua parseSchnapsCarnac="rupert" sabayonJirgahPlouk="studiaDripCupeled">
        <japaneeAlezan>griotte</japaneeAlezan>
      </hanksLegua>
      <debbie chebeckBethink="enforth">
        <hevedArtier>sibylSharns815</hevedArtier>
      </debbie>
      <titien paauw="veryConked">
        <rebaterGleeted>diaristDamson6729</rebaterGleeted>
      </titien>
      <sirrahBirsyTerries>
        <camelsGobbetFelly>pyalYaourtiCaplan670</camelsGobbetFelly>
      </sirrahBirsyTerries>
      <ratoonTapling subgit="unultra">
        <ticsCymous>1983</ticsCymous>
      </ratoonTapling>
    </sequentSwimbel>
    <goumier>
      <leedCityAllayer>glibNabla</leedCityAllayer>
    </goumier>
    <berCratonsKabard>
      <unglibEttlingInlaces>cuneaBolkSpoked3611</unglibEttlingInlaces>
      <fetLeadout secale="uproomVamosPabulum" beluchiPebblyDonkey="mhgBego">
        <sopsPartiteIambic>abord66</sopsPartiteIambic>
      </fetLeadout>
    </berCratonsKabard>
    <guarabuDie>
      <trommelBermesShirvan>cavidaeKokanGata</trommelBermesShirvan>
    </guarabuDie>
  </patacas>
  <object kaduOtiatry="galenaLessensSwingle" chanoyuVikings="aurae17" scoopPontinWildern="laguna">
    <stiverVallar>
      <wistsPenuche>apposesTogues</wistsPenuche>
      <pipkinSequoia lunchesCagot="hatless93" spairgeIsleman="1143733">
        <cliffed>freckleAppulse</cliffed>
      </pipkinSequoia>
      <hajib mushaBrocks="ismaili" alpinia="hoondi965">
        <corone>versing</corone>
      </hajib>
      <dawtetAnonyma cobloafJap="6812227">
        <limosi>faconneFoulestChechem82</limosi>
      </dawtetAnonyma>
      <lingtow gooneysBastile="nabaloiScillaPavisor">
        <chunkedCopaibaLofted>hobblesDagabaPitmirk</chunkedCopaibaLofted>
      </lingtow>
      <whauveEurytus parkyCaddow="osporeSwathes">
        <tenspot>totemy</tenspot>
      </whauveEurytus>
    </stiverVallar>
    <trifold>
      <catsupNatureRisper>syrupedPinkeyStorax</catsupNatureRisper>
    </trifold>
    <josie>
      <formbyDustuk>trussSmudge</formbyDustuk>
    </josie>
    <connySybo>
      <corkir>civismsHine</corkir>
    </connySybo>
    <nawiesMitraPinkeen>
      <beamsEarle>shutten</beamsEarle>
      <joroposCreamed dottingTerna="navalMaserKhass" unsight="iononesMoony">
        <rakan>ootidsGambrelJocum</rakan>
      </joroposCreamed>
      <egg>
        <likersBedlessNaib>yoickNymphidOverget75</likersBedlessNaib>
      </egg>
      <filbertAmic syrphidSnowmanCoyly="galegaBienneBonnnes">
        <scuffsChukarSlumped>235581</scuffsChukarSlumped>
      </filbertAmic>
      <wantedAzumbre>
        <goalageTrophon>7</goalageTrophon>
      </wantedAzumbre>
    </nawiesMitraPinkeen>
    <fdubsSnyedThurify litanyBerlina="nibong41" eocene="welched">
      <getah>guzSennitEnvied</getah>
      <exhumesLizard butoxyl="154" flashAbonneLure="puckleCabasaFurious">
        <prancyCum>vetustCooee</prancyCum>
      </exhumesLizard>
    </fdubsSnyedThurify>
    <sibbedCullage>
      <cornelInsured>shooledCitolesPaeans</cornelInsured>
      <betitleStroyedUakari>
        <minicarBaalsNeater>khalif</minicarBaalsNeater>
      </betitleStroyedUakari>
      <panics decerpAmperes="wordilySesameLituus" rosetta="disbandJessesConked">
        <abtHagglerWost>mulseSloot</abtHagglerWost>
      </panics>
    </sibbedCullage>
  </object>
</unglossNuggetyBootes>