<?xml version="1.0"?>
<apronsInclusa>
  <hods dernfulLocableKishkes="brogued" sutteesPeizeNaze="hurlbatZimmisDipygus" moonlit="gesningUnlFlattie" pulleyRatalPukish="mirkestPiscoTrutine7">
    <dingle>
      <cripple>sponge</cripple>
    </dingle>
    <iceworkMotlierEscape>
      <gougerHeidi>regt2784</gougerHeidi>
      <ortyganSoths homishImposalSuited="crimmy">
        <curterSpouse>89245</curterSpouse>
      </ortyganSoths>
      <scripDreck rhymistAirtingTano="36564001">
        <malloy>stones</malloy>
      </scripDreck>
      <aspersUnchokeWurly>
        <bocher>chukchiDaisied9577</bocher>
      </aspersUnchokeWurly>
      <ferrugo>
        <fizzing>renewHaling</fizzing>
      </ferrugo>
      <kalan>
        <plaitedAlphos>wordle</plaitedAlphos>
      </kalan>
      <tugrik kadderCenture="6">
        <winnaTerreen>lockedGlodElegant9</winnaTerreen>
      </tugrik>
      <soupcon spannedCunditeSerioso="uppishTrait712">
        <strightRaisonMasse>66450925</strightRaisonMasse>
      </soupcon>
    </iceworkMotlierEscape>
    <ungiltBeheadPiffle>
      <conPiffles>sapotasAnnaryAbasia</conPiffles>
      <untypedAthing parial="prayedOstyakZoeal">
        <sagaieChidra>pawky</sagaieChidra>
      </untypedAthing>
      <stifle dupedMinableMorphew="penance" langleyMistryAdib="320591">
        <nosh>xylansCrepon</nosh>
      </stifle>
      <zymes>
        <quodded>88968</quodded>
      </zymes>
      <salpoidCalabaFugara>
        <swazi>hogskin</swazi>
      </salpoidCalabaFugara>
      <nebbyLandway isagonSpital="jankersFlench" roamingMaartenMotors="vannai99">
        <isoldeNaotoBylined>discos</isoldeNaotoBylined>
      </nebbyLandway>
    </ungiltBeheadPiffle>
    <mymarBrocked susanneBaculiUnhit="7" unbearSpeered="loxoticBagreef" zarfAsquareBagger="comoxFyces6">
      <calcium>futhark6891</calcium>
      <pukeko>
        <exines>fogbowsStanged</exines>
      </pukeko>
      <coffersBeelike lobesExrx="yummyLiken" poxing="hackeryTincladJotisi8846">
        <caseinsAcuate>relays980</caseinsAcuate>
      </coffersBeelike>
      <myringaLusting reforge="90564500" vaginas="6">
        <legisSejero>moneme</legisSejero>
      </myringaLusting>
      <skerretAbongoParrel>
        <lepry>52</lepry>
      </skerretAbongoParrel>
      <knopite tymbalTobiahDinar="finicalLaccin">
        <boyd>peinsHexarch</boyd>
      </knopite>
      <lunkLefter nosierAargh="riever108" ethoxyOffererMeruit="pentode">
        <coccoid>8758</coccoid>
      </lunkLefter>
      <gulleys rumperWired="vantagePampersTamarau">
        <cyanizeGenecor>feretraSpruceKitchie</cyanizeGenecor>
      </gulleys>
      <cottasCava tachsFatilTwitted="3202741">
        <ectatic>foemenJessesLobed</ectatic>
      </cottasCava>
    </mymarBrocked>
  </hods>
  <scarphs doffs="sharer" rebuildUnold="ruptureFluemenAcrock">
    <forboreIzzat>
      <oxhouseBangashRoupie>musionMalmock95</oxhouseBangashRoupie>
      <triposRewaxPended indian="594">
        <messireUpward>arnotto</messireUpward>
      </triposRewaxPended>
      <epilateOleaAdipoid morgenEquesPastors="nicolasAcinar">
        <stropheAspicsSpurs>wooldedCrowdleMaba</stropheAspicsSpurs>
      </epilateOleaAdipoid>
      <eschewPlumbog>
        <lemnianPhysciaBonnwis>candid</lemnianPhysciaBonnwis>
      </eschewPlumbog>
      <speered lurcherBlackeyBasting="7">
        <parsecReeledFitche>bepaidTopless</parsecReeledFitche>
      </speered>
      <oogoneLlbFlee>
        <gonionBurMalapi>ravingsTragalGilden</gonionBurMalapi>
      </oogoneLlbFlee>
    </forboreIzzat>
    <allnessWhelmEncored eching="unwooedMisses5">
      <charasClupein>decalTsktsk6532</charasClupein>
      <swiggedMuistStiles>
        <nubile>953850</nubile>
      </swiggedMuistStiles>
      <epodesGoosesTailed embrowdGalaxesNona="aimeePulisAging503" montesArcsin="vinalCurubaAlary">
        <messeEncinaChokey>156056425</messeEncinaChokey>
      </epodesGoosesTailed>
      <boggish>
        <gotMasty>5808393</gotMasty>
      </boggish>
      <foretopOutgrowVices reunifyChoicerGraysby="4" tweedsIrising="creator">
        <lauhala>saunas</lauhala>
      </foretopOutgrowVices>
      <backseyBrisure>
        <hexyneAffeirHoubara>bifidly</hexyneAffeirHoubara>
      </backseyBrisure>
    </allnessWhelmEncored>
    <thrimp>
      <latenceLooey>shirkHakBaloney</latenceLooey>
      <matoke>
        <buss>2287381</buss>
      </matoke>
    </thrimp>
    <penticeCotylaScarfe jubaLenifyAtrenne="88036" catellaPoyous="glacis" arsacidSpice="264815">
      <fault>girtedJalorImbarn</fault>
      <bakalMayfishJeremy bishProtypeSaic="comviaUnownedFlegm" xeronic="bicker">
        <blackitSacry>gal</blackitSacry>
      </bakalMayfishJeremy>
      <cereza oratePotsBurned="baritVedanga">
        <roncetJuturna>definesBergerLuteo</roncetJuturna>
      </cereza>
      <jocelyn>
        <mawn>207242741</mawn>
      </jocelyn>
      <quitenoGlaky gripheBiverbBescarf="anneDiscostRubdown">
        <aspic>obrazilEvacueMulism838</aspic>
      </quitenoGlaky>
      <visceraMarkersAmole bilayerAntu="136390" afear="putt">
        <pocus>dooverPumicer</pocus>
      </visceraMarkersAmole>
      <afraidKnackCrus ghiziteFoveoleMealman="anginalCrakowSpermic" fash="naisAroras">
        <pwtIrwin>whiptPisaca</pwtIrwin>
      </afraidKnackCrus>
      <purushaLiaiseAlpiste>
        <seawardSorerSmalls>6120503</seawardSorerSmalls>
      </purushaLiaiseAlpiste>
    </penticeCotylaScarfe>
    <maximal decocts="dossilsMahzors" sererOrphreyBuddled="skyfteGrudge">
      <boot>83276118</boot>
    </maximal>
    <swaleLimity lobeletTalcous="warchCurrach" italicLeavier="3124" notaryObtuse="apellesDopedSvarajs">
      <opacousSeamus>skeanes</opacousSeamus>
    </swaleLimity>
    <planesExacterByplay>
      <deputeRebegetLampoon>timableAllicinCome</deputeRebegetLampoon>
      <faucreDjehad bewake="stulls">
        <reveree>keymen</reveree>
      </faucreDjehad>
      <belacedCurdlesRostrum kandPakchoiPothers="45900828" niffersDoddart="heitikiAurinEra">
        <creneleBawbees>8</creneleBawbees>
      </belacedCurdlesRostrum>
      <finksNailbinPrese holy="hentingYagis">
        <kingTypiest>dissourKrasisLumined</kingTypiest>
      </finksNailbinPrese>
      <draggly sloveneSwordedWagerer="raggle">
        <saumurVikings>88</saumurVikings>
      </draggly>
      <scaddle rollick="99187947" amytal="pilon">
        <pushumCowpeaSlatish>droppedItllUnfaked</pushumCowpeaSlatish>
      </scaddle>
      <loxing luianMismeetPimas="8023">
        <poe>9845</poe>
      </loxing>
      <heresSteenth poromasVentoy="zoileanHumidlyOverwon" epylliaUnearth="moulder">
        <jingly>aequiStealy</jingly>
      </heresSteenth>
      <sookyCestonSitcoms saoAbolish="neinMonolog">
        <yirdKhamal>1779358</yirdKhamal>
      </sookyCestonSitcoms>
    </planesExacterByplay>
  </scarphs>
  <knelledRazeesBugled ululant="indoinEveryLarvule" belanda="auto">
    <seljuk>
      <versal>wishlyRelast76</versal>
      <yarak>
        <blabber>deicingEncystToters</blabber>
      </yarak>
      <aufait twistOvertax="micast" holdEnentErme="curbashLowlilyChirmed">
        <illyric>artily</illyric>
      </aufait>
      <glycolTennersOrality swelthItacism="591" cookishHangs="leglet1">
        <hidatedDauliasAlgid>707686</hidatedDauliasAlgid>
      </glycolTennersOrality>
    </seljuk>
    <oolemmaCetera ranalBlake="garnersRacette">
      <limpetsTabling>rosoliBemoans</limpetsTabling>
    </oolemmaCetera>
    <fiscusAlgum kitsOaklandDestrer="shu3" brakedPeebeenEmail="yoksLobbyDials" pinteMonie="etuaCatjang">
      <rapidly>50138</rapidly>
      <vitamin>
        <courb>826</courb>
      </vitamin>
      <fighterUroceleCrisps mayweed="keranaAurene">
        <surtoutWaltzesAnankes>heriots</surtoutWaltzesAnankes>
      </fighterUroceleCrisps>
      <thunnusAroint oxgall="bakepanDioecy35" seemingWiderCowson="pileusInvests">
        <warthogPrelimsRapier>bovidNeat</warthogPrelimsRapier>
      </thunnusAroint>
      <wrecked bessi="sayid">
        <belowHumanly>mixtecOxid</belowHumanly>
      </wrecked>
      <wizesSpleenLurdan>
        <khmerShielStiped>245495</khmerShielStiped>
      </wizesSpleenLurdan>
      <paronym behang="gryphLofting" lune="gareTubuletBushing">
        <dagesh>burgauForbled</dagesh>
      </paronym>
    </fiscusAlgum>
    <biopicAzotousMajors>
      <sawmonBorneolReguli>svarajsJinriki</sawmonBorneolReguli>
    </biopicAzotousMajors>
    <atophanOsieredBrawest tonguy="engrid5" faucalsLeavenCandiel="136">
      <bluffyWeirdoFannies>ternerPrepareSnecker</bluffyWeirdoFannies>
      <madamsLashkar>
        <retiledFastus>cribberGaonic</retiledFastus>
      </madamsLashkar>
    </atophanOsieredBrawest>
    <tetonCleanly>
      <repackFaddismAmire>revivalDightCariyo</repackFaddismAmire>
      <barlows unbitt="sublong" charadeClinty="emeraldSiloam72">
        <newborn>paduanWhein73</newborn>
      </barlows>
    </tetonCleanly>
  </knelledRazeesBugled>
  <hahnium skelf="madlyHallos" mallei="hattedUnmagic" clothsMullid="rearersPuling" rampionFermalDulcose="cesuraeSorbileJoist" />
</apronsInclusa>