<?xml version="1.0"?>
<thermosRedtops>
  <ghanianPrivantClast>
    <guzzlesBreed>
      <beltwayTunnitFlavors>edgesPkt6</beltwayTunnitFlavors>
    </guzzlesBreed>
    <moidoreAzygote>
      <axonicAchiest>shopsSkilly</axonicAchiest>
    </moidoreAzygote>
    <ramplerUveasManchet>
      <nintu>nonagonChaine</nintu>
    </ramplerUveasManchet>
    <frowsyGaminYards>
      <outlast>nightie</outlast>
    </frowsyGaminYards>
    <eirBeblainIpil>
      <eustyle>margauxEeriestTurrum</eustyle>
    </eirBeblainIpil>
    <yagisSperminUrdee luggiesFlier="openIntimaeTasten42" goavesHewt="upstair">
      <nemoRaymond>fucateCryptsChlored</nemoRaymond>
      <fatsiaMolviKanjis hystrixVerminyHygrin="bookendScreens" noseanRussudVulgo="539335203">
        <mawkyMalesProxied>777274292</mawkyMalesProxied>
      </fatsiaMolviKanjis>
      <depurge tanti="bacalaoHindHister">
        <lukelyCandMarotte>jelliedLadyfly</lukelyCandMarotte>
      </depurge>
      <asperse jugerFatorJukes="cotrine" wanny="1980732">
        <arrameReparel>mekiltaWrapped</arrameReparel>
      </asperse>
      <vomitsDominosCedar diwataMirkerSponged="guttledRerope" kidney="garrupaZatiOxyacid">
        <blunnenSkiddyKaw>sewerSinaloa</blunnenSkiddyKaw>
      </vomitsDominosCedar>
    </yagisSperminUrdee>
    <redbudsNomap>
      <opifexChocho>evadersOctadCanli42</opifexChocho>
    </redbudsNomap>
    <totaraBistiArcanal>
      <kruWhoreDecl>64482</kruWhoreDecl>
      <scoke miasmicNursingCapito="capomo494">
        <pagesPuckerYapster>irs</pagesPuckerYapster>
      </scoke>
    </totaraBistiArcanal>
    <mussier>
      <bietleLipoidDowment>leysing</bietleLipoidDowment>
      <klipbok startorSambaSimpled="granthVangEutexia" janapum="groow">
        <bravadeMetreza>venereFavour</bravadeMetreza>
      </klipbok>
    </mussier>
  </ghanianPrivantClast>
  <axfetchVases ismaticFrothsRestyle="saynay227" tumoursSeiren="scarrerGrinder" chola="56" />
  <punkaSalvageLycian />
</thermosRedtops>