<?xml version="1.0"?>
<weliElymusMph>
  <hienzOverpay zonda="misbillBoccaleLullaby">
    <savineCatpipe agynic="dibatag" hadbotMucker="8378" disneyBaddish="chiefry2862">
      <almsman>sookyBreadthArmless</almsman>
      <unifier feintsHtsBroncs="tiddlyScalesShizoku" flocks="46532">
        <withnim>veldDagomba</withnim>
      </unifier>
      <lammie occur="lither">
        <impTubules>jealousNitricSmift38</impTubules>
      </lammie>
      <hereto norward="unpackRifest" chupakRetial="paesanoOutherGusla">
        <neatCiruela>18</neatCiruela>
      </hereto>
      <staabPutters smileyKrausen="63712959" piestLudo="queryBedewedVodkas">
        <chappinInsack>hexerisSnooperIdealy</chappinInsack>
      </staabPutters>
      <oftly daytale="setness">
        <barrace>tailteDravite</barrace>
      </oftly>
      <lakieRimStrives widened="talckedBawsunt8869" zeuxian="formePorge">
        <spatium>hacklerFatuous</spatium>
      </lakieRimStrives>
      <aveninAlley skinned="reendow">
        <filmy>5991</filmy>
      </aveninAlley>
      <familyPinang>
        <began>62</began>
      </familyPinang>
    </savineCatpipe>
    <leary amabileBattikWyches="inconel">
      <daynet>5</daynet>
    </leary>
    <jezailsSpumy races="wriveRamal">
      <tuboid>appeteOutsold</tuboid>
    </jezailsSpumy>
    <daybeamTrasy>
      <oxyDreidel>gynura</oxyDreidel>
      <metretaBoxtopsAnotia enowsDithery="woons7215">
        <almadiaEtweesCaquet>atonia</almadiaEtweesCaquet>
      </metretaBoxtopsAnotia>
      <basatTordion stroyerAbyssa="247">
        <tskingSawan>belaborSomite5</tskingSawan>
      </basatTordion>
      <trianon urbifyYawped="azazelBarbula" bayal="mari">
        <jamaLoordHurts>nichingLiasonHalved</jamaLoordHurts>
      </trianon>
      <reable>
        <turfmen>logman</turfmen>
      </reable>
      <vestalsEmbarkHelosis>
        <zen>cantBarakaSaris</zen>
      </vestalsEmbarkHelosis>
    </daybeamTrasy>
    <culti>
      <pacerClitheOccupy>ancoraMastics82</pacerClitheOccupy>
    </culti>
    <piaffeBath safrolCrociBywoner="dogleg">
      <ropable>fuelingMyelins</ropable>
      <howletGoitcho>
        <bowwowRenvois>quinins3842</bowwowRenvois>
      </howletGoitcho>
      <idlemanMice>
        <falafelCephen>obtainsRocoloFurless</falafelCephen>
      </idlemanMice>
      <pomelGnomesZerma aerocar="sodomic5" navvyWayman="parolCawkyReagree">
        <auraeBasis>420801613</auraeBasis>
      </pomelGnomesZerma>
    </piaffeBath>
    <outwitsThongaWirr shelty="bendlet">
      <hogback>23</hogback>
      <sadismUnlimbPassay trattleBesonioScrying="shogiOatSaccoon726">
        <threat>anteri</threat>
      </sadismUnlimbPassay>
      <personsFlotsenKouros>
        <gargol>pinardMowableHolp</gargol>
      </personsFlotsenKouros>
      <ramonTombingDeepest>
        <chines>jelick</chines>
      </ramonTombingDeepest>
      <bumpityMaun mendoleLegitsUrtical="abidingBentCheeper9">
        <vallisNetleaf>feudee</vallisNetleaf>
      </bumpityMaun>
      <rococoTalieraLeprosy>
        <nonyaSerragePilcorn>catties</nonyaSerragePilcorn>
      </rococoTalieraLeprosy>
      <sitaCyclaneAsseal>
        <beverse>kamel</beverse>
      </sitaCyclaneAsseal>
      <zebecDamperTindery>
        <furthyHurrianNoa>terzinaUnfirmColor</furthyHurrianNoa>
      </zebecDamperTindery>
      <borsht>
        <cololaNitinolFesta>ars</cololaNitinolFesta>
      </borsht>
    </outwitsThongaWirr>
    <virgaAirfarePenicil portalsSaco="miguel" leaden="wangheeChlorid245">
      <neologyDemob>yazoo</neologyDemob>
    </virgaAirfarePenicil>
    <uplookCedingEndia locandaClachan="lively27">
      <laisse>scalopsKnockup4</laisse>
    </uplookCedingEndia>
    <eurousRedwareTaxies>
      <ingiver>598247419</ingiver>
    </eurousRedwareTaxies>
    <yvonne bossetNanakoDeadens="visiblyDaymanRenay">
      <foliose>soutaneAitionWees</foliose>
    </yvonne>
  </hienzOverpay>
  <wandsTurtleCoiffed cincha="30420" sapplesAntiars="332" uplick="kari" malella="174096514">
    <gypsite>
      <alwiseStele>stilts</alwiseStele>
      <liberiaKoila alfasMeqFrenne="varvesCrucifyKwaznku2084" rasuresFamuli="korona">
        <suciStim>befanOrpheonDillis</suciStim>
      </liberiaKoila>
      <maizes glauxPoseLogway="artemisMenskConule">
        <lupoidBetearChauve>moorier</lupoidBetearChauve>
      </maizes>
      <dioniseTempter>
        <xystos>32</xystos>
      </dioniseTempter>
      <chilkatSeqence pylarDenned="anillaUnjoyedPudu" natoVolant="tangieUnfoldCoffret">
        <maillotPranktSassier>dondineQueerMygalid</maillotPranktSassier>
      </chilkatSeqence>
      <getidCicely>
        <cheetalBaculi>eryopidBarding</cheetalBaculi>
      </getidCicely>
      <sabaism>
        <niagara>worthed</niagara>
      </sabaism>
    </gypsite>
    <avenageWhimsicCynebot>
      <pesa>ladiesMaltoPadige</pesa>
    </avenageWhimsicCynebot>
    <gaspyBonuses>
      <seduceObovalLeches>3</seduceObovalLeches>
      <bionomyDiloSighed ravenerCaphConcise="salema30">
        <pretestEquilinUmbrage>strokeAped</pretestEquilinUmbrage>
      </bionomyDiloSighed>
      <bedread julie="polygarTurfy50">
        <seagirtCrenic>groowFahlerzDiose</seagirtCrenic>
      </bedread>
      <yirths urling="virentLairman" olacadDowryLeos="71332">
        <columbaLucerne>baggierSicket</columbaLucerne>
      </yirths>
      <outwitIncloseBecolor>
        <robbinsWants>englory</robbinsWants>
      </outwitIncloseBecolor>
      <chaymaOestrin linternHausseBises="6109547" quillet="twingleFehKamichi">
        <loredRaupo>argyllsMeatman36</loredRaupo>
      </chaymaOestrin>
    </gaspyBonuses>
    <margauxPomona>
      <lightenThalian>plumachMagneta555</lightenThalian>
      <tillmanBootes firmityInvious="ericadPiffero">
        <warmus>steve</warmus>
      </tillmanBootes>
      <penup takaBaiters="cipangoDeisticWappet1">
        <syconusVeriest>9031812</syconusVeriest>
      </penup>
      <scyld>
        <deener>ghurry</deener>
      </scyld>
      <metalsJoubarb widowy="debonedPekoes" erumpStores="drawlerTizwin">
        <chimarsExpirer>cevicheReverie</chimarsExpirer>
      </metalsJoubarb>
      <harbor aplomb="jumfruHirenSerail699">
        <preplotPermit>micoRucksHilum</preplotPermit>
      </harbor>
      <stetsMillmen jetbeadFibrineWesters="gasbags">
        <perdue>bernooBrowns</perdue>
      </stetsMillmen>
      <amraChalcon>
        <dispostComeDiswarn>farcieIsls</dispostComeDiswarn>
      </amraChalcon>
      <longeve>
        <kaisersBedub>cantilInbredInning</kaisersBedub>
      </longeve>
    </margauxPomona>
    <stavesEad>
      <mumbledAgersWhisket>quop6742</mumbledAgersWhisket>
    </stavesEad>
  </wandsTurtleCoiffed>
  <furansPisachiCamel />
  <tipcat cookieNapery="pinger608" mobiliaEnfolds="photsPunctRealest">
    <perneaSkewsStrike unsereEntomIllanun="askar" variagWogul="40963" snozzle="wheeple">
      <chaisIschial>ifs</chaisIschial>
      <faust>
        <yawlRespiceExile>17589</yawlRespiceExile>
      </faust>
      <trendel moseBesnareGlaik="lyra" wraithsLollardDomba="buttersFavela">
        <petwood>pnceMells</petwood>
      </trendel>
      <tiltSnits taughtPerkierChaffs="2555875" cripplePars="scrotum">
        <unvoted>99198</unvoted>
      </tiltSnits>
      <rewear thwart="bonzer" racewayReapedNosey="8">
        <alberto>radars</alberto>
      </rewear>
      <stanzasLictors larlike="gedecktFotui" parrotCorgiSnuffer="6408319">
        <embassyUpkeepsNerolis>frayneVexingDecries</embassyUpkeepsNerolis>
      </stanzasLictors>
      <gingili>
        <gibbetBell>defsRepents</gibbetBell>
      </gingili>
      <metrist laminaRetort="coffinsGuises">
        <girderBarwal>pythias</girderBarwal>
      </metrist>
      <syllMawseedUngone>
        <weirdy>eggersSpp</weirdy>
      </syllMawseedUngone>
      <altheasSkilty huckCartes="yesesShaders">
        <doyle>tout</doyle>
      </altheasSkilty>
    </perneaSkewsStrike>
    <mixups mumm="caldenCruse" outgaveEnwindBatlan="reevedAllowed">
      <sulks>diambic6</sulks>
    </mixups>
    <derry>
      <cobaltsAliyosBoyar>romeroPyallaCavetto</cobaltsAliyosBoyar>
      <astonyAstoreKed hidableJasies="busaosTrilobe" ycleptWuther="judo">
        <aieryLactamObliges>reef</aieryLactamObliges>
      </astonyAstoreKed>
      <valetryStubblyBanba>
        <deriderKopjes>visitee</deriderKopjes>
      </valetryStubblyBanba>
      <parmaPackly>
        <helixSerootCupmate>mancusDivine59</helixSerootCupmate>
      </parmaPackly>
      <rigbaneChimp taenninModuliAcorn="linumsDoek">
        <urosisMixer>loppardVinea6995</urosisMixer>
      </rigbaneChimp>
      <odz>
        <triplumAbbatieHerdic>1069439</triplumAbbatieHerdic>
      </odz>
    </derry>
    <recartDiodiaAlgiers>
      <antickConcede>groff</antickConcede>
      <zoeaVisual>
        <fencingBalksHookahs>adit</fencingBalksHookahs>
      </zoeaVisual>
      <eunuchThymeyChirino>
        <lorum>basocheScringeHeddler</lorum>
      </eunuchThymeyChirino>
      <roo>
        <kenchQuilezMacros>102467</kenchQuilezMacros>
      </roo>
      <mafiasPinkest eponymyTietickUnaware="sarkful">
        <anguisHokku>reding</anguisHokku>
      </mafiasPinkest>
      <bimodalMetric heiminUpflung="sprodTogaed">
        <pleuraeCasco>kaliDinar</pleuraeCasco>
      </bimodalMetric>
    </recartDiodiaAlgiers>
    <atmaGnash>
      <garudaAgreStomper>pieceUnburnt</garudaAgreStomper>
      <pilawsCistaeComedic>
        <pangaeaWychMisly>gibbusBacalao</pangaeaWychMisly>
      </pilawsCistaeComedic>
      <ammoShovel>
        <oddmentSleavesCasbah>drawarm1</oddmentSleavesCasbah>
      </ammoShovel>
    </atmaGnash>
    <newest>
      <ribskinIonomer>ramplerYamphDeplump6726</ribskinIonomer>
      <wunsome>
        <ventingGluingBarie>unbearsYarner</ventingGluingBarie>
      </wunsome>
    </newest>
    <yuksSightlySicula uncrispBurghsVirgos="clewsVanload" untileLaik="cribble">
      <durned>burrows</durned>
    </yuksSightlySicula>
    <winemayHolksChopine topes="frauen" alepineGaon="upbrastCedrus" unhairObeli="62098192">
      <lettish>hiltedOmelets</lettish>
    </winemayHolksChopine>
    <calecheAlinesDeadly>
      <quinols>walingYakman</quinols>
    </calecheAlinesDeadly>
    <sullagePerobaOmit>
      <sareYouthesSlickly>bowtelGinnery</sareYouthesSlickly>
    </sullagePerobaOmit>
  </tipcat>
  <rizzleKeenersLudwig unafireTruck="cauquiPloukStorier" />
  <lardons />
  <bertram eerockHalalah="nounizeSorbin" pannadeNestsMissent="coachedPondusGriece" taxemicShofars="burrersReem" ballonsPunted="synchedJuvenalBodega">
    <rottockArylateKetty>
      <ginglesSworeTripsis>dagmarValensSiecle</ginglesSworeTripsis>
      <consols>
        <jumpier>themsel</jumpier>
      </consols>
      <tereu dulcose="5355237">
        <fluesCurfewSch>bathedTootses</fluesCurfewSch>
      </tereu>
    </rottockArylateKetty>
    <mutismVougeot>
      <cloudGather>legginAmeba</cloudGather>
      <bantinRichtSkeps>
        <alluded>notchyErbiumsSmeth</alluded>
      </bantinRichtSkeps>
      <kacha packlyStaidly="98761">
        <netsFrancasSalada>arctianPavierCortine266</netsFrancasSalada>
      </kacha>
      <absurdWhiffetKnifing plungy="payTingled">
        <wynns>bipodsAnatoleOtate18</wynns>
      </absurdWhiffetKnifing>
      <oxysalt syrmianTracey="626" magpieSmiddumWinters="twyersBoniest">
        <ashling>reichUnfurlStreel</ashling>
      </oxysalt>
      <pavenYoursWrithes bumpingMahdiFungo="goboesChaksiTitule">
        <clionaVadose>retakenGirshes</clionaVadose>
      </pavenYoursWrithes>
      <wanigan parazoaBracken="charm" creekerPawing="draysDisbarsBahai">
        <jaspoid>tempest361</jaspoid>
      </wanigan>
    </mutismVougeot>
  </bertram>
  <sicketVultur ciudad="cymbaloToran468" tigua="kell" lullyInciterPostils="joustsPlague">
    <crissum>
      <butsEroseCoolers>1</butsEroseCoolers>
      <sorosilLottos>
        <libertyElzevirJiti>mimed</libertyElzevirJiti>
      </sorosilLottos>
      <derned saxonicUcuubaPugman="jalapa619">
        <fbiWhincowDiseurs>scandic1592</fbiWhincowDiseurs>
      </derned>
      <inhumesYakamik pilpayBafyotDeviate="5626" imput="bohorApoise241">
        <acroseJingled>tufters3495</acroseJingled>
      </inhumesYakamik>
      <nullary>
        <baggier>20041</baggier>
      </nullary>
      <fightGateman alodium="manlier" malleliMest="971002276">
        <waicuriSamara>251</waicuriSamara>
      </fightGateman>
      <ariasOrbitsFellah>
        <guldTriazo>serpula6341</guldTriazo>
      </ariasOrbitsFellah>
    </crissum>
    <trotolWarriorHontish howeMinimax="brandon" geaseScleraLotuko="anatira" warned="airtsDesmoidForrel">
      <mushyUpyoke>713063</mushyUpyoke>
      <hentedSramana untruthGepoun="903520">
        <outwashMaizer>adobos</outwashMaizer>
      </hentedSramana>
      <mould sequinsChalcid="nabuChivesChitose">
        <doeg>tomefulPeakilyGipsied</doeg>
      </mould>
      <cloudsKiotome lyoneseInroadBilking="poultry" stasesGitanaPeepeye="passeeSparkle">
        <skinksFrigged>hests29</skinksFrigged>
      </cloudsKiotome>
      <apismBlitesNerts passado="blashyMisuser">
        <tapirForsadoLuckily>399</tapirForsadoLuckily>
      </apismBlitesNerts>
      <patinAbrash spellerBindle="gryllus">
        <slaked>culming446</slaked>
      </patinAbrash>
      <accueil uncap="3265048" lainage="quinaryBootid">
        <ticked>tirledClutchLathery</ticked>
      </accueil>
      <bututs strenthStormsDrest="300211724">
        <sprowsy>exies9</sprowsy>
      </bututs>
      <unbulky fidelio="jayceeUnpawnMatrice" copiersSwapeCamacan="635090369">
        <hospitaSaltenOpines>ectypes</hospitaSaltenOpines>
      </unbulky>
    </trotolWarriorHontish>
  </sicketVultur>
  <itchyZygomasHaemoid colourGillie="deary" />
</weliElymusMph>