<?xml version="1.0"?>
<nareshTunably>
  <regalty>
    <redebit>
      <miswendChinedDollied>ghain62</miswendChinedDollied>
    </redebit>
    <crotonPiddles>
      <safawidErsesArtful>scalfTcheNounal</safawidErsesArtful>
      <amateLongful undupedRegionsJument="plagal" nonstop="8">
        <patchyAeriesDorje>fixator</patchyAeriesDorje>
      </amateLongful>
      <floroonWharfsChamp natale="nonasScooperCacam" fund="8558">
        <alogia>surphulMallsUltima</alogia>
      </floroonWharfsChamp>
      <fren>
        <pendule>mappistHadjemi</pendule>
      </fren>
      <retards foggingBlankerDirian="affretMalitia89" clipsDhobiDawish="kempts">
        <himaPuled>muttsDhoby</himaPuled>
      </retards>
      <kipage evelineAlleyAquabib="hummer4" subpart="enseamBadaxeTincal40">
        <chiggaAlgy>8</chiggaAlgy>
      </kipage>
      <weanieHalenia godlet="bumOrellin">
        <guttideShorerJaunts>triplexBoud</guttideShorerJaunts>
      </weanieHalenia>
      <unnoseRomney minter="potoroo">
        <pisachaEcdemic>hyahyaTidbitsGimble</pisachaEcdemic>
      </unnoseRomney>
      <aminesBatfowl oxysalt="mythoiBenison" zocaloSoogeed="1">
        <jowlyMenacedOuttrot>areasAllyingFiche</jowlyMenacedOuttrot>
      </aminesBatfowl>
      <lemmonCoolies noonlitBleeped="9295897" reflectJabbedBrev="amyl2898">
        <pliGhbor>31019</pliGhbor>
      </lemmonCoolies>
    </crotonPiddles>
    <ardeaRobbed>
      <vanload>apachePlunk</vanload>
      <juraneElatesBrat>
        <demotTossilyPalame>tannylJetFifthly</demotTossilyPalame>
      </juraneElatesBrat>
      <probeNixDibatis emusMuzhikHenge="shivvyAkreMarked12">
        <acajouLariid>berinseTophSwipy</acajouLariid>
      </probeNixDibatis>
      <almuceTulisan>
        <lissomeBawdry>gauLeaches</lissomeBawdry>
      </almuceTulisan>
      <stacte>
        <gestantFloaterSwelth>43387389</gestantFloaterSwelth>
      </stacte>
      <trainyAhurewa>
        <trinodeFoddaIshmael>apyreneErma</trinodeFoddaIshmael>
      </trainyAhurewa>
      <siloAssumerEskuara>
        <bedip>ripierTurnwayFotched</bedip>
      </siloAssumerEskuara>
      <doddieQuinteMuskone syllis="kalwarMongoes">
        <gulfierImpunePuddles>wringleTalaoGetter</gulfierImpunePuddles>
      </doddieQuinteMuskone>
    </ardeaRobbed>
    <motetusSpavine jinjaIuusPrie="twangedGreeBanco" coshersWeem="uptoreFameuse" fumid="ccoyaWystyTailor2040">
      <dogtieSynapseFixure>2</dogtieSynapseFixure>
    </motetusSpavine>
    <beakThatchJazzist>
      <gerberaAffy>adightGeminal</gerberaAffy>
    </beakThatchJazzist>
    <pyxidesKelia>
      <jefe>fumadosNavars46</jefe>
      <sarodIngots lotasScob="storaxEnema" morwFinlike="ropingHersErbiums">
        <cuittle>wariest</cuittle>
      </sarodIngots>
    </pyxidesKelia>
    <yipsOuttake mandoerCraniol="melder" sacreDietistCasey="spitz" alack="megboteXeriff">
      <deraysPmk>maidaProbed6</deraysPmk>
    </yipsOuttake>
    <coldish>
      <ovant>604033</ovant>
      <treefulGustedOxter bawlerSeeking="murrina">
        <throwsBututsKeymove>lokaoWyeUpbeat</throwsBututsKeymove>
      </treefulGustedOxter>
      <shoedBeing bookishDreksAbrico="little" anconaAbadiaPellets="colius">
        <gemuti>densusUnladesDeftest</gemuti>
      </shoedBeing>
      <squeamCockly feeblerSmaltsNacry="marlerRuller">
        <paquetBehaverEncurl>vervainFibra841</paquetBehaverEncurl>
      </squeamCockly>
      <coctileSewingDashpot bematTalaria="scyphus" troopsRetriesBaronne="ziharRelying">
        <healing>blemishHumpty</healing>
      </coctileSewingDashpot>
      <cabreHindooCuprum>
        <pagurid>fracheDwaiblyMugget</pagurid>
      </cabreHindooCuprum>
      <ursae muffet="simmerIsnt" formity="metonymPanfilFluxion1">
        <scrapy>dooliAssheadPercept</scrapy>
      </ursae>
    </coldish>
    <engobe chantyMusselsBun="375498" smellerFidelia="ridleysLeuk">
      <cogniseAlopiasFurzy>hilding8</cogniseAlopiasFurzy>
    </engobe>
  </regalty>
  <rebuyGharriGongman>
    <symptomTallow>
      <shockedPehoPouce>exodistChicago</shockedPehoPouce>
      <cheviedEileenFlowing akelaAlnoiteCwrite="traistCasques">
        <nervous>drouthyRemetalChirper</nervous>
      </cheviedEileenFlowing>
    </symptomTallow>
    <timidBoortNutters>
      <ridingScissorStaynil>538337</ridingScissorStaynil>
      <podicesPapery>
        <peisageAceite>etatist</peisageAceite>
      </podicesPapery>
      <ectirisTiffing webbingDauniiStirra="secular">
        <eskuaraConfr>japed</eskuaraConfr>
      </ectirisTiffing>
      <mocoGeePourers>
        <belierMaremme>603</belierMaremme>
      </mocoGeePourers>
      <payaguaRelive nachaniGait="69189">
        <helvedSlifter>korinTibbu6387</helvedSlifter>
      </payaguaRelive>
      <tunniesCozenedCutouts stylineCommend="yemenicHarten">
        <acicula>26584</acicula>
      </tunniesCozenedCutouts>
    </timidBoortNutters>
    <pichNth>
      <spyboatEditsFutures>corcir</spyboatEditsFutures>
    </pichNth>
    <votableSkinker voguePolian="stenosSoggily903" stavesHazier="museful5416">
      <caracalDownsTuneups>terai4211</caracalDownsTuneups>
    </votableSkinker>
    <lecticaCytulae>
      <majestaSwileQuip>715550</majestaSwileQuip>
    </lecticaCytulae>
    <lindseyHaulmy>
      <pensUpsetCoring>5622529</pensUpsetCoring>
    </lindseyHaulmy>
    <mycosinHawkins>
      <lawsBrothel>817163959</lawsBrothel>
    </mycosinHawkins>
    <bramiaBeleve>
      <muroid>cueing</muroid>
    </bramiaBeleve>
  </rebuyGharriGongman>
  <swankey hopbush="oncosesFloats" piazzaVexWorlded="sogerSpiceryConnate">
    <gatemenCurchyTula kinetin="ramrods708" maladeIranFunnel="judgedRetiedGraping" koombarFaverelOuttalk="churnsPentyne">
      <sarodsBelive>looter</sarodsBelive>
    </gatemenCurchyTula>
    <tamestPaucalAmma compo="308">
      <murlock>hagworm</murlock>
    </tamestPaucalAmma>
    <unusageCuberaHalter>
      <cayosMoonmanUnsunny>8774</cayosMoonmanUnsunny>
    </unusageCuberaHalter>
    <tintyArmfulDaubes>
      <ormazd>nagnag693</ormazd>
    </tintyArmfulDaubes>
    <rechartTieboy arageDiffShravey="glassy">
      <dithers>cymblinJungled</dithers>
    </rechartTieboy>
    <sthenicMannas hectyliScaletJewish="56" origamiChinafy="bezilsGrocers">
      <cretionKerbedBrogues>nawabs</cretionKerbedBrogues>
    </sthenicMannas>
    <otyak>
      <pastoseAxseedRiped>keylockGemmierLisette</pastoseAxseedRiped>
    </otyak>
    <edmond letchyNewsful="pleonicPlushes" rudista="boasWintle" bragiJupardUnsalty="561867925">
      <astacus>133768993</astacus>
    </edmond>
    <rhesisTedaBodword>
      <desrayLoryDevoted>10</desrayLoryDevoted>
    </rhesisTedaBodword>
  </swankey>
  <bauckieOutcure alima="slubber">
    <canchiNidgetPostbag>
      <remixLibbardLienor>659224815</remixLibbardLienor>
    </canchiNidgetPostbag>
    <durraGlaivedDiscide>
      <ushas>mosettePoverty</ushas>
      <notched>
        <portentQuoitedPlunged>howdiesWindlesAdtevac</portentQuoitedPlunged>
      </notched>
      <fluidic outformScrauchAetat="goesPredeny56" bowersCohog="ruesomeRoseineSheolic">
        <unshadeTunker>slothsCachingVanmost</unshadeTunker>
      </fluidic>
      <snickerSimbaCawny jager="yawnups5105">
        <faculaHalve>481080</faculaHalve>
      </snickerSimbaCawny>
      <rumboMahat packetGaggler="almagraPaisanEmbank">
        <lowlandMonism>wardsSclateTarea4939</lowlandMonism>
      </rumboMahat>
      <miskeptAnomia>
        <fetial>upeyganTaillie</fetial>
      </miskeptAnomia>
      <trisalt whareUpwound="tronerSlink">
        <preveneAnethol>gaonHylicPyrenic</preveneAnethol>
      </trisalt>
      <rclame>
        <smallerScrapedDuhat>arriverBabusFustee</smallerScrapedDuhat>
      </rclame>
      <swaggyEvitedFolly>
        <sparestXeresOodles>toluylsKneaded</sparestXeresOodles>
      </swaggyEvitedFolly>
    </durraGlaivedDiscide>
    <ebcd>
      <coffled>discumbAgraria</coffled>
      <phacoidHayforkBandie kasherWefted="focusesCobbing">
        <passway>26548</passway>
      </phacoidHayforkBandie>
      <shwebo>
        <cruorinNeger>540</cruorinNeger>
      </shwebo>
    </ebcd>
    <buccoSelfism founder="creepsCrasherAdmirer" riddenFieldsChancre="scopeJiao" gunrackBeheiraInlaces="firkinHutting28">
      <wistlyEval>946470</wistlyEval>
      <gurkhaBoundlyEtchant sidi="backlitGalyakSwipy" hirselGoaf="37347">
        <tiradesPuerman>loboloLangsatMandats</tiradesPuerman>
      </gurkhaBoundlyEtchant>
      <urealChigoesOllamh>
        <flisk>placode61</flisk>
      </urealChigoesOllamh>
    </buccoSelfism>
    <schizHanifQueechy>
      <pavadeArguses>3220</pavadeArguses>
      <flicsLarkedDodges zenaida="footsyFaffle">
        <daresayDiasene>nomosConure</daresayDiasene>
      </flicsLarkedDodges>
      <utahansAghaDespoil>
        <pelopidMeikles>asself</pelopidMeikles>
      </utahansAghaDespoil>
    </schizHanifQueechy>
    <rodmenToea rfsCheeked="6">
      <glossasUptilt>borerPimpedBearer</glossasUptilt>
      <yuckleHatboxOconnor ireneGrece="ganges" unlimpNilghau="13">
        <jumbalsCaproin>foulage</jumbalsCaproin>
      </yuckleHatboxOconnor>
      <ywcaPoppinVirtuti milchedPusherArenoid="ostialCations">
        <zippers>coempt</zippers>
      </ywcaPoppinVirtuti>
      <garlionKhanate cineneNyala="bayboltAcnida" klanismScanicZophori="foliarThyrsi6148">
        <buxeousCippusOleums>87584</buxeousCippusOleums>
      </garlionKhanate>
    </rodmenToea>
    <placeanReefing>
      <loungeVidkid>497394</loungeVidkid>
      <tutties plumuleMudweed="tambacInsorb803">
        <solutus>tarweedOolakan7</solutus>
      </tutties>
      <bultell kaberu="weftageZoccolo">
        <terefahGeinSmidgen>utopistDarer</terefahGeinSmidgen>
      </bultell>
      <playsOurangsFundus eddaCanditeNebbed="oversetMitch">
        <feriasOvalish>piete</feriasOvalish>
      </playsOurangsFundus>
      <mikieInurned atelesPenlikeChabuk="thuocBoxersGowked">
        <sniggerRigRheidae>gramperHiera</sniggerRigRheidae>
      </mikieInurned>
      <molaveGarnetzAghanee ungridThinner="waffledTilts7981" lassUnbasedBuxus="20035">
        <reinfer>innateDjaveMerv</reinfer>
      </molaveGarnetzAghanee>
      <untoneMoror forking="lucidaeEuboic">
        <qiviut>larigoCider</qiviut>
      </untoneMoror>
      <coquito woibe="jamnut" chromesWalloonWishmay="voeGalcha">
        <egrid>pelerinDrestTiller</egrid>
      </coquito>
      <godlingHypuralShields unsoot="sorestPhoebus1731">
        <mashruNoahicIrenic>ferfel</mashruNoahicIrenic>
      </godlingHypuralShields>
      <saltersCressy saucers="acetine" myoticsObeish="haje5267">
        <brineMend>sabbed</brineMend>
      </saltersCressy>
    </placeanReefing>
  </bauckieOutcure>
  <outspan admiredAriadneSolfge="poalikeRanalPupulo">
    <topless>
      <batmenPhotoedBorate>ragshagFlary</batmenPhotoedBorate>
      <uniceDawpate>
        <unold>officio152</unold>
      </uniceDawpate>
      <accruedGoa sockmenResay="avulseAnlagen319" restudyUnrope="wainman">
        <humpies>trabuco</humpies>
      </accruedGoa>
      <nurl russeneNoilage="raiae">
        <amatito>1191</amatito>
      </nurl>
      <blaasop poutyCongree="uppard" chicoteDiopsis="creelMelodiaWidower">
        <pratty>courseyBedrockScreed</pratty>
      </blaasop>
      <guffinCurtlax>
        <papsDuskily>serphid3110</papsDuskily>
      </guffinCurtlax>
    </topless>
    <legendsLimpsyAppay>
      <watchedRubus>92086</watchedRubus>
    </legendsLimpsyAppay>
    <monacid napererFoursPoecile="bankeraCentareGowds" narthexEsloign="aversDubash3" avarsGooma="geniusScouthsShists">
      <neatenTailory>lucre</neatenTailory>
      <pesosWelsTeadish fizzLairdly="kloofQuartesRoding">
        <lushai>shehita</lushai>
      </pesosWelsTeadish>
      <fender>
        <farsetWanrest>veristFluorinCopyism13</farsetWanrest>
      </fender>
      <acrasiaEncrown stubbedHodShallal="englueXylosid" arkosePyxes="3">
        <limba>binfulPiratic</limba>
      </acrasiaEncrown>
    </monacid>
  </outspan>
  <persico ascryUnbaleJainist="bigbury9" />
  <egards />
</nareshTunably>