<?xml version="1.0"?>
<buddiesMakarMandat>
  <miffOrmolus>
    <dentinePrior>
      <ramentSperms>valses4042</ramentSperms>
    </dentinePrior>
    <caplinJuleps>
      <auriga>floozy</auriga>
      <adorant kyrieZati="radarsHeartedBurrish">
        <erfWealfulEthmose>canstDynes</erfWealfulEthmose>
      </adorant>
      <elaineMonkish>
        <vins>univiedSewersGrueled658</vins>
      </elaineMonkish>
      <rathed>
        <bapVildly>cratingRustful</bapVildly>
      </rathed>
      <irreal>
        <senufoInsideCabrito>upsringFeignedSulu</senufoInsideCabrito>
      </irreal>
      <coeditsCorneas>
        <pallall>bigatePolypus</pallall>
      </coeditsCorneas>
      <empairUngamy pikelet="52288281">
        <althaeaPiazinShekel>54</althaeaPiazinShekel>
      </empairUngamy>
      <praamProrsaCayugas amasta="ouabainYangtzeFlicked">
        <blowse>11906</blowse>
      </praamProrsaCayugas>
      <relaces>
        <depeche>machin</depeche>
      </relaces>
      <fidelesBumbled>
        <woolsey>limbersRedefy</woolsey>
      </fidelesBumbled>
    </caplinJuleps>
    <always>
      <pavanne>floodsRestaurSienese28</pavanne>
    </always>
    <sextarGenappArcheal camberNonagonSwarfs="dital" bebloom="toadied" cnidaeJuviteLimner="64191">
      <beclipBaritePled>turfierBalt</beclipBaritePled>
    </sextarGenappArcheal>
    <looplet scalz="pollack" diauli="skunkyGaloots">
      <erseCarraraNumine>80</erseCarraraNumine>
      <driddle>
        <unstoutPeepersAhaunch>viewlyZaramo</unstoutPeepersAhaunch>
      </driddle>
      <seaweedHurlyOzaena>
        <euouaeFlaff>cimline</euouaeFlaff>
      </seaweedHurlyOzaena>
      <yellochMyosins>
        <kifShegets>finialsRitaSaharan</kifShegets>
      </yellochMyosins>
      <byspellOrestesTopo happen="brattyDysuric">
        <farcieQuibletDecal>bowel381</farcieQuibletDecal>
      </byspellOrestesTopo>
    </looplet>
    <circlet amarna="harsher" cowerGlasserNotated="bedrugDefend" telemanFurzedScanian="agamianBabbles">
      <neeborSamsonSuricat>268</neeborSamsonSuricat>
      <orfMackinsPugging>
        <baddy>taintTideripNots6</baddy>
      </orfMackinsPugging>
      <scampiTowsyEgalite>
        <brittle>32</brittle>
      </scampiTowsyEgalite>
      <obolet>
        <urnlikeEpicDeal>3717</urnlikeEpicDeal>
      </obolet>
      <agentsLuging batonMaxixeTravale="rastlePams">
        <breadthRanked>191568</breadthRanked>
      </agentsLuging>
      <shaigia baht="tewTumli" petArboursTarocco="schema">
        <pressieTelly>goujonsUnipodEvert</pressieTelly>
      </shaigia>
    </circlet>
    <gingiliUnbank>
      <skidway>perdie53</skidway>
    </gingiliUnbank>
    <rides countys="maraeDashelNetts" echingMalaciaFremd="begluc">
      <thinBagnut>postilsMinicamPaca</thinBagnut>
    </rides>
    <ensnarl>
      <owen>untyingGoon654</owen>
      <kris>
        <roberts>prebakeStorer</roberts>
      </kris>
      <poromasSawanZen odiums="fucksStraticBracers" artwareUnwovenEngild="biogenWaltzes">
        <uprootQuorumBixin>dynamoRems</uprootQuorumBixin>
      </poromasSawanZen>
      <jelliedKenner maddersCossidDisomus="sosia">
        <yodelGeelbec>cooties</yodelGeelbec>
      </jelliedKenner>
    </ensnarl>
    <drammerLeashed pulikSortlyEntotic="impetusPumpmen" drailedHershipCaveman="daidlie2" neology="41121">
      <septs>389734</septs>
    </drammerLeashed>
    <tannaimPensilsApoda>
      <tareDegermScylla>reclimb</tareDegermScylla>
      <vanward alright="synodalMhos" vareuse="resshotYappers">
        <oiiTangie>covingClowned</oiiTangie>
      </vanward>
    </tannaimPensilsApoda>
    <clinkTucumanCoir hamelia="sekere" entomPrigged="dellaUniola">
      <oogoniaPiottyChoroid>ekingWittolHoldup</oogoniaPiottyChoroid>
      <perronsFotherFumet>
        <voyagedAlaskaChaunts>scartRomp</voyagedAlaskaChaunts>
      </perronsFotherFumet>
      <naipkin rebote="fakirPernel">
        <elvan>evadersFilao</elvan>
      </naipkin>
      <sensiveAcanthSice fresserDittoesCetid="readout2" sereins="unreel2343">
        <honans>oozing</honans>
      </sensiveAcanthSice>
      <tanadarReflair hormoneWomaned="blankly" banbury="63">
        <unbaseRua>enfirm</unbaseRua>
      </tanadarReflair>
      <scruffyMestesoTilpah sinjerDevoter="azote">
        <chukkerPumpersDrona>baidak</chukkerPumpersDrona>
      </scruffyMestesoTilpah>
      <everlyNardsBootful squill="baganiFormols" methine="milkmanGofferKusha">
        <debaseCock>slursLeewillBoss</debaseCock>
      </everlyNardsBootful>
      <stowsEggarRoader tarrow="miskeptTapa">
        <paiwari>ronionGemmelCaecity</paiwari>
      </stowsEggarRoader>
      <boutsSiryanJibers routhsDrib="vest" ilysia="8453">
        <turtlerEshinAttame>vicuaByganeEnurny</turtlerEshinAttame>
      </boutsSiryanJibers>
    </clinkTucumanCoir>
    <unjuicy>
      <gibsHaler>compingSpilomaMuguet</gibsHaler>
    </unjuicy>
    <gyms entadByworkCalm="xylinidTaal" plebsExternEelcake="bulkedUncrude" sensingLimoseAreito="almudesFramesAunt">
      <ridgyAgraphaLardons>whiles</ridgyAgraphaLardons>
    </gyms>
  </miffOrmolus>
  <abiosisHond metremeLimeysNacred="facsim">
    <mnium unicingMuriumEngaged="erbium">
      <milpaRumnessOmmiad>peaviesBeeSpurge</milpaRumnessOmmiad>
    </mnium>
    <carlinePaulist>
      <pucheraMonroeFalcula>chaute</pucheraMonroeFalcula>
    </carlinePaulist>
    <oilless>
      <rarefyPhenix>whisksEmbalms</rarefyPhenix>
      <debat schemaBusineCancers="sorgho" ninon="bicepBuildAnlage">
        <meconArgilKyklops>aliener</meconArgilKyklops>
      </debat>
      <goldish jalet="stoverUnselyMagmas88">
        <belled>4</belled>
      </goldish>
      <diesSignateQuaitso phonosBetakeRumor="insee" aurumImmote="leafierAtheneeHersir">
        <burmaTempiMeasly>elusory</burmaTempiMeasly>
      </diesSignateQuaitso>
    </oilless>
    <decurveDrouk glypticJudaicaPirrmaw="choughBelap">
      <debonesLoadsRated>elaidicSamas</debonesLoadsRated>
      <caribe wizardsGamic="fasciaePinardLipped">
        <murrs>fugleEmf</murrs>
      </caribe>
    </decurveDrouk>
    <guerdon>
      <khadis>encomicStomode</khadis>
      <foolerAswell muckerPosthocEducing="tentful" realKiltie="94217015">
        <cheatryPrecoil>cevianGrilly</cheatryPrecoil>
      </foolerAswell>
      <saltatoTote>
        <anurias>flatus</anurias>
      </saltatoTote>
    </guerdon>
    <freudOrlosAminoid>
      <couponsZosma>matroidCoccinCheloid</couponsZosma>
    </freudOrlosAminoid>
    <anoesis>
      <townmanFuckwit>mambas</townmanFuckwit>
      <condyle>
        <pawn>gatedLoftily</pawn>
      </condyle>
      <ecoidTapster>
        <trusserSirrees>diosmaPlayerAstely</trusserSirrees>
      </ecoidTapster>
      <bespete>
        <zincify>cowmenPeyotlsJacu</zincify>
      </bespete>
      <mallingYahunaQuotes theseumLocos="braise">
        <pennied>blebbyStumpyRoom</pennied>
      </mallingYahunaQuotes>
    </anoesis>
    <baronneIphis>
      <finmarkLaccolIsoline>9569</finmarkLaccolIsoline>
      <typps fakofo="goshen" ruffedHurtful="buduma">
        <outbrag>dareallPlaitKniaz1627</outbrag>
      </typps>
      <busyishScapheCleamer xyloma="bickern">
        <talars>69</talars>
      </busyishScapheCleamer>
      <noraKuri>
        <ficary>buckpotDerahCakile</ficary>
      </noraKuri>
      <epizoalMakopa>
        <orad>malmagJouks</orad>
      </epizoalMakopa>
      <diasperAnxiety cassinoFacundBewend="chaumGallify" cathop="vellumsCuddieTruces">
        <feinterDamageMedalet>emraudHebete</feinterDamageMedalet>
      </diasperAnxiety>
      <mordantPerdy wakari="upwring">
        <matadorRepitch>frilalGrinterCatsup60</matadorRepitch>
      </mordantPerdy>
      <joolaParserBoccale sluitTuzlaEmmenia="subpial">
        <phytinQuarion>7</phytinQuarion>
      </joolaParserBoccale>
      <chamiteDroving mortis="astrainOctopi" cursed="torve">
        <kennetAlantsUndies>lithia</kennetAlantsUndies>
      </chamiteDroving>
      <obligee tonemePhosis="255163">
        <oililyRicedJason>22</oililyRicedJason>
      </obligee>
    </baronneIphis>
    <hoops>
      <oudsTamarinTrawls>secparMerlonDural77</oudsTamarinTrawls>
      <ammonalDesaltTelei lauders="anconIxodic11">
        <dockizeVenerisMiracle>doper</dockizeVenerisMiracle>
      </ammonalDesaltTelei>
      <expanseVesteePreses>
        <gooldeBreak>vild558</gooldeBreak>
      </expanseVesteePreses>
    </hoops>
    <tensome foetorDaffle="joustsPomato">
      <agathin>penneyAlemite</agathin>
      <arksLocularDeleble echelon="ducsCledgeKopis4">
        <sylvans>papas</sylvans>
      </arksLocularDeleble>
      <unshoeAdactyl>
        <general>snarerShu664</general>
      </unshoeAdactyl>
      <ryotwar chinar="juger" pawers="sperple">
        <boundsCointerAcouchy>213</boundsCointerAcouchy>
      </ryotwar>
      <stiesOvarinEsprove oneidasKrubuts="pertenUrodelaHoolie206" dannyAmniota="1123">
        <massMalkin>saddleFiggierKiowa8496</massMalkin>
      </stiesOvarinEsprove>
      <halesSinkersCadent>
        <terfez>flacksMusimonAcron</terfez>
      </halesSinkersCadent>
      <faceYeuked collyrTamestSuede="scoriaCaprock344">
        <grigrisInquiryBoles>immaskNimbedFolious</grigrisInquiryBoles>
      </faceYeuked>
      <cupped>
        <hudsonEmbace>whiskedTreey</hudsonEmbace>
      </cupped>
      <wacapouKoelGaunch guidoBulimusCleuch="knackerEvolve">
        <azinesBeneme>corbanCackleThereto9721</azinesBeneme>
      </wacapouKoelGaunch>
    </tensome>
    <doodlesCorries>
      <khutbaBlackit>usanceHorsed</khutbaBlackit>
      <conveyCamata>
        <barokoCarceag>midasSomiticJakes</barokoCarceag>
      </conveyCamata>
      <anhang pivoter="7">
        <yukian>tendronDeturn</yukian>
      </anhang>
      <mutisms hunyakGrieveCaviler="757741" laxestPadesoy="756929728">
        <apothec>scoop</apothec>
      </mutisms>
      <helperManiac drupal="kokiaOnonisAtaxies" juringFlacksTipsier="upbotch">
        <achiraCargosDhangar>pyropen91</achiraCargosDhangar>
      </helperManiac>
      <enwindGulonic choiceTaketh="animus">
        <phylar>kaimo</phylar>
      </enwindGulonic>
    </doodlesCorries>
    <helioAwless>
      <simpled>learyRictalScraped</simpled>
      <flatusTeuton folksay="exsertBetulin" fleysCholane="enticerDauberyPlayoff">
        <sprenge>dotkinSwimsParity</sprenge>
      </flatusTeuton>
    </helioAwless>
    <ominousSheaveRamson>
      <luxesScats>ersar</luxesScats>
    </ominousSheaveRamson>
    <derailLochy>
      <jacksawRepugnPlatea>berriedRallery6715</jacksawRepugnPlatea>
      <spasmsErat dhauri="dahlias">
        <whatnaSoaped>67656</whatnaSoaped>
      </spasmsErat>
      <refrontObjSkalds recoup="porteDhotyReveled">
        <pipageMuktukBawlers>inquiry</pipageMuktukBawlers>
      </refrontObjSkalds>
      <zebusAntisag reefyTrawl="splentsEddaicGrader" reiter="gunfireSeels">
        <impaintHumble>981455536</impaintHumble>
      </zebusAntisag>
      <laputaNosism dawishDealing="zeus">
        <foothotPocoCowlick>sterkHowdieJoeys</foothotPocoCowlick>
      </laputaNosism>
      <quiniteGothaBailies>
        <clavelAnagoge>loopePuffier</clavelAnagoge>
      </quiniteGothaBailies>
      <cutlashHibito>
        <trunkBoozierUnteem>cibol</trunkBoozierUnteem>
      </cutlashHibito>
      <blaredJiggly haptensWeaser="227542">
        <gangsGunnen>nothalCarree</gangsGunnen>
      </blaredJiggly>
    </derailLochy>
  </abiosisHond>
  <ochroidThir>
    <cranMuffing duikerRadiaryAmort="moyenneAdmixtChanoyu" artsGlossy="volpane">
      <boraneLinsang>uncutePogromSumach</boraneLinsang>
    </cranMuffing>
    <lungyisVanmost>
      <thratchPuanSporty>advenePsychonButtock</thratchPuanSporty>
      <smeeWorsens>
        <concaveBefogsReglued>9315</concaveBefogsReglued>
      </smeeWorsens>
      <mismoshAmadisFulfill dealsSangei="6435365" orewoodCrecheOriency="zilpahCirquesAgent">
        <allyingLossTickie>outflow619</allyingLossTickie>
      </mismoshAmadisFulfill>
    </lungyisVanmost>
    <shags>
      <fries>hankerHawkerySultry</fries>
    </shags>
    <grunt hyperonZenanaCatapan="8811753" negoceLabsTrinary="lipopodSulfite" griding="corvLavedPsyched">
      <beautsFloat>skelJubbeAtabek83</beautsFloat>
    </grunt>
    <farcialAcanth>
      <defalk>108152</defalk>
      <toletan panier="rasgadoDefalk" reyokeUngill="gypping">
        <damping>ariosos</damping>
      </toletan>
      <lessenPilleusWaggled bowssenEquerryAbandum="boserDearsSubact" poshlyLooted="licetPazareeCaplets">
        <pouted>9341</pouted>
      </lessenPilleusWaggled>
      <typierBedgoer lairman="wakaWansomeLisiere" laugh="dhawLurcher">
        <heaveDoweredSmitch>alecupGelatin1561</heaveDoweredSmitch>
      </typierBedgoer>
    </farcialAcanth>
    <duperyUnstorePiously>
      <varierGrosses>poterAglareMilsey</varierGrosses>
      <exodermNodical pintoSamianCamois="staminaCaramel2235">
        <stungPresell>469781166</stungPresell>
      </exodermNodical>
      <analityMale acroticDenterUnbase="man" coriausMumbled="5">
        <musumeeJowler>dewoolScaul</musumeeJowler>
      </analityMale>
      <nudate goldinScotchAbrader="doatyDadeSuddens">
        <buttalSavable>41288</buttalSavable>
      </nudate>
      <exited muffingRebring="5">
        <tinderCurlierSeptet>22637</tinderCurlierSeptet>
      </exited>
      <cedarYohimbe>
        <couloirAmmaBlame>cateGed</couloirAmmaBlame>
      </cedarYohimbe>
      <brokeryHearst tahonaChloralCasques="paringsScan" jibbSepium="rewroteEmanant">
        <tagulaPopeyesStarver>iswara</tagulaPopeyesStarver>
      </brokeryHearst>
    </duperyUnstorePiously>
    <ratal>
      <aspout>podeon</aspout>
      <tauStaring licitFreeze="kitingCathariBandits" shoepacProbes="humetty">
        <tellsRametTurfen>humpsShudder</tellsRametTurfen>
      </tauStaring>
      <begodGyro suffer="quinua96" residsHarpedFlunk="19446020">
        <wyneNoddled>8901995</wyneNoddled>
      </begodGyro>
      <lansingFubbedUtopism>
        <tarsiEthide>lazuleSorex</tarsiEthide>
      </lansingFubbedUtopism>
      <faradayGarment>
        <pippingZoris>985776732</pippingZoris>
      </faradayGarment>
      <tannyPnxt heatingDuos="vulgusIckers">
        <haorisOuting>1038</haorisOuting>
      </tannyPnxt>
      <woodboxHarminEnlight beknaveChaguarKnucks="coypouMaga">
        <maggotMellite>melledKedarGiga</maggotMellite>
      </woodboxHarminEnlight>
      <pander>
        <zeekoe>658</zeekoe>
      </pander>
    </ratal>
    <exitsEscudos>
      <cucujid>raughtySindrySox</cucujid>
      <zooMysisPompano molmenLunts="dakotaTorve">
        <pagansBilks>67</pagansBilks>
      </zooMysisPompano>
      <aspic excisedSpried="mystics">
        <abusee>ourselfZibethPraecox</abusee>
      </aspic>
      <oncomeSubtleShorn rubaboo="deepestAlkoxid" isocratBronxEmirs="panditaFrontadGobo">
        <logie>tournKonakUppard67</logie>
      </oncomeSubtleShorn>
      <hawsersArctics isobarBharaElogium="eelierBurets" postinSonhoodChested="infloodGeodal">
        <artie>28905360</artie>
      </hawsersArctics>
      <inhellPhyla>
        <marriedTurcizeEelpout>unslipBahimaTarbet6948</marriedTurcizeEelpout>
      </inhellPhyla>
      <coppedTorsoes>
        <lockrumKarchSwash>edgeRulableCrummie</lockrumKarchSwash>
      </coppedTorsoes>
      <kibeParkasClasps costae="flayed" wannishGrasped="105538333">
        <biontPappierWale>gaulishMooed</biontPappierWale>
      </kibeParkasClasps>
      <frory marchet="1074720" swissesSunsmit="flyThemsel30">
        <dekedMisdaubMigs>458124685</dekedMisdaubMigs>
      </frory>
      <vulturnSpinodePinnae allan="setnessCowererClaxons" plexusUnzoneForkier="olivierCrit40">
        <brava>cangleSynuraBadian</brava>
      </vulturnSpinodePinnae>
    </exitsEscudos>
    <soundsGirr>
      <rublisOnefoldHureek>ssedDualaJink</rublisOnefoldHureek>
    </soundsGirr>
  </ochroidThir>
  <belamLenape shootsFluxAnonyma="pawawMeeten" fibbed="creamerJudderAmidin7683" tawery="glaiks">
    <faitsKnappedIsinai bestuurSixmoKetubah="ravesCoccyxEndaze" graphis="askesesZequin5505" splungeBungingYoven="avdpClastHyenoid">
      <diwata>2</diwata>
      <mignon robe="phrased" apohyal="deploysAivrVerey">
        <slut>lynchesAndineBudging1</slut>
      </mignon>
      <drugChivage grazersTuneful="8700237">
        <calicheSarcineFretum>caretMatieCryste</calicheSarcineFretum>
      </drugChivage>
      <prichTrudgen cloursPawnor="begulfsReplial" baiting="lastedHolds">
        <chasmDuotype>933</chasmDuotype>
      </prichTrudgen>
      <ionium wienies="punicinWaviesGimpy">
        <comptieFullyYamuns>discuteMucaro</comptieFullyYamuns>
      </ionium>
      <louringVeritas>
        <rhumbas>brule163</rhumbas>
      </louringVeritas>
      <krautWounded bummed="purerTumain3">
        <ulpanimButtingConfine>deportDecan56</ulpanimButtingConfine>
      </krautWounded>
      <macoSramana>
        <tailyeShlocksRemail>deripiaTeachesGaudful</tailyeShlocksRemail>
      </macoSramana>
    </faitsKnappedIsinai>
  </belamLenape>
  <crowJoist />
  <trollerIraqian girdingHolcus="banjaraAcronyc" bahoo="tarchonSedang" ait="ganoidsTerser">
    <burgau vogtKistTreitre="freshenAquilon" nucinDexCzardom="foulsPanamasCollada">
      <crapy>solanoScraberBoor</crapy>
      <kirtled wacago="303">
        <syagushHoney>offereeGasps</syagushHoney>
      </kirtled>
      <polygar plantedChirrs="142353" brashKoumisZebrule="flaxenParamos">
        <closkyDjehadTizzies>pilausBinit</closkyDjehadTizzies>
      </polygar>
      <mamoGuiltyVend tuareg="curl26">
        <hackeesCaveaMetates>goback2773</hackeesCaveaMetates>
      </mamoGuiltyVend>
      <quiaTjandiGuesser>
        <loller>2762</loller>
      </quiaTjandiGuesser>
      <clintonPig nereidQuinasElmwood="1263" aviculaGlibber="rewriteIntends1295">
        <lungerBlaoner>bustledChromylTurves</lungerBlaoner>
      </clintonPig>
    </burgau>
    <boomers froggerEncysts="biersHuzzas">
      <jecorinBizesDapson>passee</jecorinBizesDapson>
      <tunka>
        <muguetAttunesMage>dossy455</muguetAttunesMage>
      </tunka>
      <miscallSapidGivens>
        <haster>viewedAiring6</haster>
      </miscallSapidGivens>
      <shemaalRageeGrates pudsy="cannot">
        <baying>6</baying>
      </shemaalRageeGrates>
    </boomers>
    <frogmanCrimbleSellers gedrite="wallopHorner36">
      <cohunes>marking</cohunes>
      <sundryPoissonActress dcb="taiyalEnviersBeamers" sperage="119966">
        <rondel>essangQuorumGlyphs</rondel>
      </sundryPoissonActress>
      <linkman sighers="uhlan" subetUkiyoe="umberty">
        <culpritGeorgeBingeys>187992518</culpritGeorgeBingeys>
      </linkman>
      <mavin wenchowOcque="flurtIfrit">
        <conifer>zonitid905</conifer>
      </mavin>
      <lectorsEarnest airedSalpsScolder="18" arsheenStowClawk="focallyGussiesReperk">
        <amityGetahGlink>batonga</amityGetahGlink>
      </lectorsEarnest>
      <coliticHonking>
        <acerval>steeperHidesBellic</acerval>
      </coliticHonking>
    </frogmanCrimbleSellers>
    <meatAstacus>
      <bacchiiBield>bumkinBluetop</bacchiiBield>
      <gorling smutterMpg="dangedBoatman">
        <bestink>rajasic</bestink>
      </gorling>
      <encurl stifeTamal="gyrosyn9057">
        <advices>ammeos</advices>
      </encurl>
      <jugulumInkishIliadic>
        <mixtureMotaAbdal>239725271</mixtureMotaAbdal>
      </jugulumInkishIliadic>
      <seelyJamshidBeparch achHingingLegumes="curlews" dawRanulasLeng="oncost3">
        <refrontWhareUsh>gobonyFunkingCarbons</refrontWhareUsh>
      </seelyJamshidBeparch>
      <alkanna>
        <bagoboTrothSpikily>307057015</bagoboTrothSpikily>
      </alkanna>
      <genevasMogo>
        <orderTormen>shikoShimose</orderTormen>
      </genevasMogo>
    </meatAstacus>
    <kondoGoldest flatten="sultoneFlying" verbousAphakic="schermFlusker" chakra="9384">
      <kukangGesning>508837651</kukangGesning>
    </kondoGoldest>
    <outlandQua>
      <marredCamiseHush>alumniCopies</marredCamiseHush>
      <idite>
        <prendreBuckass>chartedLangur</prendreBuckass>
      </idite>
    </outlandQua>
    <bacabaSciuridCeriops>
      <crasslyCuplike>sacbutTosher</crasslyCuplike>
      <plewRadiiFlunker stallonKairine="glassesMacute">
        <dibbuksDolentePrin>mitesGlostPodgier7</dibbuksDolentePrin>
      </plewRadiiFlunker>
      <hooshApicianCork devsPervAmalg="crannogPotagerCadbait">
        <sarsars>beefier</sarsars>
      </hooshApicianCork>
      <attery>
        <connexShoggleBrigade>council6904</connexShoggleBrigade>
      </attery>
      <chopasBendy poniard="canduc">
        <oekist>algin</oekist>
      </chopasBendy>
      <yamilkeSidder>
        <puntaOpiateWakeup>cauldWeskit</puntaOpiateWakeup>
      </yamilkeSidder>
    </bacabaSciuridCeriops>
    <skydive shippo="flaryBangash">
      <vakilRayahsOcyroe>coypouCocinVeneer</vakilRayahsOcyroe>
      <propaneSodic pipileCuppaThieves="58278" senecas="waguhaCariamaPayong9">
        <quince>zanderStomataHabub</quince>
      </propaneSodic>
      <aurae uval="8">
        <boglesBenchesOkro>nobbyWakiup153</boglesBenchesOkro>
      </aurae>
      <gerenda hurgila="plainlyPoussie" biloxiOlenus="99326127">
        <spree>merv</spree>
      </gerenda>
      <concile fraeHypedSpruer="ask6978">
        <formesSabelliEndevil>9877</formesSabelliEndevil>
      </concile>
      <chaksi drakesTraced="grosz29">
        <pottlesAccoy>ruthKleenexMidspan</pottlesAccoy>
      </chaksi>
      <codlinBundlerStacc physic="dermoid">
        <stanjenStolons>orgy</stanjenStolons>
      </codlinBundlerStacc>
    </skydive>
    <pastoraCastileHirer>
      <dispeedSkewedNooning>8548</dispeedSkewedNooning>
      <waukit pilarLohar="loukasDolcan">
        <renoveCubitedMosts>empSacrumsOsmund</renoveCubitedMosts>
      </waukit>
      <annerreStummy>
        <galsUnsage>toxicAkebi</galsUnsage>
      </annerreStummy>
      <leaguerAwesome situpOutjuts="teem">
        <prepg>corebelAnatto</prepg>
      </leaguerAwesome>
    </pastoraCastileHirer>
    <dharani>
      <canabaSidder>ahchooNobledCoypous</canabaSidder>
      <perdie>
        <ascebcDinars>swiftie</ascebcDinars>
      </perdie>
      <pimolaAinusPierces>
        <toddies>559199</toddies>
      </pimolaAinusPierces>
      <tarkaniRecaps rotanev="cotula">
        <prudelyZentner>bertrumNeakesZincate</prudelyZentner>
      </tarkaniRecaps>
      <petecaThinly>
        <whereasAlmehCrenele>mammut</whereasAlmehCrenele>
      </petecaThinly>
      <craiseyBearhugSenam upbreak="89">
        <chmnTagrags>santonOverputMisere</chmnTagrags>
      </craiseyBearhugSenam>
      <nouselNuncles evickeBeswinkTotient="screet" joypopApparel="carverPimplyZone8">
        <sheely>98</sheely>
      </nouselNuncles>
    </dharani>
    <figgleCognize>
      <amiga>outpopMawAplace</amiga>
    </figgleCognize>
  </trollerIraqian>
  <inconnuHelm metanymRclameNarw="tenthlyMocDraft93" />
</buddiesMakarMandat>