<?xml version="1.0"?>
<quiversTurnoutWoodmen>
  <lumpySmarter>
    <tekedye papaw="307">
      <airflow>molmenNappierGunzian</airflow>
    </tekedye>
    <netleaf>
      <transpCurtlaxFierily>flodge</transpCurtlaxFierily>
      <retrotCaoba embrace="notcherFinerOutdoor" linguetAlicantJogtrot="dinderSerpula">
        <craiseyMalachiGain>unwaxedWhalpGizzern</craiseyMalachiGain>
      </retrotCaoba>
    </netleaf>
    <hclAgnat>
      <horntip>heliacDownlie</horntip>
      <hookeraWiteMinx thiazinObverseAcheck="reward" whiledBowfins="evolute">
        <puristsDapping>14033884</puristsDapping>
      </hookeraWiteMinx>
      <cortianRadiataSwagged>
        <imaretRunnelEsrog>doctrixBotchyRivered</imaretRunnelEsrog>
      </cortianRadiataSwagged>
      <ulpanInrollUncate keylessLyanceDaven="nytril4">
        <enrange>tiepinBungeyPashim</enrange>
      </ulpanInrollUncate>
      <diluteeBenson stilterRedowaSixain="cantdogSenate" aimer="59066">
        <embargeTubbed>beepsWairing</embargeTubbed>
      </diluteeBenson>
      <gomlah>
        <tokens>revamps93</tokens>
      </gomlah>
      <pottagyAirwashIdoism>
        <dough>deriveHoydens</dough>
      </pottagyAirwashIdoism>
    </hclAgnat>
    <bigginsCasey>
      <dondia>boldReassay</dondia>
      <buicks carperFontedThenage="8776005" lowmenNeslia="elzevirTwaddy759">
        <crewmanCondomRoberts>runDodded</crewmanCondomRoberts>
      </buicks>
      <eide albyn="beild">
        <sternumGyriDolour>steamsHagrid</sternumGyriDolour>
      </eide>
      <tereu curbersDescort="softnerProppedUran853" partersTyrosyl="stunsEllinge">
        <phenomsThiolMisgrow>kinesPlumaFierier</phenomsThiolMisgrow>
      </tereu>
      <luller fehFoxilyOncosis="5132">
        <profaceKangCoverup>attuneSexernCached</profaceKangCoverup>
      </luller>
    </bigginsCasey>
    <spokesHelbeh lydiaBdellidBldg="texaco">
      <nosh>upwound</nosh>
    </spokesHelbeh>
    <surviseUntaRecours lecthi="moldyPuggingAllene" raphusSadly="723693880" tracer="729">
      <awakensSopites>lushei</awakensSopites>
      <ollavAfghansFuttah fumy="beardyHeezeSlite">
        <inswellDisport>privitySangar</inswellDisport>
      </ollavAfghansFuttah>
    </surviseUntaRecours>
    <unbraidPunnic>
      <tippingCupayBored>horas841</tippingCupayBored>
      <troot uppishMufflerDerat="wellmanHitheGiddy" aimer="33">
        <notherDalasiUnwomb>98967429</notherDalasiUnwomb>
      </troot>
      <wiseguy tonnerReargueBothies="caulAngels">
        <entryManumea>ophidiaForcut</entryManumea>
      </wiseguy>
      <nooked gyrator="spencyVivaria48">
        <nablas>tussersBummockShardy</nablas>
      </nooked>
      <arlineAlcaabaBabuma>
        <sextans>2677401</sextans>
      </arlineAlcaabaBabuma>
      <myoses caudataTokeMyron="anearExta" faintlyAngolar="1019">
        <tillite>5</tillite>
      </myoses>
      <edgeSpumedAnte labored="brocade" oroide="6956568">
        <drantMangelsCoughed>552799</drantMangelsCoughed>
      </edgeSpumedAnte>
      <canchFicaria rutherEvents="causeGeranicSandpit" wisting="61">
        <quakeryBunyanIsomer>775929057</quakeryBunyanIsomer>
      </canchFicaria>
      <lithHaywireAlegar manic="nomeTartare" modusBali="markingClysisOutvied">
        <remelt>snerpSumpterSobs581</remelt>
      </lithHaywireAlegar>
      <typikaWinsome>
        <daylitStatute>perliteQuashy</daylitStatute>
      </typikaWinsome>
    </unbraidPunnic>
    <shapelyApism>
      <kyak>jarbleBadder</kyak>
    </shapelyApism>
    <slacksPerindeMegerg>
      <sacculiDesto>devowWahabi</sacculiDesto>
    </slacksPerindeMegerg>
    <pincianDefiberHearst galleinBeakers="batataPlutonFirepot">
      <apelet>palatic</apelet>
      <gallish>
        <somma>bertPebbled</somma>
      </gallish>
      <tonsilResownInjunct gregosLunatumGymnite="tamesKhirReqd">
        <armbone>crambid</armbone>
      </tonsilResownInjunct>
      <bypathsOverlySpinney>
        <nullismProlan>tucumanGoaveMeanish</nullismProlan>
      </bypathsOverlySpinney>
      <nepheleRedatedDarnel sykesBeadily="sarsensCappaghGluish">
        <gytlingWesters>worrelBidedUnclose</gytlingWesters>
      </nepheleRedatedDarnel>
    </pincianDefiberHearst>
    <karnBlinds>
      <tetel>65</tetel>
      <kinsen tappers="gestesKludgesCuj" incher="bivial">
        <caddedTaigaElatha>tigressEplot682</caddedTaigaElatha>
      </kinsen>
      <goiters hep="beepers">
        <comersZoonic>adipateTaxwiseEpirot</comersZoonic>
      </goiters>
      <crumperNidiLiwan sccleraInkfish="3999" badger="bimanaBluming">
        <phulwaUngoredMilla>congoniSansei</phulwaUngoredMilla>
      </crumperNidiLiwan>
      <bilcockPembinaMalled>
        <mistell>salivanLeucine966</mistell>
      </bilcockPembinaMalled>
      <mutistLabaara stictisAssyth="pomely" lumpFodda="infuseSpitous">
        <gidjeeAtropaSawback>jacalesTorrifyRiskily64</gidjeeAtropaSawback>
      </mutistLabaara>
      <iacchic hooeyAnnieGrather="dowageFormols5213" buntedOvariumCobbed="6262163">
        <treatedGamest>dresdenLaudist</treatedGamest>
      </iacchic>
      <qualmyMonachaErgal stroppyJostleDefraud="oghamicRearmed" poonga="4">
        <sleetsJadded>prizers</sleetsJadded>
      </qualmyMonachaErgal>
    </karnBlinds>
    <limniteCienaga>
      <mopperSalifyKerve>yuit</mopperSalifyKerve>
    </limniteCienaga>
    <setlingVairagiDrave>
      <caduceiChinois>handy240</caduceiChinois>
      <lea caisse="croutonOakesia9">
        <zitzit>fubsy</zitzit>
      </lea>
      <pestfulLipping>
        <homelyRimoseSieges>belcher</homelyRimoseSieges>
      </pestfulLipping>
      <ripper sexualeBents="misuses8888" acephal="oxgangOutrap5826">
        <teashopDhyal>plug</teashopDhyal>
      </ripper>
      <giggler>
        <incuteClockerEase>pavy5267</incuteClockerEase>
      </giggler>
      <oeuvre>
        <weirdDisroofVittate>pinax</weirdDisroofVittate>
      </oeuvre>
      <sholeAttaintTannoid fustetRebukedMisseat="29051">
        <impawnsComamieAirmen>bhili</impawnsComamieAirmen>
      </sholeAttaintTannoid>
      <granageUnbelts draymen="frizers">
        <jumbosAbraum>honda</jumbosAbraum>
      </granageUnbelts>
      <disburyEryxLipse alcoholPulsar="malates">
        <quicheChizz>uncreamHangmen1</quicheChizz>
      </disburyEryxLipse>
      <almiraShukria purisms="snivel" midgetyCanvass="kicksAchapeCepa">
        <exulateFurthy>gaspsDryers2442</exulateFurthy>
      </almiraShukria>
    </setlingVairagiDrave>
  </lumpySmarter>
</quiversTurnoutWoodmen>