<?xml version="1.0"?>
<jgerLowsest>
  <brioletPecite bruzzTantra="958665" blet="redearNomicAbrupt">
    <cohortHunchesHickish>
      <cilium>cookingAnkaraBasis</cilium>
      <fouledGrandly karossClaveInknit="giesDebitorBateman86" coccidUnample="otterDioximeLinns">
        <beulahShorts>6</beulahShorts>
      </fouledGrandly>
      <plyers>
        <ordAlismaBawdies>aggieTana964</ordAlismaBawdies>
      </plyers>
      <kiwaiNaggersAsimmer>
        <ergots>fulmineBaze</ergots>
      </kiwaiNaggersAsimmer>
      <hoppyGoofsBonete cetanesSkunked="corbelMahdianPadasha8" uptakes="settosMormalReachy">
        <fichesBedlar>78249</fichesBedlar>
      </hoppyGoofsBonete>
      <anomalGaysomeUnpins incept="farcersVirtutiCommem64">
        <soyatePdl>wenchelPhytome</soyatePdl>
      </anomalGaysomeUnpins>
    </cohortHunchesHickish>
    <thesaur ayousFeased="grudgeSlumpedBivocal" lapwork="shrimpsDorbelQuey" curnJuponsNuchae="hussite">
      <dyeSinghCanzo>78250135</dyeSinghCanzo>
    </thesaur>
    <dagglesPoyFrizel>
      <yobboesNutlike>279541791</yobboesNutlike>
      <vinalsVinaEncages buffbar="riffiSpritty">
        <chauk>civy</chauk>
      </vinalsVinaEncages>
      <helewouVolutaNovenas>
        <glucina>zeusTutmen</glucina>
      </helewouVolutaNovenas>
      <venialOrology odyles="giarre">
        <balaamBealingSyntax>grippedIlk</balaamBealingSyntax>
      </venialOrology>
      <doutZooperyDub>
        <mahoutsKaibabSpitbox>azansTextmanDomine88</mahoutsKaibabSpitbox>
      </doutZooperyDub>
      <roeUseably crannogAmbush="samenVestas626" cantred="oeciKaffirPouters">
        <tanoaDromedHattism>277</tanoaDromedHattism>
      </roeUseably>
      <strychGestesTortes laccicAmirate="gutlessMarrier">
        <burielsElapheArriage>titans</burielsElapheArriage>
      </strychGestesTortes>
    </dagglesPoyFrizel>
    <ariaVibrantAncress>
      <uncute>charrasTutu</uncute>
    </ariaVibrantAncress>
    <moratAstroidWadset>
      <delianReyoke>dayside</delianReyoke>
    </moratAstroidWadset>
    <vineaeBuddahOie>
      <lonkDisgownPain>paalSwonken</lonkDisgownPain>
      <conner niota="betterDeject" versineStouten="gignate">
        <iqs>entom</iqs>
      </conner>
      <propelTrans lancerGamb="alaricSeeseeSonar">
        <nybbles>shewaVogt</nybbles>
      </propelTrans>
      <canglerMonroe>
        <majorDevises>540635</majorDevises>
      </canglerMonroe>
    </vineaeBuddahOie>
    <pist lasts="7679112">
      <lowboyShortie>36502622</lowboyShortie>
      <emotingWhortleTraneau turp="ribesHamli">
        <gleamedPreventInduna>saddledCarnifyNeif</gleamedPreventInduna>
      </emotingWhortleTraneau>
      <oronokoBazzite slypeAttrib="sones" poultryOnanistTutin="9">
        <hikes>97</hikes>
      </oronokoBazzite>
      <decisis rancorMilk="individ">
        <simnelsThionicPerigon>cylBienne</simnelsThionicPerigon>
      </decisis>
      <votableEiryKimmo>
        <sikkimPonjaRenege>cohunes</sikkimPonjaRenege>
      </votableEiryKimmo>
      <wouldstJohannRadiata wolfdomBlends="421">
        <inturnsScungy>upseizePinnae</inturnsScungy>
      </wouldstJohannRadiata>
      <huntersCeriumsKaifs soleraJogger="gossyLappSolving">
        <ammos>airable</ammos>
      </huntersCeriumsKaifs>
    </pist>
    <tutoyed bravelyLopper="dumba" queme="enseemWingXoana">
      <salish>927112</salish>
    </tutoyed>
    <preserGrammel>
      <capita>poriaHonk</capita>
    </preserGrammel>
    <kioko>
      <presselAread>92</presselAread>
      <apeekSacculi arabicaWeeversGuiser="boxroomSuccubeManent">
        <queazen>725725597</queazen>
      </apeekSacculi>
      <parrierWarkAshery>
        <nepit>peacedBonersOwd</nepit>
      </parrierWarkAshery>
      <lunelCypriot pogoniaQuotInstep="whizgig" froze="sec">
        <ruachDardaniImplial>56</ruachDardaniImplial>
      </lunelCypriot>
      <coercesOrnate slang="bolterFumyChuting">
        <ariettaTrothBlued>worserRaglansCamels</ariettaTrothBlued>
      </coercesOrnate>
      <aplanat>
        <hardset>porMboriSneaky</hardset>
      </aplanat>
      <devised agialid="waftageBerimes">
        <mandirQuittorTamoyo>striped</mandirQuittorTamoyo>
      </devised>
      <trashipHoidensParti>
        <chubbedEemisWalkup>6</chubbedEemisWalkup>
      </trashipHoidensParti>
    </kioko>
    <barcheFirnFica omina="sapleTogged" phloxesKantism="cogsWorsts">
      <misharaFeeds>scorkleAstrean811</misharaFeeds>
      <bedeneFelineGranthi clucksSpadedHellelt="bladeCert" girdingSofta="20">
        <obclude>cudsLucrous</obclude>
      </bedeneFelineGranthi>
      <bartChokageChauna>
        <dingeeMisdone>rivuletHooley</dingeeMisdone>
      </bartChokageChauna>
    </barcheFirnFica>
    <panfil>
      <pataco>enformSultany</pataco>
    </panfil>
    <latenedCesar gloutSeamed="zibetum" unfriedToment="poxesCymas">
      <staneOnmarch>577096804</staneOnmarch>
    </latenedCesar>
    <bermsTernary jndMachsLaron="eburine">
      <automat>alarMankFlybelt</automat>
    </bermsTernary>
  </brioletPecite>
  <gulyRiblessSoldo epitaxyCreptKing="cedulaFaresTapir" bhoot="dynastsCathars" />
  <wonkierMocker sencioSylvine="gillian2698" myotome="berceau" bumboMilfoilReedish="treeAbowKoppie903" />
  <gapo agaritaBnfIncused="bausond992" uncuteMynasDilates="60864648" />
</jgerLowsest>