<?xml version="1.0"?>
<kenelmSquinsyGuider>
  <scaroidPnxtTzontle />
  <suave />
  <corium />
  <gingersCincha>
    <bushmanOuvert>
      <manifyAchagua>antipot</manifyAchagua>
    </bushmanOuvert>
    <odsOnward>
      <bayamos>ropilyEssiveNatures60</bayamos>
    </odsOnward>
    <malacia murlain="lisztGershon">
      <exoteryMollusc>uncurd</exoteryMollusc>
      <prances haram="grizzelSufficeDamara">
        <reversi>elbuckRoueMaskery63</reversi>
      </prances>
      <yousePeeking>
        <tactus>piller</tactus>
      </yousePeeking>
      <snifferThru>
        <notselfSully>medea4923</notselfSully>
      </snifferThru>
      <pleasSwaggie saithPargesMemoria="5898">
        <rankled>33431</rankled>
      </pleasSwaggie>
      <valentForeign gogoPraeses="inchpinKinnor4404">
        <chedersEnbibeTannest>mirdBelgian1706</chedersEnbibeTannest>
      </valentForeign>
      <overinkKilty>
        <coltRoils>84514711</coltRoils>
      </overinkKilty>
      <medicos>
        <rely>rebuses5</rely>
      </medicos>
      <rehearBambaraUnfurl>
        <micaQaids>iraqi</micaQaids>
      </rehearBambaraUnfurl>
      <butlingArmoireBillmen polityMatricKnuckle="reestsYamshik106">
        <thoriteManie>closerBionic</thoriteManie>
      </butlingArmoireBillmen>
    </malacia>
    <confed>
      <caromBembexMusie>swineyWreck</caromBembexMusie>
      <quillerAlefsAcuity factureZeburroContact="furud">
        <usa>pinangUnisex</usa>
      </quillerAlefsAcuity>
    </confed>
    <depaKinic malamboDowieWreat="tsaristGrowthyAbuses" roosterCymesStetted="copsy" hulkier="woodwax">
      <reseed>47780375</reseed>
      <dirging compaaAccoilFuranes="988470811">
        <bungSwotter>himneGliosisMagilps51</bungSwotter>
      </dirging>
      <piggieBreak weismHushedChukkar="waltronCandour">
        <gapaNerdsSayid>25219</gapaNerdsSayid>
      </piggieBreak>
    </depaKinic>
    <cranks wereCitee="pamsGoogulStephen" buibuiCensive="goitchoAbel83">
      <medicoRhesis>bonacePacateKnorria</medicoRhesis>
      <strakyFlecked zonulaHarast="truancy" schorlsJanapanShines="112895999">
        <uprisalPaiks>ciliium</uprisalPaiks>
      </strakyFlecked>
      <tummals haughsHatressUrlar="sawsPoons">
        <gondangSeismalCsardas>pennage</gondangSeismalCsardas>
      </tummals>
      <group guato="malleusGeebong" ductVili="dargMiaowFanos">
        <roaster>5</roaster>
      </group>
    </cranks>
    <endowedParifyCarline nitchieBerberiHueless="48503" incitesHeleAyens="hidersMyiosis">
      <pomateLin>fartherWasteWales</pomateLin>
      <outcookFights abluentMocock="gazing" coquinaBasesZones="coniteSysselMyosins">
        <griotte>gar</griotte>
      </outcookFights>
      <jufts>
        <sangasJato>pinalMopaneJaypiet</sangasJato>
      </jufts>
      <erucicFalangeSugan walledJibhead="velumen">
        <ospermCootiesTele>angusesAmoebae</ospermCootiesTele>
      </erucicFalangeSugan>
      <sixer pontilsGoodbys="dikers962">
        <babbieMizar>76653113</babbieMizar>
      </sixer>
      <peppilyCagmagYipped tapsterLonglegUndy="93581913">
        <maximsSwail>gunyehToras</maximsSwail>
      </peppilyCagmagYipped>
      <emilWardedTugged>
        <merceCaph>mutterChalcis</merceCaph>
      </emilWardedTugged>
    </endowedParifyCarline>
    <trendel saguran="laridaeMonnion">
      <raddedMallam>ashiverBarbateVav</raddedMallam>
      <aureusMozo>
        <world>svanAbet</world>
      </aureusMozo>
      <forciveEurymus misbias="88" abendsSkeptic="rushierCabbler">
        <octoidStationRelics>chattedOuthymnRebold</octoidStationRelics>
      </forciveEurymus>
      <khirHokku flaffOutchid="puckle">
        <ergotsPiemag>51</ergotsPiemag>
      </khirHokku>
    </trendel>
    <abitCowedly>
      <laylocShawledWakken>kippingPinkilyMyalgic</laylocShawledWakken>
      <ebonyVedaliaCornify gude="574359862">
        <places>knobIsegrimMerops</places>
      </ebonyVedaliaCornify>
    </abitCowedly>
    <mineral>
      <hutungThiokolElbows>redeedLukasStorage</hutungThiokolElbows>
      <almeryHoodfulBulbels assilag="pomeroy" crownalCorrals="orangyFaire">
        <kam>tailageJeeSprayer2254</kam>
      </almeryHoodfulBulbels>
      <cowerTazia visagedEncraal="671250">
        <gelofer>janua</gelofer>
      </cowerTazia>
      <pitAnamnia lommockUntyped="nobleBaybolt" bumbassPerusesTruff="sukey">
        <imberbe>905030594</imberbe>
      </pitAnamnia>
    </mineral>
    <helvineOrthoDisodic>
      <unfreed>coenoby</unfreed>
      <splintsSulfato noltTonnes="staunErgal" combustStrettiNullify="slapSavaged">
        <feedsPoppies>storayBoggy</feedsPoppies>
      </splintsSulfato>
      <blin evictorSkyphoiGulfs="780105649">
        <trends>38876839</trends>
      </blin>
      <chon brid="whickenRelime">
        <nibbleFrokin>5772</nibbleFrokin>
      </chon>
      <termorPermiak tricotsIntact="1335127">
        <modishMocks>boxmanHuskySovran</modishMocks>
      </termorPermiak>
      <crumenaSiltageAhi eveaOxytone="nogaiHoaxee" boloingSpinousAdiabat="sevenNaggishIcefish">
        <cappingKikoiAbattue>etruria57</cappingKikoiAbattue>
      </crumenaSiltageAhi>
    </helvineOrthoDisodic>
  </gingersCincha>
  <arsenoKerbingSleepry crumpsMidrib="enjoySwadder" lubbersScasely="triker" lofting="wrackIditol" />
  <existsMulm bearedBudgeroDevoter="madisonGrizard" texases="ennerve" exedeKhvatKashga="kiltKnob3">
    <pegadorDecyneDocents>
      <padshahSalpian>direstDaphnes</padshahSalpian>
      <upshoveAviaryBags pedlarDobbin="luddySiruperGum9786" bailoutFlongs="bortzFleetly6">
        <freir>4978</freir>
      </upshoveAviaryBags>
      <ohio refuels="sadiFthm">
        <hunh>biogensFrized</hunh>
      </ohio>
      <schwasMobsmenStrips fugallyApteran="coyolTrebledExtant">
        <individDasyure>ropemenPiaffesCreance</individDasyure>
      </schwasMobsmenStrips>
    </pegadorDecyneDocents>
    <achieve>
      <chymaseProrsa>8944</chymaseProrsa>
      <louversAntlid uppersPycheVinetta="supreme">
        <kythesWishlyUndying>thoral</kythesWishlyUndying>
      </louversAntlid>
      <connachScythicBewrapt puslike="estateBeinGelates">
        <caukingRenablyKeltoi>99938339</caukingRenablyKeltoi>
      </connachScythicBewrapt>
      <titrant>
        <chapote>helloedGambade35</chapote>
      </titrant>
      <cropMoldedShines sereno="secpar">
        <burliesSunups>cruset</burliesSunups>
      </cropMoldedShines>
      <pistonRigorsHornada quilesNable="nihilsSitar">
        <duessa>recta</duessa>
      </pistonRigorsHornada>
      <diluted molaveConyger="asproutVroom" coolish="dulcPuddaLampmen">
        <nastierCuke>djinny</nastierCuke>
      </diluted>
      <redtail cribber="coochesKalamsStamped" osselet="178605">
        <quando>upreachUnglory</quando>
      </redtail>
      <braisedSiletz>
        <crunode>lengerLaggerBecloak</crunode>
      </braisedSiletz>
    </achieve>
    <unlap cathaHostleTholos="educe" butea="sugihDoddersVoile91">
      <kotaChang>mealmen</kotaChang>
      <wrapleSpitterHooked nuanced="chicotStirpsMisword">
        <rhagite>dartled</rhagite>
      </wrapleSpitterHooked>
      <stoothMajeure trendedMarranoHerein="oversumAtterrPewtery5">
        <hafnia>6925021</hafnia>
      </stoothMajeure>
      <romeineAuroraeTouraco ocelotsEclegme="shita">
        <finikinObtains>airan</finikinObtains>
      </romeineAuroraeTouraco>
      <unpawedAfflictAscribe nuggar="poolerTorsiveMalope" poulpe="intwineEnvayeRooked">
        <incurse>enditeMedias</incurse>
      </unpawedAfflictAscribe>
      <getupRelearn mislieBasilicAnthill="dolaKinkerNemesia">
        <agisterTaberna>amadisStraik</agisterTaberna>
      </getupRelearn>
    </unlap>
  </existsMulm>
  <palulusBovoid toxotesCircler="pirrBedaweeFears" />
  <mpangweMaugerNoology />
  <glinse>
    <shechemSundae lite="mycotic" reknitWheatenBambuco="docible">
      <sunYockedCowerer>873010298</sunYockedCowerer>
      <shirrPusgutSercom pentail="crotch">
        <effuses>divviedAldaminStacc3917</effuses>
      </shirrPusgutSercom>
      <kabab ramesesPineyRatten="pigmies724">
        <dealtMutaseAmuse>floats</dealtMutaseAmuse>
      </kabab>
      <oaves>
        <miskillThriftMalate>69</miskillThriftMalate>
      </oaves>
      <chitaSennasExcerpt>
        <tydeusTwilitAlkyls>herpChitIdeaed</tydeusTwilitAlkyls>
      </chitaSennasExcerpt>
    </shechemSundae>
    <iman juttiedTondo="elohistHooved36" betrim="sacatra" worksSynCoffled="grapeyCappier">
      <sifakaAcatery>leafs</sifakaAcatery>
      <angerlyBatfowl ajaxDrupalThunar="ccws9" babbage="torquesUpgazesAsea">
        <kunai>swaddyTrilith</kunai>
      </angerlyBatfowl>
      <skookumCurlew>
        <virgule>catnipBasic</virgule>
      </skookumCurlew>
    </iman>
    <shyestForty>
      <blissom>rucker</blissom>
    </shyestForty>
    <yorkishTympana rutted="48039" pistDrakeJumba="762749582">
      <quods>brisantSumacPorc</quods>
    </yorkishTympana>
    <nautBelterGreying>
      <handout>huisherYardman</handout>
      <trekUpgrewAstrose baklava="illnessMuzarab">
        <swoose>sesiaLitai67</swoose>
      </trekUpgrewAstrose>
      <pedocal>
        <alemBossage>slews</alemBossage>
      </pedocal>
      <nunbird>
        <pebrineParsSikhara>brazes7</pebrineParsSikhara>
      </nunbird>
      <lustra>
        <croppieJewedPhotogs>jericanClones</croppieJewedPhotogs>
      </lustra>
      <pileiTapia haddin="8678" unwellMarler="651100525">
        <drawoffImmov>snoods</drawoffImmov>
      </pileiTapia>
      <winzeOverlap>
        <vaganti>aporias77</vaganti>
      </winzeOverlap>
      <uncivic incave="1461">
        <fribble>plurify</fribble>
      </uncivic>
    </nautBelterGreying>
    <arabistAgers>
      <tathata>5759657</tathata>
    </arabistAgers>
    <dunkirkScud torpidsSanjib="ascus">
      <auntly>dunkedPassel</auntly>
    </dunkirkScud>
    <whispPoops mottsPetos="exclamLotahsRappers" rabiousErasureJazzman="hipless">
      <grindedMutsjeAking>6485636</grindedMutsjeAking>
    </whispPoops>
    <thurmGammers outpost="lakier">
      <oblate>dearthProtylsAmlet</oblate>
      <tartareSerdabs tsotsi="ballotaSublid">
        <youthly>miggsUpsweepGlaiks</youthly>
      </tartareSerdabs>
      <festing>
        <hobnail>termageApereaLiftman</hobnail>
      </festing>
      <wanhorn utterer="near858" markups="wallopsDrama">
        <tambacsSclav>termonLaccinGlitch</tambacsSclav>
      </wanhorn>
      <tossilyPirogue knatteMoltedCachrys="pampero" wastySirihDivert="74">
        <hayedRepique>zuisin</hayedRepique>
      </tossilyPirogue>
      <theclanVigorsGuts taurylBespurt="worserCrimson" balkedCharierLycidae="6051563">
        <menatChowseGalls>mts</menatChowseGalls>
      </theclanVigorsGuts>
      <glagaAxstoneSicked zillahsCosinGombo="757">
        <lupinus>tabular</lupinus>
      </glagaAxstoneSicked>
      <grigs>
        <outseesBloreHose>untunedCoddedKernoi</outseesBloreHose>
      </grigs>
      <elektraSecured>
        <emulousNeedledEvan>morice</emulousNeedledEvan>
      </elektraSecured>
    </thurmGammers>
    <impack aimed="gunned" plumetePurlin="daryaSahiwalVugs">
      <getupExacumPatency>fanfishOuthold</getupExacumPatency>
    </impack>
    <bathIachimo spates="9" polonyXxvAirify="taigleSkyedSearer" bonumStrepen="scleralMeant7">
      <fhrerUninertUnsay>relotSperate</fhrerUninertUnsay>
      <vateriaOphic excretaEnhaloSapsap="immoundBolty1978" lynxJacuaru="19">
        <boruca>10151</boruca>
      </vateriaOphic>
      <geulahRally bransle="barger" yogiDomnPanmixy="gawkyOmersCamp">
        <teacherAttics>35655</teacherAttics>
      </geulahRally>
      <pawedBegger>
        <sinkboxEndings>dale</sinkboxEndings>
      </pawedBegger>
      <gaiting waukingJesterRebbes="boogumHeptalGrassie" decibar="catsupCarlinaGabbing">
        <enolateRated>earshEnteric</enolateRated>
      </gaiting>
      <ironesTipcartSune iceman="theaElinorPaunchy" razorWands="423330571">
        <shoerAmnionKibitz>kitsYairCutely</shoerAmnionKibitz>
      </ironesTipcartSune>
    </bathIachimo>
  </glinse>
</kenelmSquinsyGuider>