<?xml version="1.0"?>
<apercusEsprove>
  <ramrod />
  <raptury riesMiswire="forthTswanaJunkets2201" />
  <maed />
  <resinerDimitry />
  <aboradToilful flakedWorkupWhiff="steinPikaBagasse">
    <botchPublishSorbian ethanimWays="phonoTotara" costsThorp="cultiveKeverLilts" fagales="3766482">
      <diurneWifely>6484</diurneWifely>
    </botchPublishSorbian>
    <cadi>
      <forefitFusspot>3</forefitFusspot>
    </cadi>
    <shapooErme>
      <envoysSawpit>pottierLassoes779</envoysSawpit>
      <vepsish encrown="eogaeaGiddierRavined">
        <nijholtSuant>23</nijholtSuant>
      </vepsish>
      <tantrik>
        <mermanPoolyBemercy>sabaoth</mermanPoolyBemercy>
      </tantrik>
      <smirked redraftDirempt="collopsVacuity">
        <ceboid>zacNeddiesBoder</ceboid>
      </smirked>
      <encl>
        <cassineJacchus>hareLease</cassineJacchus>
      </encl>
      <bundts dirdumRelessa="75177" parrels="4670">
        <upside>keelSetteeAboves</upside>
      </bundts>
      <decatylFoder>
        <brissRapedConduce>6631352</brissRapedConduce>
      </decatylFoder>
    </shapooErme>
    <taber pryerSolderGise="cloudedDrabbedAnansi" unorbedMinimi="laxness" weed="copain11">
      <reliver>shuhaliAmebicLockman</reliver>
    </taber>
    <tenuredVucomsOutfelt crunchy="boothesByssineKnopite" noh="marmosa" miriam="twingleShaktis">
      <rutyl>clumberFiled</rutyl>
    </tenuredVucomsOutfelt>
    <marecaFerned>
      <wardite>77121</wardite>
      <lingierGawish whinier="purloinClomps" cessedBusiestRhytina="whenceMaltine">
        <ahorseAuteOxetone>infilmSommaRaid</ahorseAuteOxetone>
      </lingierGawish>
      <sampan gris="7017782">
        <viasma>temperCrosserUnix</viasma>
      </sampan>
      <awklyAlgodonRollman landman="risqueeRenkKip">
        <miradorDiplois>guary7803</miradorDiplois>
      </awklyAlgodonRollman>
      <visingRecusesFacula docsPrestoCooled="5">
        <tallyhoAlmuces>riskishJab6862</tallyhoAlmuces>
      </visingRecusesFacula>
      <cavdiaLogwayHaddest mediums="brattyAtaraxy1">
        <reshunt>kunaiLibelerNidify</reshunt>
      </cavdiaLogwayHaddest>
      <aspreadWarty melindaOkonite="taurBaryons3747">
        <bulgurPienaarIronism>55</bulgurPienaarIronism>
      </aspreadWarty>
    </marecaFerned>
    <fusing>
      <becivetSnupperBryce>cohob</becivetSnupperBryce>
    </fusing>
    <unorbedHulkage>
      <zoidMuonicAmmonia>admixed</zoidMuonicAmmonia>
    </unorbedHulkage>
    <shemuEntifySels>
      <updeckInfold>bailiff388</updeckInfold>
    </shemuEntifySels>
    <unbesotSubgoalCoddles laddishNerePeason="degommeTeeting263" pronaosEpoptes="earhole" tawhaiRustingFistify="sakeretEthnolPooch">
      <ruersSprucedMpb>3</ruersSprucedMpb>
    </unbesotSubgoalCoddles>
  </aboradToilful>
</apercusEsprove>