<?xml version="1.0"?>
<oinkedMango>
  <hatrailVulture redug="dunites">
    <mallein spiceDawing="cawquaw">
      <aortismAbies>mediateFessing</aortismAbies>
      <humulonPitiersRepray cardialTotaledPantos="alebionSchelm">
        <loqParcMycosin>kamesHeardKashas</loqParcMycosin>
      </humulonPitiersRepray>
      <susliksMislive>
        <antesVetches>jurist</antesVetches>
      </susliksMislive>
      <ailingPotmen>
        <upbring>phonsFonder3</upbring>
      </ailingPotmen>
    </mallein>
    <geordieRandies>
      <lamentUnfitly>ebbmanReswept</lamentUnfitly>
      <hajjiZoosis>
        <kaikara>vivda</kaikara>
      </hajjiZoosis>
      <alfaCracketUppbad mosGoalers="ababuaElogy" jehad="adpPangful">
        <muset>chocks23</muset>
      </alfaCracketUppbad>
      <soueegeFescuesRatios gaoler="unscarbOxyacid" massier="epigeal">
        <risquee>kiterBecketsSemilor</risquee>
      </soueegeFescuesRatios>
    </geordieRandies>
    <terman>
      <roburTaxmanBemists>shiftsHabutaeEnent7691</roburTaxmanBemists>
    </terman>
    <leggerMalcolmKantele>
      <speedPranker>cowrieIngatesHums</speedPranker>
    </leggerMalcolmKantele>
    <venting>
      <shucksBiflexSudoric>alkaneAlfuro</shucksBiflexSudoric>
      <stove>
        <tinners>meliorEnfacesErudite</tinners>
      </stove>
      <oratorMoronryCranely melonFoddersInwrap="930735389">
        <midriffCeltistUses>6</midriffCeltistUses>
      </oratorMoronryCranely>
      <browned seggars="grimace695" tsadi="redbud">
        <guazzoBeeherd>aryansPixPoria7</guazzoBeeherd>
      </browned>
      <coastedBeguileZaparan>
        <lantern>7</lantern>
      </coastedBeguileZaparan>
      <saucesVenula>
        <ponchosStk>stratusEnchyma</ponchosStk>
      </saucesVenula>
      <rabinetYowleyRemedy>
        <natalsBram>congerTermon700</natalsBram>
      </rabinetYowleyRemedy>
      <openLitmusVaster lenseRifian="cedreBulgingWrist">
        <bestayRosebayTaculli>7</bestayRosebayTaculli>
      </openLitmusVaster>
    </venting>
    <foussa>
      <gamontHenpeckPutties>paniersChamped</gamontHenpeckPutties>
    </foussa>
    <rowdierAce>
      <mohwa>growse</mohwa>
    </rowdierAce>
    <mestlenBowpot>
      <granteeBullaceBleeped>gritten544</granteeBullaceBleeped>
    </mestlenBowpot>
    <giddify>
      <wiglet>13541295</wiglet>
      <cowiest>
        <amaistAlluviaZep>masuBrannyFens</amaistAlluviaZep>
      </cowiest>
      <icicaSuevian laxate="mamushiMerls9466">
        <nosite>1</nosite>
      </icicaSuevian>
      <belloteArgh appenseZymoticOman="shovels">
        <appastCabildo>eloinsVangMetazoa</appastCabildo>
      </belloteArgh>
      <arenas spooneyNotator="spoken">
        <krantzKvass>failsRamoonUnvisor36</krantzKvass>
      </arenas>
      <reshiftSemicha shabbosReweaveHarnpan="gharriLathe">
        <pickoutMidleg>rubby</pickoutMidleg>
      </reshiftSemicha>
      <insult indiciaDitt="idaic" archonEsquire="juntas">
        <cogwoodHijraInfo>eelcakeConners</cogwoodHijraInfo>
      </insult>
    </giddify>
    <loopsDeboiseSclatch sussexMutable="halserNudnickPinesap" warrenWitneys="arroba482" bronzesCondogJankers="boltin">
      <ironies>cruse</ironies>
      <smoked>
        <swearerKnawQuicker>smuggerPomades3677</swearerKnawQuicker>
      </smoked>
      <pamSquirtsTradite>
        <smudgesChalanaOakboy>kantismBandsaw</smudgesChalanaOakboy>
      </pamSquirtsTradite>
      <acnedBordels>
        <slums>orbRigging</slums>
      </acnedBordels>
      <yapster lincolnSuiConk="pinjaneTangelo" almiqueRomal="aroidKaonsMorsure">
        <watherOwtchah>9705</watherOwtchah>
      </yapster>
      <prudish pietistSauncy="40">
        <sinesAmberVotive>voyeuse7</sinesAmberVotive>
      </prudish>
    </loopsDeboiseSclatch>
    <degomme>
      <salmiSolodiBelion>syncingPissedEndive</salmiSolodiBelion>
    </degomme>
  </hatrailVulture>
  <float prise="tongersBota">
    <cuminylGamey coviteFayles="ballamAcnodalPrecule" dialersAseptolFunkias="570" repasteSkied="97319">
      <lobedPluming>endsealSozineIceni</lobedPluming>
      <screeny dingly="spermRubasseArticle">
        <genipap>500100331</genipap>
      </screeny>
      <dionCusks>
        <gourdsDehair>rongaPayess</gourdsDehair>
      </dionCusks>
      <poinard>
        <diocoelCascol>groovesAuth</diocoelCascol>
      </poinard>
    </cuminylGamey>
    <sunroofRastled>
      <entourTumboaEntria>8240</entourTumboaEntria>
    </sunroofRastled>
    <cuddiesPoppingCimelia>
      <mirbaneUrfSlatify>upwarp</mirbaneUrfSlatify>
      <sigurdLampfly>
        <celoms>sufficeGoals31</celoms>
      </sigurdLampfly>
      <uriaSwatted agendaRagweedCodline="castorRayage" bemixes="hoochHyrcan">
        <peeks>tuftedSlummerInyoite</peeks>
      </uriaSwatted>
      <suerte headway="ltr">
        <cruses>aulderItaliot4194</cruses>
      </suerte>
    </cuddiesPoppingCimelia>
    <suidianAlgidEncheer gibelNoggedMirador="gps" buckledRus="stromalExecute" shoversWaughtsPoucer="lobeLungers">
      <khatinVergersLaunce>chitonWaird</khatinVergersLaunce>
    </suidianAlgidEncheer>
    <negressJellilyStander>
      <zygionBuistIvied>223</zygionBuistIvied>
    </negressJellilyStander>
    <acres>
      <wergelt>asbFetidly</wergelt>
    </acres>
    <yakmanBeamish podderOilcampBandel="scathyVetoers">
      <twines>gougerPollageGala6598</twines>
    </yakmanBeamish>
    <querkenWrappedDeink>
      <subditFlocci>trilliShaird7852</subditFlocci>
      <husePelages revers="224">
        <howdyZiggedBelord>gushBawdry</howdyZiggedBelord>
      </husePelages>
      <dibbuksGwagCantors unrisenPasses="hydrasDebatedAtaxy" stid="cynodonMiasmal">
        <suimate>467114686</suimate>
      </dibbuksGwagCantors>
    </querkenWrappedDeink>
    <parsonyRetries>
      <galpSaxaulUntasty>ectypal</galpSaxaulUntasty>
      <snug cooeeFlamenMetonym="copierToddiesGighe" israeli="sowder">
        <zebu>5456</zebu>
      </snug>
      <bravingMucificOblat creasol="sardius" dinah="tarzans">
        <potters>elytralPallone</potters>
      </bravingMucificOblat>
      <quadrinJoyanceAwait abacaxiTesseraBlowsy="75982" feoffedLorimer="4314">
        <besaiel>eblis</besaiel>
      </quadrinJoyanceAwait>
      <setons vagueIxiasBehn="cellosRwy">
        <ramsons>headySaxish</ramsons>
      </setons>
      <spauld>
        <stirraVulgare>drubs</stirraVulgare>
      </spauld>
      <groinedUshasSlags guttaeAnanas="matOuteate">
        <pussies>eyes</pussies>
      </groinedUshasSlags>
      <alarbusAlertsMoyo torsade="9360530">
        <leonidWanderApathy>slakerOmnesMalaga8</leonidWanderApathy>
      </alarbusAlertsMoyo>
      <florulaMoonman vaporsStrowsRattle="taigKnife83" beleveMiocene="turacusIdlesse">
        <trimPennage>fitsGlist</trimPennage>
      </florulaMoonman>
    </parsonyRetries>
    <thack>
      <bespedIdahoan>bescent</bespedIdahoan>
    </thack>
  </float>
  <symmistWizard duloticSonableHarkee="claudioCoyos" token="suburbMaraudsSechium2" />
  <reteCanalerBribers ureDinners="919052307" sidemanWhigged="814849969" chimane="krigiaThronos" dataryPuppied="lollyCamata">
    <bedirtIhrams>
      <hocksEmpireAdp>havent</hocksEmpireAdp>
      <jerboaOutbow>
        <gercrowAnteva>etherinPurism</gercrowAnteva>
      </jerboaOutbow>
      <disliveRana madders="safrol">
        <molasseFoxfish>3273024</molasseFoxfish>
      </disliveRana>
      <triopsSomaticOutcame>
        <caroa>cormus1157</caroa>
      </triopsSomaticOutcame>
      <mumms swedishAhungryJarina="mauveinTonusAvoke">
        <warmanTotient>4</warmanTotient>
      </mumms>
    </bedirtIhrams>
    <deviant>
      <owseMotelsVole>misteukSneezed</owseMotelsVole>
    </deviant>
    <sinifyGenomicCogener>
      <baulkedBlisses>recopyNiche734</baulkedBlisses>
    </sinifyGenomicCogener>
    <bittyPtereal>
      <patiosNectar>blanque9</patiosNectar>
      <pickupMannVenom timiderFlashy="beausSatireOwn357">
        <bonesGlonoin>dimmedAcephal</bonesGlonoin>
      </pickupMannVenom>
      <paarDrabbyHealing>
        <cairn>unurbanWebby</cairn>
      </paarDrabbyHealing>
      <ploidyCogweel twat="mailersCajetaTaiping">
        <vulvaeAwanyuVividly>6732</vulvaeAwanyuVividly>
      </ploidyCogweel>
      <israeliBoroughClipeus bodices="salixAcetic">
        <outbidsSnack>46200964</outbidsSnack>
      </israeliBoroughClipeus>
      <oblastiSilliesBurgall knocked="921" axersTheyFootier="menkindCesuraeOvaria">
        <twinly>windleStericYarned</twinly>
      </oblastiSilliesBurgall>
    </bittyPtereal>
    <cookery lapwingYokCawny="iodoxyRudder" bikerBeshearIrked="aerobusLegiferSerrai6">
      <assuadeSubcase>racismsTrophonCoursed</assuadeSubcase>
    </cookery>
    <aethon>
      <debitor>isledBootlegDanaide4</debitor>
    </aethon>
    <burlsAmorGaloch>
      <hangers>noveltyGramaryBedrug</hangers>
    </burlsAmorGaloch>
    <rereeveTook warstCruraLounder="mpondoSkiddedTummels" oarage="2235386" bice="tirledEquus">
      <photoedBosniak>94870</photoedBosniak>
    </rereeveTook>
    <borshtNonfood>
      <chinnedFoism>1744</chinnedFoism>
      <ribPardesiPaha>
        <covent>trundle</covent>
      </ribPardesiPaha>
      <incVoglite lucresBerinseUltimo="aruiTurbitsPeartly" oarsmenFormy="649">
        <bagnetRosWoodier>67515</bagnetRosWoodier>
      </incVoglite>
      <gazeful locuscaPoolyOfays="avionic">
        <rattier>unaisMyallXiv205</rattier>
      </gazeful>
      <orgiacsSmoppleAsem otateAstheny="73783">
        <indogenFlirtyArachin>quarteFacette</indogenFlirtyArachin>
      </orgiacsSmoppleAsem>
    </borshtNonfood>
    <withnayImaretsDambose>
      <lobeletYeggs>ceratesTayir</lobeletYeggs>
    </withnayImaretsDambose>
    <sternCory>
      <xystumPercussOxidant>wienerHansHarmful</xystumPercussOxidant>
    </sternCory>
    <halloosAzoicWormil>
      <westlinTenantsLewd>unfacedPorailUmland</westlinTenantsLewd>
    </halloosAzoicWormil>
    <anansiBuddhiAsylum>
      <fogramBroidenOarless>tokelauHarass</fogramBroidenOarless>
    </anansiBuddhiAsylum>
    <ferretFib remeneReclame="kitersAlayBillowy" vesanic="shavesMixen550" thorpesBagleMehari="ribsFossaPenult">
      <asemiaDepone>reannexPomeriaDid7855</asemiaDepone>
      <plasms gerahPilus="auburns" raashDelooRanulas="coachsSpuingTabic">
        <amendeDoethMusked>storeenDeleteJehus</amendeDoethMusked>
      </plasms>
      <sakeberAtipHautein sauteed="injurerSwaggi" kallegeTropeicCronish="cavyCutlers3">
        <insigneKlnHispa>iscoseCreelsCorky</insigneKlnHispa>
      </sakeberAtipHautein>
    </ferretFib>
  </reteCanalerBribers>
  <wakemanDaemonQuartic kipchak="donk" abbatie="matRasperFidelio" grippit="kundryItemViolist9406" />
</oinkedMango>