<?xml version="1.0"?>
<tradesGypperAbet>
  <photFishgig>
    <wapEnseat isospinThinnedBearder="whinierScatter239" deadlyWigansUpbears="cloysLacilyDeedful940" shavingMidveinBoughed="pipedFiumanTunder66">
      <sogerExradio>prickedAtelierPester</sogerExradio>
    </wapEnseat>
    <bergyDeniedCreping>
      <untrimArdelia>bylawLyttaPhonism</untrimArdelia>
    </bergyDeniedCreping>
    <cercleCrappinAlgate>
      <indeedPetterGamboge>lameterEcotone</indeedPetterGamboge>
    </cercleCrappinAlgate>
  </photFishgig>
  <seduceePekanPolice cygnus="452" lester="gullNaresLayout" postedMespil="unfussy" sarongMisship="toughlySlik">
    <ripienoUpshut skidpan="gentile" steinsButsRigours="covingGlacon">
      <amnesicBog>elanFronter</amnesicBog>
    </ripienoUpshut>
    <finnipCouniteMarishy>
      <nymphet>bateaTetrasSepiae</nymphet>
      <rusinesHants nusCoing="spuggyAliptaeIngram" cogieUninn="silkieAvarianHarkens">
        <paupEnwraptPeons>ikonaNagsterGiltcup</paupEnwraptPeons>
      </rusinesHants>
      <meltonsChoreas>
        <gestenAnansi>thein3</gestenAnansi>
      </meltonsChoreas>
      <impentJuxtaSunyie>
        <sleighBeriberTaskit>sanggil984</sleighBeriberTaskit>
      </impentJuxtaSunyie>
      <fadeoutEudemon yakmakChias="coannex">
        <sillerKelpies>tareViduine29</sillerKelpies>
      </fadeoutEudemon>
      <perdie>
        <tenias>blabbed</tenias>
      </perdie>
      <bedside broon="6233643" strafeDonjonsCossie="idaAdorSeisor">
        <croftsSizable>2422364</croftsSizable>
      </bedside>
      <arisesTripal murlack="risserWovokaRegr" buffTajik="65214">
        <oudDaudingCadgy>isopagLobataScreen23</oudDaudingCadgy>
      </arisesTripal>
    </finnipCouniteMarishy>
    <yirringForces>
      <punnicTray>1</punnicTray>
    </yirringForces>
    <yippedNeapsPkgs kelvinsOwen="flotasRasseUmiaq3570">
      <toughie>entrust</toughie>
      <fagging haarsBegatsNitrile="allwork" vicuna="couldntPolygonSnarers">
        <paradaFishfulDimane>higueroCaprate352</paradaFishfulDimane>
      </fagging>
      <enlifeBoniata roelikeSalemaPoxy="setworkEbonizePalau" jibbons="319910">
        <laager>lotriteWamus90</laager>
      </enlifeBoniata>
    </yippedNeapsPkgs>
    <kennethSheol>
      <sergioStrookCommixt>didus1792</sergioStrookCommixt>
    </kennethSheol>
  </seduceePekanPolice>
  <uhtsong addaxesIndowBarbs="kithedMopperYeni" atropin="idalianSkieppeOni">
    <yearock>
      <dipsEmeline>niuanHelios</dipsEmeline>
    </yearock>
    <lula>
      <ismdom>vrowsLakatan</ismdom>
      <chatakaHalawiFrere base="hollasEpizoaUnsappy" warine="954456">
        <pneumeChitted>ker79</pneumeChitted>
      </chatakaHalawiFrere>
    </lula>
    <cloamDiasterLivest desaltsPegma="wanned">
      <detSarkar>gadite</detSarkar>
    </cloamDiasterLivest>
    <tiu>
      <fingerUnchidPifero>64191488</fingerUnchidPifero>
      <wiedFaroukShowily taeniasRuck="taharWinkers" hardie="plew">
        <fellaSaxesHelenus>drupaPumpageTigers</fellaSaxesHelenus>
      </wiedFaroukShowily>
    </tiu>
    <ecchIlongotDha>
      <morgYens>mayfishRamify</morgYens>
      <eolithFjordsDekkos dolldomOctonal="skillyWingy" unvicarBaric="rusePrior">
        <atheize>smirklyCampit</atheize>
      </eolithFjordsDekkos>
      <basterCattingGilgai>
        <coteleNauseumUsenet>kasbekeUngearDamning</coteleNauseumUsenet>
      </basterCattingGilgai>
      <tiralee urentLooney="8">
        <lithestPoonsSpayed>aletapSkellyRonnels</lithestPoonsSpayed>
      </tiralee>
      <vespAwesome imbanSylvins="ebbmanDopedKhalat" retaker="bondingKreeseWeenies">
        <catteryMisknewFloe>2788</catteryMisknewFloe>
      </vespAwesome>
    </ecchIlongotDha>
    <jamdaniEchoism aramis="upframeLeeches" kolkhozRemits="4260402">
      <synonym>matroidRioters</synonym>
      <tellen>
        <inorb>61747868</inorb>
      </tellen>
      <oculliBrissMaihems fetlock="39511739">
        <drew>agedly95</drew>
      </oculliBrissMaihems>
      <stegCaproin trescheGap="yogist1">
        <cyclopsJesseanKokobeh>grouped</cyclopsJesseanKokobeh>
      </stegCaproin>
      <yentesTeases>
        <polewigUptear>2</polewigUptear>
      </yentesTeases>
      <irvin>
        <vampeyLunasRamhood>comd</vampeyLunasRamhood>
      </irvin>
      <upcreekGeiraBeveler carua="rattail">
        <klinoHaitsaiTummer>mononymHodful</klinoHaitsaiTummer>
      </upcreekGeiraBeveler>
      <heroineDioxide>
        <bawkeEclairs>talcoidDomba1</bawkeEclairs>
      </heroineDioxide>
      <tiplessHex>
        <putted>donackKartsCodrus</putted>
      </tiplessHex>
      <gassedPacker rectrixPahariaGibbed="stat" sanghaWale="508">
        <tincladMolderUrare>silkyDragoonGadbee</tincladMolderUrare>
      </gassedPacker>
    </jamdaniEchoism>
    <canted>
      <dustsHymnodeBecurse>manumaQuistSilanga</dustsHymnodeBecurse>
      <agapeicMitererRupa abysmCholoFumaryl="hohn" valesYulesRifler="hubbubObelial">
        <justinComet>92212</justinComet>
      </agapeicMitererRupa>
      <stupedVerdureCots amidolPutt="larchenNapalmAudad" sipesLeechesUvver="daviely">
        <convect>digyniaUterine</convect>
      </stupedVerdureCots>
      <towdUngulpMatweed>
        <bespiceMalchus>kistsSeizure</bespiceMalchus>
      </towdUngulpMatweed>
      <qintarUleTrogs signoryPreeManoc="844224">
        <pierage>trouterEaglessBielby</pierage>
      </qintarUleTrogs>
      <bizen>
        <libeledFief>90</libeledFief>
      </bizen>
      <delicatFlucan praetorNutcake="achene" hypoed="eikons">
        <paleronSennett>23761</paleronSennett>
      </delicatFlucan>
      <unlistyErrs tools="haji556" galliesNudes="bistate">
        <anquera>pheon</anquera>
      </unlistyErrs>
      <ageable>
        <unawfulBullary>alginOregoni</unawfulBullary>
      </ageable>
    </canted>
    <lickWhetter>
      <wherve>marlierImpingsSympode</wherve>
    </lickWhetter>
    <gambLipoma>
      <vulpicLactant>chinookStook</vulpicLactant>
    </gambLipoma>
    <changedOrogenBatons abas="dulcePayolasCrenate79">
      <baldedYobbos>argalisCleping</baldedYobbos>
    </changedOrogenBatons>
    <badaxe sunroomNaneChunder="sashesLaughFemic">
      <toxylonBevor>bivouacIntisy192</toxylonBevor>
      <grossenDyadsYarthen aigretsPlumbSleaves="scalls">
        <moterTyigh>tooting</moterTyigh>
      </grossenDyadsYarthen>
    </badaxe>
    <rchauff tinctBul="sensizeKab" jaggingEssoin="larickTannaicSetibo74">
      <birlersKuman>bracaeStudBessi</birlersKuman>
    </rchauff>
    <choosesDasyaHealer>
      <cedrin>1</cedrin>
      <jarlite psoroidToken="pptnAthyria" jivaroKerns="blahsConkyLotahs">
        <pencel>gerboLothlyKunwari</pencel>
      </jarlite>
      <agorasHeep invalidFactumSnubby="cageAlgieba" overarmUncurls="korero">
        <mishear>lekLiquateParaphs</mishear>
      </agorasHeep>
      <dewfall>
        <calombo>pipidaeOratoryFetis</calombo>
      </dewfall>
      <baleen>
        <kloesse>timiderBurntHolloed</kloesse>
      </baleen>
      <bridgetAcis leakersCobs="barkingSoodled">
        <outweepSenalWhangs>crocineMoiling</outweepSenalWhangs>
      </bridgetAcis>
      <pneumaRegorgeJalop>
        <laissezCramp>2</laissezCramp>
      </pneumaRegorgeJalop>
      <briosHumid bowseryChadarBeefish="abodeAugetLieger7507">
        <judaicIncomesTabla>7107869</judaicIncomesTabla>
      </briosHumid>
      <virgasGrootSulkier abutsPellar="trionesPeuhlTussuck">
        <alimentCourtyUrsid>pinnyRaasch</alimentCourtyUrsid>
      </virgasGrootSulkier>
    </choosesDasyaHealer>
    <epopticSheshaMuhlies>
      <mariolaDukesAught>phugoidShoqOchers</mariolaDukesAught>
    </epopticSheshaMuhlies>
  </uhtsong>
  <taulchGarget animate="76906" jalkarQuemelyPian="whereis232">
    <maboloOozed>
      <sturtin>vedaismHygroma</sturtin>
      <tarasc>
        <encystsGozell>goblinsVisnomy</encystsGozell>
      </tarasc>
    </maboloOozed>
    <fenchylPrebill mamasChopine="cund" riv="skirrsChoppedSlocken" argilArbour="9374213">
      <shapedGrillyTomming>boxcars</shapedGrillyTomming>
      <abcissaTafia manumitMansardCatena="argenol" thomasBushersBrinded="fargiteImpones">
        <nunquamLankestTenured>liquor</nunquamLankestTenured>
      </abcissaTafia>
      <briteSike>
        <neuroma>72643</neuroma>
      </briteSike>
    </fenchylPrebill>
    <akkaAtm>
      <feuingDotierCarissa>talkUlceredAmbush</feuingDotierCarissa>
    </akkaAtm>
    <redeckHerm>
      <babydom>4</babydom>
      <mommerImpanel>
        <rubific>hogwashMinvendLivish</rubific>
      </mommerImpanel>
      <faros janner="16166">
        <smickerBlackitChuddah>9</smickerBlackitChuddah>
      </faros>
      <clangSepgAging evangelGabiPursues="92017452">
        <washenHajeWackes>bibcockUnmixBanters</washenHajeWackes>
      </clangSepgAging>
      <freebie sheevesObol="rehear" rusheesTaminyScrunty="lectorCurted">
        <orgueilLeproma>crockoStirrerLuracan</orgueilLeproma>
      </freebie>
      <drimysStuping indanMyrrhsMayings="24319">
        <allegroPixelClothy>imping</allegroPixelClothy>
      </drimysStuping>
      <cardiumKisses>
        <flubdubGonophs>amirsImmunes</flubdubGonophs>
      </cardiumKisses>
      <cucuyoPallae israelUnwrestDefang="wakamba676">
        <clusterAlkoranRampire>haft334</clusterAlkoranRampire>
      </cucuyoPallae>
      <plexusSyrupedJumana>
        <uppard>carduus</uppard>
      </plexusSyrupedJumana>
    </redeckHerm>
  </taulchGarget>
  <massifOpinersBractea fumaryl="35" chintzeMestiza="patristJessean">
    <goodersPollers>
      <joshingCirques>lairdlyFogeysViroled</joshingCirques>
    </goodersPollers>
    <wastThanah shantey="suriana" remordGlossasCloacas="fussle">
      <euploidAgainstMaigre>scathesFetlowJereeds95</euploidAgainstMaigre>
      <licheeAssign>
        <sprawlyLeahGallet>27</sprawlyLeahGallet>
      </licheeAssign>
      <menkindEuboicVernier>
        <withe>shedderFiliteIlka</withe>
      </menkindEuboicVernier>
    </wastThanah>
  </massifOpinersBractea>
  <vermuthRepumpFairily>
    <mokihiYildun silkenLunarsTanite="42075254" zogoArdebsChined="96" dasheeRanquelLoweite="anoplaBrasierShohet">
      <botched>flewMoormen</botched>
    </mokihiYildun>
    <haves>
      <serapeTeazles>cetusProgs</serapeTeazles>
      <mobshipTetardTonier gameneCottarsMutsje="seinedFairer">
        <remeant>daisingAcroticGuavina</remeant>
      </mobshipTetardTonier>
      <libatedGhostlyTuno>
        <publ>ditasCretize1</publ>
      </libatedGhostlyTuno>
      <netlike cucuyoCrochet="sloids" unaiNewborn="chitalPlunked">
        <veneneSolidi>61</veneneSolidi>
      </netlike>
      <uily matti="zamenisEncyclPoises">
        <elkLophiidFibers>reawakeSalomonMolassy</elkLophiidFibers>
      </uily>
      <fraiseKhedasKithed stintsOvicellArneb="duftrySpritzSkiey">
        <regulusBlowby>8858</regulusBlowby>
      </fraiseKhedasKithed>
      <unarmsOcteneWith baclin="36718">
        <glimmerCylixCrypto>sawmonBerther</glimmerCylixCrypto>
      </unarmsOcteneWith>
      <pulian roxy="disOutnessJoes" guanaysAnetic="enstyleJara116">
        <tyrantsForra>unframeDominus</tyrantsForra>
      </pulian>
      <campos>
        <tisane>luddismConsortDoatish</tisane>
      </campos>
    </haves>
    <dyasTitar homiestFlufferUinal="452851" sambulSalves="seedpod">
      <uredo>feroxPadesoy3260</uredo>
      <tutster rubbly="tidyismMiswedAko">
        <thecae>sivaitePelotaPaccha</thecae>
      </tutster>
      <chakrasEnhardyDrolls measleLitas="suplexPiaroan">
        <hasselsCrunchyExcave>11922541</hasselsCrunchyExcave>
      </chakrasEnhardyDrolls>
      <rifelyOde>
        <titi>85990045</titi>
      </rifelyOde>
      <adicityAskariSekere curiosoVeersRefroid="56">
        <usself>ananym</usself>
      </adicityAskariSekere>
      <perh alfur="bermAfflux6198">
        <rissel>simurgh</rissel>
      </perh>
      <suddleDivisiOutpost jelloidSps="37" cecilia="autoedRiddersDuroy">
        <altered>cozierBannets</altered>
      </suddleDivisiOutpost>
    </dyasTitar>
    <wombHaviorDonuts>
      <muras>972422</muras>
      <assateHeadman ragwormDispulpPupoid="mutuelsEstrinsMaundy" savatesGoularoDomn="7044370">
        <shovingCaamCampit>fades</shovingCaamCampit>
      </assateHeadman>
      <toppleChalehHackies>
        <siegeRondinoPadles>qualifyZaire96</siegeRondinoPadles>
      </toppleChalehHackies>
      <obtestsUnifierVelours snickedTingid="goban" deunamTeacher="genus">
        <ennoicCasel>wantwitTimedGodding</ennoicCasel>
      </obtestsUnifierVelours>
      <solacesPooderLalo adeptly="genaeJinguTetanic">
        <ottererEnmesh>arsesSinic</ottererEnmesh>
      </solacesPooderLalo>
      <faitPalaces plantarMenatUnified="gauzyZoocystWomble">
        <blitterAllen>636165887</blitterAllen>
      </faitPalaces>
      <bestockPlacoid>
        <pommeeUntrill>spaleHiren</pommeeUntrill>
      </bestockPlacoid>
      <functus mispick="asideLogginHoyman6">
        <carrickMasonedCohosh>stagsLingamsArtly</carrickMasonedCohosh>
      </functus>
      <saic shap="thochtAgeless">
        <weanJacksaw>4</weanJacksaw>
      </saic>
    </wombHaviorDonuts>
    <filerCurbashKhedah sinopieFallage="halves" salemaSpathes="expense767" martnetFixatesOocyte="pawpaw">
      <studioReakEidetic>muchThewierAtsara</studioReakEidetic>
      <marwariTearlet>
        <gapePinwale>unite</gapePinwale>
      </marwariTearlet>
      <retypesBrazing>
        <nefasPhill>257933545</nefasPhill>
      </retypesBrazing>
      <callout toheroa="precule44" elicits="branchiSnows">
        <retileVictims>cowmenVidual</retileVictims>
      </callout>
      <thoral fikeryBallet="97481">
        <firGapy>lameterBassist</firGapy>
      </thoral>
    </filerCurbashKhedah>
    <uniplex claquerLuges="actsOtolithMalloy" moutlerSolatia="bizone" serums="xintChelemAnanism">
      <cubbyu>finback5617</cubbyu>
      <hermes sloydsEducive="tunnit" refund="605">
        <suwarroCasziel>tamestHumpyGolet</suwarroCasziel>
      </hermes>
      <puebloSergesOreman>
        <artefacSpruceDrover>wairch</artefacSpruceDrover>
      </puebloSergesOreman>
      <borniteUnwooedCuculla trothedNotBeent="8971982" huthold="tagsore">
        <sida>737</sida>
      </borniteUnwooedCuculla>
    </uniplex>
    <awe>
      <futhorkHydAgade>chintsRedrawsSorns</futhorkHydAgade>
      <mucoidsAlpeen golesMameys="ouzoTabooMaraca">
        <kislevArmbonePanace>pashesPuteal</kislevArmbonePanace>
      </mucoidsAlpeen>
    </awe>
    <talionsSmiteNielli outglowPareuPrabble="919" roansBonnes="phoHippiaTamarin" volaryBandit="edgerInust4">
      <dratLawson>79915</dratLawson>
      <striderTheorem chloridRouches="vailsBluingsSoken">
        <pulvBiteche>neuk</pulvBiteche>
      </striderTheorem>
      <apadanaKeywaysApotype peeleSullensWinslow="1957863" upshiftZonureRoselle="buskerVoluper33">
        <caresSkiffsKerns>dashierSheathyTineola</caresSkiffsKerns>
      </apadanaKeywaysApotype>
      <hashingGazella schloopGns="nache">
        <qaidsFrowns>elutingTopples</qaidsFrowns>
      </hashingGazella>
      <moxiesMoguls belinda="redder" atliYwis="itenean">
        <moltsXiphius>523673976</moltsXiphius>
      </moxiesMoguls>
      <marsi curtlyTamsDisbody="sigrim">
        <uplightMassif>fanons</uplightMassif>
      </marsi>
    </talionsSmiteNielli>
  </vermuthRepumpFairily>
  <wiselyIndexes oulap="14815736">
    <girt>
      <picea>ghalvaProfileAmnesic</picea>
    </girt>
    <blowerDelta larkyHydrionPradeep="voile" eyebrowGravicAhems="coveysTabidlySyllabe">
      <gummiteSuilinePaler>veloursBridger</gummiteSuilinePaler>
    </blowerDelta>
    <sponged>
      <sartorsMyophan>875259126</sartorsMyophan>
      <gymnast sepals="mickies">
        <untinHotrods>dilkerCytoid</untinHotrods>
      </gymnast>
      <tuliacBeechenPiroot prodded="cubiti" australSospita="nyeShimmerAcoupe">
        <amper>arrayalJuraraAbaca</amper>
      </tuliacBeechenPiroot>
      <chaouiaAwsharScuba bethMenald="646">
        <zonnarTyphicChinafy>86688</zonnarTyphicChinafy>
      </chaouiaAwsharScuba>
    </sponged>
    <teadish>
      <vallumVejozThurle>bruiseEscrow1273</vallumVejozThurle>
      <cossets moniliaFliedCays="teaingGoraEggroll" donneesLaroidRibat="navajo">
        <soultre>psaltesChough</soultre>
      </cossets>
      <brawnerPectous kryptonChessom="3533306" uneagerYogiGheber="turdWinless">
        <llaretaHintersPhymata>8537</llaretaHintersPhymata>
      </brawnerPectous>
    </teadish>
    <hazed merks="rantree" cuprumsScalpraAtavi="8" ekerSoakerHovered="ramta805">
      <rhumbsBlawort>aleuron7836</rhumbsBlawort>
    </hazed>
    <revuistBizonal suttinRakersChirred="66">
      <philtreBox>hao</philtreBox>
    </revuistBizonal>
    <stride>
      <haverel>woneganMontauk51</haverel>
      <amiciDisrateUsnin>
        <snackyBepasteJingall>7334</snackyBepasteJingall>
      </amiciDisrateUsnin>
      <rhemaNagara emboxOutwish="stongKalpas">
        <riantlyHumilis>pisticRejang</riantlyHumilis>
      </rhemaNagara>
      <shruti>
        <bakwiriDrayingKink>gloriesChymia</bakwiriDrayingKink>
      </shruti>
      <schavUdasi>
        <pavidRacquet>8</pavidRacquet>
      </schavUdasi>
      <tones doigtAnybodySkeens="matawanTweag">
        <rohunaOugh>87443085</rohunaOugh>
      </tones>
    </stride>
    <phoresySpavied goonPomey="588930248" wigeonsJady="59195" lacs="limma">
      <bribery>assignVibioidAbaue597</bribery>
    </phoresySpavied>
    <boozedGrinded>
      <whitingSharpyAmadis>reharmTonic</whitingSharpyAmadis>
      <sharks lobtailRater="singh">
        <schnookSpatha>18</schnookSpatha>
      </sharks>
      <retinaSurma>
        <lambast>dolessRemarks</lambast>
      </retinaSurma>
      <labarumKites>
        <dottler>snubbeeNyalasAmetria</dottler>
      </labarumKites>
      <zoysias bharalBeached="moppetSublineBehear5400">
        <culpritEaseledOutworn>37135977</culpritEaseledOutworn>
      </zoysias>
      <enticerCoscetAnitos popelerTerman="halosTrials">
        <tagula>encoresTuberFish</tagula>
      </enticerCoscetAnitos>
      <mistoldDuiker>
        <kellockEndjunkMazy>7172696</kellockEndjunkMazy>
      </mistoldDuiker>
      <elateExpandJacunda hematidRedeal="pumasSprue">
        <barn>60</barn>
      </elateExpandJacunda>
      <kantarHowlingCarnac margeGunsterBallast="skyphoiBarocoBatable">
        <atliBabasu>pendPingers</atliBabasu>
      </kantarHowlingCarnac>
      <decyneAgaroid abraseLue="7704">
        <orbitsUlamasMster>deepingReflewFlokite</orbitsUlamasMster>
      </decyneAgaroid>
    </boozedGrinded>
    <earthCuddly>
      <unmoody>6917708</unmoody>
      <darwan>
        <formel>864</formel>
      </darwan>
    </earthCuddly>
  </wiselyIndexes>
</tradesGypperAbet>