<?xml version="1.0"?>
<tampersUppowocBolag>
  <pentadHowsManeh ashamnuMoyoCallo="steamyAtones" lapin="tackifyBlunt" />
  <titmen readiedExciteWellies="993" />
  <phloemsPickets>
    <dahoonsSpeils>
      <armsNoiler>31244573</armsNoiler>
      <porketProtome leviterUnslackNilled="chordeeOsheaReflies">
        <bespawlBedawnSukkoth>secusSacques</bespawlBedawnSukkoth>
      </porketProtome>
      <coupure>
        <setulaWhensVein>8514</setulaWhensVein>
      </coupure>
      <shiatsuKimchee>
        <lauansBogatyrAchter>sledderSix</lauansBogatyrAchter>
      </shiatsuKimchee>
      <hoisterSurreptMousing>
        <ilpirraPilfers>yelpersLuffedLathi</ilpirraPilfers>
      </hoisterSurreptMousing>
    </dahoonsSpeils>
    <obligorVerminyKryptic driestWiringTuik="mpgPoustieAddling" johnson="vinalia84" regatta="arrodePower">
      <gillotRenownMachila>zanjonDewanee</gillotRenownMachila>
      <annetteOmni>
        <biddingLaments>warheadDolled</biddingLaments>
      </annetteOmni>
      <ulsterFossilMuckman twiltRatwaGuanyl="nacry">
        <nauseamSekani>3747</nauseamSekani>
      </ulsterFossilMuckman>
      <infHawkeysTrucing biduous="tum570">
        <quatreAcerae>bulgyBucerosArvo</quatreAcerae>
      </infHawkeysTrucing>
      <gaet inyoke="riantly">
        <amydon>granchIsidiumHurgila</amydon>
      </gaet>
      <rerisesMoro>
        <restir>cruth</restir>
      </rerisesMoro>
    </obligorVerminyKryptic>
    <croupalHonorerScad>
      <unthinkFartingMolvi>buggerNickpotMustify</unthinkFartingMolvi>
    </croupalHonorerScad>
    <isologs foldenDubious="heed" corsiteTinhornDesorb="191142">
      <ankletsKarewaGoggly>croft</ankletsKarewaGoggly>
      <mittsWylesDeirdre garranConvert="eireneSnaky" stylarOilmen="826556340">
        <astrol>dwineChandi</astrol>
      </mittsWylesDeirdre>
      <famineGnoff scewingCuprideGonid="parredAlpianAgrafe">
        <wearAwadhi>epocheRegaldTarrow</wearAwadhi>
      </famineGnoff>
      <sortiedKosherRaptors woodmanUtopist="vaccineSnookerSallow" isogyreCooey="rigidPristisCrases">
        <crapingRelaxedOvoids>7436</crapingRelaxedOvoids>
      </sortiedKosherRaptors>
      <cestusBlightSaccus coercesBestayShaffle="crosnesTungosCurate">
        <tsonecaDisknow>karshaGomeril</tsonecaDisknow>
      </cestusBlightSaccus>
      <karlingRunts dirgyGlug="unfalse" slicker="lumpenMetumps">
        <honedCacao>secs</honedCacao>
      </karlingRunts>
      <cuerpo lexicaTheatryBiceps="akwapim" pombeHacksawBrews="lagettoPerform">
        <cantalaNichesGaucho>sordini</cantalaNichesGaucho>
      </cuerpo>
      <hirundo>
        <whamsButoxylLuri>aloetic</whamsButoxylLuri>
      </hirundo>
      <querreNunclesFresco upases="jagerAim40">
        <wishlyRodolph>candClingsRoynous136</wishlyRodolph>
      </querreNunclesFresco>
      <abbUzara davachWantTonally="downlieProssySoothly" fizzing="illuded9">
        <unbenchCashou>lepaThiol</unbenchCashou>
      </abbUzara>
    </isologs>
    <midmorn>
      <zabti>pyrazin</zabti>
    </midmorn>
    <dolls>
      <flamesEphydra>3351</flamesEphydra>
      <hogwardValvulePaterae>
        <amidolsTubule>congerMoperyShamus</amidolsTubule>
      </hogwardValvulePaterae>
      <lentner fondusDraggerIgnavia="6992">
        <cpl>5366985</cpl>
      </lentner>
      <weenty creaghtGasps="ileusEnsete">
        <unvenalBenn>tinware</unvenalBenn>
      </weenty>
      <sooloosHashes carrysLipoids="whilk76" nurryPalesRebasis="2">
        <omegas>weedierWhollTornit5245</omegas>
      </sooloosHashes>
      <indic waesomeDaunHemself="89603093" goladarSetlingUpsoar="outsTubba">
        <unladed>swaggieAmylose</unladed>
      </indic>
      <papingo>
        <agnel>ruggownCothonWains</agnel>
      </papingo>
    </dolls>
    <medici>
      <xiphiasDuplexsDream>bahaist</xiphiasDuplexsDream>
    </medici>
    <hovenCeltism batekesLeathBewwept="umpiresRelap">
      <adarDebeak>babelCaeomaGunnel</adarDebeak>
      <yunca>
        <notchedShoggedArbota>7994195</notchedShoggedArbota>
      </yunca>
      <modernsDamnersCyanus>
        <hordock>unspokeCowryMargosa</hordock>
      </modernsDamnersCyanus>
      <benward dahliaSuints="boniata4" norbertCraner="farcersLgth2256">
        <sires>joomJudoCaffein</sires>
      </benward>
      <aslantAerugosTidiest spearyLordWomanly="ugliestAstian">
        <tidbitsBrankieUshas>6581</tidbitsBrankieUshas>
      </aslantAerugosTidiest>
      <julianMerinos>
        <nonstop>6149</nonstop>
      </julianMerinos>
      <grinder sprugWrapperSempre="balsa7">
        <takahesBeback>57</takahesBeback>
      </grinder>
    </hovenCeltism>
    <menowJunkers>
      <muckilySawyer>pappies100</muckilySawyer>
    </menowJunkers>
    <beylik>
      <sistingThawersNovelly>sylidTsktsksHoey</sistingThawersNovelly>
    </beylik>
    <guidingFarrand>
      <loamily>refletManoboEtatist</loamily>
    </guidingFarrand>
  </phloemsPickets>
  <obolosBruits bumpedMazurGibbier="pingers">
    <furtherElianicSeders>
      <tutorerRandir>4</tutorerRandir>
    </furtherElianicSeders>
    <posit>
      <playfulDemobs>memoryGristle</playfulDemobs>
      <comber>
        <hombresSnipePsis>crepineOutfelt</hombresSnipePsis>
      </comber>
      <gadman pediadSodaicAerated="gossips" neurinOuthireGelled="fenchol">
        <ahungry>ergUndogSibrede</ahungry>
      </gadman>
      <pregame atinkle="anselm">
        <wairshPsetta>365</wairshPsetta>
      </pregame>
    </posit>
    <getlingFleeceTiao>
      <koklassAtoners>corerApagogeDetune409</koklassAtoners>
      <topworkFribbyEvilest>
        <kepisAwnedTiklin>hypothGuarderRunite</kepisAwnedTiklin>
      </topworkFribbyEvilest>
      <bialisUpases>
        <reedy>sentryTrustsLipidic</reedy>
      </bialisUpases>
      <leon baggieClupeidPrefer="videndaTechous21">
        <stotRelime>3040387</stotRelime>
      </leon>
      <immixedCendrePlouky>
        <aladaChevreIsoneph>meltingSubage</aladaChevreIsoneph>
      </immixedCendrePlouky>
      <dipala gothite="739" parkeeTocoCondoms="kam">
        <snotterSperketGrouses>niddick55</snotterSperketGrouses>
      </dipala>
      <nazirGoosier aspergeGigglyJelly="normansWrittenChaunt">
        <glozedFirkins>topknot</glozedFirkins>
      </nazirGoosier>
      <widgetsCloyneDatto choosy="sert" antibug="forbMulismRiddam">
        <elk>ulidia</elk>
      </widgetsCloyneDatto>
      <upridgeChancreFulcrum>
        <resend>justedNoggingFriezes</resend>
      </upridgeChancreFulcrum>
      <acequiaQuinuaHornful>
        <lagans>worsumAuntieUnbred</lagans>
      </acequiaQuinuaHornful>
    </getlingFleeceTiao>
    <armed>
      <promoteExarchs>vivresDarbies</promoteExarchs>
      <vibriosFriary wrongXint="hunchesBakuDubbin" abluentWherrit="snaithVicuaRomal">
        <glowfly>braving</glowfly>
      </vibriosFriary>
      <cobhead girlismTracHapax="dinkeysTennu57">
        <andrew>kwartaPiccoloSlavize</andrew>
      </cobhead>
      <bundledAuraSanders subeditWeald="mothierFestine9232">
        <tarosTangBlendor>44008924</tarosTangBlendor>
      </bundledAuraSanders>
      <micellJanus plaicesCtnEndured="bullit" kinbootWindel="racking">
        <untrimsBeqwete>gluiest5753</untrimsBeqwete>
      </micellJanus>
    </armed>
    <hidersJetteauSpense>
      <bendedNutwoodCellae>evejarLapfulTwiddly</bendedNutwoodCellae>
    </hidersJetteauSpense>
  </obolosBruits>
  <spet miragesTurrel="recursTunicle" unrobesEoliths="pinacolMarian4780" />
  <augererLudditeRouleau>
    <antisunCaburn>
      <urethraMichabo>663116342</urethraMichabo>
      <sotter>
        <fogman>trickUndevilVirilia</fogman>
      </sotter>
      <chiles impairThinksSertule="stond87" striken="yapockMoyl">
        <archaeTheasumBarbone>1780314</archaeTheasumBarbone>
      </chiles>
      <hematidMastman tejon="coachy" retunesArnicasKoppas="refugia">
        <subwarAll>floodedSugamo31</subwarAll>
      </hematidMastman>
      <duennasSyncom poretPerlidAppulse="angst2">
        <nonform>gonake624</nonform>
      </duennasSyncom>
      <breezesLustral mouzah="7" striga="27098376">
        <lonelySubicleMoudy>2374</lonelySubicleMoudy>
      </breezesLustral>
      <bezantCoys cedens="doeg">
        <atlatls>julesTalariaImpack</atlatls>
      </bezantCoys>
      <kissingCoolly waferer="wombs">
        <unhewnMisput>3441315</unhewnMisput>
      </kissingCoolly>
      <darrylEndark qaf="fussers" huntersSubheroCoroll="pedule">
        <bilabeAradoPici>eoliths</bilabeAradoPici>
      </darrylEndark>
    </antisunCaburn>
    <regrede>
      <viversWhensoCretism>infaresNassaCultish9126</viversWhensoCretism>
    </regrede>
    <sjaakBeezers>
      <smelly>baggy63</smelly>
    </sjaakBeezers>
    <accusesDishedFinbone>
      <hurrahsRentage>4239948</hurrahsRentage>
    </accusesDishedFinbone>
    <buscarl curringOjibwayVenous="81504" gawksTotLamish="anconesJoshuaPisses">
      <coactGlaiket>39867</coactGlaiket>
    </buscarl>
    <rollerBusted>
      <oglesOogenyTonguey>2120</oglesOogenyTonguey>
      <rikshasAstrand>
        <hookerAffloofTaster>ichthus</hookerAffloofTaster>
      </rikshasAstrand>
      <lbwOolly geomalyAvoidedPundum="philtreSpasmedPrevued">
        <motocar>5</motocar>
      </lbwOolly>
      <refiner whetileArtarin="quippedAletheaLettuce628">
        <fibrilsImanMotet>swattedOctonal</fibrilsImanMotet>
      </refiner>
      <bonitaHairedLatinic>
        <kanoon>rewakenParky</kanoon>
      </bonitaHairedLatinic>
      <amebulaScfmTabitha racket="setariaHillyObjects" theaveProfaceKellys="9">
        <tacosArsacidCabling>30681830</tacosArsacidCabling>
      </amebulaScfmTabitha>
      <cuistenUnfill contraBiplane="potboysTradersSnobs26" askoyeHeardAvocate="mmfInclusa">
        <wallopsWrimpleTabby>outformAverrer</wallopsWrimpleTabby>
      </cuistenUnfill>
      <nidgetsEscrowXerus peachenRennet="75">
        <senatus>4407</senatus>
      </nidgetsEscrowXerus>
    </rollerBusted>
    <shroved>
      <wagsNarcs>puleCouthsAbater</wagsNarcs>
      <banjore kurn="waeWeigelaBeezers">
        <scott>ominaMoolahAmadous</scott>
      </banjore>
      <curariRickey ariste="tenantsSaturn" mondialToodleFuzzed="350">
        <lengTiswinAnguloa>pipetteGaloresHalfway54</lengTiswinAnguloa>
      </curariRickey>
      <wetchedVarve>
        <assheadAstrain>valinch</assheadAstrain>
      </wetchedVarve>
      <badder renigsThrouCobaea="36403517">
        <dustragJarhead>cozeierTortaKinglet</dustragJarhead>
      </badder>
      <excheatDoceticDespair logchipForhowKas="9057" unitudeWeeweedHooley="djinnTzetseBesour">
        <odalmanToddle>laicise</odalmanToddle>
      </excheatDoceticDespair>
    </shroved>
    <unpiles>
      <departArgasidVulvar>zeguha</departArgasidVulvar>
      <polesaw agamoidKips="faweProfreGirja" tuggersPats="phymasFissateSumo7625">
        <bilboaMondegoMisship>piggish</bilboaMondegoMisship>
      </polesaw>
      <toucher uphillBesidesAmoeba="bustic" teleiaDefleasZion="ferterGreat">
        <scummerMedevac>upturn</scummerMedevac>
      </toucher>
      <intonerHaustus petlingNasions="stamens" playfulWalloonHewe="2493707">
        <sisi>wurrung</sisi>
      </intonerHaustus>
      <gladysHoboedElain scarryZinging="snoke" crocketAlipataHoys="shapierButomusAraua">
        <unstrapNaleThroats>sexpotsEnhort93</unstrapNaleThroats>
      </gladysHoboedElain>
      <rusher conuleFreqHandily="lentosBrailleAnd" prestlyWooden="birringOoidalRims">
        <scrying>oftJacob</scrying>
      </rusher>
      <canid break="713">
        <livishGoladarJaggary>39295996</livishGoladarJaggary>
      </canid>
    </unpiles>
    <churl dripper="2" nonylicBocoyReister="pharian" tailedEanling="ganevSayidCurchef850">
      <alticaStunt>solventNoncashDipnoi</alticaStunt>
    </churl>
    <anticlyCuchia curetIcarus="607121033">
      <tenantsTurban>516318486</tenantsTurban>
    </anticlyCuchia>
    <vilerDrouYava droneDelictsDiiodo="3" reiter="scummed" peacesLida="striderSeisors194">
      <dobraoPekins>407666</dobraoPekins>
      <sigillSorghum heiminMassedKrills="hydroa">
        <nicking>ensuredUniusReh</nicking>
      </sigillSorghum>
      <nullingAboutPotoroo reboteRascalsKoellia="604536" galerus="fangedSpreadyVeloute63">
        <nonsineDoddieOhs>cheve</nonsineDoddieOhs>
      </nullingAboutPotoroo>
    </vilerDrouYava>
    <yarns>
      <bans>fulmar</bans>
      <nozzles>
        <enfreeAnkhsSpaying>wilgaBassaraRides</enfreeAnkhsSpaying>
      </nozzles>
      <cacajaoMixup kytheTippetSowle="nodatedCakra">
        <broghSartageRenes>dossesMeratiaTutmen</broghSartageRenes>
      </cacajaoMixup>
      <forzatoWanted>
        <dap>cabuja</dap>
      </forzatoWanted>
      <shelder typicum="crimpedChukchi">
        <rompish>yabbersDurstCuffer</rompish>
      </shelder>
      <spewed nexumNighs="sexist" goodyAits="driftyGuildsXarque">
        <dianaGarfish>lurg</dianaGarfish>
      </spewed>
      <brinded burthen="facingXeriff">
        <juniataAraraKarou>lapcock</juniataAraraKarou>
      </brinded>
      <epigoneGauzyAurify kyurin="pensilsPalp">
        <swervedCleoid>genoasLotic</swervedCleoid>
      </epigoneGauzyAurify>
      <satronRecalkMoola hymnalsHameltGrillee="559140" kantar="chiliad">
        <arachNarwals>3976</arachNarwals>
      </satronRecalkMoola>
    </yarns>
  </augererLudditeRouleau>
</tampersUppowocBolag>