<?xml version="1.0"?>
<embryoKarthli>
  <lippenVoltaSewar balletIsedDogship="50" />
  <coignedSpoking />
  <zarnichPlasmasComous tittle="4295" ablareMisuserJussel="32817857">
    <canadaTenoned>
      <haloingSpurtIcings>firked</haloingSpurtIcings>
    </canadaTenoned>
    <goodbysModist>
      <buritiSawish>9</buritiSawish>
      <willeyFoldout>
        <telegn>tigonHexyls665</telegn>
      </willeyFoldout>
      <soppierVianderCruppen tufan="deliriaEnsnarlShove922" wrotheMobbedDrifty="rulableSuevianDenote">
        <seemedCostume>wankelTapetta</seemedCostume>
      </soppierVianderCruppen>
      <riverUpupoidArusha>
        <ruche>margin</ruche>
      </riverUpupoidArusha>
      <fellers khayaMhosAxiate="reckonsMournedCero" witneyKnubEluxate="amylon">
        <gustoesLumpmenAvenant>4855786</gustoesLumpmenAvenant>
      </fellers>
    </goodbysModist>
    <tozeWeezeBifaces>
      <tofterMoonieBritts>90</tofterMoonieBritts>
    </tozeWeezeBifaces>
    <sindocWaukenSeamost>
      <mistleWispier>3604341</mistleWispier>
    </sindocWaukenSeamost>
    <charmed>
      <hitchedSpeenCoronas>chyles</hitchedSpeenCoronas>
    </charmed>
    <holloBirdeyeColtish>
      <shoddySkeelyDensity>gift</shoddySkeelyDensity>
    </holloBirdeyeColtish>
    <carryonOwsenOdylic maireCuneus="1707825">
      <canale>viner</canale>
      <frailes ichthysBarytonInneity="bothieMonismToited">
        <misesRiboza>roucheIsomereMyomere</misesRiboza>
      </frailes>
      <camus>
        <primacyArtsBanians>trilit</primacyArtsBanians>
      </camus>
    </carryonOwsenOdylic>
    <uke>
      <indigoForesey>urianBowdenFrush</indigoForesey>
    </uke>
  </zarnichPlasmasComous>
  <ratwoodCyamid />
</embryoKarthli>