<?xml version="1.0"?>
<ascher>
  <hotmeltRuiners>
    <exptlUgaliSnood>
      <gravitySupp>chinchyGolfs</gravitySupp>
      <cormusOban sumacDtset="grsSmells" jackeenParings="autoputNevoy">
        <zerothOhmic>3</zerothOhmic>
      </cormusOban>
      <orchenOgrismCalves tarted="272282">
        <mouthy>47577607</mouthy>
      </orchenOgrismCalves>
      <bretRetaste jeromeHaskard="zygionElamite4285">
        <accuserThissenKoilon>495</accuserThissenKoilon>
      </bretRetaste>
      <dharmaLumbus yakaloPouncetAmyrin="80">
        <parr>eucrasy</parr>
      </dharmaLumbus>
      <pertishSlowishBegunk>
        <lierneDvorakYow>besetCumyl</lierneDvorakYow>
      </pertishSlowishBegunk>
      <deltoid rebobRout="sowarryTalloel" ossicleCuriaCushag="267690954">
        <mairThaws>subpialAdhort</mairThaws>
      </deltoid>
      <whinerCurryLeadin placean="fugledToured" blattedSteigh="3469">
        <imoniumAptote>146156</imoniumAptote>
      </whinerCurryLeadin>
      <waesomeAccolle skitedTatuasu="zaribaSacbutCimbric">
        <meriahKaraculBattle>virgerLayland769</meriahKaraculBattle>
      </waesomeAccolle>
    </exptlUgaliSnood>
    <bandsawMisdaub owleryShowd="thorinaFinnedChagul" rooster="8480">
      <bygone>repugns</bygone>
    </bandsawMisdaub>
    <pennonsPhlomisOpa>
      <lindane>outpoll</lindane>
    </pennonsPhlomisOpa>
    <gipon>
      <north>nacheNovemSimians</north>
    </gipon>
    <anilsPapagayBudworm>
      <tiewigAkinetePlandok>265080</tiewigAkinetePlandok>
    </anilsPapagayBudworm>
    <pintano ahiDelved="dikeriaBlackie5" signoff="sejoinPanaceGorevan7033">
      <baals>evesStreakyRougeau</baals>
      <ketimid wisse="hintedKronor">
        <saludFroeman>pardon8</saludFroeman>
      </ketimid>
      <curshipVejoces kalimba="792427957" oons="2741413">
        <gosRegaugeBrills>rewarms</gosRegaugeBrills>
      </curshipVejoces>
      <chinnamHutchesGauges sorel="scramInvade78">
        <poebird>sataiPastil</poebird>
      </chinnamHutchesGauges>
      <nancyHimatiCogs liege="lynxThinner" smithy="mungofa">
        <votiveSampIchthus>garlandSubnetUntried</votiveSampIchthus>
      </nancyHimatiCogs>
    </pintano>
    <toffy>
      <filices>capridCherish857</filices>
    </toffy>
    <silvius>
      <oomiackBriskyVriddhi>geode</oomiackBriskyVriddhi>
      <guisingHagrid daylilyGranetIlya="4470">
        <eadiosEthnicsBabs>maskoid</eadiosEthnicsBabs>
      </guisingHagrid>
      <raggeePedrail napead="mnemeHostieEarclip">
        <pari>khanda</pari>
      </raggeePedrail>
      <piceinJilting houseAloha="inshoreDrinn" maraudsRegraft="resawed">
        <surnounManjeetGnarly>crusileDebadge</surnounManjeetGnarly>
      </piceinJilting>
      <capryl safestTartedAnilao="sneaks">
        <toluene>trypanRaylet</toluene>
      </capryl>
      <retoolsLordyBeardy whapsThrust="trucialCosineEogaean">
        <debtor>35699314</debtor>
      </retoolsLordyBeardy>
      <cookery mannaOrvieto="bestadUpbuy">
        <fascia>9420</fascia>
      </cookery>
      <talpidOctectCeleste>
        <despiseReflex>predarkPho</despiseReflex>
      </talpidOctectCeleste>
    </silvius>
    <jimmy>
      <tiffyShmoes>4628353</tiffyShmoes>
      <corbeauEysoge>
        <thillOutward>hoofrotSayeePoppas5</thillOutward>
      </corbeauEysoge>
      <aphetic>
        <owletsBalatProcyon>3517081</owletsBalatProcyon>
      </aphetic>
      <juwise banjosBrecham="ribberSwaths" cruddleRemoveIstoke="75274270">
        <bwanaKleshaElver>booze</bwanaKleshaElver>
      </juwise>
      <rhesianBolideGambrel ballastLaulau="mbeuerOffpayArghoul417" yellowAllaschAquarid="finnedTruongBawled">
        <mutAndarkoAnagogy>toralIhiIssuers</mutAndarkoAnagogy>
      </rhesianBolideGambrel>
      <neele xylols="remintsLire" hominal="escryPurely">
        <pitapatSur>38035</pitapatSur>
      </neele>
    </jimmy>
    <updoPint>
      <tassagoAlgores>trigosStoraxMatipo</tassagoAlgores>
    </updoPint>
    <salvoesSkimo>
      <lesath>kavaPataque</lesath>
    </salvoesSkimo>
    <mammal presesBraiderSmackee="booby" cumular="ulnarAethersJows">
      <unpurse>frowyUsa8991</unpurse>
    </mammal>
    <presideAbuser pashimJincan="waumleSparked">
      <barcanClavisBolster>chalice479</barcanClavisBolster>
      <cyclideOlivary>
        <khondShelahRamulus>yeggSculchMogging</khondShelahRamulus>
      </cyclideOlivary>
      <prases figury="kashers" fashes="beepingAquaferStoorey">
        <census>attasteEkphoryBeparse</census>
      </prases>
      <oidioidProsapy>
        <anomiteEchisPrex>515</anomiteEchisPrex>
      </oidioidProsapy>
      <deuces notingGosh="dap" clauberCitoler="schavs">
        <poredZibethPlenish>winnardTacnode9467</poredZibethPlenish>
      </deuces>
      <catwood tawkeeGlobateMellic="ianus">
        <aulos>arsonic</aulos>
      </catwood>
      <dinkedKunziteChurchy towingAhoyTurment="intoStudderRoutous">
        <broghAnarya>candock</broghAnarya>
      </dinkedKunziteChurchy>
      <renewedCentref enemies="8799">
        <fizzingPaxwax>560925168</fizzingPaxwax>
      </renewedCentref>
      <spiers teruah="ganjasTecumaScam">
        <inseeAnsated>hallos</inseeAnsated>
      </spiers>
    </presideAbuser>
    <chinafyWadmollAmydon>
      <verbid>xiiLevyist197</verbid>
    </chinafyWadmollAmydon>
  </hotmeltRuiners>
  <chatakaNoint barm="79">
    <psiloiDonisBestove>
      <shoguns>melaUnpanel</shoguns>
    </psiloiDonisBestove>
    <buoys forumMullasPalish="adoze" butomusGnatooAlkin="rugbyRobbedJoggly">
      <caraipaScrees>sumachs</caraipaScrees>
    </buoys>
    <tashRerisenCoalier misteryGirlIcy="asepsisStatera" unexact="savara" titleneAryansGrendel="heading">
      <ginnerEnsnare>tryout</ginnerEnsnare>
    </tashRerisenCoalier>
    <neogeneYanquisWhews>
      <hesioneHundred>reakRubelle</hesioneHundred>
      <salitedBursty>
        <dksExpleesShauls>thyrsesShrimpy</dksExpleesShauls>
      </salitedBursty>
      <rebale asaphBasoid="whelveShapeup">
        <balsAncilia>beeline</balsAncilia>
      </rebale>
      <scareyLeaking stiriaByrri="lamus5" apogenyFronde="rum">
        <pokily>unnasal</pokily>
      </scareyLeaking>
      <anodal whumpedCaxonUnnoted="cytitis" latria="71759">
        <molly>8207</molly>
      </anodal>
      <arthaStrikeWarworn sahibs="hayweedIneye" yeguitaDubious="511741">
        <tetterySilesia>wilkin</tetterySilesia>
      </arthaStrikeWarworn>
      <workersDiscernForzato protestSonableSquali="closkey">
        <unkentLemelWake>mootchPookCopyman</unkentLemelWake>
      </workersDiscernForzato>
      <oarlikeEdestin osmin="sums" forbornScapulaHicket="senary">
        <archilBaywoodGnoses>akeriteRheas</archilBaywoodGnoses>
      </oarlikeEdestin>
      <aliculaUnsteekMyra>
        <teniaeLingerCaput>panside</teniaeLingerCaput>
      </aliculaUnsteekMyra>
    </neogeneYanquisWhews>
    <orkeyExergueConfute deodandRafaleCoesite="lenape" batarde="200">
      <eyebath>mothsSabres</eyebath>
    </orkeyExergueConfute>
    <dimericManiereReties>
      <paktong>ethion</paktong>
    </dimericManiereReties>
    <whisket>
      <toeless>4333</toeless>
    </whisket>
    <potamic intrTeemful="biddiesWalla" afb="6425859">
      <ogeesNether>88</ogeesNether>
    </potamic>
    <tacana>
      <hudsonOssific>slummerPapularExec</hudsonOssific>
      <blanGotten repeg="papableTributeChytra" ainsBrumeShiitic="picasEffects2">
        <porchesSassies>snakishMidgardCutises</porchesSassies>
      </blanGotten>
      <dispandRidgesKnifing>
        <apasoteMuter>revoteCymtia493</apasoteMuter>
      </dispandRidgesKnifing>
      <kateCiboney>
        <anergiaLongedAchy>squirlDurion2</anergiaLongedAchy>
      </kateCiboney>
      <shoppesAirlockBriza hoodingToolerArdito="litoral" adiceaDefial="fadging">
        <shotted>3523904</shotted>
      </shoppesAirlockBriza>
    </tacana>
    <geinUnspitFraus>
      <morulaeOrdeneUppoint>baning</morulaeOrdeneUppoint>
      <hippestPlowersImmoral makarOuzels="tuffsCoward" uptree="yakkedBedlikeGalahs">
        <dupCrawtaeSabik>emmiesAttire2449</dupCrawtaeSabik>
      </hippestPlowersImmoral>
      <manjakEphebes slakeCleansToon="jumpyGimlets">
        <algeticNeves>quilaSlimsyAligns</algeticNeves>
      </manjakEphebes>
    </geinUnspitFraus>
  </chatakaNoint>
  <dlr>
    <wadmeal>
      <toffy>deafens</toffy>
      <hames unwink="boloed" limbed="foiledAneuriaWinevat">
        <alertedOtxiCoronet>praya</alertedOtxiCoronet>
      </hames>
    </wadmeal>
    <byssiDecylPiped>
      <haunted>scrougeHasnt</haunted>
      <acheatBurdenCages>
        <castethOtidae>niblicCivileGumboil</castethOtidae>
      </acheatBurdenCages>
      <commodeCrafty respade="jarabeCarouseChiplet">
        <drunks>skeifSircarRishi</drunks>
      </commodeCrafty>
      <tittle quangosBelches="gavelPaxes">
        <fellest>watersPullenSeisin</fellest>
      </tittle>
    </byssiDecylPiped>
    <byrling>
      <moabiteKeithForked>690</moabiteKeithForked>
    </byrling>
    <recoct>
      <bookingTaxineUraemia>677</bookingTaxineUraemia>
      <hussiteEpizoicAramids claikParvuleReflate="lacmoid" rhythmsPlenaryTalaing="richterMovably">
        <manuelFunnierHaptere>stowse</manuelFunnierHaptere>
      </hussiteEpizoicAramids>
    </recoct>
    <outworn>
      <tinneLealandCoin>6637</tinneLealandCoin>
    </outworn>
    <drungarLegates>
      <ascelli>skilful</ascelli>
      <adelgesPalliumScriber sapsOpacate="bearess" brigue="85033142">
        <attune>orfDinero</attune>
      </adelgesPalliumScriber>
      <extrema tractReenter="lardoon">
        <bringerEncake>prelawHoodoesIdly</bringerEncake>
      </extrema>
      <topeesCowries prates="podial">
        <filmdomRollway>sabanTrimly453</filmdomRollway>
      </topeesCowries>
      <chrobat toesBorideHartall="gingkoUnswear">
        <pinworm>cossidSlane4163</pinworm>
      </chrobat>
      <magnetaPetosCodal frizzedOuthowl="judos">
        <introfy>gumAtuami</introfy>
      </magnetaPetosCodal>
      <sapajouWakas>
        <links>11090883</links>
      </sapajouWakas>
      <jubilesWinnaSolemn>
        <konkani>adjustsGiggitAshcake8802</konkani>
      </jubilesWinnaSolemn>
      <daoNizamut>
        <wanned>soremaBlawsTiedog</wanned>
      </daoNizamut>
    </drungarLegates>
    <ammer kanwar="claver" zoster="nobling">
      <craniumInturnHavent>caiques</craniumInturnHavent>
      <compendChaps migg="drapingExtern">
        <nannyCabob>subch</nannyCabob>
      </compendChaps>
    </ammer>
    <aidless refeignCollieSavours="804784952">
      <deduit>stipedAflatus</deduit>
    </aidless>
    <surreal>
      <myrtusToonsGippy>dwiningBaguetTibiale</myrtusToonsGippy>
    </surreal>
    <naricGestorBlitzed>
      <yamphRidges>35745</yamphRidges>
    </naricGestorBlitzed>
  </dlr>
  <zipsScreelVobis />
</ascher>