<?xml version="1.0"?>
<soldanTeflon>
  <tinkersPensionUnpeace>
    <cervidBowfins>
      <lagunaFalun>undubLichtlyPunlet</lagunaFalun>
    </cervidBowfins>
    <adoptTarsalWekau>
      <ataiyalMicheal>aphakiaSoppyCarrier</ataiyalMicheal>
      <toddite firths="mogulsLastage8367" sculkCensive="993669300">
        <diced>bettyReearns</diced>
      </toddite>
      <strobic wawsYodledWeepful="88824903" addendsGaybineStiff="nexalDooliUnblock">
        <saccage>pretoldRung</saccage>
      </strobic>
    </adoptTarsalWekau>
  </tinkersPensionUnpeace>
  <magbote haafsBergere="regaltyRecoals861" glossalMowersOverhit="pathicOdso" manges="predamnReships" fugardCrowns="hooyeLuba" />
  <jugataeRegives scutal="tardoDowntonSmatch" voiture="911109" hayweedChiurm="85222" gobblerOvaries="swardLitchiNoxa">
    <tubikCarpiumDrawler parcBoorsKou="416630327">
      <tacheFrawn>633520</tacheFrawn>
    </tubikCarpiumDrawler>
    <avionic>
      <begobsArdeb>3944</begobsArdeb>
      <enwrapsAlody>
        <bankyBeelineEunicid>988</bankyBeelineEunicid>
      </enwrapsAlody>
      <burred>
        <nosebagTitterPilotee>3186</nosebagTitterPilotee>
      </burred>
    </avionic>
    <assurdCoomNielli>
      <succesAtroceRialto>maioidErectly</succesAtroceRialto>
    </assurdCoomNielli>
    <pettleScantPlayock hanoGjetost="shanksDhan" oxyopiaUnwrite="cochal512">
      <spencesTeleduEmbrued>swiftlyRenters</spencesTeleduEmbrued>
      <cetiAimfulGulonic heerKirkton="eskersDirtySacatra7">
        <ethersBiskopIridic>apostilWarriDamsons</ethersBiskopIridic>
      </cetiAimfulGulonic>
    </pettleScantPlayock>
    <contectSpinals dulcite="pianist" spawnerLoam="windageVamos" stinkyChristyIridine="cleanerMaddleCookery831">
      <expenseHide>8423968</expenseHide>
      <gappyDodderyIdols baffler="suckingAnidianBlonds" agagHent="ninutPhial">
        <pewy>uncomicBiaxal</pewy>
      </gappyDodderyIdols>
      <ekedBahama>
        <optimaMenacer>chlored</optimaMenacer>
      </ekedBahama>
      <cantsSokotri>
        <idismMisdaub>finew</idismMisdaub>
      </cantsSokotri>
    </contectSpinals>
    <phleumTouristEvoe brosot="9" makale="pibalEbulus">
      <parianTestify>sappersPrositWitword</parianTestify>
      <feeded lossierMirSusanee="bescourComr">
        <rediasGuss>qty</rediasGuss>
      </feeded>
      <platanBwanas councilNooningFizzed="daubingTolaneUnwire">
        <dawtit>acherCharacCowbell</dawtit>
      </platanBwanas>
      <suine>
        <rodderCampier>276827</rodderCampier>
      </suine>
    </phleumTouristEvoe>
    <outhold ragtimeSaboted="62975861" gadidAlaniDirties="pabaPokeySaran">
      <larvaeRondelsIlluvia>halloa5</larvaeRondelsIlluvia>
      <galyacFleechGassed somnifyDuluthUnurn="575162357" poundedFliping="alalitePrayingSudani444">
        <noshesGassySince>442</noshesGassySince>
      </galyacFleechGassed>
      <forcite helling="kistBrahui">
        <cymeneParodeHors>injectsCripsMikania</cymeneParodeHors>
      </forcite>
      <calanidMadresThymier pinnet="4" twaddleStall="amantYereIngesta">
        <plebifySpews>767814</plebifySpews>
      </calanidMadresThymier>
      <duncishSpieredFriable>
        <fadosSwartlyNiggard>surferDagsWangan</fadosSwartlyNiggard>
      </duncishSpieredFriable>
    </outhold>
    <laweourGauric>
      <spitesChatterRebait>cacoonIcerya</spitesChatterRebait>
    </laweourGauric>
    <scruft>
      <buxom>71331</buxom>
    </scruft>
    <cloutedTungoSasine>
      <updarts>tostadoDaubersWauf</updarts>
      <secoursMicasFacaded>
        <geer>1</geer>
      </secoursMicasFacaded>
      <feruledLampic>
        <corncobNidulusPerson>surwanTrysail16</corncobNidulusPerson>
      </feruledLampic>
      <dualism dauk="692" primero="498953000">
        <chimbly>655875</chimbly>
      </dualism>
      <debutWeeweed>
        <hellerGogoBilsh>beeperWaiguli1810</hellerGogoBilsh>
      </debutWeeweed>
      <alumium>
        <enjoinClap>zebecStompRune</enjoinClap>
      </alumium>
      <koprino wingSikhs="notedSoddite">
        <eosins>beglozePavesJadded1</eosins>
      </koprino>
      <coveStuffs dustbinCaponSwidge="olivia">
        <betesScripeeUvulas>81</betesScripeeUvulas>
      </coveStuffs>
      <rebuildEquityBerime galany="tsadeManivaMono" sikeUnhale="wrenLeung">
        <cystStenton>730523</cystStenton>
      </rebuildEquityBerime>
      <enfrai banff="7866" carajasUpgazedHumors="marvelsInamia">
        <creolin>858</creolin>
      </enfrai>
    </cloutedTungoSasine>
    <pods junketAusterJackets="pungentFervour">
      <lacunar>frakenTransom</lacunar>
    </pods>
    <theeked>
      <nixieGunebo>taros9937</nixieGunebo>
      <gillotSenones lumpmen="durwaunQuintal">
        <diddlerBurnut>moplaPhratryGulfing</diddlerBurnut>
      </gillotSenones>
      <davits rebedDaypeepVitally="underResiner444">
        <cracca>goyanaUnagile</cracca>
      </davits>
      <feddanGenecor eloinedDyvourNiggers="tuyersTibiasBilders" quashee="orcinsTenourWeri">
        <alfargaTrilletSill>ryepeckCaviarsFormat9</alfargaTrilletSill>
      </feddanGenecor>
      <shellakExine smeeSunckeTromped="7475" tolling="94525897">
        <rope>unleaveNubblesEupneic</rope>
      </shellakExine>
      <axonemeGormaw cyclizeAgamicTroat="halver" hoidensReseverPuranic="scummedTapioca">
        <easing>2116</easing>
      </axonemeGormaw>
      <orlage motels="besit">
        <braggySuppleHaptere>macheer9051</braggySuppleHaptere>
      </orlage>
      <sarkfulBaryeCounite hutcherNepmenBundlet="veilersPotus4582">
        <itacist>182489</itacist>
      </sarkfulBaryeCounite>
      <virgil deairGemels="mesennaComvia" heptite="nestlerBibcock">
        <detrectEconSencion>inhumerBiogasLampron</detrectEconSencion>
      </virgil>
      <dabbleCembaloPufflet>
        <moanMossoDrab>cronishSalseAkawai</moanMossoDrab>
      </dabbleCembaloPufflet>
    </theeked>
    <unshookGleeWisped oralerShackoBourd="hoysWhirls">
      <winona>hynderUnrifeAnodize</winona>
    </unshookGleeWisped>
  </jugataeRegives>
  <spatterZilches polyol="8" judas="whereof" moodier="ranine" nallah="rouperAssiege">
    <reclamaFacadalKept ups="alruna">
      <sazenGonagia>oxbrakeTrevetsFey</sazenGonagia>
      <hullooPinenes fanonsArdent="4524" schizySeverer="18">
        <naisAlazorLuke>harbiConf</naisAlazorLuke>
      </hullooPinenes>
      <fifersSmutsYoghs croceinVinaliaCorosif="lunts" livens="30">
        <acoreaBalor>barakaDraba</acoreaBalor>
      </fifersSmutsYoghs>
      <stapleCorrel>
        <yaleEelfare>linenePeeweepTavern</yaleEelfare>
      </stapleCorrel>
      <ruchbahCaratesBashed euryonKorona="wullUnborne" cainguaRazour="bassonAccordsBilla">
        <zincic>bignouGagingDubs</zincic>
      </ruchbahCaratesBashed>
      <unshoutPagurid galledPacoletHabaera="goutishRescind">
        <atturn>4</atturn>
      </unshoutPagurid>
      <hasp habitUmload="cardon5156" trabeaBillowsFagged="moisterUnsex">
        <feat>sympodeLynch</feat>
      </hasp>
    </reclamaFacadalKept>
    <uppardDomneiPulture>
      <clubmanChessTaxis>862</clubmanChessTaxis>
      <carried>
        <averseBoss>ursukFrapLoc</averseBoss>
      </carried>
    </uppardDomneiPulture>
    <dartman>
      <anlet>6864024</anlet>
    </dartman>
    <gif>
      <bebloodScree>frenumsToyshopLinolin</bebloodScree>
    </gif>
    <glubGemaricIoni>
      <unaimed>bube</unaimed>
      <ginzo maatVisita="talaoStriges">
        <fuggingDeunam>gnosisBeatasCoccule</fuggingDeunam>
      </ginzo>
      <perduesRephaseBlickey alce="damnosa">
        <sarcodeEssenceOwnself>whaukDickersPesades</sarcodeEssenceOwnself>
      </perduesRephaseBlickey>
      <tricks champMarchedCharro="arabanaPunga">
        <anchorKankieZibetum>hojuGavots</anchorKankieZibetum>
      </tricks>
      <univiedArcanum apodaUnputReeked="23114963">
        <sparkyHarpoon>3319</sparkyHarpoon>
      </univiedArcanum>
      <seriSoaking upbay="96">
        <cienagaProport>pileumSorra</cienagaProport>
      </seriSoaking>
      <feezesSpack fstoreAzans="evaderBarroomCupule">
        <maximus>gateau</maximus>
      </feezesSpack>
      <voltaicTallestReflame vela="6" cardiacCaromQuidae="intrunkConnersAggress">
        <noh>coca</noh>
      </voltaicTallestReflame>
      <unerect sfreeNocks="tallol">
        <alloOuthowl>84588906</alloOuthowl>
      </unerect>
      <gerenuk>
        <diazidTricorn>reedsAmit</diazidTricorn>
      </gerenuk>
    </glubGemaricIoni>
    <siusiJoseiteContext>
      <pantinePiazzaTeanal>didoScolocNomic</pantinePiazzaTeanal>
    </siusiJoseiteContext>
    <squegsLoughs>
      <frousySnailed>thouse</frousySnailed>
    </squegsLoughs>
  </spatterZilches>
  <robes>
    <sambhur>
      <eleveZendik>venduesDurionHorol</eleveZendik>
      <grammeWaheheEphebes worldlyTubful="sayneteSilent" keyletAcetalSahh="orpheusOxanicYeply2230">
        <bilkLimneryUnpagan>9983936</bilkLimneryUnpagan>
      </grammeWaheheEphebes>
      <bougieSimbilCotland turdine="tsubaSprucerRomanes">
        <dizaineAlgor>beaner</dizaineAlgor>
      </bougieSimbilCotland>
      <dewrotSurveilWraw>
        <culpae>subaGoyishEmptins</culpae>
      </dewrotSurveilWraw>
      <sexhoodTindPuerto patty="22275225" muzzPangane="forestsGunky">
        <hackingBlenchSeppuku>coldestGleek</hackingBlenchSeppuku>
      </sexhoodTindPuerto>
      <hutmentWoader skinkedGadus="unsheerDoorboy4093" eperlanGibbus="loculeApojove">
        <yocked>bewhigTanguinCeded</yocked>
      </hutmentWoader>
      <shiversLamdaTell>
        <stagionOrderlyClubdom>rotorsCortex</stagionOrderlyClubdom>
      </shiversLamdaTell>
      <axises spiderUnpoled="86" rubEnamels="caukingPsoae">
        <leegteThanage>holesBaled</leegteThanage>
      </axises>
    </sambhur>
    <canthiGuava grazieEndowerFerter="lourdyGasket" lunchesAnaniasZeatins="355804">
      <cloamer>echiniMeletin761</cloamer>
    </canthiGuava>
    <dwinedZonal>
      <pearceBlamersRemoves>banagosJitneur5</pearceBlamersRemoves>
    </dwinedZonal>
    <asclentArchletKitschy>
      <upstampOaricChria>militiaJudged</upstampOaricChria>
    </asclentArchletKitschy>
    <parisonHeerNoddies>
      <batboyMarry>gneissyQuintonTicchen</batboyMarry>
      <echelleOrth servet="tzotzil1801" signoriGrus="wherve">
        <suedZemmi>callow</suedZemmi>
      </echelleOrth>
      <safineVatsTsadik>
        <geebung>324763</geebung>
      </safineVatsTsadik>
      <sows gyringSparkle="makeup" gibbed="bemoil">
        <vested>6716877</vested>
      </sows>
      <lerwaLimidaeDecine>
        <proker>heweSmazeChained</proker>
      </lerwaLimidaeDecine>
      <parine nuisomePung="thunderSalpaGomerec" quotes="889182">
        <methody>crackerMotte198</methody>
      </parine>
      <sodio telergyDyarchyGlucke="naturesKharif90" dekkos="dodkin">
        <daman>macesJundies</daman>
      </sodio>
      <copolar arbaloIliacusSloped="setheadWartimeSorter">
        <beweptGrivetBorder>wharfed</beweptGrivetBorder>
      </copolar>
      <cholerViced waltron="tututniGoldcupBewit" calaberUndust="890">
        <mulleinBallist>floppy</mulleinBallist>
      </cholerViced>
    </parisonHeerNoddies>
    <assocGaistFroth>
      <lactamsSluitSubzone>stilts</lactamsSluitSubzone>
    </assocGaistFroth>
    <sowcarsJinxingHags sexern="siltsLexemicPrepink" affirmPst="lagansDeitiesSclera">
      <coeditsTrizoneAlmner>7039</coeditsTrizoneAlmner>
      <tentingFikh undopedAudUnkin="604660265" ellingCurran="franca">
        <dunnish>51</dunnish>
      </tentingFikh>
    </sowcarsJinxingHags>
    <unmateDipygus>
      <invoyRosery>eco</invoyRosery>
    </unmateDipygus>
    <seamasHelled>
      <woundly>inarmsMerles</woundly>
      <coilerMelena clootieFraying="958691">
        <bakersPathic>trubSarraCerning3</bakersPathic>
      </coilerMelena>
      <herdMurex framTaha="joshing">
        <starvedHempen>ficulaBicesSwati</starvedHempen>
      </herdMurex>
      <akvavit rillFunked="careenSopRouging441">
        <ytterArgan>bedoteAbohmTriplet</ytterArgan>
      </akvavit>
      <hunkerTepefy triadFunori="relatchWherein" viralAloxite="whekiWiwiAfetal">
        <encyclBskt>iridicSamhita</encyclBskt>
      </hunkerTepefy>
      <aroyntLarcher wadnaArabism="tzars4451" borani="5">
        <wispilyApehood>hackedSixtus</wispilyApehood>
      </aroyntLarcher>
      <inhumerGoitcho amtmenPhoebeNolt="ellagicCheetZacatec">
        <swiwetTinkly>apinaDribberReavow</swiwetTinkly>
      </inhumerGoitcho>
    </seamasHelled>
    <pirog>
      <wirlOutrace>anamaViscoseWhatd</wirlOutrace>
    </pirog>
    <koppenArilliUnsolar>
      <coxcombVotyakCobs>iminoDenver</coxcombVotyakCobs>
      <salwey agnosyMalesLdinfo="65" spoutUndewed="rutty288">
        <morayOssaWoidre>50449241</morayOssaWoidre>
      </salwey>
      <dipolarPalt>
        <cactusYakutOrnes>ropable765</cactusYakutOrnes>
      </dipolarPalt>
      <mammons>
        <cadencyOwk>fednSalse507</cadencyOwk>
      </mammons>
    </koppenArilliUnsolar>
    <tagsore dorayHammilyHeiau="6408">
      <wigwamSpunkedWackes>609</wigwamSpunkedWackes>
    </tagsore>
    <giguesAconeCoveys>
      <winish>campionRunfishEmparl</winish>
    </giguesAconeCoveys>
  </robes>
</soldanTeflon>