<?xml version="1.0"?>
<ogdoadsPalmicPatonce>
  <aorist shaktiCosh="fidgetyMallard">
    <cakiestReedier>
      <silvans>1083175</silvans>
    </cakiestReedier>
    <marathaAngioma>
      <heraudShirraThrutch>32</heraudShirraThrutch>
      <illish ermine="naivesAfenil">
        <biverbMoyener>haulse</biverbMoyener>
      </illish>
    </marathaAngioma>
    <cloquesStyrax>
      <bacalao>senegalBazaarMicast</bacalao>
    </cloquesStyrax>
    <boston>
      <tweetedSnickAerides>dungingKakan7</tweetedSnickAerides>
    </boston>
    <tomponScarabsAmeers>
      <bayanoShantihEscar>3936</bayanoShantihEscar>
    </tomponScarabsAmeers>
  </aorist>
  <ensteelCareysNeavil move="63941">
    <milliadBitchy>
      <batatas>munify</batatas>
      <galenic decodonIcebox="amliWhorageBarfy5575" jeuxBlosmy="unioval">
        <opticlyCopoutsBezan>detests241</opticlyCopoutsBezan>
      </galenic>
      <honeysPiaster>
        <kinkierSatemHoeshin>waise</kinkierSatemHoeshin>
      </honeysPiaster>
      <gignateTohome>
        <bowknotAsylumCamerae>tsereWitingGliff</bowknotAsylumCamerae>
      </gignateTohome>
      <hepteneLubbersGashest fattilySquitchBirthy="geestBustoWhorage" stullsInhereRenomee="privets">
        <emplore>pucksey210</emplore>
      </hepteneLubbersGashest>
      <siliceaPanParkee sphalmaTrigos="2060973">
        <alismalIdiotTrowed>2</alismalIdiotTrowed>
      </siliceaPanParkee>
      <donkBaktunLest>
        <sornCrumbsSwertia>myacea</sornCrumbsSwertia>
      </donkBaktunLest>
      <lagoonBreakerVarella drosera="libris">
        <monadsShielsChimed>counselFlanOne</monadsShielsChimed>
      </lagoonBreakerVarella>
    </milliadBitchy>
  </ensteelCareysNeavil>
</ogdoadsPalmicPatonce>