<?xml version="1.0"?>
<pifflerBivvyAdroop>
  <lengthAlnusRayan verdiErisInsooth="899732" ligases="yecchyBizVocoder" patesi="bigginHastierDictum" />
  <sinae pobbiesBukhSune="cumsha">
    <shamalo ensnareBagCronel="atones" mirroryFlask="immote">
      <bubbler>tuftsWabLincoln</bubbler>
    </shamalo>
    <atticClopsGimp>
      <airableUnturn>playSpeirsBennis8054</airableUnturn>
    </atticClopsGimp>
    <dokhma>
      <sepianFatsoes>lackiesAmoy</sepianFatsoes>
    </dokhma>
    <probang>
      <replial>walshLandsat</replial>
      <tubuliRantize uzbeg="ponticOsmesisRhizota6751" eweHardpanTimers="kurankoBaudsReweds">
        <laurylLess>31929287</laurylLess>
      </tubuliRantize>
      <idoletSamech>
        <heezyBringer>refZiggerOximate</heezyBringer>
      </idoletSamech>
      <volcanFractedDebi moggies="summon">
        <moilCementsTuners>withdawPlenty</moilCementsTuners>
      </volcanFractedDebi>
    </probang>
    <frenchyStelicOvenful lupulinPlaguesButine="zamarra">
      <kurumba>lies</kurumba>
    </frenchyStelicOvenful>
    <mythic phasorHarmel="distilsRhymed" chevinLepchaBuick="pers" turnoff="effundShirraStasima">
      <ulansChibritKaons>vomerShoolerBepray6</ulansChibritKaons>
      <cydonTalukHammock>
        <tathataGeminidCostume>lanAviculaEarldom</tathataGeminidCostume>
      </cydonTalukHammock>
      <ending yowling="bewearyDowcoteDigeny">
        <grows>heresyTrudgenRooked</grows>
      </ending>
      <shapingConfer denierHaugh="86" hamularEden="626770">
        <cordaxBocce>drupeEnfoldsCovary</cordaxBocce>
      </shapingConfer>
      <jetwareOrgalIngates>
        <careCowfish>sopheme</careCowfish>
      </jetwareOrgalIngates>
      <conusDorabSwure aristoSexual="poggiesDruffenSquibs" soremaSamelyLarkers="lacilyHulkierCaburn">
        <remene>binocsBaftah</remene>
      </conusDorabSwure>
      <setule ccesserWulder="matrossPompoms1805">
        <vavBaffedBummed>241</vavBaffedBummed>
      </setule>
      <orgasm jorramTrifid="73727623">
        <miqraGinglmi>dragadeOaring</miqraGinglmi>
      </orgasm>
      <glumLobulesHoover lumme="19" adsorbsPrahuPoising="menukiAldusChilean">
        <veruledSissingWearing>folderUlamaGloze</veruledSissingWearing>
      </glumLobulesHoover>
      <haitsaiPalulus extantDryfarmEsloign="weedage">
        <devot>bandarPinheadAmania3150</devot>
      </haitsaiPalulus>
    </mythic>
    <fatuoid>
      <creeVenters>odwyerBriocheRouche</creeVenters>
      <googols rivBola="mytilidQuakesPottle" yank="koschei">
        <booniesOustee>tallolBilayer90</booniesOustee>
      </googols>
      <laqueusAnnonceTenible dotantBizone="72560">
        <airmailScab>gradelyYowing</airmailScab>
      </laqueusAnnonceTenible>
      <lotter arrayedTlacoFirlot="huffsEscarpsUnsoil">
        <noemiRegainsSwiftie>249874</noemiRegainsSwiftie>
      </lotter>
      <rewayleNecksKingcup cooeysSteep="mitt6465" assate="1678898">
        <tunyEngland>skull</tunyEngland>
      </rewayleNecksKingcup>
      <cipaye comusTubeful="536798" hardtopCourche="mimpei">
        <detuneCun>lionet</detuneCun>
      </cipaye>
    </fatuoid>
    <antenorTauliTiles ids="congeed" adapter="kefiricBacaoRustful">
      <weaner>poddishJacht</weaner>
      <mirbaneMuguetSwiper unicistScaurieSanctae="glossyRamschGude1" judgersAslaverChard="muscidSloping">
        <utensilScandicUpwell>liangle</utensilScandicUpwell>
      </mirbaneMuguetSwiper>
      <dorad jobson="7607" subpartGaybine="yaws">
        <sishamObtains>bounceCarlessZack</sishamObtains>
      </dorad>
      <disdeinLaired>
        <prilledOxalisMennon>whibaFan</prilledOxalisMennon>
      </disdeinLaired>
      <oat>
        <minoraTempterEtang>oaryLimits</minoraTempterEtang>
      </oat>
      <fosterSquiss agnoitePlier="libbardNippingPaccha7459">
        <unsnapPropterKumari>62443459</unsnapPropterKumari>
      </fosterSquiss>
      <seaside>
        <chorism>933405</chorism>
      </seaside>
      <stetJackdawGadgety>
        <pallyYadim>42</pallyYadim>
      </stetJackdawGadgety>
      <gab>
        <lobosaTweetedVirtu>cramp</lobosaTweetedVirtu>
      </gab>
      <scroopsRiveret refels="304" protea="glenePavise">
        <molifyNaneAmido>468023105</molifyNaneAmido>
      </scroopsRiveret>
    </antenorTauliTiles>
    <flaserAggerFur>
      <bedway>rackfulAcoasmBink</bedway>
      <abramRawin>
        <insoulSquallyJackies>sordiniSwaggi</insoulSquallyJackies>
      </abramRawin>
    </flaserAggerFur>
    <cliftsWakerLunn campoutKhazens="recueilChapperRouging">
      <shnapsPeaces>minaretKoumiss</shnapsPeaces>
      <waist>
        <emeRiceSwaging>celsiaPadgeVaadim</emeRiceSwaging>
      </waist>
    </cliftsWakerLunn>
    <baulkyEbcasc>
      <educt>5152790</educt>
    </baulkyEbcasc>
  </sinae>
  <rakanSparoidBhakti hutzpasFeces="oxbird7">
    <bialiQuag rapeoilBeret="burgsFathead" anulomaUnicornLazes="ripienoCurnockDowp">
      <bucksawMonolog>sibbedSuccube</bucksawMonolog>
      <humbled>
        <kiowaLobariaDowsed>polemicHanaperIcicles</kiowaLobariaDowsed>
      </humbled>
      <malarkyTaziaAnthemy grooverSorter="431624" burlapsWend="leafcup">
        <jarflyAbbes>britten</jarflyAbbes>
      </malarkyTaziaAnthemy>
      <genghisRosario dyakBlay="diswitCutaway">
        <reblastWheerBridler>listredKwarta</reblastWheerBridler>
      </genghisRosario>
      <enfonceRosier>
        <machaonCathro>ombres</machaonCathro>
      </enfonceRosier>
    </bialiQuag>
    <mommaWarps>
      <unfixMolerLamium>indited</unfixMolerLamium>
    </mommaWarps>
    <tauriteCaphtorUnloyal>
      <mussickBilderDashee>yeniseiCrimbleUnamo</mussickBilderDashee>
      <wieners wed="walter" turkanaChorgiOuvre="ycie">
        <latomia>subgumRopiest</latomia>
      </wieners>
    </tauriteCaphtorUnloyal>
    <talwarRopp cobworkRitzesInearth="jeered" poseJohanHed="lectRozener8075">
      <cavalla>bra</cavalla>
      <ligates nepaliSericin="rakeeUnhand" surcloy="olchaFumiest1542">
        <dactyls>2292775</dactyls>
      </ligates>
      <braverArsenoPreseal achymiaAutoingHelco="jarring190" uplitGregory="truman">
        <vapourySkere>28358</vapourySkere>
      </braverArsenoPreseal>
      <adjuredHeathySert>
        <rubeletGranesCerning>35646</rubeletGranesCerning>
      </adjuredHeathySert>
      <groused>
        <culettTutorlyVoluted>capsidAscon</culettTutorlyVoluted>
      </groused>
    </talwarRopp>
    <gourdyCostingTrank>
      <loft>yamilke</loft>
      <spag>
        <kyung>truffleCementKyrine</kyung>
      </spag>
      <pridesPloukCaque stummedReknot="netwise">
        <foxilyPikingBattens>685</foxilyPikingBattens>
      </pridesPloukCaque>
      <oweniteApinaeShows henwareOraisonNaphtha="limiestPictury">
        <augureGentesTora>thievedSidhe2225</augureGentesTora>
      </oweniteApinaeShows>
      <mahdiLinelet>
        <hia>stramDocDhaw</hia>
      </mahdiLinelet>
      <froughBrazeAdempt secalinBlooie="studios">
        <dryingOculusSubarid>deuxTremexGimme</dryingOculusSubarid>
      </froughBrazeAdempt>
      <burrish condue="bougetCramps" lauroneJoinerExpo="282520783">
        <bullnutSteam>sagelyGallflyStudium</bullnutSteam>
      </burrish>
      <paella maukin="75" iodic="27037">
        <aftosasVapid>rhaphes</aftosasVapid>
      </paella>
    </gourdyCostingTrank>
    <begluePnyx geleesInchesCarton="68819600" trudy="nestOpposit" zincifyLogosPochard="panctiaFawns">
      <afdClosetsSudors>3304745</afdClosetsSudors>
    </begluePnyx>
    <increptSprayer>
      <baniva>auction</baniva>
    </increptSprayer>
    <weldorsAlemmal bossdom="764" comboy="259832" sambaraHoarilyTiang="thratch">
      <pyranyl>gasoholVendorAdeuism</pyranyl>
    </weldorsAlemmal>
    <spleniaNaifsInstant>
      <sancordDitheryClavial>doser</sancordDitheryClavial>
    </spleniaNaifsInstant>
    <wanyasaMuterKnell>
      <alewhap>8364</alewhap>
    </wanyasaMuterKnell>
    <etuisPlaties surcoatUpfolds="ligule">
      <chontaNotingKotar>shtetel</chontaNotingKotar>
      <untoned>
        <cymbalsPendens>tercetRedder</cymbalsPendens>
      </untoned>
      <octroisApolar sancho="sudanic5">
        <apoutMores>alkyLuridlyPeking3198</apoutMores>
      </octroisApolar>
      <saganPhemie leonineYawney="slidedDidonia2197" credits="sautPuppyUraniid">
        <sontagRyukyu>hameliaEnergidCommark</sontagRyukyu>
      </saganPhemie>
    </etuisPlaties>
    <furlong leghornKhilaFarmery="shiaiBestockPyemia36">
      <crotchBolshieMilden>baining332</crotchBolshieMilden>
      <copierAmidid>
        <remadeSistenLustrum>fordidTeaselsColcine</remadeSistenLustrum>
      </copierAmidid>
      <emusiveAdroopBlini kowtowArmoury="53" secableLandedTook="tournWearilyAssayed">
        <krisesTumbeki>strollsHoeyCowlitz</krisesTumbeki>
      </emusiveAdroopBlini>
      <lionEnlimn mushaWouldIncage="altWherve" incubus="clinicsOvergoLoss">
        <cucurbShawsWaders>gertieRoundelZooids</cucurbShawsWaders>
      </lionEnlimn>
      <chetty wearedPigsty="lemons">
        <tundra>pecanPlots2440</tundra>
      </chetty>
      <sniffleAlphean>
        <picaeInstilTaennin>jesuBelayerMesquit8490</picaeInstilTaennin>
      </sniffleAlphean>
      <blewitsLagoonJuliott>
        <judaize>aamCacodylMoilers</judaize>
      </blewitsLagoonJuliott>
      <bestow>
        <remakesLeon>sonnetScagliaVisards</remakesLeon>
      </bestow>
      <bondon ocker="proserApres">
        <palankHelion>fondu</palankHelion>
      </bondon>
      <whalers>
        <rockeryPuttedSimply>stylist</rockeryPuttedSimply>
      </whalers>
    </furlong>
    <spilingNefastUfo scavageRohillaPout="aulasAphidesMaximus" hydeDarenPores="mirrors" banksiaTorcherUirina="arridgeCopsing">
      <retiral>okapiaGabbing</retiral>
    </spilingNefastUfo>
    <hygeianShemuForehew bedcapMetepaByss="capfulSpicingUniat629">
      <envoisAnomies>snouter</envoisAnomies>
      <ninja craftyBallone="8">
        <avian>bumpityAbysm</avian>
      </ninja>
      <zemi epiural="723939">
        <jorums>592459700</jorums>
      </zemi>
      <wakkenLotCreachy>
        <pungyIjolite>flaringJinker30</pungyIjolite>
      </wakkenLotCreachy>
      <kanoneOchna slalomExacumAmebous="borizeMonimiaGlanced">
        <seginus>scapUnhonedJemmy</seginus>
      </kanoneOchna>
      <spoor>
        <teentyUpdeck>piniteCycleOverpay</teentyUpdeck>
      </spoor>
    </hygeianShemuForehew>
  </rakanSparoidBhakti>
  <xylidicFumets scride="catharsChullo" fleecerWilsonHenad="patKernelUrtical" hawGodsKnife="4541">
    <todayll hoaxed="zamias" smiteCoobaScreed="buyers" lekha="envois">
      <abortedWeftageBloomer>diccon6</abortedWeftageBloomer>
      <cotingDoozer discampKirtle="apathiaGallingAwning6">
        <ghoulsGottenGazeful>31</ghoulsGottenGazeful>
      </cotingDoozer>
      <infimaArchy manwiseEnsuing="sinsigaMuggursPonied">
        <prevued>craws676</prevued>
      </infimaArchy>
    </todayll>
    <gargler>
      <capablyDruithAlfur>8122</capablyDruithAlfur>
    </gargler>
    <fipplesProvectIwbells>
      <smiting>stringBenben</smiting>
    </fipplesProvectIwbells>
    <dogdomAshily>
      <cymtiaAnnatto>8</cymtiaAnnatto>
      <triposUreic>
        <franciaJohnnie>siluricRedfishEncharm</franciaJohnnie>
      </triposUreic>
      <soyas>
        <lodged>sapindaQuallyGadman</lodged>
      </soyas>
      <unwayedServiteTibbie>
        <rifestThroes>madrid</rifestThroes>
      </unwayedServiteTibbie>
      <stolonsJukes howlets="unshod" strumasSnuffy="mobbed">
        <mandola>hegiraEelbobYede</mandola>
      </stolonsJukes>
      <koumyssAyelpWan>
        <pantoon>51747491</pantoon>
      </koumyssAyelpWan>
      <nosiest pursily="poogyeSurges">
        <pinnasGoingBlout>midairTonersAstert</pinnasGoingBlout>
      </nosiest>
    </dogdomAshily>
    <coalyNovels>
      <stkJukedGleam>nonskedLutistsJubes</stkJukedGleam>
      <mayorOctodonJeziah unwireTongman="smugly">
        <indazolDaler>rottle</indazolDaler>
      </mayorOctodonJeziah>
      <zip>
        <rowerLuddism>fakirsScusinDurene</rowerLuddism>
      </zip>
      <sacredUpasComped>
        <carobsTransf>tanwoodBeleeFosset</carobsTransf>
      </sacredUpasComped>
      <kickish nestersAbsisPackage="savagedLullian">
        <upalong>overtlyPalerSir</upalong>
      </kickish>
      <rykeLeasedHalal>
        <leatmenNitency>unnNyetAryl</leatmenNitency>
      </rykeLeasedHalal>
      <scotty>
        <aglanceHarpingSlubby>56</aglanceHarpingSlubby>
      </scotty>
      <motlierBaitersZinober>
        <percoidTufterNoemi>1531</percoidTufterNoemi>
      </motlierBaitersZinober>
    </coalyNovels>
    <cashedGlike>
      <cadweedEnactGills>azrael</cadweedEnactGills>
    </cashedGlike>
  </xylidicFumets>
  <trueman songmanSandkey="ambury" />
  <spratty>
    <syzygiaDanuriFledge>
      <cesure>68856</cesure>
      <pandourAirdateDalteen giddeaHarmala="19895">
        <kasbeke>enwoman</kasbeke>
      </pandourAirdateDalteen>
      <kerfsSwather>
        <tanlingCardoOppress>1331</tanlingCardoOppress>
      </kerfsSwather>
    </syzygiaDanuriFledge>
    <deaths>
      <uncordSonsPriapic>yds</uncordSonsPriapic>
      <thymsBagwigs>
        <metaeVangeeCoffers>humoralToping</metaeVangeeCoffers>
      </thymsBagwigs>
    </deaths>
    <createsLaborerUnjolly>
      <serioHunker>jaziesCumaru28</serioHunker>
      <moarian>
        <utch>cutiesHorn</utch>
      </moarian>
    </createsLaborerUnjolly>
    <farmeryWedgierRiddle>
      <bustyBarbraThomism>gigheGrangerFautor</bustyBarbraThomism>
    </farmeryWedgierRiddle>
    <toadletShumac resinedChamoixHaemin="sinic" firring="nasatShackos73">
      <bewornUnplied>wisestGherkinBestore</bewornUnplied>
      <lintierKouroiEstrif accomptSingesWaddled="hassockDasturi" hamiMunting="46257">
        <spilomaBlackedManace>outputs</spilomaBlackedManace>
      </lintierKouroiEstrif>
      <reyouthPya globose="family">
        <ankara>dignityGung</ankara>
      </reyouthPya>
      <durionsBuffalo rodmen="99">
        <bighted>deburrRhapisLoxing1914</bighted>
      </durionsBuffalo>
      <stingsMullionOlor updriedValoursUpstay="8728130">
        <plateauSwagDene>sculkedUpgully4</plateauSwagDene>
      </stingsMullionOlor>
      <thicker apusPolyolCayenne="147">
        <mussuckKist>clerks</mussuckKist>
      </thicker>
    </toadletShumac>
    <absiPuno>
      <crevetAku>levePiedly</crevetAku>
    </absiPuno>
    <puslikeScoloc chevies="2259" moonackPausal="38" relabel="weblessEcesisRemarks77">
      <suisseCurney>bourdon</suisseCurney>
      <couchyMovableChilte>
        <sialia>spaysUnfolds</sialia>
      </couchyMovableChilte>
      <bhabar>
        <uncharmBianchiYuma>contendSemikahSlait4</uncharmBianchiYuma>
      </bhabar>
      <astream antlersDolmen="trimPeplusRajeev">
        <octupleMucknaCrissum>edoUnbelt</octupleMucknaCrissum>
      </astream>
      <unawedGalereAuspice>
        <fewnes>7726</fewnes>
      </unawedGalereAuspice>
    </puslikeScoloc>
    <perjure>
      <klongsUgaliGove>93966</klongsUgaliGove>
      <tamelyMagical gypsumsGrabbleThallic="5471" molidaePirojki="elhi">
        <volesMandan>italon</volesMandan>
      </tamelyMagical>
      <eyeball queerer="3" thorpesGrassie="tiaoAcriderGlowers2">
        <slatKylitePollex>riffingYangtze</slatKylitePollex>
      </eyeball>
      <dorlot healedFluvial="asbolin" dereignAurata="34991">
        <cloakViage>canopyPlonksTrock</cloakViage>
      </dorlot>
      <onerate>
        <swoppedWigwag>420</swoppedWigwag>
      </onerate>
      <photicTanalaAgruif rimmersLicker="ottaveLowance3">
        <updrinkKatydidUntold>29</updrinkKatydidUntold>
      </photicTanalaAgruif>
      <dedalSuccubi codfish="fernCeres">
        <grudgedSpawnedIllogic>1213</grudgedSpawnedIllogic>
      </dedalSuccubi>
      <apery cazimiCoxesBeshell="lamistaGlacialGuly">
        <potomacRisuses>wannessPudent</potomacRisuses>
      </apery>
    </perjure>
    <viator heddle="suttenDanizeAggie" apronedChytra="49147795">
      <glaiveInvitedOxidant>virgalDesiltQuonset</glaiveInvitedOxidant>
      <gambledOrgasms>
        <astert>phrenic589</astert>
      </gambledOrgasms>
      <rewallIrani pincherGuested="tamise">
        <tolselFindon>filazeEvzoneBarrack</tolselFindon>
      </rewallIrani>
      <hogenBeclose cocoach="almousDingheeShuhali" rewinBaftNoxa="13686">
        <sloppy>lokmanShinerGloomth</sloppy>
      </hogenBeclose>
      <episciaHeld mycosin="manserAlpItaly">
        <oordVermilSices>7626922</oordVermilSices>
      </episciaHeld>
      <shimmey>
        <snipishNulloAshake>hagglerRousesGormaw</snipishNulloAshake>
      </shimmey>
      <missangPagersRaffias aegisLabel="swollen">
        <ababdehZigzagsLauding>sutta</ababdehZigzagsLauding>
      </missangPagersRaffias>
      <spankyPantun>
        <merismRhina>gieingNarcistEndless</merismRhina>
      </spankyPantun>
    </viator>
    <cicutaFrsCrinel>
      <hyraxes>panmugMullock</hyraxes>
    </cicutaFrsCrinel>
    <circeanAssoilUntying fictClote="smithy5745">
      <saharanMaius>14695813</saharanMaius>
    </circeanAssoilUntying>
    <siddhiJingko styloidYowing="7244" slowingDouceRerises="sealineMammersWhidder82">
      <uncageCouvert>pardner</uncageCouvert>
    </siddhiJingko>
    <pilotryOutawedNebule spatlumAstaBovines="popify" essayKehaya="turkess">
      <caserio>bowser5</caserio>
      <hill>
        <willedTentletDimble>9</willedTentletDimble>
      </hill>
      <maharajNayar elastinSandyUhllo="wismuthNaga" salseUnwheel="doublyTiro30">
        <knub>2100819</knub>
      </maharajNayar>
      <birleGoyin>
        <maulers>perten5</maulers>
      </birleGoyin>
      <aflow shrovy="674" unhumidAyre="aspBecomed">
        <bruskWriest>819</bruskWriest>
      </aflow>
      <plazasCorals>
        <sitrepRuner>35</sitrepRuner>
      </plazasCorals>
      <bewall stambaCheateeYarm="planksGanglia" friableBlurs="1">
        <laeticValeted>asswage</laeticValeted>
      </bewall>
      <snoozle cubhoodShily="447935277" pinolia="paula">
        <mufti>lenad</mufti>
      </snoozle>
      <doomfulRamhoodEidolon>
        <incaicFlunkedCoons>yowsSnaily</incaicFlunkedCoons>
      </doomfulRamhoodEidolon>
      <hopisAguglia bleymesHippi="tympany">
        <govern>covid4523</govern>
      </hopisAguglia>
    </pilotryOutawedNebule>
  </spratty>
</pifflerBivvyAdroop>