<?xml version="1.0"?>
<cumshawThongsButt>
  <honkieOakesiaDrips debonedGrignetCunila="simool" pollenDewy="bongoesGnarrs" ticklerEssera="triode">
    <cakeyDandies emilBlokeLongue="splatchNanny" oceansCanna="niccoloTuwiYean">
      <litraJud>aflow</litraJud>
      <fleechPenman sitesWedgieSarans="50846518">
        <alloxanFusumaPyaemia>teaboyMarcanCohorts</alloxanFusumaPyaemia>
      </fleechPenman>
      <oneiric>
        <moosaOrganic>4</moosaOrganic>
      </oneiric>
      <untipsy estRedweed="scapusSpirale6">
        <tassets>phrygiaDarwinDramm</tassets>
      </untipsy>
      <inviterTntDweeble doatishPlbroch="hopesOodlinsIdaean8">
        <geloferRipenHoggery>barricoYowlerWarth</geloferRipenHoggery>
      </inviterTntDweeble>
      <coaeval volutes="hunkers">
        <senatorScudo>golachMudraWullcat</senatorScudo>
      </coaeval>
    </cakeyDandies>
    <lindiesAuscultReglows essed="allods" aloofe="hawingDaysideBantoid" didymia="moventMag">
      <lectors>bebraveRewish</lectors>
      <gauzierSweeny pileousMootchWarrior="dragsaw">
        <weenies>397331459</weenies>
      </gauzierSweeny>
      <spumierJawp>
        <ziametMantuas>salago</ziametMantuas>
      </spumierJawp>
    </lindiesAuscultReglows>
    <granthProbits comediaBotchka="swarmRory" mucinsDuitInsep="hundred">
      <juttingChanteyFerried>selingLichis</juttingChanteyFerried>
      <ngokoEnherit igneousInstals="gaslockBlusht">
        <strack>judex</strack>
      </ngokoEnherit>
      <vagancyDowdily>
        <stupids>villagyRowansGrenier9</stupids>
      </vagancyDowdily>
      <papricaAphisDorms>
        <erringLoggy>immixtClammyJudical</erringLoggy>
      </papricaAphisDorms>
      <calotinBandosRabic>
        <eraBekissAmil>majorat</eraBekissAmil>
      </calotinBandosRabic>
      <warternLewtyCrases tubuliAnanism="4358544" ametriaPepsinsEctad="civory7172">
        <fatso>eyebreeTorteAum</fatso>
      </warternLewtyCrases>
      <neriOrgies merosNeterCyrano="37" peisingLatirus="4639131">
        <idorganAmuse>recoals2769</idorganAmuse>
      </neriOrgies>
      <reanvilGowk tweakerPopie="netleafTrapes2">
        <totyman>cupless</totyman>
      </reanvilGowk>
      <tweePhallus jacket="7">
        <calico>parvenuChistkaZeist</calico>
      </tweePhallus>
    </granthProbits>
    <tripodWauveBarques>
      <linear>emeer</linear>
    </tripodWauveBarques>
    <cloyer>
      <rerateCodeias>hawker</rerateCodeias>
      <unhandCursus nejdiLeewillBrier="remordSoorky">
        <airbags>amasserWaiting69</airbags>
      </unhandCursus>
      <consultIodins>
        <alodies>distyleDuelloLonk</alodies>
      </consultIodins>
      <saniousDetunedMyricas ropesRegives="borgFloppedWird">
        <burghSuantlyOsaka>cavidae</burghSuantlyOsaka>
      </saniousDetunedMyricas>
    </cloyer>
    <alkoxylAsdicIslets limnic="833" idledGourmet="belick" rodsmanRose="ovismScarilySahh90">
      <dependPeeked>cunnerTowheadVacatur</dependPeeked>
      <cid nisus="ashramaEgghotIdent" ailedWarseMuvule="orleans">
        <skyfte>podium</skyfte>
      </cid>
      <sativa kowbird="692740" squidgyCollop="staig6">
        <avellanOptate>asouth</avellanOptate>
      </sativa>
      <goliadTree coypousFuzzOrbits="nowtherSeedilyPostel" eyelidBased="149">
        <nashua>augererBrunch979</nashua>
      </goliadTree>
      <prates>
        <reshave>venines</reshave>
      </prates>
      <kappieStoled>
        <passim>8914</passim>
      </kappieStoled>
      <wokasDiktatsTannyl>
        <minisubBrutishPerkier>22402</minisubBrutishPerkier>
      </wokasDiktatsTannyl>
      <atazirAsarite>
        <tentilyTroperJustine>719</tentilyTroperJustine>
      </atazirAsarite>
    </alkoxylAsdicIslets>
  </honkieOakesiaDrips>
  <basaltSmeethDallas frush="99145123" gingko="twitterMananasDamans" castoffForedo="42">
    <hydras>
      <cancansLiftoffUnlaw>surgAmicalMadded</cancansLiftoffUnlaw>
    </hydras>
    <simurghPebanBoweled invert="88" licheesZebecks="fuirenaKalian" horny="56">
      <rasty>pleioneMohel5758</rasty>
    </simurghPebanBoweled>
    <fidgetYolky kerflap="abantes7269" ambas="gallousFarmingPacking">
      <reoccurUncle>fogbowsPenuchi549</reoccurUncle>
      <chinasBorwort digestsShutout="sansarMutest11" impalas="chondre">
        <zombiesStude>ethionDammit</zombiesStude>
      </chinasBorwort>
      <karriKhar violinaBusycon="utmost">
        <mahomet>62781811</mahomet>
      </karriKhar>
      <beltmen iwbells="khalifs">
        <mimmingNudists>dogsledCymbelPantoum</mimmingNudists>
      </beltmen>
      <spatial humidAlkyd="dits">
        <zinciteArrayalParte>luracanCrisesTongs</zinciteArrayalParte>
      </spatial>
      <pierine jug="desumeCopen" oskar="olenaCorsacs">
        <soutterMisfits>cars</soutterMisfits>
      </pierine>
      <niagaraMuscoidHanking>
        <xeriffAnnulerGrists>lampf</xeriffAnnulerGrists>
      </niagaraMuscoidHanking>
      <diggingSomdel>
        <gashyChitterSeducer>496008</gashyChitterSeducer>
      </diggingSomdel>
      <cowhideOutwickTrifled>
        <dapicoLegendSades>69464</dapicoLegendSades>
      </cowhideOutwickTrifled>
      <daboyaBindsCoseat meechRaces="10398" morion="foredayNanoidSours">
        <exceedRefold>evzoneBaarTon</exceedRefold>
      </daboyaBindsCoseat>
    </fidgetYolky>
    <errancy cimeterTroker="geitjieSalvosSearer">
      <reptReckonsBluish>gutGloomsHavens</reptReckonsBluish>
    </errancy>
    <nudieTetaniaNikon>
      <tan>8425533</tan>
    </nudieTetaniaNikon>
    <dorayTizzyDells>
      <paddies>seppukuSanit</paddies>
    </dorayTizzyDells>
    <prese>
      <bobsledBald>exoticsGladierIulidan</bobsledBald>
    </prese>
    <thakurObclude>
      <churledCheviot>borascaAmebaeTyche</churledCheviot>
    </thakurObclude>
    <savoryHushingOffend>
      <wienies>antick</wienies>
      <rappedHexarchFangy>
        <expugnPelican>3019146</expugnPelican>
      </rappedHexarchFangy>
    </savoryHushingOffend>
    <ionsKulackCoking>
      <rays>cutitis2542</rays>
    </ionsKulackCoking>
  </basaltSmeethDallas>
  <mugget calles="unstiffCoacts">
    <violone leuconQuataWecche="korinDogateFiler" elusoryTinmanPrebind="buteinAchene4">
      <degreeDorpPeris>rakeesUnlayLoaning6505</degreeDorpPeris>
      <novateOkasEperua chippieStilbum="bemealFastest">
        <avesta>palermo</avesta>
      </novateOkasEperua>
      <squitch ficelleUnthink="sorbile">
        <chobdarBamboo>pintailTwelves</chobdarBamboo>
      </squitch>
      <pikiMaholiGawk>
        <sextainSexistKeenest>griege</sextainSexistKeenest>
      </pikiMaholiGawk>
      <fesseMorgens italiciSaltant="8735" gazump="soppedPyranThermit">
        <numisWhitensWendigo>reveresGropesPnce</numisWhitensWendigo>
      </fesseMorgens>
    </violone>
    <whingeFlasks>
      <witheryQueniteRighted>auscultAntoniaCowerer</witheryQueniteRighted>
    </whingeFlasks>
    <nappesRazzleRaveled>
      <soupsPrytheeBourr>kashimFuddle</soupsPrytheeBourr>
    </nappesRazzleRaveled>
    <gensonCroochFleerer sylvanTilmus="lotorMinuteTetrao2">
      <redeedEmbeam>chocksGrander</redeedEmbeam>
      <sepiolaOlder sleidedGlees="marcher">
        <ribbingCacolet>remixtLogget</ribbingCacolet>
      </sepiolaOlder>
      <bistersKrisMetisse bebeeru="sataQuiltProbit">
        <burring>hyppish</burring>
      </bistersKrisMetisse>
      <courageBushes mogulHayeyButenyl="doleUptightEpeidia">
        <quadricAmbigu>55757859</quadricAmbigu>
      </courageBushes>
    </gensonCroochFleerer>
  </mugget>
  <resackDungolKichel zincateFrownyEngorge="3245117" conteur="alopWollopCinema" saddishOgivesSomal="triacidTechnic" />
  <toastedWarmersEctypes>
    <rebatos>
      <argilsCurchy>7</argilsCurchy>
    </rebatos>
    <yepelyGirlOturia allegroCundumsPogies="scapoidSynaxes">
      <maizerCoteTroppo>ursaeAkindle</maizerCoteTroppo>
    </yepelyGirlOturia>
    <amtMalteds uighurCzardas="lolaSalemaCapsa">
      <endopodWaggie>7228261</endopodWaggie>
      <dirlingGospoda>
        <fluxMaanaVelleda>verbBrazes</fluxMaanaVelleda>
      </dirlingGospoda>
      <litterySittee>
        <vajra>azaleaBaronVastest</vajra>
      </litterySittee>
      <greigeRosillaNapery bukatWinonaMilldam="ramplor771" gconv="pantosScartedSputa10">
        <rages>titlerBlenchPargo</rages>
      </greigeRosillaNapery>
      <cullies snooveBarongs="91">
        <rteApii>arctiidPiasavaHallan37</rteApii>
      </cullies>
      <buoyingLanzon abib="trocks6955">
        <fungianLurer>halsen</fungianLurer>
      </buoyingLanzon>
      <druggerAnilineRedrew muckerFiques="coperta5858" busies="deboned">
        <ceils>podsolsMilky47</ceils>
      </druggerAnilineRedrew>
      <corerWakkenUnroll>
        <colyoneStartly>chubbyCharvetDucky</colyoneStartly>
      </corerWakkenUnroll>
    </amtMalteds>
    <barging>
      <morthGeomyidSequel>amerced8116</morthGeomyidSequel>
      <enlight>
        <ravagedHexogenLameter>stray</ravagedHexogenLameter>
      </enlight>
      <sebific>
        <croyPensees>680</croyPensees>
      </sebific>
      <retourAminishCocoa chapeGeranin="3824581">
        <ganda>elishahGees2231</ganda>
      </retourAminishCocoa>
      <zaffres>
        <ceratin>tantrum</ceratin>
      </zaffres>
      <mongolKapukaDekarch witjarEnskied="unshoed">
        <jaddedBasale>luctualBenbenOrgana860</jaddedBasale>
      </mongolKapukaDekarch>
      <leskeaYapon scruze="howishStaidly" antaiosSulkies="snookBorateCashoos">
        <ethosHillos>rattlerLobfigFoolish</ethosHillos>
      </leskeaYapon>
      <finifyBeshout>
        <ceinteCamanayMusmon>upgleanAwardUmland</ceinteCamanayMusmon>
      </finifyBeshout>
    </barging>
    <howeverLevenClint ensueFussers="figureAethonDenuded" mustela="933513576">
      <gougerSwathy>hensChaws</gougerSwathy>
      <napoohBequalm prozoneAngelAet="onagersWhap">
        <hellingRowable>babSloomy</hellingRowable>
      </napoohBequalm>
      <jacobin>
        <matacoFresno>easingGid21</matacoFresno>
      </jacobin>
      <nondeaf untoughLevee="tossers" takelmaRingedWeft="gunfire">
        <buoyedVicugna>derby</buoyedVicugna>
      </nondeaf>
      <gayly>
        <gravidaSpignut>forkerInhellOutsum</gravidaSpignut>
      </gayly>
      <knowsDiopterMay>
        <readiedHoker>glebalLeftiesDavits9516</readiedHoker>
      </knowsDiopterMay>
      <agaroid ronnelKithed="verismsMudbankEaters" walliseTetheryLutidin="chinksDyeingsBogie">
        <lilasWhiskedDung>willock</lilasWhiskedDung>
      </agaroid>
    </howeverLevenClint>
    <churrCompte taffle="hogtiedSloshVernile">
      <greisenSisalCaramba>subwinkPoiseWrimple724</greisenSisalCaramba>
      <lecthiCarate>
        <nosema>bobbie</nosema>
      </lecthiCarate>
      <preterHobbledChappy>
        <allele>9</allele>
      </preterHobbledChappy>
      <anomic>
        <mockup>yeth</mockup>
      </anomic>
    </churrCompte>
    <trifidAlipin>
      <heir>shinier</heir>
    </trifidAlipin>
    <rooked>
      <sternlyThibet>gangmanHaggerTousles38</sternlyThibet>
    </rooked>
    <lexicalCloyneChemmy>
      <lankishTirade>pratey</lankishTirade>
    </lexicalCloyneChemmy>
    <abandumLuffer emeute="unwomanFenian" rivetsClanks="boodhRitualsKnoit">
      <aufait>vicoiteTeetheUndyed</aufait>
    </abandumLuffer>
    <ismatic semmet="cabrieEcusCitril" tergiteReculeKatrine="julieSemolaCaca" rums="8089">
      <sierra>estuousVacante</sierra>
    </ismatic>
    <aphesesPeskyDubious mezuzaPresterObsede="chukkerVelars" urceoleFinnipCausing="rode" grebes="soarers">
      <gocart>flaskerPrisalAprocta</gocart>
    </aphesesPeskyDubious>
    <ebenWakambaLingcod>
      <rinning>audionTobiesLarrup</rinning>
      <maizeUvealZantiot hilloedVealAmnic="splashsInnlessPaddy">
        <vetoist>milorRepliesAnytime6042</vetoist>
      </maizeUvealZantiot>
      <paiche>
        <nogginsForkedAzoth>cushawsSkite</nogginsForkedAzoth>
      </paiche>
      <grahams>
        <flattedSickledRotge>8754</flattedSickledRotge>
      </grahams>
      <vefry oghamsUnfiend="aplasia" hasletBonacis="4">
        <hovelsKal>tachesRunesAcrasia</hovelsKal>
      </vefry>
      <havingsHilloaTarrow sena="5437849">
        <chinoWhitySedated>paradedSevres</chinoWhitySedated>
      </havingsHilloaTarrow>
      <trapa>
        <undweltRefacesSpieler>adeptlyYeaRickets</undweltRefacesSpieler>
      </trapa>
      <quitSparrerCuds dipodicPanning="56835">
        <litusInkhorn>890</litusInkhorn>
      </quitSparrerCuds>
      <asternGleaveKevel>
        <budwormRibose>garconsCutch888</budwormRibose>
      </asternGleaveKevel>
      <echoist vatfulDystome="883108" birgandReviver="854">
        <tawsesUtterlyFeruled>48324</tawsesUtterlyFeruled>
      </echoist>
    </ebenWakambaLingcod>
  </toastedWarmersEctypes>
  <pindaAltin enfarceCanticoViler="79" geomantSeptaveFlics="antwerp" tsantsaTowboat="assess6604" lawsCopy="ictonyxIsomery">
    <jennierEnolase>
      <oniKelpedNary>tymbalComets</oniKelpedNary>
      <baryes>
        <duresBeeyard>225</duresBeeyard>
      </baryes>
      <djelabFillet farcistEctalSequin="bikiniBlentNecklet">
        <darienRetombReginae>limesBennisImamah</darienRetombReginae>
      </djelabFillet>
      <oohed beshakeJostles="vlachCathode">
        <neglige>kesseFox629</neglige>
      </oohed>
      <restioCtrl>
        <anchusaNawt>663</anchusaNawt>
      </restioCtrl>
      <druidic reincurMidspan="corkageLineneNeil" barid="northerNeeseLester">
        <anitos>cassyMurzaAkkad</anitos>
      </druidic>
      <shored>
        <paletzGonaFeezed>cloesLasking</paletzGonaFeezed>
      </shored>
      <scrimBraeman>
        <serphidHabiri>don</serphidHabiri>
      </scrimBraeman>
      <antre texStroth="718526">
        <keywaysTromba>lipinSialic</keywaysTromba>
      </antre>
    </jennierEnolase>
    <yodsCajan>
      <akundKerseysClich>guzzleBalboaBrae8212</akundKerseysClich>
      <wiganRetriesBotels dominaeKawikaCawing="9501928" butin="84789690">
        <wodgePackratResawn>backerRheidae364</wodgePackratResawn>
      </wiganRetriesBotels>
      <keymanUmpquaOzark nonwarMenageMash="rougeChocho">
        <contoScionsCaddie>deashes</contoScionsCaddie>
      </keymanUmpquaOzark>
      <debowelSublineGadaria>
        <lyken>penmen634</lyken>
      </debowelSublineGadaria>
      <funkedFautReader heatedDrowsyGaudery="arophRebushSpinel">
        <string>onsets</string>
      </funkedFautReader>
      <engaolSlept>
        <zabermaFussersLoyally>agleafFamilyAnattos</zabermaFussersLoyally>
      </engaolSlept>
      <unicityYarnSalacot>
        <frutifyAsramaDollia>gadroonGiraffaLathery</frutifyAsramaDollia>
      </unicityYarnSalacot>
      <ambushRublesLeafboy couchee="tienWenched" tequilaPlexureHure="prorsa464">
        <molttenLockage>cleeksWidderIrpe862</molttenLockage>
      </ambushRublesLeafboy>
      <hungarTeaming rebrickAethusaPealer="muermoCoeliaOzonify" theeker="treacleJibber">
        <iwwood>911346547</iwwood>
      </hungarTeaming>
    </yodsCajan>
    <cinchesTapism>
      <fumeuse>perit</fumeuse>
      <tuggerPinning hookeraLustly="loanInshootCasco" nimbose="judgingLatinos">
        <spedAgricBacchae>punchyPulajan</spedAgricBacchae>
      </tuggerPinning>
      <unbogKapeikaSiffle casinosLumbangYahuna="pratersDelebleBadan" venderAssizer="tawie">
        <arrests>bullous</arrests>
      </unbogKapeikaSiffle>
      <halely subcastJokes="weazand" estang="cckw">
        <hazellyResewnUnthank>ichthRudista</hazellyResewnUnthank>
      </halely>
      <campooNiton>
        <shiesTripledDribbed>clyer8</shiesTripledDribbed>
      </campooNiton>
      <recantsBock whore="hushabyDumbedPlaga">
        <utopias>cenacleWakas</utopias>
      </recantsBock>
    </cinchesTapism>
    <filliesAcoelaZingana>
      <cobang>wrestleTonguesWeaning164</cobang>
    </filliesAcoelaZingana>
    <kists>
      <siwens>53760</siwens>
      <tuppingAuksinuKinged ghazies="clowGapy">
        <dezaleyNighty>silvansFormateHunted</dezaleyNighty>
      </tuppingAuksinuKinged>
    </kists>
    <ladyly>
      <bremely>toothedWheresCanel</bremely>
      <kunziteHondas promic="15865">
        <behelpKinesic>tsubo</behelpKinesic>
      </kunziteHondas>
    </ladyly>
    <shoeDirled>
      <unsaidAmmonoYas>811</unsaidAmmonoYas>
      <buncal poddiesFloePlies="marramRambla">
        <unwheelIacchicPecten>gaedownSotting</unwheelIacchicPecten>
      </buncal>
      <aphakiaPornPrela>
        <dagged>tongues</dagged>
      </aphakiaPornPrela>
      <alginsEnnoyLabrum venlinWanned="warbledMoles7">
        <causse>salify</causse>
      </alginsEnnoyLabrum>
      <hedgeKayoTalc pilmy="gemotes2755">
        <airthsTonna>5</airthsTonna>
      </hedgeKayoTalc>
      <favousIndy lepidly="169549852" thujas="dopedShoderSpraith">
        <goddamEndueBuchite>plandokPlaningArcades</goddamEndueBuchite>
      </favousIndy>
      <anonyms>
        <matures>hurr</matures>
      </anonyms>
      <kneelDecussTeslas tabacum="zigBracken8420">
        <unarmedPolonyDour>screechDeter78</unarmedPolonyDour>
      </kneelDecussTeslas>
      <godsend>
        <sarcodeRebankChebog>bonkersKikuSander</sarcodeRebankChebog>
      </godsend>
    </shoeDirled>
    <revolveUnbraveFlowing liney="dharani" jynx="opaquesAlioth">
      <sprawlyCamuseSardars>353681511</sprawlyCamuseSardars>
    </revolveUnbraveFlowing>
    <chaveRamal>
      <balochFlandan>humboBrimlyQuackle9</balochFlandan>
      <myoma ritusAlpid="977035377" acreamPacaUpspurt="223693480">
        <cursen>ethidAlex</cursen>
      </myoma>
      <synuraeKashgaHohn ossuaryNegate="habbleSupp">
        <hidlingAnticus>rabbish</hidlingAnticus>
      </synuraeKashgaHohn>
      <bufidinUnshiftDieters>
        <dika>endomeEmmer7</dika>
      </bufidinUnshiftDieters>
      <splicesCoiffedVermes tempuraLurked="oxamide">
        <buccula>surtaxFoxingsUnburnt</buccula>
      </splicesCoiffedVermes>
      <mochas>
        <bittedDural>parsecTumbek</bittedDural>
      </mochas>
      <faggy ablyCarbarnNipper="watered" toyoKelpiesHippies="sockyTlnRillock">
        <mosseryPholidoVinos>roebuckNakhoda</mosseryPholidoVinos>
      </faggy>
      <avour suther="33833419" flushyCurrishOxhuvud="chinone">
        <pulpitsFibroinUpseize>lookumMantapaDoucely</pulpitsFibroinUpseize>
      </avour>
      <syllis>
        <fipennyMope>elianicAdvice</fipennyMope>
      </syllis>
      <statueCantripPryse janglyCalcarWintles="upshot">
        <natherSteadsZero>27015</natherSteadsZero>
      </statueCantripPryse>
    </chaveRamal>
    <heapy>
      <ankush>vitraux4</ankush>
    </heapy>
    <relumes badiaga="woeness7" bangiaEspialNonbusy="ramex">
      <hawbuckSaids>belcherGabs</hawbuckSaids>
    </relumes>
    <bitypicPyropusDatcha ektenesDeiSatura="grumly3208" azumbre="strutsPirangaRusk" reechoBlotchAldine="881192">
      <atomsCuminal>1446082</atomsCuminal>
    </bitypicPyropusDatcha>
  </pindaAltin>
  <pianOimeStower coeditOhias="outwardHissesGraven" triacUpspin="curiumsDichter" bekissBraeNitent="browsGarroo">
    <russeUrocyon>
      <scowmenMimbarDresden>980</scowmenMimbarDresden>
    </russeUrocyon>
    <guileryCatmint teasersWerooleForvay="feeding" sibsDungeon="anus">
      <luter>sylphonCoagule</luter>
      <entheanTellach postboyOutwashSha="apogeic" angelon="nausityOddsbud4684">
        <whineCurling>palacesCocker6</whineCurling>
      </entheanTellach>
      <woolert lactaryLactealHexyls="mdseLazarusSenones">
        <bulimusCotmanPyran>pacayaLackerJuan</bulimusCotmanPyran>
      </woolert>
      <bannetFeazedKrimmer compsoaOcularInface="bovines">
        <unsavorSearing>hawkishUngouty6806</unsavorSearing>
      </bannetFeazedKrimmer>
      <cutie wasterEnedMaillot="anantaArcula" lujulaCaxton="shroffsGarfishAtroce">
        <algebarTahgookUnjolly>helder</algebarTahgookUnjolly>
      </cutie>
    </guileryCatmint>
    <anisolMicro>
      <bagworkHirers>bandeauRivetQtr</bagworkHirers>
    </anisolMicro>
  </pianOimeStower>
  <merleChoya grunter="penfulArgutaRomeine" olfactBlouses="erecterMufty" myxoPashas="unmakeCaser" queanYoustirNelson="gensPygopod" />
</cumshawThongsButt>