<?xml version="1.0"?>
<cheeps>
  <reekersSleety redeemWaitersTorn="toluideBeach" macupi="tankLiters" turgoidUnsheetDeuton="filmsSteeryGoalage1101" />
  <deism />
  <dismarkAbsent unvividTravis="eyelikeWup" />
  <timeliaCarbeneFowage />
  <pudic cheeful="75" yalbVialing="807" proteiTubs="552" fonoRazedChias="873" />
  <accusesRaftyHaiti camelryOverwebBetalk="waxwingKilehFlanes" />
  <aunterApayJerrid>
    <ocarinaBrayedWinglet>
      <caul>sgadFairConi</caul>
    </ocarinaBrayedWinglet>
    <halyardTyrianMashman>
      <amninia>gingrasAcornsRoves</amninia>
      <hashab>
        <farce>832</farce>
      </hashab>
      <disavowBeroidaWhoso>
        <aholds>urosome</aholds>
      </disavowBeroidaWhoso>
    </halyardTyrianMashman>
    <moieterGuineanWaufie>
      <picoted>unbenchLunierLaughy</picoted>
    </moieterGuineanWaufie>
    <beaconWomaned briardSowanPutidly="bearderRakishFlip" evadedPersicPeep="kimonos">
      <bannat>letheanSuedine</bannat>
      <tete trussedSabujaGregos="searest1" medaledFlongs="8">
        <gorlingWaublePandect>pewters</gorlingWaublePandect>
      </tete>
      <awarder ululu="54" implete="65781">
        <trionfiDenierBlight>orgalUseablyAcetify893</trionfiDenierBlight>
      </awarder>
      <arbsVasuStylops kloof="synopWieldsPatise">
        <howfing>56550564</howfing>
      </arbsVasuStylops>
      <fowlersScuzzy>
        <chokyKippers>waddiedDolceGramps</chokyKippers>
      </fowlersScuzzy>
      <amebousHisser hopvineAngarep="tedescoMeeth">
        <unlook>pulvino806</unlook>
      </amebousHisser>
      <bijaMarriedNibby sorgos="rageous">
        <undecylDoaty>redressPurrEnclasp</undecylDoaty>
      </bijaMarriedNibby>
      <cleanedSplotchSiak>
        <freshed>dumperDarshan</freshed>
      </cleanedSplotchSiak>
    </beaconWomaned>
    <acylase>
      <tominBoc>820711</tominBoc>
    </acylase>
    <mocoa>
      <nimbleKatsup>skeanesBelock</nimbleKatsup>
      <serials wineier="remop" tutoredSpares="bombora">
        <creamerTruishMudwort>optimesCoquinaSlagger</creamerTruishMudwort>
      </serials>
      <barbra kozuka="notes3672">
        <bidree>guiacJehup</bidree>
      </barbra>
      <froemanArthronCouth cogenceClam="dentineTaster">
        <blamersSonsierCapple>turcois</blamersSonsierCapple>
      </froemanArthronCouth>
      <cumuli bewwept="squeeze" frosty="bernoo">
        <amylene>doddle</amylene>
      </cumuli>
      <chewersBasoteResist>
        <bulbineUnhinge>stummel</bulbineUnhinge>
      </chewersBasoteResist>
      <soily hymnals="2872">
        <lacatanScrath>pirogue</lacatanScrath>
      </soily>
      <bongoesDeepsBelout>
        <disringCoupes>rivetedShornSensing650</disringCoupes>
      </bongoesDeepsBelout>
      <nableSpudboy zizelDisleal="liassicBogfernGrivets">
        <jasz>quassSawanDeval</jasz>
      </nableSpudboy>
    </mocoa>
    <criers duppiesLiftmen="peacher" rinceauTresBroncs="7201519">
      <deserve>75</deserve>
      <deignedConfideCraved dapplesEupepsy="sancord">
        <algiebaReavowAbsmho>bosher</algiebaReavowAbsmho>
      </deignedConfideCraved>
      <flyting>
        <wastyCoupure>outtell</wastyCoupure>
      </flyting>
      <volableConfirm amyclasInveil="atbashSmartly" toed="waesHearse1180">
        <nesliaPilafsInfight>tavernaBemol</nesliaPilafsInfight>
      </volableConfirm>
      <pharaohCuculla>
        <sylphsSooty>lutedRcptBaalish85</sylphsSooty>
      </pharaohCuculla>
      <edicts deia="comae">
        <skelfSnyingCarlo>benzole</skelfSnyingCarlo>
      </edicts>
    </criers>
    <ahuntQuinia>
      <sportyNectonRankine>gidgee</sportyNectonRankine>
    </ahuntQuinia>
    <lowbrowSkolly>
      <frush>zonularKnoller</frush>
      <prositRues dentilEpiSpooks="pinweed">
        <jarbot>2</jarbot>
      </prositRues>
      <oblique>
        <draymanChalon>thrail</draymanChalon>
      </oblique>
      <kouDiscal bagroomUndern="hirableFaucals355" acus="8">
        <boke>47940</boke>
      </kouDiscal>
      <worrelYahweh pizzasLappic="parleysMannify" appetit="tellin">
        <croBeloidCiting>77648990</croBeloidCiting>
      </worrelYahweh>
      <rawboneRelaxDeink unfakedDioniseAdducer="seamletMedal">
        <awabiSparverToa>99</awabiSparverToa>
      </rawboneRelaxDeink>
      <alodiumElflockGhatwal slantFelinae="beglareSnobberRabid">
        <umpiresBravadoSnowily>aidTobira</umpiresBravadoSnowily>
      </alodiumElflockGhatwal>
    </lowbrowSkolly>
    <scotsCarloEssang>
      <cosiestLotto>ancileTarlike</cosiestLotto>
    </scotsCarloEssang>
  </aunterApayJerrid>
  <accoil burlersWumble="urubuWilliesErugo">
    <bowsman>
      <apandry>dirkOutwalk</apandry>
    </bowsman>
    <teleutOutwellRus>
      <weedPassionGainor>cookoutMazdoorCadism</weedPassionGainor>
    </teleutOutwellRus>
    <drawnet>
      <loosedIodism>bangia</loosedIodism>
      <dauriJannDrysne>
        <stema>cueva</stema>
      </dauriJannDrysne>
      <pavettaPerdues carpus="rosariaOrbital">
        <figwormEthanalJambiya>thai4</figwormEthanalJambiya>
      </pavettaPerdues>
      <pursuesJain syngamy="bukhAbrashBints">
        <kinkly>crinionVacant</kinkly>
      </pursuesJain>
      <skiwiesPacayaLopers>
        <burg>cozeColiTiqueur</burg>
      </skiwiesPacayaLopers>
      <chordal>
        <odorizeRepickArdeae>puppilyColures796</odorizeRepickArdeae>
      </chordal>
      <splenii gantang="bistPerfix" gedecktTanka="egomism">
        <grapeyHepburnBreezed>709292</grapeyHepburnBreezed>
      </splenii>
      <picrolNauseum>
        <capax>fulgor</capax>
      </picrolNauseum>
    </drawnet>
    <salmi motelSpurdogUlmous="subpool">
      <taunted>orpheusStoiter</taunted>
      <noddingLaccase telamonDiocoelMick="sorchin">
        <ployManilioBegaud>375</ployManilioBegaud>
      </noddingLaccase>
      <crocinArecainSugis>
        <albireoSkuaUnadded>uncusExactly</albireoSkuaUnadded>
      </crocinArecainSugis>
      <moiraiHappyVacouf>
        <rappageSparkly>cixiid</rappageSparkly>
      </moiraiHappyVacouf>
      <aricine reapIlima="43682178" pestful="wayfare8">
        <heinieLactify>wealEons</heinieLactify>
      </aricine>
      <reitbok wakens="calksRelayed">
        <scolbPhoningConvito>399626</scolbPhoningConvito>
      </reitbok>
      <sarcuraRapanea unbulkyToylike="battue">
        <reprintStromalUnwove>77</reprintStromalUnwove>
      </sarcuraRapanea>
      <hydraulAmbaLad>
        <biggies>alogism</biggies>
      </hydraulAmbaLad>
    </salmi>
    <musquawStraysOxlips snorersMsinkAsconia="templetNuzzer" roasted="laveer" tidiesWallon="preagedBaileeArbor2">
      <hoddins>35593499</hoddins>
    </musquawStraysOxlips>
    <exocarpUnrigChanges>
      <coacherPhonIsogyre>alezan</coacherPhonIsogyre>
      <tamenesBookful coneenOutportAmnesia="drowseAucubaCarnies" avion="stowsOgamic15">
        <orduSoonishBirch>guider</orduSoonishBirch>
      </tamenesBookful>
      <helmetPertuse>
        <weheeBrickyOzone>burletBenzeneUncompt</weheeBrickyOzone>
      </helmetPertuse>
      <barwal>
        <pictury>5336818</pictury>
      </barwal>
      <cowpenJoules>
        <riftsSnoop>marged290</riftsSnoop>
      </cowpenJoules>
      <direrIdea>
        <avalePhizogBot>pinrailLeading</avalePhizogBot>
      </direrIdea>
      <addaWittalArbela>
        <stiltedIdion>8901</stiltedIdion>
      </addaWittalArbela>
      <seeps>
        <gauffer>drakeAures7</gauffer>
      </seeps>
    </exocarpUnrigChanges>
    <waunerBozal potator="9523">
      <curatorFensiveMayst>engardeTulwarMeward</curatorFensiveMayst>
    </waunerBozal>
    <isolomaScupperDial>
      <loggetBurpTreat>outworkMarried</loggetBurpTreat>
    </isolomaScupperDial>
  </accoil>
  <teepeeNeatsGagaku rappeSpane="codolLooser" thicketCueman="envault">
    <wainman>
      <beretta>putti</beretta>
      <parisia ligable="cardolPariah" ametria="neath">
        <bartonMameys>scrim</bartonMameys>
      </parisia>
      <angareb>
        <vouster>unifaceDeskill234</vouster>
      </angareb>
      <misputReding mimosis="fulleryBesauceKumyk" linhay="elkanahExordia">
        <lupeCrotonsHumism>79</lupeCrotonsHumism>
      </misputReding>
      <ovenedWeevers>
        <midtownUptiltsTykes>acronFoliaProving</midtownUptiltsTykes>
      </ovenedWeevers>
      <dichtOopackDollies intext="ababdeh">
        <snibelBaddiesKarch>jugaleCathar</snibelBaddiesKarch>
      </dichtOopackDollies>
      <smocksSangh>
        <explida>quapaw97</explida>
      </smocksSangh>
      <unsteepSolodiWaesome>
        <resnapDintedFlaucht>spinalsTrishaw</resnapDintedFlaucht>
      </unsteepSolodiWaesome>
      <fettingMushFrug fogonProtoma="gidNomisma">
        <sucrier>7</sucrier>
      </fettingMushFrug>
    </wainman>
    <ramplorBummerSpeedup>
      <taver>pribbleCodgersJaborin</taver>
    </ramplorBummerSpeedup>
  </teepeeNeatsGagaku>
</cheeps>