<?xml version="1.0"?>
<meek>
  <boragoHowsUproom dulcity="biffyPamiriDunnage33">
    <kopekTendron ebon="chienBivinylHareems">
      <fletton>croatLyc</fletton>
    </kopekTendron>
    <churm>
      <hayz>kerbedJambsMitier</hayz>
      <tinne kultursGaurs="adtevac" gating="facularNils">
        <hyzonePlenism>43894</hyzonePlenism>
      </tinne>
      <arkieOuphishAffably carcan="bahur">
        <mameysBeeryTeresa>nounizePosteen</mameysBeeryTeresa>
      </arkieOuphishAffably>
      <tourist smiley="jewism" amoraimAslopeNectary="incomerMummied">
        <hubbleChaoua>gewgawPignusAiery</hubbleChaoua>
      </tourist>
      <stickerYapCandil>
        <tybaltOoblastTreron>glottal</tybaltOoblastTreron>
      </stickerYapCandil>
    </churm>
    <enceliaUnspar>
      <miaotze>buntonGeysersSheat</miaotze>
    </enceliaUnspar>
    <famousMisniacIsthmi>
      <prattly>scaladoSkilloAmatory</prattly>
      <aroused>
        <swaverRegrew>39</swaverRegrew>
      </aroused>
      <colonerPulyDeashes gothamIndane="pitaGrift" noddersYakkaTartlet="stretta">
        <certieManbaGuildry>15</certieManbaGuildry>
      </colonerPulyDeashes>
      <taluhetUsnic identic="aeolina" hoarser="sleyLastsLeifite">
        <impling>661</impling>
      </taluhetUsnic>
      <kyaungPannery>
        <fatsos>44</fatsos>
      </kyaungPannery>
    </famousMisniacIsthmi>
    <basket intrustAffing="dislipMinkopi" natch="taqlid">
      <remercy>draweesFestineGedd</remercy>
      <nonacidNurseRivets>
        <plumeryMolding>rialtoFlirt</plumeryMolding>
      </nonacidNurseRivets>
      <punletCaretta>
        <gomeisaSaidRougy>betag</gomeisaSaidRougy>
      </punletCaretta>
    </basket>
    <hentsDinner aheap="ameersSurmitKalians" sattie="kundryGrilled">
      <evenerForamen>bonked</evenerForamen>
    </hentsDinner>
  </boragoHowsUproom>
  <ericadReboantCheep raterVifdaMiriki="styrylSacate" cockeyeOgling="quadrin" nougat="kationThrap" stylo="774866353" />
  <patinesKling leonistSkirtedRereign="merks" shoeboyErnie="roasted" tartarsBonorum="35549" bathsRupitic="upwayWizenRamule" />
</meek>