<?xml version="1.0"?>
<pyruvyl>
  <chionis conns="fiftiesWhsleAurum" felsic="takar48" betwine="ashen" glazedYod="elong">
    <gisantCrinchDiaper stoiterVitrina="isotopeSiltsBaghdad">
      <woddieUnleadsMassing>aumailProteic</woddieUnleadsMassing>
    </gisantCrinchDiaper>
  </chionis>
  <haymowSheitan />
  <duelliSvelterEmbira />
  <adrueSkulks undocksDines="goodies" orgue="ronnel" arboredRecart="aphasicDado" picotsBribeComida="surphul" />
  <spraintPhoto chasmyDeulSenecan="updressBestir" shallon="buboed" sideralGoodies="manrent" maftirsDenizeTungah="grockleScabby">
    <pensiveAidingAstert nagor="826805" titmalSprawlsStealy="abasicLuxated">
      <webs>pirr</webs>
    </pensiveAidingAstert>
    <reavoidSorehonGudok kilahCupulesStylize="dotted" hircinDiazoicRemast="amosite1538" dowpBehen="tussiveConedAmorosa436">
      <luck>amender</luck>
    </reavoidSorehonGudok>
    <tomfoolApehoodGaen>
      <obtundMillie>tafias</obtundMillie>
      <scappleRetiesReadied snowcapSaferSilenus="pigmy" paidLavas="sapphicDrungCartes20">
        <matraCarlineBosky>87219</matraCarlineBosky>
      </scappleRetiesReadied>
      <vansireKedlockRomble fusk="chese">
        <rapeyeTierer>poalike4654</rapeyeTierer>
      </vansireKedlockRomble>
      <methSuccorLuckie>
        <refelStenionFavorer>brogueLungeBurlily</refelStenionFavorer>
      </methSuccorLuckie>
      <divide>
        <shojoSess>braidUnemptyPaynim71</shojoSess>
      </divide>
    </tomfoolApehoodGaen>
  </spraintPhoto>
  <iodateBurialsBonded />
</pyruvyl>