<?xml version="1.0"?>
<fisnoga>
  <tandemsMassig />
  <pearterGeneris ovaSkinchEquant="zackSockyAjax4" prosersSedatesTabooed="doublet" trundle="cloggy" contos="huiOutspinLiminal404" />
  <tophWackilyGagroot vetus="666938054" thymateMoolviIntune="49202500" punoDoughtyRosined="dardanUrent">
    <feinterUnform>
      <kartingEstray>okoume7638</kartingEstray>
      <bridled>
        <allegeEntoilsInsue>554</allegeEntoilsInsue>
      </bridled>
      <hielandHelpingLoggat>
        <knopite>featestUke</knopite>
      </hielandHelpingLoggat>
      <weenessFlint>
        <ovisticTools>restsPinyPoulp</ovisticTools>
      </weenessFlint>
      <remiArrasesThingly comique="pimas" viandeConvethDodoism="4081">
        <citrulStablerAbuzz>9</citrulStablerAbuzz>
      </remiArrasesThingly>
      <illudedWillesPiques missusHurlCamps="braeman">
        <kronos>3937</kronos>
      </illudedWillesPiques>
      <amphionGunport lohock="justusProvend">
        <godwardReesleBisques>woofs</godwardReesleBisques>
      </amphionGunport>
    </feinterUnform>
    <chromicGundogs>
      <swipy>broDepassHaskard</swipy>
      <restudyFrisket goloshWadgeUramido="berlinGavials" punktCerise="tarp">
        <cropped>71785</cropped>
      </restudyFrisket>
      <gewgawOodlesStoop deleted="97451">
        <asartaHagdinHippoid>diag</asartaHagdinHippoid>
      </gewgawOodlesStoop>
      <crochetAbatureTrowths waylayCappleShandry="nizyCrankum7">
        <runletsSoled>doweled</runletsSoled>
      </crochetAbatureTrowths>
      <gutta>
        <ovary>barbeau46</ovary>
      </gutta>
      <backoutMatherCurse mapleAvatarTurcian="fumersRapidoMaut">
        <spalaxGadwallVarisse>unesco</spalaxGadwallVarisse>
      </backoutMatherCurse>
      <pipkinsMalachiTenpins bookersGladdenArcheol="jewlessKerryBrevity" aculea="uppopCurtsy">
        <moulter>unharshSuidAbulias60</moulter>
      </pipkinsMalachiTenpins>
      <tadGallize>
        <gerful>oolongLoimicTypify</gerful>
      </tadGallize>
      <darnel trucksBode="pinny">
        <ferri>skeetsAmeluModule84</ferri>
      </darnel>
      <bertatChessel fuffleZink="pasisResmile" undrawnRulyPurshia="mergerBalance6960">
        <lacunalHatterFlyte>aspsLarixinKerchoo</lacunalHatterFlyte>
      </bertatChessel>
    </chromicGundogs>
    <entrapsNevusCsardas>
      <bomosMinceValses>kadaga</bomosMinceValses>
    </entrapsNevusCsardas>
    <defaultBingies mahuangBussesUnhewed="chakras" usant="57406436">
      <mopped>straussTorsionTiers832</mopped>
      <wauner khis="omitter" raphus="olivilAlazorJubilar">
        <kythedAuxil>forceFilicesStrenth</kythedAuxil>
      </wauner>
      <cutties>
        <smiddyShairns>inhumedCodicilMouths</smiddyShairns>
      </cutties>
      <geobiosBacklit subanalUndight="oxhoftKeltDucdame">
        <flocced>6</flocced>
      </geobiosBacklit>
    </defaultBingies>
    <fecksAfrasia pending="veinageArrtez" snithe="brainerZubrTwicer">
      <refrLocoes>thronoiIllupiDarning</refrLocoes>
    </fecksAfrasia>
    <tashrifUglilyHele tamarauRizzle="gookyJuck" calombaFratery="wabblesAssayerCognise" muritiTosily="angelinDecks">
      <sievesLawgive>unciae</sievesLawgive>
    </tashrifUglilyHele>
    <ranidsThynnidCrumena introfy="shardDotterTchu" belyFamelicBadging="443800325" frier="abatonAddressWaler">
      <kauryTiddlyPanna>974244</kauryTiddlyPanna>
    </ranidsThynnidCrumena>
    <chasersAtonics stipelDeny="dud" manures="474705">
      <outsum>talonedKikuWullcat</outsum>
    </chasersAtonics>
    <hanifScomber>
      <requinsMadmen>7615825</requinsMadmen>
      <senecan>
        <purdasFence>cainginEstBute</purdasFence>
      </senecan>
      <sambucaDilated goelPhasic="alamireAlyaGilded" sightlyLazes="840006">
        <flooeyOthonnaBahoo>singultBong</flooeyOthonnaBahoo>
      </sambucaDilated>
      <swireTinne draperWoodwax="9725005">
        <balarao>thalliPonyUpwhirl</balarao>
      </swireTinne>
      <atomyAbord feraeChogset="pediwak94" werecatRoofyPipped="waipiroUnarch">
        <digmeat>rockApotome</digmeat>
      </atomyAbord>
      <paintWhammy>
        <mutablySlouchShalwar>tsunamiTyken58</mutablySlouchShalwar>
      </paintWhammy>
      <emparlCirrousBicep nixy="whampee">
        <muddlesKlaxonsSuzy>staphLanxBuddhic48</muddlesKlaxonsSuzy>
      </emparlCirrousBicep>
      <sughs>
        <decateAgamaeYun>fiumaraTarrack</decateAgamaeYun>
      </sughs>
      <paxes sunwayOrtol="daytaleCrinum355">
        <wheetle>saferForgetsTromp</wheetle>
      </paxes>
      <sportsDottardJur>
        <yaqona>loggiaHooded</yaqona>
      </sportsDottardJur>
    </hanifScomber>
    <ganja>
      <eddaCelebRelated>2284</eddaCelebRelated>
    </ganja>
    <flugelChichis hildaWorrit="epingle" daciticIrene="brazens">
      <whortBasinal>toylessSizyLicked</whortBasinal>
    </flugelChichis>
    <tuantLawton forbledCrepeySomeone="diosminYaxcheFetish" limuli="metonicShorl" philicAgoutisJinnee="epodeWoaded">
      <popply>eupepsySkulled</popply>
      <cuprums healerYinsMelian="209251">
        <tumli>niche</tumli>
      </cuprums>
      <cuttailGassed shallRomana="yellowMidmostDuco42">
        <cusksIncusQuieter>kudzus</cusksIncusQuieter>
      </cuttailGassed>
    </tuantLawton>
    <pityInfestTody lathingHolcusUnrife="culversAstrainThilk" mesityl="cauma">
      <beflap>binfulBerede</beflap>
      <moraReginIngomar burely="dorterLabanUrostea175" sinned="hankerManse">
        <acknown>myelins5</acknown>
      </moraReginIngomar>
    </pityInfestTody>
  </tophWackilyGagroot>
  <senonesWhether creel="retally6" buttledCuboidsRotte="519" />
  <soamTasselsLunker schout="909953" baraminScullogAffeir="poisonChopBudded" akimboOutloveUvular="defadeKeslepRasceta6763" scolia="roundlyBurgClupeid">
    <trysteRotundaFlyte>
      <siluricCunitLuck>9996</siluricCunitLuck>
    </trysteRotundaFlyte>
    <calver>
      <salagoMiswrit>aube</salagoMiswrit>
    </calver>
    <major relayerKantarErron="offingMiaowerMods" tolaStymyTodd="scops">
      <enrail>scantle</enrail>
      <tanzy epigonBizen="faceup" feltyTurfingGeotaxy="leveeJuslik">
        <yaourtFrumentPronger>48314</yaourtFrumentPronger>
      </tanzy>
      <gummousCimex herileHyenas="languesOases" unslipSuicide="algy">
        <scaringPranks>eyelashSesquiWaflib</scaringPranks>
      </gummousCimex>
      <palasPilluleMudlark>
        <lingcodAlcoranEliot>924</lingcodAlcoranEliot>
      </palasPilluleMudlark>
      <restuffTheinesFilmer incorrCapouch="28017" pommer="tergalPuntaPoddy">
        <gageiteCyclas>trigone</gageiteCyclas>
      </restuffTheinesFilmer>
      <trawledAntiqueCoz>
        <limbatArvalNocive>externe</limbatArvalNocive>
      </trawledAntiqueCoz>
    </major>
    <ishmaelKokam>
      <kibbles>silvan</kibbles>
      <lollsMature hemselfDrestRecalk="gadflyWheeCandace" libberBakings="yocksUnboned">
        <roubleRheniumAgapeic>cogitoKinkyAnoli20</roubleRheniumAgapeic>
      </lollsMature>
      <provideWariedCutwal minuteCasqueAsqueal="viliaco5">
        <loppersOsteriaHackery>pomster</loppersOsteriaHackery>
      </provideWariedCutwal>
      <ocellarDinge politic="6">
        <boget>tarmacDerival</boget>
      </ocellarDinge>
      <smoltTahiti stounFetRolled="973667236" cuspsMonicBallers="41872869">
        <renk>simlingCraniaFeet9486</renk>
      </smoltTahiti>
      <roching>
        <bongSchriks>rosal5773</bongSchriks>
      </roching>
      <frikeTaking>
        <misbias>moyenOliban</misbias>
      </frikeTaking>
      <takuMarkedRooters scuddle="delictsQuass" lindaneFreckenUncord="rolledTampansTalked">
        <ovateTenzonApt>scootsSlone</ovateTenzonApt>
      </takuMarkedRooters>
      <wadmollFirring spolia="148227521">
        <remandImbibeSld>izzy</remandImbibeSld>
      </wadmollFirring>
      <panisc plateBroker="bauds640" septulaDunchesFelloe="524295">
        <cablet>hanchKetoticPree</cablet>
      </panisc>
    </ishmaelKokam>
    <incise>
      <cyclusNeifs>souterFrays2</cyclusNeifs>
    </incise>
    <micky dagging="jujuismWays">
      <lagerBrothPrelect>annuler</lagerBrothPrelect>
    </micky>
    <oafishRanking noiresBluffy="renetJedding4" ruddockTamer="groose4934">
      <coyanPikCheek>warrishDewey</coyanPikCheek>
      <toper boveyQuiffFrosh="convellYelver" anconeiEnemy="856257031">
        <bibbOryKamik>abducts</bibbOryKamik>
      </toper>
      <vexToom unfurlNicolGrooper="refanPlacentPursing" divisorGulley="84">
        <bocher>rapinicPhialAlachah</bocher>
      </vexToom>
      <aition>
        <scaldedFiorded>750</scaldedFiorded>
      </aition>
      <fleecer musoLac="herbal" daroga="40028482">
        <quendaPeaiism>lusoryMisdone</quendaPeaiism>
      </fleecer>
      <teethesInrub>
        <forbyItselfPurport>conga</forbyItselfPurport>
      </teethesInrub>
      <pedata>
        <cashaw>vastPtyalinDecency</cashaw>
      </pedata>
      <sampled vrow="yawweed">
        <avoutryWaicuriTerpane>odax</avoutryWaicuriTerpane>
      </sampled>
      <odaxUnvividDudish>
        <fatbackSolanCaract>clypeusMidgets</fatbackSolanCaract>
      </odaxUnvividDudish>
    </oafishRanking>
  </soamTasselsLunker>
  <knaveryStroppyGlozer damWales="postilEntally">
    <awnPriests lappet="haustus">
      <yonis>skyingPeal</yonis>
    </awnPriests>
    <kerner picricLeadwaySenage="876787" swankedBoutelCorbie="jeedAerugo39">
      <isobarsAlgieba>abordPess</isobarsAlgieba>
      <lainAssagaiSlat remanetPacersUnmitre="cambevaCosinSumbal">
        <fiel>ickers</fiel>
      </lainAssagaiSlat>
    </kerner>
    <redeckNasalGlead>
      <outfish>recheatBrenderSmaze</outfish>
      <doomageAplBirthed upprops="leakierHamzah">
        <extreatTriviaTilled>2</extreatTriviaTilled>
      </doomageAplBirthed>
    </redeckNasalGlead>
    <cotoniaHuron>
      <profferChevre>ballota</profferChevre>
    </cotoniaHuron>
    <carbineHydridAtmos>
      <benderScabine>timiderMithrasRinsers</benderScabine>
    </carbineHydridAtmos>
    <pneumaDiadems>
      <ramhoodSonants>struthMolvi</ramhoodSonants>
      <forpassFatima premed="oppose528">
        <gentle>mingles</gentle>
      </forpassFatima>
      <eshin cubdomSafini="copraAcystia">
        <storks>unsaidAdrueCrewer74</storks>
      </eshin>
      <caissePithead stultyVoxUncages="3468" june="donnedDrouths">
        <magentaLnrDarryl>unalertRumness</magentaLnrDarryl>
      </caissePithead>
    </pneumaDiadems>
    <octodeDoableMusky>
      <thananNegrofySynnema>pregainBongNunnari</thananNegrofySynnema>
      <salvorsGaranceJurel ruderRenuleParte="coven559">
        <swop>35</swop>
      </salvorsGaranceJurel>
      <fodgel clearerMichabo="moots2" amang="whomAgyieus47">
        <moondogRopey>zonelet</moondogRopey>
      </fodgel>
    </octodeDoableMusky>
    <nickumTyromasGalanas hexaceJuratCrises="1471197" sucresKandjar="pmtCalicutMalodor" wateredSortly="sekereChypreFacias">
      <hostelSilybum>pinonsGracerGio1</hostelSilybum>
      <anuralGenomeVucom oneismGhedda="gaufer" greyest="mustTopmostIsland">
        <slinks>204016</slinks>
      </anuralGenomeVucom>
      <taalSaithe tanghinBaister="armoricLeuQuokkas">
        <bildarAshame>hutment56</bildarAshame>
      </taalSaithe>
      <unarmedDeaths nefasKaifs="4">
        <spinkPrs>nervosaSquoze</spinkPrs>
      </unarmedDeaths>
      <fuchsiaSickout tinwaldStero="mysostPish">
        <owser>gaudful9</owser>
      </fuchsiaSickout>
      <unadoptPommet fangyHydriae="bulkierGainlyJorum" derive="ragger">
        <giselLapsAnseres>bimastyCaraboa</giselLapsAnseres>
      </unadoptPommet>
    </nickumTyromasGalanas>
    <tergalDubsLoquent>
      <marblerCfhInsofar>mounterAuronalChobie29</marblerCfhInsofar>
    </tergalDubsLoquent>
    <inchpin iodinRadio="794029244" outrank="huave" farthStellioGiblet="decreetGloriedGeopony">
      <scorzaFinder>5073</scorzaFinder>
    </inchpin>
  </knaveryStroppyGlozer>
  <jagua spurred="tetractBosketsBergere" anodesRoseateSkalds="wealfulGulesSubpool" ineri="thymy" taxReadd="showdomNoncock">
    <kunkCesuraGalerie>
      <maad>whenasTeen</maad>
      <weedishAstrild afshar="676">
        <citerMeldsSkilled>fidele</citerMeldsSkilled>
      </weedishAstrild>
      <sheanPenduleKharwa eonVaccary="regnumTinclad">
        <sparyMoneron>nexuses</sparyMoneron>
      </sheanPenduleKharwa>
      <venueLargishJabiru>
        <pompionNemesis>unlowlyAchage227</pompionNemesis>
      </venueLargishJabiru>
      <oglingAgonesThief>
        <murlin>tetonArbored</murlin>
      </oglingAgonesThief>
      <azumbre abraumRestainCosmism="duress" cheatry="aladdinLopedBisabol">
        <decadesOvampo>orpheonHealsClimb</decadesOvampo>
      </azumbre>
      <logresUintjieAdonia gorhensUrinous="487">
        <gaby>cavina</gaby>
      </logresUintjieAdonia>
      <tunicsDeline civicalChoopDrosera="goalageFiveKilting">
        <pargosJiffiesGalleta>701988</pargosJiffiesGalleta>
      </tunicsDeline>
      <arainTrib>
        <mudiriaBrinishSamanid>tramellMyelicStagion</mudiriaBrinishSamanid>
      </arainTrib>
    </kunkCesuraGalerie>
    <alpacas guyerHygeenTuguria="barbleMamaguy">
      <palankGuttee>deptRatchetOwsen</palankGuttee>
    </alpacas>
    <orphismPeyotlMuskets>
      <battiks>unzenWist76</battiks>
      <donny>
        <basokoEdemata>86889</basokoEdemata>
      </donny>
      <garten reedStink="butenylBore" orogeny="9621">
        <scalmaDomnei>balitiBaching</scalmaDomnei>
      </garten>
      <sediliaTritish>
        <utilSunsuit>8</utilSunsuit>
      </sediliaTritish>
      <joltersAkharaNell mittIsogon="antaeYemeni3865" topsmenTruthyBlitzed="sexilyMalawiDottily">
        <stuboy>jutTownly</stuboy>
      </joltersAkharaNell>
      <kadmi tethysAcarine="790" zigzagApioidSturoch="34">
        <epihyalDecentOdyssey>kexesSeletarDasypus</epihyalDecentOdyssey>
      </kadmi>
    </orphismPeyotlMuskets>
  </jagua>
</fisnoga>