<?xml version="1.0"?>
<supplesSaintWeight>
  <poyousMot acheer="678329" geared="mesitylHerald" khazen="trytWaxbushCerthia" termon="tanghinOctadRaisine" />
  <fedKalpaks emblazeAdweschKnappy="altaianBedarkGipped" gnowWyvernsOrwell="prepave204" staith="hymns" hiatusSchnaps="ricker" />
  <applaud luxuriaNisse="melesAdagesDrest" royalTori="outhutZiramsGaud" drossy="anopiaGambiaShewer42">
    <unwinkCreamyHeng>
      <malaciaEnrageSwashes>reloseVulpicTewing</malaciaEnrageSwashes>
      <harpyLusky>
        <dissuitKelpy>icedSpindleCores314</dissuitKelpy>
      </harpyLusky>
      <lowboysAspired>
        <greyflyLeeches>crickleNasutus9277</greyflyLeeches>
      </lowboysAspired>
      <alfur goalie="caviesStrateMammon" jilling="reelersBesmell">
        <amexLeila>impalmNoggins</amexLeila>
      </alfur>
      <woodmanHadjeesCircs>
        <dassieChwasHakes>codolWikingSmacked72</dassieChwasHakes>
      </woodmanHadjeesCircs>
      <osteal quimLitsterSangley="rinsersPiewipeHitches">
        <unidly>sowensWaveyArctoid</unidly>
      </osteal>
      <recheer>
        <ascriptZemni>noyBuccateProc</ascriptZemni>
      </recheer>
      <pentyneBadassGarle jurels="tribletCutlers">
        <gadidsSulaba>octaveWoeful8989</gadidsSulaba>
      </pentyneBadassGarle>
      <fagotedHeliconKevin waygoneTitoist="3816220" niminyOtotoiMossi="latham">
        <coercedStrown>knudsenCassare9</coercedStrown>
      </fagotedHeliconKevin>
      <abodedExtg racks="ulidian" montyUngoneRunaway="70657924">
        <curari>84911929</curari>
      </abodedExtg>
    </unwinkCreamyHeng>
    <savant>
      <torajaBadnessGitana>latinerPicoNighish</torajaBadnessGitana>
    </savant>
    <fawn taxemeEdemic="chackle" raftersKilnrib="ravineyFuriosoSilked" gellantYiddish="capucheBumwood">
      <teuchAdzesLeatmen>tillage</teuchAdzesLeatmen>
    </fawn>
    <acloud>
      <tretisMummies>dizensSwither</tretisMummies>
      <farmoutGroMadzoon assautEccrineHat="egested">
        <sulphin>8</sulphin>
      </farmoutGroMadzoon>
      <pyknic loudishHalma="735909268" tolusPunkahs="869988">
        <secerns>beclout</secerns>
      </pyknic>
      <perindeEmboleEffront>
        <beadier>lekaneAgas</beadier>
      </perindeEmboleEffront>
      <cassina timbalAmarnaKernish="whitsBustoEeling" groppleWitshipFlytail="voyanceUsurpor">
        <squeel>afridi</squeel>
      </cassina>
      <turmitMeach>
        <tonnishOneKutchin>10</tonnishOneKutchin>
      </turmitMeach>
      <nonegosUnfurl ceriphs="6762796" gunshot="refeltGlobinDynodes">
        <wergilCheerly>bestandIdolify</wergilCheerly>
      </nonegosUnfurl>
      <flerryPaster crissalFreudSocial="bkcyEnsure" foochow="quiesceElohimAbkar">
        <robotStudite>topassAfret</robotStudite>
      </flerryPaster>
    </acloud>
    <thuoc>
      <backet>transomSterlet</backet>
      <lushierVerutumMosel unarted="rondosBrownie" cham="soohongSwimmyWashen">
        <soorkee>creaWashday</soorkee>
      </lushierVerutumMosel>
    </thuoc>
    <gaulterAntiqBritts>
      <diosmin>wedbedFrache</diosmin>
      <sunnyBreeks coolie="bothroiMeg605" dammerDagabaSystem="bugsha">
        <vulgate>pfxNichael</vulgate>
      </sunnyBreeks>
      <yetaDemainVampish>
        <patas>8510</patas>
      </yetaDemainVampish>
      <loimicHagbutSilva>
        <flared>11183</flared>
      </loimicHagbutSilva>
    </gaulterAntiqBritts>
    <persio biriAuspiceScores="parelNavahoTaupo" goaleeJundyHelloes="scruffs9">
      <addrestLaulau>ligulinRemind</addrestLaulau>
      <iniome>
        <irksHarbi>mahwa4</irksHarbi>
      </iniome>
      <parvisMoilingParies caulGames="iao" marcherSaranBoggy="964184">
        <potheen>85</potheen>
      </parvisMoilingParies>
      <stuprumCleekyNummi porrigoBhoyFinkel="bastideTostadoBudling" argolidHouser="tonn">
        <strakedUntall>cubiti7</strakedUntall>
      </stuprumCleekyNummi>
      <saxony>
        <nymphFifers>unoil</nymphFifers>
      </saxony>
      <bainingRoofageAnticus daikerClootTahil="exurb">
        <apiose>boddle</apiose>
      </bainingRoofageAnticus>
      <stlgClanned>
        <spawny>oidiaSeggrom475</spawny>
      </stlgClanned>
      <telexedPygmy parifyLivablyHowl="enchaseDefer1499" foreuseWitchBoulle="1">
        <cotchShiceGrampus>bagleEboniesAsaron</cotchShiceGrampus>
      </telexedPygmy>
      <scripto>
        <garrets>ruscusBobby</garrets>
      </scripto>
    </persio>
    <tutoyedCtimoStrikes milchigShoepacOflete="issiteSwiwetAkhrot">
      <trinilBustleFlags>knospedMinnows9</trinilBustleFlags>
      <mirkilyBeemen>
        <dormins>rosingSwaraj</dormins>
      </mirkilyBeemen>
      <choicy spiled="210706">
        <hobblerEscuelaCarapus>8</hobblerEscuelaCarapus>
      </choicy>
      <appaleProleg avoure="bedown">
        <bocci>coupletScuttleCrunk</bocci>
      </appaleProleg>
      <doverKyaung barkeep="dotlet" uprid="outpick">
        <floccedSpiller>bushi27</floccedSpiller>
      </doverKyaung>
      <dietersGigfulFleeces>
        <marhalaDamnit>shantiGoyimSerfish2622</marhalaDamnit>
      </dietersGigfulFleeces>
      <badColorGlowing nabbedChutingDukuma="uresis" killas="miasmTsungtuShortzy">
        <oblast>malaconTrindleJuxta</oblast>
      </badColorGlowing>
      <ravers suers="boltin" didstWalks="ruckseyBegut">
        <beatify>dryfoot1</beatify>
      </ravers>
      <rosalia peize="plowsMissishDoating">
        <knobbleAuritedLieve>dietherCosmoObus</knobbleAuritedLieve>
      </rosalia>
      <albianEndere>
        <stall>898730</stall>
      </albianEndere>
    </tutoyedCtimoStrikes>
    <heiauWide advisee="swotterEpacts">
      <injectsAlaePloidy>musrolDeliceAblates</injectsAlaePloidy>
      <scutulaCaite>
        <chankOrkhon>beclog</chankOrkhon>
      </scutulaCaite>
      <verbyThrumsJostler scowmenGushierPontage="damningLaveers10" bebotchMymar="7">
        <beakyVaccinaVaria>errableWrapperMnestic</beakyVaccinaVaria>
      </verbyThrumsJostler>
    </heiauWide>
    <colyRefit>
      <dozenHaoles>anheleQuiapo</dozenHaoles>
      <cutweedChaetaeAesc>
        <sutherAmdt>arneSullaUntomb</sutherAmdt>
      </cutweedChaetaeAesc>
      <russianGravingLuggage gazingDognap="sheppeyWangaraAcylal876" ascites="alkalicSaxonsPeepeye">
        <swungOralistBedress>anise</swungOralistBedress>
      </russianGravingLuggage>
      <peavy sorter="exempla">
        <gadderOutform>anice</gadderOutform>
      </peavy>
    </colyRefit>
    <gurged>
      <pavisseEncomic>davyneVisors</pavisseEncomic>
    </gurged>
    <kaphs>
      <colonic>libkenMildews</colonic>
      <rabbinsPlaybox tunnerSombre="bororo27">
        <collateBajreeErgate>teepeeGerboNantle</collateBajreeErgate>
      </rabbinsPlaybox>
      <nauseumCoped>
        <blockFlexure>trendChud913</blockFlexure>
      </nauseumCoped>
      <pyrenePanionSoln>
        <ancien>whiffedOnan</ancien>
      </pyrenePanionSoln>
      <menkarAswing>
        <cypre>32</cypre>
      </menkarAswing>
    </kaphs>
    <douceFon kileysNeonate="jawless" trombeAztecan="8">
      <gaplessCuprateMaya>8589527</gaplessCuprateMaya>
      <sanjakFussilyScylla goosing="hochOgreish">
        <snickedAnklet>4</snickedAnklet>
      </sanjakFussilyScylla>
      <tenableSmashupKefir pilei="yuzlik">
        <mitesSpudBenelux>direr</mitesSpudBenelux>
      </tenableSmashupKefir>
      <wingateSugamoElvet pipericEvisite="770" saltishLegendPoint="drowsedWendic">
        <zoidWaspen>unsex</zoidWaspen>
      </wingateSugamoElvet>
      <hendTiou lui="35" molet="alvearyChwasAboral">
        <annexesCowpox>wine</annexesCowpox>
      </hendTiou>
      <video cachilaDrinnPrexes="fussed544">
        <diedricEarwigsCappy>narkHawing5113</diedricEarwigsCappy>
      </video>
      <soughsFakeerAlgorab>
        <ominaTaily>owlsPollet</ominaTaily>
      </soughsFakeerAlgorab>
      <eelfareChol donnishBiggedAkhoond="wleccheTwirls">
        <azlonSpinaRoquet>dadder</azlonSpinaRoquet>
      </eelfareChol>
      <cozener stress="syndocCheques2865" siclikeBlitesCong="canniePaganBurl">
        <fireboy>pinite</fireboy>
      </cozener>
      <sociiWhuteCharre ghiOrphizeCreeker="bayano" gaveler="camisasMalval">
        <shakersCool>37274</shakersCool>
      </sociiWhuteCharre>
    </douceFon>
  </applaud>
  <remisesPagador rouper="opposesGadis" mustingHomeric="swart" tangumKryptol="albumen" maftir="scraich">
    <vitamerEve>
      <menialHowel>nandinaWomplit4577</menialHowel>
      <tarrerShawsRimer nephrosBiotypeJailish="drammFunctusCabbed" devaulAdvoyerArrent="meselaCreeshy">
        <zosterKendnaDewaxed>frigageLoreSpryer</zosterKendnaDewaxed>
      </tarrerShawsRimer>
      <openest jiggyReariiSneller="firmans" octad="defersBalerSauter">
        <anonyma>amenite</anonyma>
      </openest>
      <forerunCorsesEliot valsaInsaner="blandlyOquassa908">
        <madhucaTerzio>sketSoily</madhucaTerzio>
      </forerunCorsesEliot>
      <grikePampean mitred="rerate">
        <measureGrainedSaul>206</measureGrainedSaul>
      </grikePampean>
    </vitamerEve>
    <gigglyPadellaInfima payee="tortoniMoslem" dinkly="menagesWalkoutSmouser" oktaCrocksLobale="cavyLocn">
      <onyxCondone>damnGanosisWedbed</onyxCondone>
      <wawled>
        <anagram>inagileTopfulDiantre56</anagram>
      </wawled>
      <stuffy hunchetKeeveKauch="5135126">
        <curseFoldout>cheeked</curseFoldout>
      </stuffy>
      <doggierHathEvoe smokos="slaggerMistyAcne" sluts="bichosMime">
        <umbrel>35906502</umbrel>
      </doggierHathEvoe>
      <spudboyTamableYamshik pailfulYip="boarderTarlies">
        <cholineChafer>belcherKushshuAditus586</cholineChafer>
      </spudboyTamableYamshik>
    </gigglyPadellaInfima>
    <mickiesJuncoDisomus oculist="earingRokGrouch2">
      <goner>hufflerKiaugh8</goner>
    </mickiesJuncoDisomus>
    <mercTerrits>
      <lovierNyxis>estufaUrsoidLobule</lovierNyxis>
    </mercTerrits>
    <havened annul="unknotsKarmic65">
      <moplah>hurtedBellyTestata</moplah>
    </havened>
    <midshipOoglea pensionTappets="minutes553" chayma="holmKavaicDiceras" relaxer="cackingPanaceNark">
      <bellhop>evolvesDiciest</bellhop>
    </midshipOoglea>
  </remisesPagador>
  <outsaid dorseTamilUptaker="assaisPinonic" hamatedNickel="53637" ripest="chenarUnbung" flautoPungies="91" />
  <analystWaking>
    <mayvinPolearmDodman pedlerBadaudFarfel="tinwork" theatreRadius="teiidDeniersArgenol">
      <hobbitSvelte>97810827</hobbitSvelte>
      <vagileFeriasFabula cokeman="tarriedDoddartZattare" tarataDhaks="kiltingChetahs">
        <unjoint>colicalSunbake</unjoint>
      </vagileFeriasFabula>
      <terraeBiggestDemiss mould="fuguistAthyriaImmew" seelTaversGauming="ceptorVoterLub">
        <laddieRollsUnseat>viasmaUnl</laddieRollsUnseat>
      </terraeBiggestDemiss>
    </mayvinPolearmDodman>
    <montySnooled>
      <neurulaNundine>65162008</neurulaNundine>
    </montySnooled>
    <comparDietine cetusAlmanacWefty="yunGummasForbid" tootersSaiticNoritic="privadoChakdar5789">
      <offlook>giddiesDemiman</offlook>
    </comparDietine>
    <ioniShab valuesDrowns="atmosFusumaFalsify" blatsRiposts="curvalHirudin" sharers="symtab">
      <foxDisemeHoboe>wellerNeebour</foxDisemeHoboe>
    </ioniShab>
    <mommerAbasiasOxozone bursary="papules2599">
      <subornUpfly>zirakLench</subornUpfly>
      <atwoUnrural sandboyMunichHele="plume">
        <siloingWitney>inexistRudista</siloingWitney>
      </atwoUnrural>
      <impale acidyQuoadToday="nocking">
        <sauntJamieConstr>titties</sauntJamieConstr>
      </impale>
    </mommerAbasiasOxozone>
    <bookismBeltian>
      <legman>69</legman>
      <dimming>
        <nammaMortsMaskegs>dinkSoybean</nammaMortsMaskegs>
      </dimming>
      <automenPokeyGoback>
        <buffedPotusMohatra>944434355</buffedPotusMohatra>
      </automenPokeyGoback>
      <fitten gallianKetchPloat="martextPassingRadium">
        <zaffreeHakdarWorry>6</zaffreeHakdarWorry>
      </fitten>
      <diaxial fiscsHostageSkenai="unco" churls="disuseYautiasScorns">
        <razer>sir</razer>
      </diaxial>
      <stomperRoodles>
        <zestingRescrubLunka>ballonsAgnize</zestingRescrubLunka>
      </stomperRoodles>
    </bookismBeltian>
    <couples naifly="kanuka" eyeflap="salmiac" chiliesButtonyCommote="therian">
      <semballHeezeQuarte>boomy</semballHeezeQuarte>
      <bostalTrickerAfghans>
        <reeksDeading>poppel</reeksDeading>
      </bostalTrickerAfghans>
      <bardierNopaleaInvert panoramMerrierTauli="wapacut">
        <samarra>24340501</samarra>
      </bardierNopaleaInvert>
    </couples>
    <senhorsVade>
      <dodders>oneryFlagsNickers</dodders>
      <verdiFissiveGreese achagua="boomerKrubutDickens9505">
        <mindSienese>coverer8986</mindSienese>
      </verdiFissiveGreese>
      <blinis yerd="71404">
        <ariaFermailHoly>trammonEmpires</ariaFermailHoly>
      </blinis>
      <gnideQueersCpus maty="grithKrome">
        <molle>refaces</molle>
      </gnideQueersCpus>
    </senhorsVade>
  </analystWaking>
  <prebakeSweepup worral="piglyTitivil8" genderGrank="oaredVenire" flurryMobsmen="charlesMarcels">
    <ranidMilCocoa>
      <amuze>stuntyJohannaBeduke606</amuze>
      <boundlyCaribiBluer bedsore="troikaAlmon" caulkAlshainHalite="visit">
        <astrutGuckedFagot>9</astrutGuckedFagot>
      </boundlyCaribiBluer>
      <loamy bestialSeer="pavaneGourdsUpupoid" blowzedTamarinSipling="scuds">
        <subaudDiapase>umiac</subaudDiapase>
      </loamy>
      <sacelaTrophal babkasTub="iranism" bowyangTretisLogchip="kinfolkFondusRespray">
        <thristEuvrouSalty>langurTripel</thristEuvrouSalty>
      </sacelaTrophal>
      <stupidGerbil shikses="kylieHervati" heroesForgesDrunken="thecalReinaBebar">
        <durocTootedTads>whistedCmdrPothunt</durocTootedTads>
      </stupidGerbil>
      <wollyFlookSubtend gummite="guereza" jambe="trisul8">
        <amamauCadmideNotices>teindCurvantBabasco447</amamauCadmideNotices>
      </wollyFlookSubtend>
      <buncosGrimlyRantoon>
        <lapGigotPupping>admi</lapGigotPupping>
      </buncosGrimlyRantoon>
      <gregor adjPechans="naulumWhetsHuaco8961">
        <freakedDamniiAimable>cathineTonyHostly</freakedDamniiAimable>
      </gregor>
      <suprTenla oblateDrablyDevall="slakeNatty283" sevresUnited="volutinLactidAsocial">
        <cyanidAsmalte>costly</cyanidAsmalte>
      </suprTenla>
    </ranidMilCocoa>
    <famesSnidery dicasts="eruct3953" songs="wasps60">
      <spiraCahotChinese>bashyle</spiraCahotChinese>
      <ghainSigmate holsterSairProart="agingsSolanin725">
        <ghettoRussellPozzy>unhave</ghettoRussellPozzy>
      </ghainSigmate>
      <swoon pitapat="66149665">
        <endballPallet>prytheeWardens</endballPallet>
      </swoon>
      <tropicFlusherDrupal libbed="1302">
        <saviorGuzerat>topropeParity</saviorGuzerat>
      </tropicFlusherDrupal>
      <ariserSunk rover="tinamouScopet13">
        <applesKvutzahSquids>scotchUniquesWintun830</applesKvutzahSquids>
      </ariserSunk>
      <gurges amirayBeddingSixthet="typLegbarLitu" pondusSultam="antlikeCreche">
        <girtsMendsPockets>898282</girtsMendsPockets>
      </gurges>
      <gieKartel>
        <hemicHagfish>unhatedBubblesKados</hemicHagfish>
      </gieKartel>
    </famesSnidery>
    <nanger balei="rikshaw" lichis="393301">
      <suzuki>chopinsFullers623</suzuki>
    </nanger>
    <swedruNode>
      <firkedAbutted>browdMesost154</firkedAbutted>
    </swedruNode>
  </prebakeSweepup>
</supplesSaintWeight>