<?xml version="1.0"?>
<teargasBobbishPumiced>
  <gospelsAwhileWattest cital="sawtUnairedBufo" aliyah="oleanaYuki8365" mushUpshotEld="rheneaErneFiorded">
    <bainingPuparia>
      <clallamCobbinGidgee>legendsPointalOutadds</clallamCobbinGidgee>
    </bainingPuparia>
    <enureGavelBalneae swoony="gratherTroika3320">
      <aquinas>backbarVomicaPapal48</aquinas>
    </enureGavelBalneae>
    <whirrRailage>
      <duchan>ceileGadgeWahine4341</duchan>
      <imband kaliphButoxyDiverts="birle" fanti="sloomyEphebicWatapeh">
        <limbersXatFindy>lints309</limbersXatFindy>
      </imband>
      <brainyBlended>
        <emraudVenner>clypeUncaveCastrum9564</emraudVenner>
      </brainyBlended>
    </whirrRailage>
    <tommerResue>
      <aegisesUnvalue>430100178</aegisesUnvalue>
    </tommerResue>
    <saul>
      <fliskedHuffs>wyling</fliskedHuffs>
      <chorusBrasser shaveryOrgiesLourdy="920876" aflare="arcaded">
        <gargol>subjack</gargol>
      </chorusBrasser>
      <hygrine>
        <trevets>strumae</trevets>
      </hygrine>
      <isbaTzarinaColl>
        <illbred>chelaeSanestNijholt244</illbred>
      </isbaTzarinaColl>
      <chapati megergJunoniaStraps="okrugJinker" condueEgaliteSchwarz="deletedEcod">
        <chunkyIraterChase>orestesAlibi</chunkyIraterChase>
      </chapati>
      <chainQedPutback>
        <gawsy>1092</gawsy>
      </chainQedPutback>
      <aiglet myriareGrecismPapaver="4768" outplot="woolmanLong">
        <revokedTingerDrafts>iwound</revokedTingerDrafts>
      </aiglet>
      <wokeCoinsHalfway>
        <saucersDrills>almonScogIrbis</saucersDrills>
      </wokeCoinsHalfway>
      <tornal fremdSnubsPool="blensStube59" sauterDantist="938564932">
        <taiyalBrewst>jell</taiyalBrewst>
      </tornal>
    </saul>
    <uigurSoodlySharki>
      <shakes>1899</shakes>
      <curiesSlams bookies="waddent">
        <swigsLeptiteVar>aquabibReis74</swigsLeptiteVar>
      </curiesSlams>
      <mazdurInfernoCrested sye="3715588" zoacumAflaunt="fagalesUppard">
        <declass>ckwDotoRecrowd</declass>
      </mazdurInfernoCrested>
      <suckerEthyls falbalaOutlledTiang="36403">
        <unfeuedYoickMisgrew>hairsLesathGae</unfeuedYoickMisgrew>
      </suckerEthyls>
      <salientSyriac basenji="hyposSoapilyRewax">
        <candyhDerbend>elymus</candyhDerbend>
      </salientSyriac>
      <arbaGpsSpark leaning="5966614">
        <hejaziSext>myopicStereos</hejaziSext>
      </arbaGpsSpark>
      <thurle upwhelmEnzyme="alityMete">
        <periledPampersRiantly>chrononJacob</periledPampersRiantly>
      </thurle>
      <overlipWilting mercat="hankulSodium" ezraHirse="funking">
        <morlopBeshear>sykerly</morlopBeshear>
      </overlipWilting>
      <towieFledgedPlacula homeyToyedEcesis="bambiniPivotal">
        <begorry>741</begorry>
      </towieFledgedPlacula>
      <tabbedKettyCadere gag="pulisAuxin">
        <cerated>8337733</cerated>
      </tabbedKettyCadere>
    </uigurSoodlySharki>
    <weekdayGrilsesPrelaty tartle="geodParous6" spiegel="motetDesume" strivyStyrol="tesvinoHowdiesPeery">
      <khitanDigressEnigmas>cinter</khitanDigressEnigmas>
      <miniums haemic="sprightMulls">
        <chivageBendyFumette>plebianCultist</chivageBendyFumette>
      </miniums>
      <kelchinMouched kyloHexingOomph="8">
        <klvaAdverbs>culdee</klvaAdverbs>
      </kelchinMouched>
      <obrienDowitchSelfish>
        <dockerMeechLobal>selsynDashers</dockerMeechLobal>
      </obrienDowitchSelfish>
      <follow>
        <catodonTopfulSand>5266</catodonTopfulSand>
      </follow>
      <hazen cliptToywort="encellAccruesTortis">
        <suavelyMeisjeLetuare>spialCpd</suavelyMeisjeLetuare>
      </hazen>
    </weekdayGrilsesPrelaty>
  </gospelsAwhileWattest>
  <stut matico="hurts" sonniesBurbots="834" />
  <scufflyVivesFrowst hammalBeknowForeday="busbars" modestFoeshipPear="chadar50" xeniasHoolSectile="6347">
    <samburu>
      <bibbing>clueing</bibbing>
    </samburu>
    <exogyra>
      <isobarBewrapsMameyes>retterSoom</isobarBewrapsMameyes>
    </exogyra>
    <copepod>
      <amoyanTaulch>juck</amoyanTaulch>
    </copepod>
    <opimianLeproseBedirt weigelaJinxing="73" extirpTicePuggier="89663118" himpSeesaw="stage">
      <reseauEvident>sundraInvert376</reseauEvident>
      <studys rides="raplochRepumpVailed1609">
        <minglesKanasSmittle>sedgedChrononLineary</minglesKanasSmittle>
      </studys>
      <whangPraline>
        <saronicCribberAcetyls>6</saronicCribberAcetyls>
      </whangPraline>
      <rhaphe ophianBioxideDiscina="tickly">
        <gladesElfish>wiserBrisky</gladesElfish>
      </rhaphe>
      <punce curstElhiScenary="tracesCucumisYechy">
        <buccal>inburntVicaire</buccal>
      </punce>
    </opimianLeproseBedirt>
    <randomsOversot deposeGist="900503" ephetae="quittalUpperchEmbraid" unoiledCamooch="preacidSubmen">
      <shelled>claudeNetlessUnrived</shelled>
    </randomsOversot>
    <wrothyLunoid>
      <arician>alsinePirayasErrite8</arician>
      <liangsCooties keliaDomed="kookSouldieIngene" designsSpokyEuphemy="779613277">
        <yince>braider5</yince>
      </liangsCooties>
      <almas lixive="hurtledTotting" rusmaSprattyPersis="481">
        <mitsvah>sarcasmLectern</mitsvah>
      </almas>
    </wrothyLunoid>
    <blottyCursing obdt="downton">
      <dogsSexfidDuddery>658914</dogsSexfidDuddery>
    </blottyCursing>
    <upflood trebledNavarinWanely="troakEmeer" unlimeKhella="girtedSnapy" pelopsGutta="riglet">
      <dithery>21</dithery>
      <alkyReglove>
        <bankSirrahDings>unbaledSkirretFemoral</bankSirrahDings>
      </alkyReglove>
      <scrubEyecupsSquamy encellEmusiveSprucy="92069">
        <werenHunchet>988982259</werenHunchet>
      </scrubEyecupsSquamy>
      <haitsai rayah="manistHauld" amentum="398">
        <tubs>nootkaCanella804</tubs>
      </haitsai>
      <tulasiIoskeha>
        <chekmak>flicker</chekmak>
      </tulasiIoskeha>
      <claviolWabbles chalks="harenutNizamsDamier" bibbsTonies="limpyNimmingSpace">
        <cabbies>aspisesDoob</cabbies>
      </claviolWabbles>
    </upflood>
    <papua>
      <chatLogie>4</chatLogie>
    </papua>
    <yatvyagDouperInfamed>
      <trekPinkanyGabarit>28</trekPinkanyGabarit>
      <iqsPelagicYank schemaFubTaxying="grouze">
        <furor>kafaKouroi67</furor>
      </iqsPelagicYank>
      <remudasStreak>
        <razesRebeset>radford</razesRebeset>
      </remudasStreak>
      <pokiestExalte wordmanImpugnCleated="hyenic1915">
        <catterCapitol>ratsTroughs</catterCapitol>
      </pokiestExalte>
      <mancono>
        <multiGrape>uniformErriteCardiod</multiGrape>
      </mancono>
      <irriteColonic kinfolk="934" gnaeus="aburstRandiesRom">
        <aquarii>50269</aquarii>
      </irriteColonic>
    </yatvyagDouperInfamed>
  </scufflyVivesFrowst>
  <deaning anquera="28" jacentDawtedVitrum="ole" stussEmanantPobs="wannyGoofKnaps" trestleVinesPerch="thoght">
    <achiestPechayPiedra>
      <uvella>verseMassOse</uvella>
      <novelryShivery pathyPreamp="jubhahs">
        <dudgeon>ghazism</dudgeon>
      </novelryShivery>
      <bouffesPiteous tyr="skairDoctor" mowieBuxomlyHapiton="robinetSonics">
        <asilus>698740621</asilus>
      </bouffesPiteous>
      <onerate taraphSplitsCarpels="troikas" forgoerMicasAht="toffishOutfireTrots">
        <junctlyStyliseDauby>36332</junctlyStyliseDauby>
      </onerate>
      <subadarGawkilyBrailed harayaFilasse="paritor8">
        <megbote>bobbiePeloid</megbote>
      </subadarGawkilyBrailed>
      <dyassic>
        <sowfFaden>thenarsMugginsLoups</sowfFaden>
      </dyassic>
    </achiestPechayPiedra>
    <upboilIndicLilly shodden="heiau" sanghoCuddledFuses="womb" balboasSyunGrizzle="2116614">
      <armetsTalahib>freckleGunship</armetsTalahib>
      <arghelBrigid acinar="reloan" gunboat="nailsKitesNeroli">
        <ramus>derust</ramus>
      </arghelBrigid>
    </upboilIndicLilly>
    <levers mescalsGaolers="bijasal">
      <rehChinol>maulersShisham</rehChinol>
      <smouch oxygonAmazes="weighinSloughy">
        <bryndzaRodwood>lyraCystsAgric</bryndzaRodwood>
      </smouch>
      <reguide shalwar="bkgdVialed">
        <aspalaxJabbed>rapic8560</aspalaxJabbed>
      </reguide>
      <soilJewely panneryMil="57525201" savineGapKalpak="bebayLiangPlena">
        <eugenic>florounChallisAsperse</eugenic>
      </soilJewely>
      <cruxTroolyVyase>
        <readierBusmenClair>quat</readierBusmenClair>
      </cruxTroolyVyase>
      <ignoresHurriUnpass luauDulcinEnleaf="batonSidth715" dizenAngsterSoyate="3241720">
        <mimeticMenteryChinol>dyaus3481</mimeticMenteryChinol>
      </ignoresHurriUnpass>
      <branchy archonExolete="tjositeCaramba">
        <hestKeckedHerself>acornsDronelDewdrop</hestKeckedHerself>
      </branchy>
      <propmanNooks neater="shakeupGothite" leatmanAditio="55466">
        <earfulCimbri>lewChileanCardiac</earfulCimbri>
      </propmanNooks>
      <ufsGonys>
        <pilings>alidada</pilings>
      </ufsGonys>
    </levers>
    <iscoseNebbuck>
      <mesteesAvataraPellian>falcate</mesteesAvataraPellian>
      <ergotedStilly tangiFliedFitchet="poinado" troparyHilloa="51146">
        <ribosos>boat9495</ribosos>
      </ergotedStilly>
      <sconesTriacSex sethThiolsHerbert="67983281" resolveUnitiesCuspate="jubes">
        <jigmanPillule>7231</jigmanPillule>
      </sconesTriacSex>
      <easersTerras carvolGoannaVicety="8" effudeCelebre="sheikhsRummyTudor">
        <froiseBrie>5</froiseBrie>
      </easersTerras>
      <camus>
        <grampsCupmate>docs</grampsCupmate>
      </camus>
      <coronelKeltoiWafered credoBerniceSuets="ladies" lavableBlomanPtyxis="iridinSuwarroArietta">
        <pinonicNoncomEuboean>metateManroot</pinonicNoncomEuboean>
      </coronelKeltoiWafered>
      <haleWytedSeduces kamiya="wabayoTappers" slopely="ajowansTrismusGrieve8">
        <nonoral>esseSwifty</nonoral>
      </haleWytedSeduces>
    </iscoseNebbuck>
    <sensistEmigr estangCcesserSapiens="rakit58" spade="trophonElemolLynn3">
      <racemeTupaiidSotnia>4777770</racemeTupaiidSotnia>
    </sensistEmigr>
    <oilcupBonnily>
      <chevenAcis>754082391</chevenAcis>
    </oilcupBonnily>
    <hopbindMagnetsDhootis outlopeAmomum="disdain" abiddenWhirleyApathus="respiteKori4068">
      <scyphoiLairsLucerns>298</scyphoiLairsLucerns>
    </hopbindMagnetsDhootis>
    <rewetKorariSixthet fackOcneria="passataCafenetCals" atole="veilerSourockRathe">
      <anticarTruants>brumTaquaHobbing</anticarTruants>
    </rewetKorariSixthet>
    <passDibromGroups>
      <lamiaKetole>390</lamiaKetole>
      <claye inglu="929957" heater="rackanGyres">
        <catwiseScopa>vacuist4836</catwiseScopa>
      </claye>
      <werenJuts>
        <duckiesBlaine>sawarraAcrite</duckiesBlaine>
      </werenJuts>
      <ketubahGargled>
        <reentry>ackeysCrockoMusks</reentry>
      </ketubahGargled>
      <peckTurdoidMonacid ottos="pawneesDidiesIntice">
        <fakyWaybill>soraVistalOlpes</fakyWaybill>
      </peckTurdoidMonacid>
      <loofah innest="eosate">
        <stupes>948418494</stupes>
      </loofah>
      <detractUneasesTakeout stashieGodfreyRagusye="hikers">
        <kulmDonalNubby>jointSnudgeNodulus</kulmDonalNubby>
      </detractUneasesTakeout>
      <zoarialAllodsPicul aptnessInsueBlizz="zaddickAbider73" gavelsNattockUnsnug="spauldBrucinLasque6">
        <exemplaSvarajs>verdoy</exemplaSvarajs>
      </zoarialAllodsPicul>
    </passDibromGroups>
  </deaning>
</teargasBobbishPumiced>