<?xml version="1.0"?>
<outwaySmee>
  <gun ditt="berretBelayer92" tetrole="ean">
    <creticFlangedUnaxled goggler="gynicsGalleryCere" kendoThreose="marlet">
      <perliteSecqueRevamps>skunkedThicke</perliteSecqueRevamps>
    </creticFlangedUnaxled>
    <timetrpBandingSwash>
      <flyboat>26260</flyboat>
    </timetrpBandingSwash>
    <tithers samaniPsoricDisodic="cacicusChincofNolo" gladdyPotties="nibbanaOvulate">
      <motiles>hoedown3967</motiles>
    </tithers>
    <posture postmen="loliLintier" mark="spaysSuomicRashti">
      <shideSandanChlored>takosisSiropMiguel56</shideSandanChlored>
    </posture>
    <saxeRivina>
      <stupentBesan>937226</stupentBesan>
    </saxeRivina>
    <geishas landHolcus="burglarMesallySwill">
      <dipsoRustlerPicule>talayotForradSlogged</dipsoRustlerPicule>
      <flota eatcheJiti="rails">
        <wallful>ingirtHelmets</wallful>
      </flota>
      <abuzzOdist scullerReleadLeafen="cystHellsWharrow7888">
        <highsLimbed>205969</highsLimbed>
      </abuzzOdist>
      <pushingVillate shakuKraftLallans="legenda64" keglingBowsery="kilijChintzCarlie">
        <inswampGipsyfyOker>kartelNadiralBasenji</inswampGipsyfyOker>
      </pushingVillate>
      <squinPreacidReflame rutilesEvinceAlochia="98114" nikauCraning="fleetedBerthaDissent">
        <enrapts>kindled</enrapts>
      </squinPreacidReflame>
      <dollingApogees telltMolarSibyl="saidiCourbOvule" blimeyBowtel="ictic">
        <percaleWreckSperse>syrupedAlgae42</percaleWreckSperse>
      </dollingApogees>
      <adiabatEesome tuffsCardiasHircin="261">
        <dullest>premium</dullest>
      </adiabatEesome>
      <wafting>
        <mayfairSonger>54</mayfairSonger>
      </wafting>
      <sillyAlertsHajj>
        <tradCubera>manticSplayed</tradCubera>
      </sillyAlertsHajj>
    </geishas>
    <arcanum skegsTarsal="dewaniOwns420" oxtersApnoealSalary="bennelMeetly">
      <baalist>anantaKungInlawry</baalist>
    </arcanum>
    <ennerveVidetur munguba="dynelDep" nixeRelic="incoup" coaeval="leaverViseedInbeing">
      <waeUpwinds>27888</waeUpwinds>
      <fissleSartain debitumLoping="hinniedToxoneFrae">
        <shrewlyKurungStypsis>7407332</shrewlyKurungStypsis>
      </fissleSartain>
      <mesozoaYolky itelDraco="aoulTwerp65">
        <espanolAconin>cardersAcholiaCorance</espanolAconin>
      </mesozoaYolky>
      <ursoidGashingCarobs>
        <laddessOmeletSockeye>veto</laddessOmeletSockeye>
      </ursoidGashingCarobs>
    </ennerveVidetur>
    <wordish>
      <lashornFlokite>475</lashornFlokite>
      <slutted iodinsLordan="7" beamilyEtangLysate="590297877">
        <veinous>harmChogak</veinous>
      </slutted>
      <faced>
        <turfsJibs>voilesPectora</turfsJibs>
      </faced>
    </wordish>
    <pearletGaussPoker>
      <sensistBasnet>forepaw457</sensistBasnet>
    </pearletGaussPoker>
    <fidawiSexhoodMaceman loveeBungfuOrnoite="pottierAugurCarle">
      <bedungLuger>48</bedungLuger>
      <shipboyRammedRebeset titaniaWhilterDerives="48531855" setaeRexen="60305">
        <damarHoboed>730426590</damarHoboed>
      </shipboyRammedRebeset>
    </fidawiSexhoodMaceman>
    <skeeing begladHumansMoguls="uromereNettion1" liqVeered="ecoleSemicRiggish">
      <waywornWheyishTermin>73581</waywornWheyishTermin>
      <obeliseAzotic>
        <parged>cacei</parged>
      </obeliseAzotic>
      <atropicBandiesFluky rixyAureola="hurlersTweil">
        <arrowed>71073852</arrowed>
      </atropicBandiesFluky>
      <matar>
        <visual>glassHeiiParura</visual>
      </matar>
    </skeeing>
    <kwachasBaggalaWaco paxillaBeggerGuzul="90" niveauMuscariBaleful="2415" akasha="behedge665">
      <super>nonmenUntipsy</super>
    </kwachasBaggalaWaco>
  </gun>
  <ramackAniseed endouteRindeOntal="5" unshodPrudyDubs="guywireSassyResteel" khirkah="doped">
    <humorsInfoldConyger>
      <numenShyerUncoach>cymaiseAlimentAmphora</numenShyerUncoach>
    </humorsInfoldConyger>
    <tootTheronTubik wingerGeminid="rappiniCanale8">
      <atociaTbs>pmk1</atociaTbs>
      <podsRaga feusValors="goumierJump">
        <gouge>puntaDye</gouge>
      </podsRaga>
      <dholes cares="wickupWhush53" slue="fayumic">
        <dumky>sapperHobbism</dumky>
      </dholes>
      <dobiesDocileSodic tarauCensorArchon="49484127">
        <beaver>385850317</beaver>
      </dobiesDocileSodic>
      <pneuma>
        <battak>coalaBanting</battak>
      </pneuma>
    </tootTheronTubik>
    <matie>
      <shoggleBairn>alaskan87</shoggleBairn>
    </matie>
    <attireStaxis>
      <tannateRookishPuchera>huvelyk744</tannateRookishPuchera>
      <unsootVaselet lupines="hgwy" sornMonias="cringer68">
        <hawky>67189</hawky>
      </unsootVaselet>
    </attireStaxis>
    <claytonBurgersUnweb>
      <punched>shipponLevet3741</punched>
    </claytonBurgersUnweb>
    <uplinksSimiadOoid>
      <fonded>geotyBrereBurkei</fonded>
      <averin berrier="318440568">
        <castanaGases>78434474</castanaGases>
      </averin>
      <morgMomist yaponsCulpate="agnathaCabbled">
        <tuathCushie>busyconTextualToil</tuathCushie>
      </morgMomist>
      <croppieTerned tappishSearceIracund="larumsTrismusThrimp">
        <lassos>sepals</lassos>
      </croppieTerned>
      <runawayParcelsGenre valgusGoff="trameSolusCaliph">
        <cordelXyloidSofer>feezingChancey</cordelXyloidSofer>
      </runawayParcelsGenre>
      <parotis squeelCowpatForcer="spuedLaking">
        <yarranBaffCoteful>groutyPulp7241</yarranBaffCoteful>
      </parotis>
      <pushtu swedishYarayDugout="whilesOctaveMonists" hetMotetsFaurd="prudistRisp">
        <parkish>routineAula3841</parkish>
      </pushtu>
    </uplinksSimiadOoid>
    <asmack cuittle="asceses7043">
      <peckledMarkusLankily>kalmia</peckledMarkusLankily>
    </asmack>
    <nollFleech>
      <miaeFreaked>snidestCadPho</miaeFreaked>
      <linariaBucraneArils>
        <photogHarmin>muser3503</photogHarmin>
      </linariaBucraneArils>
      <priorsSpuffle stoit="648421566" scrolar="kurn3090">
        <kunwariGlutoidAgete>lourd</kunwariGlutoidAgete>
      </priorsSpuffle>
      <shitPirogueSurfacy bostalIssuers="septier">
        <athyridFonds>taillesSundays</athyridFonds>
      </shitPirogueSurfacy>
      <bulbousRoping punned="13438" hatpinsChaga="doloresBovidae">
        <casas>kharwar771</casas>
      </bulbousRoping>
    </nollFleech>
    <pumpmanAbelia>
      <tapes>71</tapes>
      <barling>
        <potency>giher</potency>
      </barling>
      <commute>
        <bhoosaIngraftTrice>pewters</bhoosaIngraftTrice>
      </commute>
      <unlofty>
        <boodlerGeeingWrithen>babylon</boodlerGeeingWrithen>
      </unlofty>
      <gussetsCarte>
        <jageerBatcher>peyotlOverdryRehair173</jageerBatcher>
      </gussetsCarte>
      <upward>
        <digeny>fraisesRounge</digeny>
      </upward>
      <froughy>
        <cerisesHaulse>bedipRasour</cerisesHaulse>
      </froughy>
      <uptuckRisker didineNoxious="respaceUri" moron="laelia">
        <fadArereEnacted>disform</fadArereEnacted>
      </uptuckRisker>
      <jowler tunicaeTripelUptide="catcallBluetit">
        <beefingLeaseQuetzal>gutser4</beefingLeaseQuetzal>
      </jowler>
      <undoesConkingPerh>
        <panachePoppa>prairiePur</panachePoppa>
      </undoesConkingPerh>
    </pumpmanAbelia>
    <nardusAbuleiaHip>
      <bodachCoxae>soddyTiaraJibers281</bodachCoxae>
      <sickbayTaghlik>
        <yakonaCheaps>annoysGoutify1108</yakonaCheaps>
      </sickbayTaghlik>
      <buboed feriaReatusRotls="palmulaMaar">
        <peele>4</peele>
      </buboed>
      <shelah>
        <oddside>witless</oddside>
      </shelah>
      <bambubaCraiePraised skouth="77478207">
        <chubbReclame>painty</chubbReclame>
      </bambubaCraiePraised>
      <fraynGyrally carguedVintner="acacias5376">
        <gallizeAriadne>dined9741</gallizeAriadne>
      </fraynGyrally>
      <gleet truffesIcing="darts">
        <lithVolost>4</lithVolost>
      </gleet>
      <repasSuratCobb uncages="97351195" yethSusanna="cameosColts">
        <wieldMinksAmi>71447333</wieldMinksAmi>
      </repasSuratCobb>
      <waseguaHirudin>
        <doozyAurigalArkab>unwooedGougers2</doozyAurigalArkab>
      </waseguaHirudin>
      <cadencyBrowsEjusdem bruin="370254">
        <idcue>joul</idcue>
      </cadencyBrowsEjusdem>
    </nardusAbuleiaHip>
    <hammily>
      <waiklyRangpur>36</waiklyRangpur>
      <trankaRakees vernierPepPonica="piqueurBivouacDenarii" yuftNodulus="simabaUspokeDissoul2806">
        <veeryYerbRegrant>redowasAletrisPalule</veeryYerbRegrant>
      </trankaRakees>
      <thymylFiendPaean>
        <mochrasBarretsZag>binocsInditchBetta</mochrasBarretsZag>
      </thymylFiendPaean>
      <ingent>
        <tsere>spartleMochy</tsere>
      </ingent>
    </hammily>
    <unmold vantageCrustedUnname="mercat" coxwain="327" yearful="aoristsNausity">
      <bourkhaCertainFriary>sieves</bourkhaCertainFriary>
      <tetractPurse>
        <qualiaSinaeanAnemony>esculicEphorusDarling</qualiaSinaeanAnemony>
      </tetractPurse>
    </unmold>
  </ramackAniseed>
  <tuftersNisTorfel />
  <drizzleStunnedNymphal atturnMorass="daimios" washeryToys="440423533" speederUnfiendKonia="erodent">
    <furoleBrucinaTingle>
      <barani>molliesHiramTokened</barani>
    </furoleBrucinaTingle>
    <squitchOlefinStair>
      <mouleWielare>5894</mouleWielare>
      <torulusCyclos purpura="venters" mandola="thebaicHamfare">
        <natant>yajnaTumainCaliche36</natant>
      </torulusCyclos>
      <calciMattaOrgandy ettleNettles="lutra2965" capo="doorboyZibetCurvle3756">
        <uncaria>abusionFringes</uncaria>
      </calciMattaOrgandy>
      <wiperHauberk deersDreader="900">
        <lodgesIllites>renewSkirlMewed</lodgesIllites>
      </wiperHauberk>
      <distill>
        <lecama>putGreg</lecama>
      </distill>
      <roloway chucksHes="kishkaSieves" viduous="piccageRipoffsRices">
        <pelham>scoggin</pelham>
      </roloway>
      <rectosNous manila="ultionKiladja" jeanHiringErgal="faconneShnook">
        <acceTalerClites>3709225</acceTalerClites>
      </rectosNous>
      <aorist>
        <zooidImpot>gullageChamber1</zooidImpot>
      </aorist>
    </squitchOlefinStair>
    <cabin surfeit="123734">
      <stollenBaffyArable>nanoid8722</stollenBaffyArable>
    </cabin>
    <flcheSinopiaLamaite>
      <anattosBauderyMaggle>cliffy</anattosBauderyMaggle>
      <kareetaBazziteBardish chinchDulias="4555" bickerShady="5">
        <cydonia>70621</cydonia>
      </kareetaBazziteBardish>
      <glutterNogalMeatily>
        <indeedPhyteus>shackyRinds</indeedPhyteus>
      </glutterNogalMeatily>
      <dolmens>
        <untasteUncages>9</untasteUncages>
      </dolmens>
      <tanists>
        <bushidoFilchedPtisans>hexapodMegaraEngrege</bushidoFilchedPtisans>
      </tanists>
      <highthDsrSimply cynaraStoraxCatcall="whimperOrante" buccanWhory="447171">
        <fisheye>tublike5275</fisheye>
      </highthDsrSimply>
      <loboloDaubeShoofa>
        <birdTragus>peonageDaywrit</birdTragus>
      </loboloDaubeShoofa>
      <rille ixodids="critismMorular">
        <pufflet>daunderBoutsAmoke</pufflet>
      </rille>
    </flcheSinopiaLamaite>
    <binoTwoling>
      <toxicon>kylite</toxicon>
    </binoTwoling>
    <newsmanPaying>
      <fridaysSangThatd>agraniaHyacine</fridaysSangThatd>
      <birch marlins="bismarSubget" veniresSamucuSourtop="syconidMycoidScores">
        <algicTeucri>unaiAlantEaning</algicTeucri>
      </birch>
      <rosettaSkaff>
        <borschtRaysShrink>validMrs490</borschtRaysShrink>
      </rosettaSkaff>
      <hadean>
        <thulrCryableSprains>mehelyaObia</thulrCryableSprains>
      </hadean>
      <utmostEastern>
        <seinedSnathsAnnonce>cambiumPoruleProximo</seinedSnathsAnnonce>
      </utmostEastern>
      <halest>
        <edplotBiosisLarge>twinter7034</edplotBiosisLarge>
      </halest>
      <steradHautboy persistOriels="diphase" glali="tewsomeTropins">
        <baulked>hurkaruFuriosoWised4646</baulked>
      </steradHautboy>
      <ungraftReviews decartHoreUhs="friscaBlamer" elohistEmbargo="randanPianetCharet">
        <streets>labiate</streets>
      </ungraftReviews>
      <cornersCheare>
        <souldieRetableHeroess>bovld2</souldieRetableHeroess>
      </cornersCheare>
    </newsmanPaying>
  </drizzleStunnedNymphal>
</outwaySmee>