<?xml version="1.0"?>
<intsvAllicit>
  <wrungUnmewedSporoid othman="684841344" plageCheveeTalpify="winepotClusia" tuskyOnychin="scoggerLesath">
    <munsifDryadHigher cynismStymiedExeunt="stoachPaughtyQung">
      <forayEels>4693165</forayEels>
      <syrtisSpatted missort="pootCentile">
        <domajigFeebly>nebbuck</domajigFeebly>
      </syrtisSpatted>
      <bensTournSweath craigFremdlyAimee="agletsEmbloom">
        <limasAtimonPraised>spirted</limasAtimonPraised>
      </bensTournSweath>
      <korrelCardium zattare="bagworm5">
        <jupardBetowelWloka>ears</jupardBetowelWloka>
      </korrelCardium>
      <athymiaTheca skinksRenegerSashay="51547">
        <rinseMirate>777571734</rinseMirate>
      </athymiaTheca>
      <oatear>
        <tinny>commandOvalizeEarshot26</tinny>
      </oatear>
      <nanasTwibill pawawRettingHaoma="reeder">
        <shikariAmotionProceed>oxydaseEventsMore31</shikariAmotionProceed>
      </nanasTwibill>
      <warMonoazo sunwiseKahauPaauw="2" rapDroll="twoesSlutchSibbing85">
        <braised>63</braised>
      </warMonoazo>
      <cruder>
        <diploesDatum>virgeTornusShoe</diploesDatum>
      </cruder>
      <holcus zaparoConcZirai="erlkingSeqrchHilary">
        <defuzesMoulUndewed>34</defuzesMoulUndewed>
      </holcus>
    </munsifDryadHigher>
    <rousts>
      <lupinsTamersStaniel>coodle</lupinsTamersStaniel>
    </rousts>
    <orchidTawneyFrotton>
      <tulipFlatus>marsExile</tulipFlatus>
      <rowletPishesMonture>
        <pleonicRupiahs>518871506</pleonicRupiahs>
      </rowletPishesMonture>
      <nondaKaver>
        <cowage>sindManteau</cowage>
      </nondaKaver>
    </orchidTawneyFrotton>
    <sofkeeDadaLactary pumpetAmusiveTenures="loamRotang" holistNobodyd="5">
      <slivery>guilty</slivery>
    </sofkeeDadaLactary>
    <deemsFlyway>
      <ephete>roscoeSnipersDioxan87</ephete>
      <vinsFause weekdayPulvino="replume" embalePropValines="662944">
        <debatesGracing>3340411</debatesGracing>
      </vinsFause>
    </deemsFlyway>
    <glycanGlioma>
      <ppsBardyPuszta>cupfulSungarOwlism</ppsBardyPuszta>
    </glycanGlioma>
    <tulalip>
      <cuttler>mangeAgnameVerruga</cuttler>
    </tulalip>
    <chaksiWallahs>
      <cougher>941</cougher>
      <jotunnCalpArshins izumi="beamlet" obelial="udalman">
        <laftOgive>spayingProlanLathier</laftOgive>
      </jotunnCalpArshins>
    </chaksiWallahs>
  </wrungUnmewedSporoid>
  <singed cuckold="558">
    <ascent apishlyFlaiteVanadyl="4">
      <salvySpaviesUnioval>ethoxylTossPlainly</salvySpaviesUnioval>
    </ascent>
    <bikram>
      <ridable>levelChuckCondors803</ridable>
      <knightsSapek aint="3315" tacksMulada="homey">
        <theorStelar>farineRottedCalais461</theorStelar>
      </knightsSapek>
      <gaudilyAlogyPieing>
        <pyrrhicAeropeCarrack>3</pyrrhicAeropeCarrack>
      </gaudilyAlogyPieing>
      <prongsSeamer>
        <sparch>tkt2</sparch>
      </prongsSeamer>
    </bikram>
    <fanalYankeeAkal lienicVoceFlor="wraxle" fasola="2" lippenJigging="topsail">
      <atokeFortes>vicky</atokeFortes>
    </fanalYankeeAkal>
    <jumboXxiv>
      <gemmate>69</gemmate>
      <tarmiWordishEco cuffing="22549490">
        <morwPinch>110317</morwPinch>
      </tarmiWordishEco>
      <bowsesLoosestArgols slobbyAssizedSkaff="nikauFegsBalkis" deluder="9">
        <balijaSeemedMisbill>3348</balijaSeemedMisbill>
      </bowsesLoosestArgols>
      <worldlyEnfiled shirpit="timauaSteng" knorriaGiltcup="octode">
        <satiresSoonish>6</satiresSoonish>
      </worldlyEnfiled>
      <related>
        <foredoChaunaTabes>hattersSorbite</foredoChaunaTabes>
      </related>
    </jumboXxiv>
    <allezLyases>
      <kidnapsNavajo>jokish</kidnapsNavajo>
      <noyanceSownBelier advanceOnerate="melodia3">
        <tizziesCoveysRoulade>opsinSeasanGangers</tizziesCoveysRoulade>
      </noyanceSownBelier>
      <examFgn>
        <whits>837758</whits>
      </examFgn>
      <sulfideQuokkas sower="193" zillsJangledArroya="loobiesAglance">
        <rushee>cachedAridianCanzona27</rushee>
      </sulfideQuokkas>
      <kilt batzenAslaverWendell="2376924">
        <sozzly>4861380</sozzly>
      </kilt>
      <bonteePugdogTeiid pepinosKrnaDauding="myrrhsAcerataChiliad">
        <ascellaCurdooBall>628</ascellaCurdooBall>
      </bonteePugdogTeiid>
      <loathDoina pateHusked="jarkShaw5" sacateKnag="cabmenMyrciaVexil716">
        <hamesAnti>triflyDismit</hamesAnti>
      </loathDoina>
      <tarboyComarum>
        <neems>flewedIschia</neems>
      </tarboyComarum>
      <readdsUnbokelUndern murrayTacts="relata">
        <thamus>sunrose9</thamus>
      </readdsUnbokelUndern>
      <toughie rayingCardo="6329768" makaleLaurylDorcas="barbalWoopsCocher">
        <ricinsZookers>mujeresPatera</ricinsZookers>
      </toughie>
    </allezLyases>
  </singed>
  <dufflesDimLive praiseNylast="lard">
    <taluhetDismanObia treateePingedLefties="isaac" acoineSpivvy="huswifeLangrelUnshoed" orcinus="9513019">
      <unsmartCosta>weirds</unsmartCosta>
    </taluhetDismanObia>
    <oundsXoanon alterumBoultel="illudedLatebra" gerentsElitistAudio="9">
      <rerootMalmagCookeys>2</rerootMalmagCookeys>
      <artemasSchorl>
        <raiaeColera>atuamiMermenSpute</raiaeColera>
      </artemasSchorl>
      <amiablyDaniosLenvoy hainedKokamaPundum="passeeFacy" twinnerHateCanikin="fustocUskara7">
        <bravers>unclewAdductsIkan</bravers>
      </amiablyDaniosLenvoy>
      <tylomaMojoAvanyu intube="80671641" mildew="54">
        <epeiridAren>willes</epeiridAren>
      </tylomaMojoAvanyu>
      <sedangThrymsaArctiid eroded="kojiki9678">
        <farinas>kefiricMountie</farinas>
      </sedangThrymsaArctiid>
      <sipageAnnoys tishri="campaneBenmostCuerda981" urnful="2237167">
        <magilpForex>henna80</magilpForex>
      </sipageAnnoys>
      <enrayAnklongJetteau nutpickMog="kapasAllectGraith4747" oraleWitchyPouty="towelryShakosWoops">
        <iranianMorionsZipless>22502</iranianMorionsZipless>
      </enrayAnklongJetteau>
      <valetedJobbedUntell corsiteGoggle="96223739" carhops="rookishAphyric11">
        <toastee>apheliaHaireSacque</toastee>
      </valetedJobbedUntell>
    </oundsXoanon>
    <verilyMelisTizzies>
      <soueakVests>graffer</soueakVests>
    </verilyMelisTizzies>
    <embayedWrylyClarets joukChawlRenvoi="moraea" beading="orcaFezes" huskers="71816290">
      <quibletWollopShrend>paiockMaunFuses</quibletWollopShrend>
    </embayedWrylyClarets>
    <mixedBordragWilco>
      <maimulMorne>flauntsTareaSpinule</maimulMorne>
      <masoraSennite mutuaryDeposer="venineOutshotKnockup" wanion="joubertPeeledIsohel">
        <arnebSlanged>calymmaEbonizeGonid</arnebSlanged>
      </masoraSennite>
      <reetamDalteenNomism>
        <dassieSandhis>shamed347</dassieSandhis>
      </reetamDalteenNomism>
      <connive lustTattieLucigen="curiosLinonSorbian">
        <racismAlisierDumbcow>990512</racismAlisierDumbcow>
      </connive>
      <helvinTumbak ptisansEagers="7557968" jamboTheinsSatiate="rooklet">
        <cuinfoOllaCeratin>20399275</cuinfoOllaCeratin>
      </helvinTumbak>
      <abolishCaseumVapid emydes="firesRemakesCoremia" zep="84444384">
        <grindedAcomousScarved>misture</grindedAcomousScarved>
      </abolishCaseumVapid>
    </mixedBordragWilco>
    <tuyerHartailTosk increepRusted="printer" phanarBiggest="psoaticWarrishPintura">
      <ascitanCaissonKhuai>bios</ascitanCaissonKhuai>
    </tuyerHartailTosk>
    <dotiestHalvesUlexine>
      <platen>ekphore</platen>
    </dotiestHalvesUlexine>
    <phyteus kotowed="porc100" hdbkSinonSympode="lamiger" cycad="talentEasselLegatus">
      <gunship>lippia</gunship>
      <bowleChastenBindis gynecicKilloch="98707">
        <pailooLakers>conandUponAskings</pailooLakers>
      </bowleChastenBindis>
      <grammel asceticSpathedEnhappy="capuli" stetsSlurpedTystie="abesseMiffs">
        <whilterMukhtar>harkaBlaineTartine</whilterMukhtar>
      </grammel>
      <soapily aggroSarcle="dora" curiesUnadept="33595">
        <debtfulBact>pashm</debtfulBact>
      </soapily>
      <haulerDrills>
        <jocuno>rolltopPraoPyas3</jocuno>
      </haulerDrills>
      <corinnaIdylize schizOrbity="otogypsPangium78">
        <turkois>render</turkois>
      </corinnaIdylize>
      <sharpenKettyVeinous>
        <alisonDapplesFlushed>plashedFuelChatot</alisonDapplesFlushed>
      </sharpenKettyVeinous>
      <sipibo burstsMidbody="4" oogoniaCoelarHerns="binukauYesso89">
        <kinaseAsconia>muddersBogyman9</kinaseAsconia>
      </sipibo>
      <trepakSkyjackBowsman resave="wantsGraderIllitic">
        <carcoon>gutteeDesign</carcoon>
      </trepakSkyjackBowsman>
      <zaggingProtect>
        <exaltSlipout>guazaFluerDaimiel</exaltSlipout>
      </zaggingProtect>
    </phyteus>
    <psoadicVulva>
      <rhaphe>469406</rhaphe>
    </psoadicVulva>
    <buttonPickin isurusForches="92318" fedPiloted="808884822" trilabe="orvet">
      <tummalsHagbolt>lotuses</tummalsHagbolt>
      <filersHyenoid hectyliEisellUmbones="latinsWournilHeptode" oxbowsBacklog="ascyrumDeodars708">
        <flidderTroat>771021</flidderTroat>
      </filersHyenoid>
      <fluidBallistBoulder grivnaWaivedUnbark="ickerMonaeneUmbonal">
        <seton>gombayNesterUrdy4</seton>
      </fluidBallistBoulder>
      <rutinIncasePlasmon>
        <datakit>mozos</datakit>
      </rutinIncasePlasmon>
      <hutuktu>
        <strikerHeaumeUnseven>78223777</strikerHeaumeUnseven>
      </hutuktu>
    </buttonPickin>
    <concher>
      <enquiryCanary>shrivel</enquiryCanary>
      <demigodVaguish>
        <flidge>waferedBismuthRube</flidge>
      </demigodVaguish>
      <koiAubaine jayveesDiamantCymaise="yeltHagada">
        <kanthanOregoni>7368</kanthanOregoni>
      </koiAubaine>
      <poetdom pauDigyniaBeatee="aerobeSloe">
        <cumble>trifa</cumble>
      </poetdom>
      <fieriLequearVised>
        <trackMercianRupia>thankerOarlock</trackMercianRupia>
      </fieriLequearVised>
      <couxioStookieTranka peresPelfOutpage="wummanNaias5" mountedVolans="clamor">
        <libitum>forsookGolfingAfara</libitum>
      </couxioStookieTranka>
      <hydroaCantrefAcara>
        <lardier>2</lardier>
      </hydroaCantrefAcara>
      <fardels mindful="biopsic">
        <beadierPlayboy>archive</beadierPlayboy>
      </fardels>
    </concher>
  </dufflesDimLive>
  <reedit eburin="sylvaeBusied" peggy="nock" eurymus="ruelleFplotUmgang" bromiteHuggerBunks="woolie6" />
  <kales jerkiesMitisesMisgave="culettTattoo" unsets="medlars" ppiSplices="hondaNamers621" />
</intsvAllicit>