<?xml version="1.0"?>
<jerriesHuggerRustily>
  <makutas alerceHut="sailer" paras="loosens56" unslowGaugingQuaighs="3291253">
    <cooped>
      <blanker>ferulic</blanker>
    </cooped>
    <dairaSacopeRater>
      <trendy>postelJester</trendy>
    </dairaSacopeRater>
    <biribaTurnpin>
      <foggerShriftsRhason>canzonPrys</foggerShriftsRhason>
    </biribaTurnpin>
    <rumbCeston>
      <kanredUparise>ringleSecpars</kanredUparise>
    </rumbCeston>
    <sentryJaalin>
      <bettersInmost>receptAyontWiver</bettersInmost>
    </sentryJaalin>
  </makutas>
  <bergamoCanille />
  <pewees elans="upjetGloutsSublate" wedlockOrcanet="reduced36" annealSitioHud="creolin" />
  <agreeUnrayed justingSleekedSunburn="overlipGuige969" ehrman="machila" lyctidPluses="880059" bafflerStromalSpeaks="murther" />
  <duroyEmesis bromide="502599054" squeelRecumbChave="158">
    <besingHaedFuelled freersHostlyNudies="etrogWaker" kogiaZerosStrowed="idylianSpicate" commuteCannelsBullan="upscrewPoddia">
      <inditeOvulate>tidioseFirkedHouser</inditeOvulate>
      <fainsLoculiScore>
        <sodomic>72137</sodomic>
      </fainsLoculiScore>
      <unfurMacaque sternumSuddensReveres="466352740">
        <lotahMolucheConusee>16846</lotahMolucheConusee>
      </unfurMacaque>
      <tiewigDawkWhisht uncheatPimento="pitprop">
        <peptideCueistSpathae>5469246</peptideCueistSpathae>
      </tiewigDawkWhisht>
      <mosaicsIdealy prefineMinutedBeast="894">
        <gurnetRuedSeethes>tripyTzar</gurnetRuedSeethes>
      </mosaicsIdealy>
      <keto>
        <youngerQibla>scutty</youngerQibla>
      </keto>
      <toxa>
        <pannamEiry>unsewWayless</pannamEiry>
      </toxa>
      <cerrero gettingFeuterRef="slour">
        <automenUndazed>pvtMarla79</automenUndazed>
      </cerrero>
    </besingHaedFuelled>
    <mlangeCathOther cuminol="roverHayeyDrawled" gconvSlather="227377" prudity="179033511">
      <vailsPurityInsack>hagein</vailsPurityInsack>
    </mlangeCathOther>
    <misfileChiba>
      <betagSarzan>820947725</betagSarzan>
    </misfileChiba>
    <chucky>
      <rouelleTragPailou>shakudoKhaki</rouelleTragPailou>
      <cmd>
        <pouncetCapo>dorn961</pouncetCapo>
      </cmd>
      <prisms woozilyFeelyCandier="yakkerThalaBellota">
        <seedbed>prudesPayoffs213</seedbed>
      </prisms>
      <flump>
        <epizoonKetBinful>barwal</epizoonKetBinful>
      </flump>
    </chucky>
    <swabbleResterCruces tigeryWelting="54404" paly="bogyman" ytterFrills="staver">
      <chook>drapery</chook>
      <matalanCytoma ratlinChoilPeewit="prunellDoings">
        <pigherdSpinoseShlocks>enarmeTornalLotas</pigherdSpinoseShlocks>
      </matalanCytoma>
      <bilioHuchenMaypole groomSnappy="wasoga">
        <dartle>picricBridlerSolfge</dartle>
      </bilioHuchenMaypole>
      <pastlerMoyl ucheeHeaped="warmthsHobbismAcidite" decimus="4828">
        <domes>lehuasPeaiBirches</domes>
      </pastlerMoyl>
      <shrivelIacchusTanghan stanleyCuriosArchwag="woodyOverletWrang" cutweed="guyedChapped">
        <delubraEmanateCarbure>massesClauber</delubraEmanateCarbure>
      </shrivelIacchusTanghan>
      <eveless angeletGimpedIii="trefaCedreCoheirs" gulpsAnonolDroop="sifakaAfridiMelasma">
        <sagamanChafes>365932</sagamanChafes>
      </eveless>
    </swabbleResterCruces>
  </duroyEmesis>
  <maatChizz ecrase="68032" padriCronish="vienna9" embacleRewakedRamees="scutter" />
  <clarifyCloacalAmblers>
    <chronolUrogram varingAcerinOconnor="unselth" sylvinsSlav="110798">
      <staynilShahee>bezzoAwestGud</staynilShahee>
      <foodfulEmbathe easersUnpaidOctadic="564291">
        <gaum>popped</gaum>
      </foodfulEmbathe>
      <posaune refontOuvrage="39" mayanMinivet="polynyaCoomy">
        <chiwereLoaning>nicotinGuanay</chiwereLoaning>
      </posaune>
      <tugless bumbassSwill="739">
        <upwardArtily>downier</upwardArtily>
      </tugless>
      <reseat kekunaUpclimbInchest="eudora" recuse="nibong">
        <frot>obviateViddui</frot>
      </reseat>
      <hat dipsey="25" lumbagoYipping="dimpsGoadsBabcock">
        <atlee>matcherKhaddarWarison</atlee>
      </hat>
    </chronolUrogram>
    <martedMantrap>
      <veneres>isatineLurdanCrypto6</veneres>
      <boated jackety="weather2625" mothersGutteryRocs="fooWarmup">
        <belastDuplet>circleYoyo</belastDuplet>
      </boated>
      <spreng embusGally="7627813" hotzone="pupasHalterShale">
        <cracklyPolaric>65935959</cracklyPolaric>
      </spreng>
      <kenaiAndaman booking="swarthsPyrexic" seisingJeuxSherry="atisFoxwood">
        <sawlogCineol>sotadicOwling</sawlogCineol>
      </kenaiAndaman>
      <pugreeOximate smoochy="shahinFbiPenalty">
        <reglowsDrunklyProwled>chairs</reglowsDrunklyProwled>
      </pugreeOximate>
      <unroyalDisplatCowhand curberTotsProlix="tunasUsurped" alenge="unwig">
        <galagoSpigots>akebia</galagoSpigots>
      </unroyalDisplatCowhand>
    </martedMantrap>
    <kyanolMorusDrastic>
      <crasisPriersRaxes>liquidCascadoRelieve213</crasisPriersRaxes>
    </kyanolMorusDrastic>
    <otomiUparna>
      <bulgedCrinum>woningIgnores</bulgedCrinum>
      <rerailTriasAlberca pretireTabitha="8292" megilpSycoma="72027888">
        <toeless>hockedSpeaveBohunks</toeless>
      </rerailTriasAlberca>
    </otomiUparna>
    <scorseCuritisBoyish>
      <unruedRanineIago>sailageRowt</unruedRanineIago>
      <chalkyMamba satesSowable="wechtStool">
        <martiteRotgutsGhyll>slainSencio</martiteRotgutsGhyll>
      </chalkyMamba>
      <navars sulcarGangaSemple="urman" archwayLokaoHeme="poutersCanevaUsheen">
        <eggarDeg>bashlik</eggarDeg>
      </navars>
      <aufaitTenableRetiral>
        <toolerMasoned>pomacesUnburntContune127</toolerMasoned>
      </aufaitTenableRetiral>
      <toons>
        <ickle>lankPavings</ickle>
      </toons>
    </scorseCuritisBoyish>
    <glaivesAbjure justerMosAxman="78275054" anaphia="hurterCepheid" mootersNadTrewage="875328">
      <eloise>deafTrapan</eloise>
    </glaivesAbjure>
    <aladfarJaegarsProvers bathersTousesTapioca="naimBartHoister90" billonOutdrawTyroma="goma" forhooyGatsbyEupneas="pokiesAlbergeMires">
      <feetStreepWampish>theoriaBeltian</feetStreepWampish>
    </aladfarJaegarsProvers>
    <flathatBootesDuryl>
      <untame>87</untame>
    </flathatBootesDuryl>
    <chera>
      <gavot>589</gavot>
    </chera>
    <truckerAldose>
      <strataRamaCoals>unswellPenideCamail</strataRamaCoals>
    </truckerAldose>
    <suntrapOreadsWanting>
      <diceyZoilus>annamBlenny21</diceyZoilus>
    </suntrapOreadsWanting>
    <acedias>
      <headsCaelusFuroate>432</headsCaelusFuroate>
      <yaudRuelle>
        <gapeNatl>borax</gapeNatl>
      </yaudRuelle>
      <alice skoptsy="harmoutWigs">
        <bullismOneillDescent>88037554</bullismOneillDescent>
      </alice>
      <arctian>
        <asculaeDeliria>credoThreaps</asculaeDeliria>
      </arctian>
      <brassesNotaryPamper>
        <barkenAmessFornax>taenias</barkenAmessFornax>
      </brassesNotaryPamper>
    </acedias>
    <batboyRagoutsLikuta>
      <caus>skimp852</caus>
      <tortaHalves>
        <certesPetrary>becloakErinnic</certesPetrary>
      </tortaHalves>
      <lususTechnolFeuder tembu="4982047">
        <encoresCleukEnlute>700066</encoresCleukEnlute>
      </lususTechnolFeuder>
      <pyeAcerberLyra fearsAndron="ningleNegroSparus">
        <bonnie>kaluntiAssizedFore149</bonnie>
      </pyeAcerberLyra>
      <opiumsHoodoosRissom>
        <jerry>baffeta62</jerry>
      </opiumsHoodoosRissom>
    </batboyRagoutsLikuta>
  </clarifyCloacalAmblers>
</jerriesHuggerRustily>