<?xml version="1.0"?>
<tuingaGranule>
  <areniteBakalDirts tushsAster="2" eltrot="paruriaTabootOocyst" lozengy="hauflinPinhold">
    <affix>
      <impedGoreSchepen>matraceBellisBedwarf</impedGoreSchepen>
      <vapours sala="dexterBothnic">
        <sexing>relead</sexing>
      </vapours>
      <hardingBragged>
        <bookiesDestiny>75259612</bookiesDestiny>
      </hardingBragged>
      <townistEfform kirnedCoritaCruzado="savileIdlemanLatent26" drowAntoniaIbad="6">
        <comtesReinedEndecha>prewhip</comtesReinedEndecha>
      </townistEfform>
      <qtdFewerInfixed dryfist="797785">
        <studderKazoosRestain>keymenOccludeBuds</studderKazoosRestain>
      </qtdFewerInfixed>
      <tagragsDustour accruesMazhabi="manufDhabbAnsarie">
        <nanaimoZonariaWarmths>caudalFitchy</nanaimoZonariaWarmths>
      </tagragsDustour>
      <kitlopeCretin feirieSpinal="196191" terma="soapier">
        <hepcatsLoppetSwagers>daimyoSnotsSupers</hepcatsLoppetSwagers>
      </kitlopeCretin>
      <nounFloorUmload astalkVivda="sonableSnowishMarver">
        <boskInwinds>heloeWaryVestee</boskInwinds>
      </nounFloorUmload>
      <argaliThistly shriverSozzle="misaimsRestainRabbles" eyahLuoPlated="306">
        <muling>ruckerAverOutfled1806</muling>
      </argaliThistly>
    </affix>
    <violinaChetty techierMeasureAlogy="skinnedUptimeSparrow">
      <tinnyAerogen>7</tinnyAerogen>
      <savorsGuerite>
        <telfordCalpackPolarly>dishpan</telfordCalpackPolarly>
      </savorsGuerite>
      <donetSikaraMaze>
        <coefEleuinParify>cooeedMartyn151</coefEleuinParify>
      </donetSikaraMaze>
      <jounces>
        <dourahDayakOscula>7903</dourahDayakOscula>
      </jounces>
      <hachisRenet quant="udders300">
        <ramet>5</ramet>
      </hachisRenet>
      <popeismTempestWeird scatchGawkers="momism">
        <erupted>humoursPegallRemast</erupted>
      </popeismTempestWeird>
      <twyers outweptPlies="24624033">
        <sinkboxBlarnidArbela>ojibwaTonging</sinkboxBlarnidArbela>
      </twyers>
      <rugal halalLounger="5055">
        <emblic>fesselyLotic1</emblic>
      </rugal>
      <rotseOvinesLeys summas="strich" maycock="hoodmanWansithCaid">
        <patas>813575190</patas>
      </rotseOvinesLeys>
      <approxFlatletOrgans behindsIneditaMowrah="baffiesFiadorTelesis793" lopesTramful="54560">
        <twine>carrotsIchthusStopway</twine>
      </approxFlatletOrgans>
    </violinaChetty>
    <reacts>
      <tabbied>acceLapseBitser</tabbied>
      <peepyChoicy carabusTagwerk="43932">
        <stoutenAubade>slabsEnamour</stoutenAubade>
      </peepyChoicy>
    </reacts>
    <unoften akronCodas="2505" breedyBall="rabidHoc">
      <miladisFanback>donaldSquawkSteaded</miladisFanback>
      <raiyatGuaiol>
        <milkyMaylikeCoypus>97059</milkyMaylikeCoypus>
      </raiyatGuaiol>
      <yankees>
        <sneezeScrimsGeet>spaedom</sneezeScrimsGeet>
      </yankees>
      <mustSeewee fusingMatteryTwier="mawwormUpbraid" mats="duppedPinchedTrismic">
        <cassia>52221541</cassia>
      </mustSeewee>
      <cuckoos>
        <riggalAtrium>perbendAriadneLyings</riggalAtrium>
      </cuckoos>
      <bittedWritsMoorish kwhrDroukitSwiften="inhabit" taroks="medium">
        <cooksApis>5</cooksApis>
      </bittedWritsMoorish>
      <feverBania seesawCrooks="acedAberr">
        <fastensStrentMudde>brichenRockiesTeens</fastensStrentMudde>
      </feverBania>
      <mess>
        <turmentJins>burrioRawhide</turmentJins>
      </mess>
    </unoften>
    <nandu>
      <washway>goofahGunyeh</washway>
    </nandu>
    <hurryRubiconHybosis seiseCarefoxNarrowy="bitmapCrummedEchards64" nebiimBuddledArbalos="nymphsPienaarCudava" uteri="risquePropman">
      <liturgyHogtiesRebribe>squirtyMintedUpstaff93</liturgyHogtiesRebribe>
      <scritch vermixSoccer="hyppishBigramPhaseun" adultsOpenlyParotia="midmainAttyImagist">
        <eoceneDuctile>fervor</eoceneDuctile>
      </scritch>
      <fipples ervil="saditeScutchsSufiism" grapeys="chkfil">
        <outfeltGaltrapTuart>glorifySifted32</outfeltGaltrapTuart>
      </fipples>
      <narks lametta="24423" bemazedGestapoChow="cortineBineAcrider">
        <stonierPodlerHobnail>wanions</stonierPodlerHobnail>
      </narks>
      <musoGhizite>
        <gowpen>tidingNahoorSuimate</gowpen>
      </musoGhizite>
      <sinuateCachotMatted>
        <leapsFlossed>lienalQuagga</leapsFlossed>
      </sinuateCachotMatted>
      <sorex rusinesUndue="rafaelRepaper5199">
        <fuellerBarye>recanes</fuellerBarye>
      </sorex>
      <diplexPrexy flyblowUspokeCitify="66" prefixSubjoin="bodiceAdulter">
        <ahold>sao</ahold>
      </diplexPrexy>
    </hurryRubiconHybosis>
    <scolocNeural>
      <wicker>cawkerDeepish</wicker>
      <juringKnowe tendoShawy="scorers" zaramoTetrole="address">
        <varanusScrewedRange>gteau</varanusScrewedRange>
      </juringKnowe>
      <cystoma satyrPimploeSneaky="triodesSuckles" koryakWeeniesIrchin="unaxledPutchenCarders42">
        <ostmarkCrawdad>evaEyraAvoue</ostmarkCrawdad>
      </cystoma>
      <hackin deusanAcned="foliole" pyxidesJuzaCathode="stingsCarbon">
        <prineCobnut>yethEagledLottos</prineCobnut>
      </hackin>
      <staving balmsAtoleEmpory="762627" dunamisVamfontSponges="esguard">
        <ramex>staringBegayBukeyef</ramex>
      </staving>
      <areek>
        <stibiumKinkleLimoid>frateUpbreedYodels</stibiumKinkleLimoid>
      </areek>
      <doyle bunking="2972486" biotypeSaitic="293799844">
        <rulersRoumanDawen>unshowyDegumPoove</rulersRoumanDawen>
      </doyle>
    </scolocNeural>
    <seabedAxillas>
      <modocBlabberDarat>cpmSeptumProfs</modocBlabberDarat>
      <bonsaiCleamNitwit bamboos="hadjemiColder7">
        <perkyTelynOutjest>talkingRammerTates</perkyTelynOutjest>
      </bonsaiCleamNitwit>
    </seabedAxillas>
    <bocciHang>
      <corpn>nipter</corpn>
      <leukon munific="metalsLousierPamper">
        <potch>jetwareAruac</potch>
      </leukon>
      <chewieMoisten bhunderSilAlpian="buddhaCogue">
        <calinutHawkers>soushyGazebo3602</calinutHawkers>
      </chewieMoisten>
      <chassAmessOutlove>
        <savMandaicSmelter>achiganAnarchSnells</savMandaicSmelter>
      </chassAmessOutlove>
      <noodlesTaupesViandry htsUnsheerPulayan="eyingSpoornCacks">
        <museistRegrindReneger>cupheaChawn</museistRegrindReneger>
      </noodlesTaupesViandry>
    </bocciHang>
    <assishSidebar>
      <knivey>thripel</knivey>
    </assishSidebar>
  </areniteBakalDirts>
  <somdelGlowed tenues="melineDog" rebiaNappeViatic="aselarOuting">
    <tampan>
      <treitre>unmoody</treitre>
      <coe hour="nidder" urethra="oarsEnedGunster">
        <gogganUpburn>simplesSucking</gogganUpburn>
      </coe>
      <kleptic>
        <cotypesSlurbsSnigged>buboed</cotypesSlurbsSnigged>
      </kleptic>
      <aurisJaudieOutfled>
        <qubbaScirrhi>caballoPouncy</qubbaScirrhi>
      </aurisJaudieOutfled>
      <scanted mya="dodunkKaren" tabu="henismKatatButein">
        <coset>maydayAristoi</coset>
      </scanted>
      <aguaraSheikhClept>
        <vomitosThalaTurkis>545564924</vomitosThalaTurkis>
      </aguaraSheikhClept>
      <ganofs acaciasScreak="jerseys">
        <eelware>ayyubidLeaky</eelware>
      </ganofs>
      <azonal court="barquesPoussie">
        <untieFrilly>kentia</untieFrilly>
      </azonal>
      <recomb bifilarSiennaCrapes="5291527">
        <slewedDonetBeanier>beseeDehairHapale8</slewedDonetBeanier>
      </recomb>
      <iyoOchnaAmorphy boreiadDattosAralkyl="antumWagtailGrabens" ilimaManaceGenio="tskJusterPardee">
        <oddsbud>acanaDaymark2</oddsbud>
      </iyoOchnaAmorphy>
    </tampan>
    <elneCootie ouranosPhiltre="woa">
      <gerefa>873310</gerefa>
      <lodgingWaitEwry cabobLoweite="gaums">
        <stretch>roachProponeBole</stretch>
      </lodgingWaitEwry>
      <aizleChevron halmsNectronStriga="funicleOtarianPuckle">
        <bruzz>agism</bruzz>
      </aizleChevron>
      <excudit overset="enfortTogless97">
        <metopeCaveat>ioskehaHdqrsNoughts835</metopeCaveat>
      </excudit>
      <leewayLapseSooth addendaDrachen="unraced">
        <sleuthRicketsTrophon>miswishOilcoat</sleuthRicketsTrophon>
      </leewayLapseSooth>
      <gowaned brigue="bunduFumier">
        <flaxmanAsarite>7094692</flaxmanAsarite>
      </gowaned>
    </elneCootie>
    <palchAnimism>
      <ireless>oohs</ireless>
      <retitleKittedTautit jumpedBaulPlato="454211865">
        <lugCodenTotten>pressesMateySalta</lugCodenTotten>
      </retitleKittedTautit>
      <nettier jobbleKillasMoco="congersFeater95">
        <judoIllusorShikker>iodolGriffCubes</judoIllusorShikker>
      </nettier>
    </palchAnimism>
  </somdelGlowed>
  <yamunDeluder smore="bypEroticsBombous9" heapDghaisa="huggersPsorous" decocts="dosedRedodidPtts" limboDebitum="4">
    <nehruDachas>
      <pulliGroten>begazedIronmen</pulliGroten>
      <vilely>
        <celloCloves>widgetKoeriLikeful</celloCloves>
      </vilely>
      <exacumFlit chibchaIronish="6520534">
        <quito>citrinsBeacon</quito>
      </exacumFlit>
      <sternum urde="4434" berberDaynet="amarant">
        <barnaby>etouffe</barnaby>
      </sternum>
      <frugganFluey seawardVerity="speersFantods716">
        <diamGigots>67</diamGigots>
      </frugganFluey>
      <ectirisMurexidAbjudge bicolorDikeHolism="withedSommiteGodful6024">
        <kainsiHater>huddledShandryAyuyu</kainsiHater>
      </ectirisMurexidAbjudge>
    </nehruDachas>
    <deftNunryRechew>
      <sniddleBaho>ripely</sniddleBaho>
    </deftNunryRechew>
  </yamunDeluder>
</tuingaGranule>