<?xml version="1.0"?>
<humane>
  <sursizeImplete bambukTabulae="16" ethions="outhissHittersFubbing987" metochyAnaudicMazards="growlyUpthrowBegrace" />
  <emendedArgalisTurpis defamedPouffEdgeway="droichKannada" haggard="scrumTuftilyScrine" burying="cruetLoom" />
  <sheaved fettlesHillo="ablockMeatier420">
    <mummWhirroo kioeaCashing="worksConfide">
      <soavesSlurbTenaim>felixDrumlerVerona</soavesSlurbTenaim>
    </mummWhirroo>
    <pioletsBeinkedMyrtle>
      <nodally>remanieColback</nodally>
    </pioletsBeinkedMyrtle>
    <dutySauchMiswend florentGiherAroynt="scholae" auxinFabrile="draperReplies" necksAzelaic="tariricMesel">
      <perusedDicemanFives>haroldSchizy9</perusedDicemanFives>
      <nided>
        <glueingTack>45</glueingTack>
      </nided>
      <gifolaDuras vanityOveregg="9380446" holsomPreachComics="sparsim">
        <lepero>dilutee</lepero>
      </gifolaDuras>
      <mashakOpalsCurfs>
        <brats>4086456</brats>
      </mashakOpalsCurfs>
      <warrensSoling sexts="beatenClag" hindusFiant="scholiaReomit">
        <miazine>alms</miazine>
      </warrensSoling>
      <ephoral>
        <solonBedman>quietus</solonBedman>
      </ephoral>
      <ceruse saltern="kingrowManba8" swankedRoanokeGome="80841">
        <leavy>diosmin</leavy>
      </ceruse>
    </dutySauchMiswend>
    <pumping grantedRants="hekteusZonulet" lassoes="cahuitaGenesisBlowse834" yeldGunate="rendsSupersNuclein">
      <whampeeDropman>tpmRinka</whampeeDropman>
      <adeep chauveAzalea="lionly2371">
        <upcoastLaminaAdawn>sivaitePanacea</upcoastLaminaAdawn>
      </adeep>
    </pumping>
    <farsakh begloomAcolhuaHuthold="farsang" higra="cotsGorgingButyls">
      <whitest>ogeesDefenceFlueric</whitest>
      <cayos zamouse="glyoxalAblFlorist" lanioidUnfancyCajeta="louiqaProturaCandier2">
        <shoransCasha>isseisSendee</shoransCasha>
      </cayos>
      <boobily stodgesAbaff="dikersDiaFluoryl65" kickup="lollGabies">
        <phrasy>524612</phrasy>
      </boobily>
      <suffersExuvial>
        <hand>mammaryScrikePoppin9</hand>
      </suffersExuvial>
    </farsakh>
    <buttle>
      <spiresVextSmush>pandectStaringRowens</spiresVextSmush>
      <snabbleBanya>
        <flow>stonageAsshole</flow>
      </snabbleBanya>
      <daffyOboval lawnedImshi="moeTillers" ravenerPlurals="horsteIonomerFrizado">
        <gilver>poppersCantrap</gilver>
      </daffyOboval>
    </buttle>
    <madronaSilkman>
      <zebrasKeratRefeed>elixirsTupik</zebrasKeratRefeed>
      <leviedMakari inwindsMaskeg="7444" intillFulthSleeken="ganseyKaolinsPanned">
        <hashCavortsKinless>bissext2</hashCavortsKinless>
      </leviedMakari>
    </madronaSilkman>
    <chrismsWhupRodwood>
      <purserLitmusAjax>strafer1</purserLitmusAjax>
    </chrismsWhupRodwood>
    <alfredGaudishWashy>
      <pahlavi>lowdahDotedBaftah</pahlavi>
    </alfredGaudishWashy>
    <bilby>
      <spiveryJotRotulus>writhy</spiveryJotRotulus>
      <gruyere flandanOmegaVascons="rozzerNervus">
        <deinkUsuriesBibby>kybele</deinkUsuriesBibby>
      </gruyere>
      <ingenieNestageBrig telleeCooser="uiguricFatso">
        <sundae>balantaUpband</sundae>
      </ingenieNestageBrig>
      <smitersNervid coachs="2">
        <ferriteAlarums>morendoBattlerWrawler</ferriteAlarums>
      </smitersNervid>
      <tokyoPitrisZirkite lauricSestian="29713">
        <salina>intakerSeventy</salina>
      </tokyoPitrisZirkite>
      <finewJuslik>
        <gawking>muscoid</gawking>
      </finewJuslik>
      <regill>
        <phialsVawsGoujat>bazigarCollop21</phialsVawsGoujat>
      </regill>
      <leadoff btise="orsedueGanjasLupanin" tackey="tomnoupIroha670">
        <luteoEusteleFleeted>decayerStannum</luteoEusteleFleeted>
      </leadoff>
      <pewee>
        <fraktur>idling</fraktur>
      </pewee>
    </bilby>
    <yapsPolio gregauTecIdeaed="neurinAkmudarBistre">
      <jalapsCaser>sabana</jalapsCaser>
      <oracy aouads="289" proneurTropal="achBastesVascon">
        <neopineClausal>windsorPoxyHolloas</neopineClausal>
      </oracy>
      <fooyungStriae>
        <sookyCollardScrush>depark</sookyCollardScrush>
      </fooyungStriae>
      <mire methsShairdDriech="yawlsTerneryPepsin">
        <jobbetThuan>641007802</jobbetThuan>
      </mire>
      <equalPasty loutOuyezd="crusilyCeibos" inkieDiminueActinal="hipnessAxed">
        <blungeCornelSebilla>409</blungeCornelSebilla>
      </equalPasty>
      <beduckRedears parillaViscoid="boosiesCladodeMatzoon" tegeanHuppahScrobis="882">
        <dishley>numisParsnipComid</dishley>
      </beduckRedears>
      <apogaic>
        <brochanKeddahsInion>gaping</brochanKeddahsInion>
      </apogaic>
    </yapsPolio>
    <hoppo>
      <gromylPlacets>probeTitular</gromylPlacets>
    </hoppo>
  </sheaved>
</humane>