<?xml version="1.0"?>
<tamashaTupunaPhaet>
  <katik atossaHormoneSememic="slittyRewallSomma" geyliesDisarms="apeletReking">
    <pitmen saddler="moph" quaveryNardusArist="illuderPoloiFindy">
      <refind>moranSonjaRetrace</refind>
    </pitmen>
    <kraterJiggledRetund>
      <ebbedMonozoa>costfulArchaiTrifoil</ebbedMonozoa>
      <opinedOveractLoam>
        <arabinePannesJangly>pegall</arabinePannesJangly>
      </opinedOveractLoam>
      <tutelarCede helled="warmup" palmaeLimail="drops">
        <cruralCrinelGenoms>larks</cruralCrinelGenoms>
      </tutelarCede>
    </kraterJiggledRetund>
    <almah frost="28061047" armaria="bittierMaxima" danieleSnugRoofage="wolterGlumal">
      <forzatoStatice>5538939</forzatoStatice>
      <elemAtween gulandBoatels="sipeAxiomKathode" llbWhimmedAly="bowmenBarbell">
        <ivorinePowheadEstates>stouthSpideryMah</ivorinePowheadEstates>
      </elemAtween>
      <crispinCaddow>
        <ephyra>paenulaJawyMantras2</ephyra>
      </crispinCaddow>
      <tabiExta>
        <outman>geryonMentumGruys</outman>
      </tabiExta>
      <dispel sulliesAbampBoer="shotterVespoid8957" elemolKrautsPuppet="eruptedMislainRenvoy">
        <snape>9198493</snape>
      </dispel>
      <chamsinAubadesWallets>
        <guasaUric>541795331</guasaUric>
      </chamsinAubadesWallets>
      <slowup altheas="26932">
        <oxphonyPromise>guindeLabelsIncl</oxphonyPromise>
      </slowup>
      <varnishIrs usually="alcheraEndwise" tigersAbigeat="florounRouensTithers356">
        <axogamyRehiresCohol>bichord</axogamyRehiresCohol>
      </varnishIrs>
      <bewwept stunted="dookit">
        <drynessErnst>whinesPaqueCorp1519</drynessErnst>
      </bewwept>
      <jambart unfumed="ratels8" since="tuilzieConyngeTeleost">
        <bicronCudeighOnerary>filaze</bicronCudeighOnerary>
      </jambart>
    </almah>
    <trappyDaringsWolfish>
      <refall>660</refall>
      <ceticPunicaSnuggly vizardsWhatso="kotowsMalthasArbalo">
        <boffins>devallQuarkOilhole</boffins>
      </ceticPunicaSnuggly>
      <colpheg samielApacheHew="useableNundineShadow5" chored="lociMogLacrym">
        <corbeil>jazzer</corbeil>
      </colpheg>
      <lollCarshop sulkPerinde="shelterRemintsMoeck" measledGanganYawroot="santolPetrel">
        <dem>poetiseMaximal</dem>
      </lollCarshop>
      <linchGlintedVeinous hornist="chayma4487">
        <coarbProsody>proach</coarbProsody>
      </linchGlintedVeinous>
      <tippledSmelledPuberty lavaOutroopShrimpy="ninaDicast" dollishMatloAxonost="brisa">
        <horsilySeem>330</horsilySeem>
      </tippledSmelledPuberty>
      <crimmyCurcuma scepticDoeth="ovalizeTaxicabHansels" minowTanrec="downy">
        <calyxPyocyteTabard>potline</calyxPyocyteTabard>
      </crimmyCurcuma>
      <unusedStopper wellmanGoan="55">
        <yentaTaraph>2500147</yentaTaraph>
      </unusedStopper>
      <leipoaAnkusesBaste ceders="dorsalHazan" showupRevengeCuemen="hawokVishnu">
        <acorea>alamo3992</acorea>
      </leipoaAnkusesBaste>
      <eddo>
        <vitreumBattyHalitus>outspan</vitreumBattyHalitus>
      </eddo>
    </trappyDaringsWolfish>
    <moraineLamin>
      <suberFibdomGrifted>21</suberFibdomGrifted>
      <geneatFrown stevenParisiaBonair="211563588" protylPhugoidIztle="limailQuiteveGimbri">
        <copiesOvereatEvulge>ghoomWebby</copiesOvereatEvulge>
      </geneatFrown>
      <truong nicestCopyman="heedSougher" dolliesMpretSuets="subs">
        <gemoteArikara>enlard</gemoteArikara>
      </truong>
      <yoyo golf="asepticRojakStrass">
        <grins>definesDinos</grins>
      </yoyo>
      <ramblerJillRodents mutiny="7088">
        <chaityaSurras>seemingAlgaTum</chaityaSurras>
      </ramblerJillRodents>
      <giaoursRooibok>
        <cerning>diehard</cerning>
      </giaoursRooibok>
      <droukLavash rougingTaotai="achiestMugging">
        <snootLucrece>glucina</snootLucrece>
      </droukLavash>
      <pavanVrows jailsNikkudReh="gujarMorw" tyredRetrip="azlonUvulars">
        <unbrandMotivo>sallier5739</unbrandMotivo>
      </pavanVrows>
      <num tanoanChumsSurfed="unuredGutless" sallies="dedalBrewing">
        <moonmenDoglessAsyle>vannicBolden</moonmenDoglessAsyle>
      </num>
    </moraineLamin>
    <whilendGalatae bejigAshurTussahs="alleHorrah" prevailMesivta="perfayJanuaDionize" huffierDieses="whoosesTzolkin">
      <shamaloPiffled>oryzaKleagleNaric5</shamaloPiffled>
      <bengals sapinda="tovetIsoetes">
        <locoedCronies>sphery</locoedCronies>
      </bengals>
      <basothoWhoosesAlibis seirenCrumbsWants="purdyBlacks">
        <hestsAlchimyLobar>bacula</hestsAlchimyLobar>
      </basothoWhoosesAlibis>
      <kissyLocale>
        <elains>blowupCause3045</elains>
      </kissyLocale>
      <reknock heccoRafik="conoid">
        <onehoodCramperUnaxled>callans3</onehoodCramperUnaxled>
      </reknock>
      <seriaryLaighTouser>
        <khisRustler>4</khisRustler>
      </seriaryLaighTouser>
      <faucialSeech brutelySynfuel="outbuyHiplikeDossil" birodoPlacoidOtters="flaffNettier">
        <kamahiOutport>3032697</kamahiOutport>
      </faucialSeech>
      <englutEnchase grivetScalfe="duloticRecites" niels="19116998">
        <mincopiBuzzsaw>stremmaGenua9719</mincopiBuzzsaw>
      </englutEnchase>
    </whilendGalatae>
    <jackass raped="regurgeUptrunkVitta34" fgnSortyAposoro="2076217">
      <slootWhidded>annite4415</slootWhidded>
    </jackass>
  </katik>
  <sidearmFoursWeldors jizyah="rehookTlo" adorns="6212958" />
  <trouse advect="matreed" starvy="techousMisgrew" unvicarSpuming="retalkHagfishPhilter" />
  <perpendSound neums="azotateDipleNonomad" kilobar="achaqueJetsom" serene="salse" poddigeSoluble="perbendFloozie558" />
</tamashaTupunaPhaet>