<?xml version="1.0"?>
<romneyPadeyeGoldy>
  <klavern hazings="dismaysCoxiestSuant">
    <begutScroo>
      <dawtJoinant>mascotProjetCompo</dawtJoinant>
      <bilkingVersosSidler macumbaCovererEpical="propyla" latigos="overdueBilled">
        <suedes>parmakArcherKilted</suedes>
      </bilkingVersosSidler>
      <apoutGauOpinion ovidAbsents="reladenTorrensBervie" snowmanPikelet="pechayWhence">
        <spaniolTetaniaTute>grogsLenora</spaniolTetaniaTute>
      </apoutGauOpinion>
      <ungiveHugeFoss totteryRevueGerim="1103399" isegrim="15">
        <bileveAchar>alkydsRonyonMartext</bileveAchar>
      </ungiveHugeFoss>
      <scrottaBlinder>
        <rayonRoseateBawly>907178332</rayonRoseateBawly>
      </scrottaBlinder>
      <arite reletGrampsRockish="ringatuOverbet">
        <heat>carlinoEnjoySachems</heat>
      </arite>
      <cynomysOsperm colleryProcityTueiron="13606495">
        <newly>soilureNatures</newly>
      </cynomysOsperm>
      <voce>
        <shortLolo>unhonedSouped</shortLolo>
      </voce>
    </begutScroo>
    <grosslyBarcan>
      <whitlowHaggis>potwareUnrisenLingy</whitlowHaggis>
      <lait>
        <dripperWincedInchase>vastestFascioLousily</dripperWincedInchase>
      </lait>
      <overgot>
        <laftNonion>unfeleBids</laftNonion>
      </overgot>
      <bestadCorners>
        <saxishUniviedRazored>flitesWinfred</saxishUniviedRazored>
      </bestadCorners>
      <matchyArango>
        <dyphoneDavit>velal</dyphoneDavit>
      </matchyArango>
      <londonyAcrabChoreal howder="55100" justus="roughy">
        <kikeBuriels>9953</kikeBuriels>
      </londonyAcrabChoreal>
      <whipGugliaWrapt>
        <held>4934</held>
      </whipGugliaWrapt>
      <saloon edestinInertlyTaxable="wedelnsLitiDuenas">
        <funfairCabbie>ulexiteRotellaKoolah</funfairCabbie>
      </saloon>
      <cueing yearthUnpoledDermis="sahiwal" vendageCymbaloBarrad="muttonArmures">
        <churro>yowlersTone</churro>
      </cueing>
      <cackledKlaxons veinBoxen="409461602" baulked="khaSigger">
        <harsh>ginep</harsh>
      </cackledKlaxons>
    </grosslyBarcan>
    <raven pareuTronaKiranti="lucenceTautaugChacker" almury="5474466" mukden="baalite">
      <winderForrad>azores726</winderForrad>
      <sadiron mergusOsmoseBouton="kafiri" benzoinBootboy="bowie">
        <adenin>intr</adenin>
      </sadiron>
      <cambuca janapumFoddaHairdos="572162091">
        <childeSpirt>marrowRigors</childeSpirt>
      </cambuca>
      <pretest>
        <plicate>1486</plicate>
      </pretest>
      <niguaRadford reking="bleaksRaciest" bangup="1430">
        <secableCooter>arkie4351</secableCooter>
      </niguaRadford>
      <weaving>
        <boeotiaAcinoseWigmake>calcarsWodge</boeotiaAcinoseWigmake>
      </weaving>
      <enviers betisesSudanCagily="suilineWherrit">
        <nestledMammas>homonym</nestledMammas>
      </enviers>
      <souldieHalsen planxtySlum="nuancesSaily4">
        <oatear>gownsVaguely3</oatear>
      </souldieHalsen>
      <jimpZaparan>
        <deixis>happingDevious</deixis>
      </jimpZaparan>
      <ahirGargety crimped="439719" swoony="heleWeariedCultish">
        <kaolinPonces>tardilyVivace</kaolinPonces>
      </ahirGargety>
    </raven>
    <marxGelled bathNombril="stricheAceiteAgnize844" veloceBoomed="86417258">
      <merging>titmiceMulcherBarnmen</merging>
      <duodialPolab>
        <aloesolHaffitEmusify>ondineMushily</aloesolHaffitEmusify>
      </duodialPolab>
      <trick zosma="acnedAprocta" beninExudingLealty="coylyDinomys">
        <porter>alswithSmookDweeble</porter>
      </trick>
      <traduce toolmenWithe="tetch">
        <pajero>465266456</pajero>
      </traduce>
      <oncosis umbersHydrol="etchesManorDobie" banners="515">
        <frow>cooheeBlurred934</frow>
      </oncosis>
      <romeoOutawePinto casitasIntowerHartake="quar">
        <crevetNonairBiotype>96200986</crevetNonairBiotype>
      </romeoOutawePinto>
      <syrian addersMiserly="carverTardeDopant">
        <scalesBren>unshale</scalesBren>
      </syrian>
      <norkWastrie>
        <senam>86655</senam>
      </norkWastrie>
      <groanVowelSesma applesTornesi="auh" biod="hagFaenus18">
        <unawful>38762583</unawful>
      </groanVowelSesma>
      <ireShrame firs="36" liking="7758">
        <spirt>gleamySnogaOctants</spirt>
      </ireShrame>
    </marxGelled>
    <cabocle>
      <rechantZakuskiRebaked>focklePomace76</rechantZakuskiRebaked>
    </cabocle>
    <wigglerClou>
      <prancySlodder>bixa</prancySlodder>
    </wigglerClou>
    <canelaPercur untie="evvivaTawyer" thallic="7342188">
      <uncrate>exship</uncrate>
      <uvalaFlix>
        <dampangBestinkTodd>tuamotu</dampangBestinkTodd>
      </uvalaFlix>
      <uzbekHolardBrotan yarth="coniesFirth" hectareYokelry="beent9139">
        <purshia>4</purshia>
      </uzbekHolardBrotan>
      <bonfireLucking>
        <alityCirroseSaurian>capless</alityCirroseSaurian>
      </bonfireLucking>
      <kickoff>
        <lygusAzelaic>libraePaiuteNidgety</lygusAzelaic>
      </kickoff>
      <tensityFeaty bisquesYajeineLowy="vivaEncarpaBablah" insistFraela="debenRiming">
        <lawine>aminoGlostHordary</lawine>
      </tensityFeaty>
    </canelaPercur>
    <subcoolDeemerWine>
      <aphidAddedlyClote>491992278</aphidAddedlyClote>
      <septierChontaHissed>
        <jowlCuretteAnimis>spaleCutbankMirac</jowlCuretteAnimis>
      </septierChontaHissed>
      <iffier bourgsOestrinPannier="retorn">
        <buffierTalloel>platanoWidders</buffierTalloel>
      </iffier>
      <houston demits="4">
        <primarPortersBonier>swales</primarPortersBonier>
      </houston>
      <brahminHaveral tother="absumeAthens970">
        <small>gawkersParisiiRayat</small>
      </brahminHaveral>
      <stubbScold>
        <fream>citronsLatNetwise</fream>
      </stubbScold>
      <invidiaDelaineBuddah>
        <servian>836590881</servian>
      </invidiaDelaineBuddah>
      <jutish paxiubaAwnerUnweld="49358431">
        <sambulPelamydKnurl>86416290</sambulPelamydKnurl>
      </jutish>
      <rakeoff>
        <anoplaMohel>701668691</anoplaMohel>
      </rakeoff>
    </subcoolDeemerWine>
    <krepisDewedKiosks>
      <foamingLuridCanyons>benzylsCuprateSteels50</foamingLuridCanyons>
    </krepisDewedKiosks>
    <samniteOtherIrises diptychMenseVeiled="amtrak">
      <ripingJavaliMonies>relookUnsting</ripingJavaliMonies>
      <beamletCoaxedPahos luffing="292">
        <ungiftWedgy>pulayaRoploch</ungiftWedgy>
      </beamletCoaxedPahos>
      <healderPrayers femmes="9" zonulaeWayao="chasmal5303">
        <phaedoGilled>kuttab</phaedoGilled>
      </healderPrayers>
      <clour stoutlySpuffleBalitao="338" hora="rifi">
        <refuse>73</refuse>
      </clour>
      <ovigerRatteenYahoo duteous="jan3">
        <ephoiDisbuds>variatePugreeHamadan</ephoiDisbuds>
      </ovigerRatteenYahoo>
      <lenes>
        <regiveLin>nitosLinhayDikes5265</regiveLin>
      </lenes>
      <hairpinResitReacher>
        <hookmanPopessTens>unpass</hookmanPopessTens>
      </hairpinResitReacher>
      <reemit escroll="157445692">
        <spines>iconvRestuff9081</spines>
      </reemit>
    </samniteOtherIrises>
    <madiaSpudsOceania>
      <clutter>619</clutter>
    </madiaSpudsOceania>
  </klavern>
  <apisDofferVizard shakha="cineols" markedBritish="faireMittensPrionid471" unwedgeSacope="assizesDubbaJerkies" heavySizingHogans="snapsTheyLumut">
    <soudansFlayingFoliary>
      <levins>tondiAndor</levins>
    </soudansFlayingFoliary>
    <filths>
      <racoonTeheeVacuum>suddDefang</racoonTeheeVacuum>
      <swiftlyRewires>
        <disdubFitzroyPoplars>mahran7826</disdubFitzroyPoplars>
      </swiftlyRewires>
      <baybushByeOrestes>
        <rasennaSoloingTerre>visionPorus</rasennaSoloingTerre>
      </baybushByeOrestes>
      <weazandBelikedDreamed dipper="unsell20">
        <areachSparch>pansideNutcase</areachSparch>
      </weazandBelikedDreamed>
      <affixer sacatraDryfistThiever="9207" callunaStanks="dulcin">
        <peenedRoped>pint</peenedRoped>
      </affixer>
      <niblicAnnoSerio>
        <fichus>43694071</fichus>
      </niblicAnnoSerio>
      <insectaSuburbs>
        <debacleKoso>xoanon</debacleKoso>
      </insectaSuburbs>
      <apoplexToitingAhet taos="succentWinder" dhotisWitchyNymphos="abongo">
        <chhatri>staukSnappedTeugh</chhatri>
      </apoplexToitingAhet>
      <repressArcusKome impelsMyoxus="kavas8375" malichoGonadsInwoven="mayeyeHubbedEnzymes">
        <corseDrawlsRanpike>furoate</corseDrawlsRanpike>
      </repressArcusKome>
      <hydrantPorcine>
        <laden>pished</laden>
      </hydrantPorcine>
    </filths>
  </apisDofferVizard>
  <oyelet ribwork="byeInta6814" profileIllanun="shirrelCuria" />
  <peppy mawsieCabsArtiad="trone" dipsas="arrLubCullion">
    <washmenBarnage tramSedersSpurts="upswungMuddled" dippedHoovey="93" deskmenHalas="choicyTutoyed">
      <feinted>trysail</feinted>
      <grips taurus="winddog2413">
        <laurasDikdik>taculliBenison</laurasDikdik>
      </grips>
      <stoatsHintsFogdog procris="olidPaalMidpit" reshowForthgoRacoons="unamissSwarfOrgy">
        <lattice>gardantCodingsCrips</lattice>
      </stoatsHintsFogdog>
    </washmenBarnage>
  </peppy>
</romneyPadeyeGoldy>