<?xml version="1.0"?>
<abanetSmatter>
  <salvoesWeiner unkidIrrisorBaalite="morrion">
    <scote>
      <prefetOvenmanWraxled>bredesBussy</prefetOvenmanWraxled>
    </scote>
    <cosignsKibbler unrraWaipiroPinsons="orblikeSigmoid">
      <cuvies>43248616</cuvies>
      <lilePlunks nautherChewed="9">
        <corium>teman</corium>
      </lilePlunks>
      <careWarrty quave="drizzleWhilieUnshy">
        <finns>ruswutLimer</finns>
      </careWarrty>
      <cystousUnbidFlecker cowerGrifterBemad="lungyFlacker" fracasOrthalTypica="955210510">
        <estellaNonane>76</estellaNonane>
      </cystousUnbidFlecker>
      <scaridFewsome pelvic="starersChoil">
        <lounges>gambierMotions</lounges>
      </scaridFewsome>
      <impawnWisping>
        <reblastDuctionProtax>deashedCarriesHootch</reblastDuctionProtax>
      </impawnWisping>
      <pasquinGriftedReseed oneself="blosmy396">
        <holler>vattedCoof787</holler>
      </pasquinGriftedReseed>
    </cosignsKibbler>
    <byzantSpoleAmber>
      <poundsMure>alcoate</poundsMure>
    </byzantSpoleAmber>
    <seafoamEuropaSeary duroy="turkiGudesDotter383" diane="deles" reastyRhumbs="papalClankedTriaene">
      <umping>rayatYodhs</umping>
    </seafoamEuropaSeary>
    <kirmanKusti>
      <unsnakyBahnung>norther</unsnakyBahnung>
      <pretaxEmir synonym="noviceMohrBigger" flaunts="salwin">
        <verayWeamPaesano>mohosDetd</verayWeamPaesano>
      </pretaxEmir>
      <rchauffAvenaJere>
        <abaftYox>49019</abaftYox>
      </rchauffAvenaJere>
      <ungetConcede>
        <bloodsMaistsBilboes>47463</bloodsMaistsBilboes>
      </ungetConcede>
      <vesicaeRatchel forintsDuplifyMugwet="436405830">
        <digoxinCline>aneath</digoxinCline>
      </vesicaeRatchel>
      <omrah lubes="417419">
        <margie>outsigh3</margie>
      </omrah>
      <teenierLushes>
        <hempsDottels>pluto</hempsDottels>
      </teenierLushes>
    </kirmanKusti>
    <bagaImpestDoodad>
      <antbirdOrationCheng>5701523</antbirdOrationCheng>
      <feedyDiamylIbilao>
        <cinchesShod>fussilyHallahs</cinchesShod>
      </feedyDiamylIbilao>
      <diadermQueaseDemote>
        <lagunesBunkPhraser>passiveCockups</lagunesBunkPhraser>
      </diadermQueaseDemote>
      <swythe>
        <acnedItoistFlneuse>odoredAbbozzo</acnedItoistFlneuse>
      </swythe>
    </bagaImpestDoodad>
    <siloed>
      <subduesUppilesElator>razzlySugh81</subduesUppilesElator>
      <reclaspMudflowManxman>
        <vixenlyTrioses>frecklyUrsidae2</vixenlyTrioses>
      </reclaspMudflowManxman>
      <delintReinHippen>
        <curtestRondinoCobcab>teredoAbaka</curtestRondinoCobcab>
      </delintReinHippen>
    </siloed>
    <kalekahOperasAraise>
      <outrootAutosynJerboa>staneAlif63</outrootAutosynJerboa>
    </kalekahOperasAraise>
    <banal>
      <etna>latonStopt</etna>
    </banal>
    <befretSlushSnivey brussel="lakier" pajamasEstrous="80644">
      <indolinDuctule>5897</indolinDuctule>
      <stilePairedMontes>
        <lukeSlotNagaika>boobies10</lukeSlotNagaika>
      </stilePairedMontes>
      <remaps millmenUnchild="wocasComusLamprel" undewedInkier="dicksEmbuia580">
        <pesetasPoha>flooded2916</pesetasPoha>
      </remaps>
      <weroole>
        <tittup>cortexGraving</tittup>
      </weroole>
      <peglike fieriMiosesGummed="tapemenJouncedVolapie" mikadoBerserk="issite">
        <flrieCouac>4642325</flrieCouac>
      </peglike>
      <spectra cooriePucaHand="sorely" bikewayBoleros="guttersSavacu7780">
        <tanakaHenotic>koipato6316</tanakaHenotic>
      </spectra>
      <laggersPatandJatos>
        <sockerMetalHokier>enarm</sockerMetalHokier>
      </laggersPatandJatos>
      <ermine shrimp="trankumDawdlerCivvies">
        <rammageElbower>yoldenHolmic</rammageElbower>
      </ermine>
    </befretSlushSnivey>
    <epirot synaxesCerasusSargus="turneyArgolicCordy">
      <bismiteDinarSoaping>gonifsAviary</bismiteDinarSoaping>
      <sooeyHawsingTibey warmthsPappyPulpers="92436">
        <huzzaSheafsAttntrp>scurrilStirraSoucars</huzzaSheafsAttntrp>
      </sooeyHawsingTibey>
      <clotureTuffRosebay>
        <pukhtunArxGlummer>kochRumblesAmmonia</pukhtunArxGlummer>
      </clotureTuffRosebay>
      <adelingGybes iodineLogions="crabmanWapacutRouncy">
        <degust>waveson</degust>
      </adelingGybes>
      <tenibleDarkies unthridAbantesWairch="catnap" nimblyCte="hainaiDud">
        <enderonBonaciDisarm>setsLulusSlough3506</enderonBonaciDisarm>
      </tenibleDarkies>
      <gapperCheareMoldier>
        <ironers>56330</ironers>
      </gapperCheareMoldier>
    </epirot>
    <anthood>
      <shindleDemirep>4312532</shindleDemirep>
      <felloe stamnos="niseis" regushLoraDemode="bigwigs">
        <tombakDelayedBolls>hiblaAtebaTensely</tombakDelayedBolls>
      </felloe>
      <degCelsian>
        <ingatesJugglerRanales>6</ingatesJugglerRanales>
      </degCelsian>
      <oxymelFeigns jussalHanks="adaysJerkies" gorceUngirdPacolet="4">
        <nombril>relata</nombril>
      </oxymelFeigns>
      <hyenineTitlingInsight>
        <parboilFellicNormans>wonky</parboilFellicNormans>
      </hyenineTitlingInsight>
      <osheaNativus pacotaInklikeOrs="sub">
        <enentToryismGonimic>bhagat</enentToryismGonimic>
      </osheaNativus>
      <pianetWombleSlavic>
        <miltosIbolium>baberyPugs</miltosIbolium>
      </pianetWombleSlavic>
      <alkoxyOmasaDft inks="owns3406" article="panureGillianPutlogs">
        <slalomsBeggaryGauss>cumidin</slalomsBeggaryGauss>
      </alkoxyOmasaDft>
      <oxyuridSnookedCaeomas pricked="67820">
        <sikaOlivetCitatum>rayaCorona</sikaOlivetCitatum>
      </oxyuridSnookedCaeomas>
    </anthood>
    <menyPinxterLonger sortersWealdenRosetum="glotticSel" casticePennerPalas="marais">
      <regencyPouring>seroot</regencyPouring>
    </menyPinxterLonger>
    <impane>
      <airierWapping>chefsEltrotAmounts</airierWapping>
      <yakkingChordUncowed>
        <gallfly>chloral3392</gallfly>
      </yakkingChordUncowed>
      <delft combing="347">
        <nones>parkingSwahili</nones>
      </delft>
      <cooeyedCrestalCaic kashmirMoterBakutu="cedreCheyneyJugfuls">
        <enskyed>armfulsMandoraWicket</enskyed>
      </cooeyedCrestalCaic>
      <buncal ameboidLemma="gieselLigasesPet">
        <flyerSalixScope>gambeerDarkeys448</flyerSalixScope>
      </buncal>
      <songy>
        <turvyFluidicSpry>stacksBael</turvyFluidicSpry>
      </songy>
      <valeria>
        <educed>dupleNemos22</educed>
      </valeria>
      <tawersVehmeKilt piolets="scaldraDromoi">
        <moiley>mashakHarden</moiley>
      </tawersVehmeKilt>
      <scoliidHew askFloydCurdles="iambeBeeman" zephyrDivorce="1165">
        <jerPsorousKeckled>emotes10</jerPsorousKeckled>
      </scoliidHew>
    </impane>
  </salvoesWeiner>
  <replate violousGuglioJalapic="trollsDftDirking1165" firingFrog="towage4" unfieryCoziestUntrue="hawsedDearie">
    <kanjisCarnelMellone bigburyCozenerReshun="sacJakunSantal2701" frigorSkipple="58">
      <taise>gemaraChese</taise>
      <combes>
        <unitudeDecreetExptl>jinnee</unitudeDecreetExptl>
      </combes>
      <fivishKeyslotGospel polacreAbettedTubbal="deisealCodgersChatot6" quiet="3">
        <faciest>satron</faciest>
      </fivishKeyslotGospel>
      <schermUmbrous slaws="baith20" fecklyRobbin="mulched">
        <vingtun>ins</vingtun>
      </schermUmbrous>
      <preppedCoraji carrus="idiocyPhasedVesture">
        <spinier>9</spinier>
      </preppedCoraji>
      <fiarSintuPatinae zingersScalary="653949" urinesKsi="blanderVenally">
        <peeliteTeary>piffSongkokForwelk</peeliteTeary>
      </fiarSintuPatinae>
    </kanjisCarnelMellone>
    <myopia spikier="pithful" freijoElysia="temposSpicer" carets="dionFoelikeGrackle78">
      <abramisDasherRaia>saglessSos</abramisDasherRaia>
      <solodi nispero="199">
        <hallel>sloan</hallel>
      </solodi>
      <nimiousIsatinsMaximal jupiterGieingViduity="streakDroshkyExter">
        <mycoticCrouch>crisplyBlandly</mycoticCrouch>
      </nimiousIsatinsMaximal>
      <hulasChalDecoke>
        <yardfulPlusses>odistCital</yardfulPlusses>
      </hulasChalDecoke>
      <abroniaDolldom inkBannets="719365" famulus="bugeyedJoltily">
        <fardeChimps>kihoTibiae573</fardeChimps>
      </abroniaDolldom>
      <fogram egridOutputs="soumak" bardess="oweniaFucking9">
        <pinkly>causticSlipway864</pinkly>
      </fogram>
    </myopia>
    <showedNgai>
      <besiegeDationWidened>1731981</besiegeDationWidened>
    </showedNgai>
    <findyCowbarnDonkeys>
      <arguers>tackets667</arguers>
      <proxyVeronalPoleaxe cloy="bemuskTallithManidae">
        <moraGigsterLauric>orpinc</moraGigsterLauric>
      </proxyVeronalPoleaxe>
      <chlamyd>
        <waxerBoleti>dizainOvidian</waxerBoleti>
      </chlamyd>
      <treetopRibwort undecylRhePina="90255257">
        <oscinOutrush>needleJew</oscinOutrush>
      </treetopRibwort>
      <gimelArsacid quafferOffereeJotty="creepyPtilotaTorches">
        <hersVersets>unieEpigyny</hersVersets>
      </gimelArsacid>
      <americaJaghirBride samel="kovilPhaedo" mutageCogboatNabob="auntishDudgeonScads">
        <nori>moment</nori>
      </americaJaghirBride>
      <unhewedMisdate>
        <niddick>bushwasMatchet</niddick>
      </unhewedMisdate>
      <glidingBolesLadang paste="8287">
        <litasOutovenCinders>pyrgomTrooz</litasOutovenCinders>
      </glidingBolesLadang>
    </findyCowbarnDonkeys>
    <halibiu>
      <jennie>sadoRabbity</jennie>
    </halibiu>
    <barkey>
      <ladroneAlmuce>garFifishTorulae</ladroneAlmuce>
      <slyness>
        <gramaBowable>sherifyTaraphSomites682</gramaBowable>
      </slyness>
      <faculaeYakima solusUnricht="kinkingAccidie">
        <mutton>samhJnana</mutton>
      </faculaeYakima>
      <babbitSubg fizzles="pajamasFaciaRushed">
        <fleecer>compone</fleecer>
      </babbitSubg>
      <dingo>
        <tidely>tweezeGayliesUriel</tidely>
      </dingo>
      <canteen aposiaOutcast="avaOilcupAmbient" sulfineBruits="post">
        <heumite>adurentGarlics</heumite>
      </canteen>
      <easeful ataWharpVoidly="imbodyUnvote1" acraein="wabe">
        <galanteKenema>yodelsToquets</galanteKenema>
      </easeful>
    </barkey>
    <tonk>
      <beanieUpwheelKumara>tunicaeAtlatls</beanieUpwheelKumara>
    </tonk>
  </replate>
</abanetSmatter>