<?xml version="1.0"?>
<joyancyAtelier>
  <coatedFoeture chevonSumps="apprestOyana1">
    <dilute>
      <bizone>81</bizone>
    </dilute>
    <yampeeLimpseyExiles>
      <hayrick>hamotziCrafty</hayrick>
      <tanyoanOuvre raungeEndplay="59002">
        <exonerBai>arietteHussyMumbler</exonerBai>
      </tanyoanOuvre>
      <civismMalmed noahArrhaAcnes="onsGropersMumness">
        <beloukeDeburrSympus>tongue</beloukeDeburrSympus>
      </civismMalmed>
      <skeezix revuistCnemialRanses="palmo" benthonHaviourZoccolo="7378">
        <guanayNylonsFalsest>157910</guanayNylonsFalsest>
      </skeezix>
      <titanicHolies>
        <ingenioDoryman>uhlansAjitterFaldage</ingenioDoryman>
      </titanicHolies>
      <skedGashMongers hungry="48" mocksRulersShakes="stardom">
        <weblike>eurus</weblike>
      </skedGashMongers>
      <unfined blurtsLoathly="marries" southSalmiac="bancPeerie98">
        <pulahanLactid>duchiesMankie</pulahanLactid>
      </unfined>
    </yampeeLimpseyExiles>
    <apiin neglect="yonisShandyWitship">
      <pooftah>ahmedi509</pooftah>
      <malting>
        <winier>klanCawny</winier>
      </malting>
      <boozilyChetiveGables>
        <seconde>mouldySheughs</seconde>
      </boozilyChetiveGables>
      <russify gnetumGaspedFew="darlingAlcmene" mirksTriposSalpinx="klucker">
        <cavallaFlavianPocosin>conkersPhone</cavallaFlavianPocosin>
      </russify>
      <lavers intrada="304710">
        <tendrilNylonsPiaba>medilleRemock</tendrilNylonsPiaba>
      </lavers>
      <cheare>
        <animatoApnoeas>fikeyCirlCuartel</animatoApnoeas>
      </cheare>
      <fablerHuzoor bettinaMislies="flusVendeanAgami" gerfulSmelled="spadix">
        <suprRookusAstite>phenoseDryrot</suprRookusAstite>
      </fablerHuzoor>
      <opticonEnleaf molpe="louey">
        <withingCoach>creeker</withingCoach>
      </opticonEnleaf>
      <safiStrophe>
        <shilluk>fuguist</shilluk>
      </safiStrophe>
      <tartaneElusion eserinJoola="pieman">
        <becDerCouplet>caste</becDerCouplet>
      </tartaneElusion>
    </apiin>
    <infixalJangkarSpires yearedHearsFluoryl="methylsSky">
      <apingMolidaeIsled>moneran</apingMolidaeIsled>
      <touted vexingSaugersFacies="tods" rescaleAponia="moonishCreepie">
        <cayenneBolivarAil>71899857</cayenneBolivarAil>
      </touted>
      <darin kerfs="lagends">
        <punkahs>bruangChyazic</punkahs>
      </darin>
      <assbaa>
        <volDeluded>swearsOnement</volDeluded>
      </assbaa>
      <creedsParaxonPanamic cours="twirk">
        <hernialFencholDitted>agnosyAspisNonacid</hernialFencholDitted>
      </creedsParaxonPanamic>
    </infixalJangkarSpires>
    <gladlyMileage>
      <harlots>pooriPagedomToyer6</harlots>
    </gladlyMileage>
    <icariaTrophicGenual halling="23415209" gardantSolvedPellage="manisBlushedEuripi" faroukPrudist="748">
      <raptestFurrilyGinzo>noctuaePeyoteBoney</raptestFurrilyGinzo>
      <officesSkenaiEnteria>
        <mitomeCantilyWisest>40771</mitomeCantilyWisest>
      </officesSkenaiEnteria>
      <ariaRiprapWashers jinxing="soupyLiegesJnd" theol="pansitGruntle">
        <rejectBumbledStumer>intent</rejectBumbledStumer>
      </ariaRiprapWashers>
      <safeBobcoat grilleVendisMitis="camaronYork3686">
        <egencyStifle>whervesBentletBatad</egencyStifle>
      </safeBobcoat>
      <purimBaasCharked velariaBauderyScoad="727908634">
        <panos>3</panos>
      </purimBaasCharked>
      <coppiceUpgushTentage aplysiaMidmorn="refreid" licit="mudland">
        <risottoUnchurnWeights>thonderJuga311</risottoUnchurnWeights>
      </coppiceUpgushTentage>
    </icariaTrophicGenual>
    <siennas gunterCorollHistone="campman" seamAntisex="brinies" idrylLepidElemis="acolyte">
      <treaderWharJussion>filippi</treaderWharJussion>
      <barleyBouroutVialful daying="winteryOrle" shickerFraple="sockoPraterLapping1832">
        <ghafirPothos>92634</ghafirPothos>
      </barleyBouroutVialful>
      <sculked vamosedPtinidExilic="laxityArorasHobo" topmanUseBourg="broths">
        <fescueFrankly>bsktThomasaAbbasi</fescueFrankly>
      </sculked>
    </siennas>
    <bowsingStitheAlumnal suncupStertUnhook="2">
      <figgy>47794468</figgy>
    </bowsingStitheAlumnal>
    <dancingHaggadaHickeys matroidVaagmar="cambrelResinyPeeing9">
      <oastsVulgateRetrot>latentsBlighty</oastsVulgateRetrot>
    </dancingHaggadaHickeys>
    <pavior noebcdPrososRagusye="odeumFewterAlares" bedazedPincheHolcus="96733" glazing="jataco449">
      <nevusMoralsEthanes>859</nevusMoralsEthanes>
      <salacotTatersPetune niggardHimeneScarrow="bugoutMurder" dachsHodure="cityish">
        <forradHansels>arilliRehedge</forradHansels>
      </salacotTatersPetune>
      <baltisSpookedKui>
        <slimyUnexact>loungesLoxomma</slimyUnexact>
      </baltisSpookedKui>
      <daybedsGauntly>
        <zombies>95342176</zombies>
      </daybedsGauntly>
      <wad>
        <headly>relend</headly>
      </wad>
      <blitterWifed peles="sortiesTrackSuff" lauia="doingCohere2">
        <lovee>quackRibozoAmerind33</lovee>
      </blitterWifed>
      <paillonComr>
        <pavaneAuralNaegait>guarishPalude</pavaneAuralNaegait>
      </paillonComr>
      <bypassHerpetJemez calipeeDipolar="effuseHoersHantle">
        <tabers>heavesUnfatedHattize2382</tabers>
      </bypassHerpetJemez>
      <bordarDorsad>
        <moltersWidenedSpicks>4</moltersWidenedSpicks>
      </bordarDorsad>
      <leucoEisellSpongy>
        <casziel>pleas</casziel>
      </leucoEisellSpongy>
    </pavior>
    <cherteBehalf kabarsBisksThegnly="colportResing" awaked="jiggy1" saccoonNoctuleSugan="blandSilicon">
      <savorJorist>dumpleCaline</savorJorist>
      <huggleCaudleChecked prewrapCappae="3751">
        <auriclePain>spavins</auriclePain>
      </huggleCaudleChecked>
      <evadedZuleika greeterErlicheDrawl="utiliseGenit" amouretBedoyo="regrowsFyrdung1160">
        <lancely>twinged8059</lancely>
      </evadedZuleika>
      <shelahCatenae wadedAupaka="nito1">
        <misgrowShatterPolian>cossicKingNobel</misgrowShatterPolian>
      </shelahCatenae>
      <latriasEmceeProsy>
        <etrogsValerin>elhi</etrogsValerin>
      </latriasEmceeProsy>
      <pipidaeArchersBeslap>
        <maskegDecimalMalum>unwax4970</maskegDecimalMalum>
      </pipidaeArchersBeslap>
      <myrrhicEcce atmans="174640184" fail="349">
        <snottyYeelAsepsis>tavoy</snottyYeelAsepsis>
      </myrrhicEcce>
      <robles>
        <shroudSynacme>2149</shroudSynacme>
      </robles>
    </cherteBehalf>
    <unarmedRusotBravade unkey="zeroeth">
      <sedateTumliGlutael>ascians93</sedateTumliGlutael>
    </unarmedRusotBravade>
    <sunbackGigue>
      <ingush>pickage</ingush>
      <martinDefierStagers>
        <pilch>4992419</pilch>
      </martinDefierStagers>
      <filers>
        <ruswut>arsis</ruswut>
      </filers>
      <goatishAgnatesRuther october="unfurls">
        <ulexFiordKamassi>fayed</ulexFiordKamassi>
      </goatishAgnatesRuther>
      <poilusRebuteAru ferineSolvus="5614" ashakeRetiree="gobbledGeggee2218">
        <degustWerther>portingZlotych</degustWerther>
      </poilusRebuteAru>
    </sunbackGigue>
    <shrewdyReadierPuka>
      <boko>3689</boko>
    </shrewdyReadierPuka>
  </coatedFoeture>
  <argalRackers subtlePallaeMare="aition" manidaeChickeeTypo="6738840" coolingTailsTokay="splashAsci143" rabbies="condoGunyah">
    <cacalia>
      <sorghe>6</sorghe>
    </cacalia>
    <pipil beeped="1" pavonia="browner">
      <dacoitWasp>flatway</dacoitWasp>
      <jokelet warblyAreicLictors="virtuGawp5235">
        <figaroScuttyPorion>lambyKotowsTsimmes</figaroScuttyPorion>
      </jokelet>
      <ogreismBridled>
        <matchSerened>vaudiosCoedBarks</matchSerened>
      </ogreismBridled>
      <codifyHyblan fed="755648526">
        <charRefrig>resinedMonasaNoddles</charRefrig>
      </codifyHyblan>
      <mems>
        <kythedGowningNutant>keyhole</kythedGowningNutant>
      </mems>
      <idonealFootmenFrancic>
        <jatkiLiltedIgnite>umpsPitwoodJunkies</jatkiLiltedIgnite>
      </idonealFootmenFrancic>
      <unsew waliesLanners="77327" tritaphInsure="phymata">
        <shaktaRowerNorland>609255</shaktaRowerNorland>
      </unsew>
      <cottoidSaice kinfolkLycopinTubers="3875393" lycopusDroobDarkie="waywort">
        <tanghamGreats>airsomeTode</tanghamGreats>
      </cottoidSaice>
    </pipil>
    <friszkaInula>
      <shekels>codeiaDuncery</shekels>
    </friszkaInula>
    <wasteryVoltaAnisum>
      <seedilyOverpot>cerin</seedilyOverpot>
    </wasteryVoltaAnisum>
    <westIgorotPonce>
      <solionsListsArnotta>sordineHoperNobley</solionsListsArnotta>
    </westIgorotPonce>
    <compare>
      <dadeBancosBourkha>20475760</dadeBancosBourkha>
    </compare>
    <riotingForerunToro>
      <smackerCaynard>hipWanhopeHokiest40</smackerCaynard>
    </riotingForerunToro>
    <nimmerPollistOutvier egotist="gametalGadroon" crawEnamorsIslot="encinalAbedGoblin">
      <hoosier>kolisCahokia4168</hoosier>
    </nimmerPollistOutvier>
    <barytaOwhere>
      <vulturn>558120153</vulturn>
      <thermal>
        <edifiesWaives>9</edifiesWaives>
      </thermal>
      <kapaiGutsier tattleAweto="1001320" sambuke="blighty8211">
        <octavic>sulphasAmboinaPaca</octavic>
      </kapaiGutsier>
      <monarda>
        <waghAnatto>14</waghAnatto>
      </monarda>
      <cappieLuthier bombsCatalan="linseysAnew">
        <positum>wrochtReducer</positum>
      </cappieLuthier>
      <megilphBembex khuaiPone="9">
        <upupoid>khot50</upupoid>
      </megilphBembex>
    </barytaOwhere>
    <aphemiaPesadeUncheck>
      <docible>paprica</docible>
    </aphemiaPesadeUncheck>
    <snugify renameDespoil="roost4671">
      <oxgall>stirSchemesFence953</oxgall>
      <molgula dolisie="6954">
        <holBanatSinaic>24</holBanatSinaic>
      </molgula>
    </snugify>
    <cimbric>
      <woolmanMesialHenbill>chalcis</woolmanMesialHenbill>
      <macupaSoma abashesTopnet="quantedChookieLanners">
        <azilianRedaub>maxwellNicolsAbrotin6585</azilianRedaub>
      </macupaSoma>
    </cimbric>
    <nylons>
      <poldavyStirpesHydrid>cuspedMiragyHobos14</poldavyStirpesHydrid>
      <boracicDunnock>
        <gweduck>rennin</gweduck>
      </boracicDunnock>
      <herbosePommet nuttedBewraptAltaite="diggingOik">
        <pottosNahor>evokerMethine</pottosNahor>
      </herbosePommet>
    </nylons>
  </argalRackers>
</joyancyAtelier>