<?xml version="1.0"?>
<rodeos>
  <writhes pythonsMagnetsHamelt="samhInkfishBeared">
    <trockBeeferWynn coonWoolers="1781" erthly="491342">
      <ottarSubbank>crackedKerner</ottarSubbank>
    </trockBeeferWynn>
    <schanzScibile>
      <saletSwerved>frenzic660</saletSwerved>
      <hurrooDecodedStorken groundyDabbingTricar="904114736" peepingYaguasCitric="incubusTratler">
        <latexesFustierPhis>cyathTrevor</latexesFustierPhis>
      </hurrooDecodedStorken>
      <elationYeeuchMandra pectusEtagrePour="lashkar">
        <santour>47675209</santour>
      </elationYeeuchMandra>
      <outwileRenig hews="25609">
        <latania>rut</latania>
      </outwileRenig>
      <jeuxOstentDegener moorhenOrgan="myeloic" amlongCohow="amoeban">
        <nikkudSicht>whindle</nikkudSicht>
      </jeuxOstentDegener>
    </schanzScibile>
    <movant>
      <auntiesLalaquiButler>carolerNomismReverts</auntiesLalaquiButler>
      <engreenAlexian purreApricot="inkless">
        <alliant>offtake</alliant>
      </engreenAlexian>
      <outlash>
        <snuffsKnautiaVeiner>pinnage</snuffsKnautiaVeiner>
      </outlash>
    </movant>
    <whalpFirsterBushpig unsnapTrader="3">
      <enlivenEmbarsNiota>paridaeDeepest</enlivenEmbarsNiota>
      <scut>
        <sockmanTorsksTubings>eulogyBiphaseNaoto</sockmanTorsksTubings>
      </scut>
      <ogams unknownTampur="okinawaUnwise" olivierSikhs="cyanizeKnavesKrepis">
        <pomAbutterTunga>charletVilestTicuna</pomAbutterTunga>
      </ogams>
      <scappleCayuseNiggot ostmark="humuses1351" breathyOfferorAlix="phaeismChaneSpiking471">
        <coaxialHowitz>tahilHabu</coaxialHowitz>
      </scappleCayuseNiggot>
      <vermont>
        <cobsYoruba>whangedRift</cobsYoruba>
      </vermont>
      <stinks ochringScapha="focsle" nintuIlliticHault="cansSmoochHeadrig">
        <stufferSaplingStreaky>stereomTelegaVanish</stufferSaplingStreaky>
      </stinks>
      <clouts mitreThalianMerels="709853430" covidHorizon="spated">
        <kilnrib>bosunVitro</kilnrib>
      </clouts>
    </whalpFirsterBushpig>
  </writhes>
  <dativalCystid hunnic="ologistKelowna" behaves="peremptIrbisMoldery" />
</rodeos>