<?xml version="1.0"?>
<civvies>
  <pommelsInfantsXylia kojiri="region" cuiejos="blocsJarldom" />
  <anotiaKookieWrabbe frizes="wishHippedFunds">
    <verdi>
      <beigeRouenCreaks>diatomaRecado14</beigeRouenCreaks>
    </verdi>
    <undearBozosFlics>
      <bandorPitcherBurlaps>nandow40</bandorPitcherBurlaps>
      <artelHunters>
        <parisVialedBrittle>64</parisVialedBrittle>
      </artelHunters>
      <impune potgutUranismAdenase="veinous517">
        <glycinsRiddel>gunterSeizinsIdyller</glycinsRiddel>
      </impune>
      <luckly taubeBeadman="nizamutJibmen" afear="fleecyTerronImmi">
        <manisHallel>minorsBlereDuodene</manisHallel>
      </luckly>
      <ryas pritchFraters="custody68" enhuskSickledSnithy="aceiteTassets645">
        <enlistsFloppedBillete>hitchelMapwiseEuclea</enlistsFloppedBillete>
      </ryas>
    </undearBozosFlics>
    <hankt>
      <schriksGleans>refilmBlumesEuler</schriksGleans>
      <atelier>
        <jabules>jamboBaloo1583</jabules>
      </atelier>
      <dennisMenus rhizopi="ownness" akhrotSavile="alcidae37">
        <unpavedMyoxineZabism>aggers</unpavedMyoxineZabism>
      </dennisMenus>
      <beknitDuckery romped="terrifyRohanOui" viverraBulls="96">
        <hogglerSaga>elusionVerbateWherves</hogglerSaga>
      </beknitDuckery>
      <dhyalHowledReerect injunctJah="hoodmenIdylls">
        <french>biotope</french>
      </dhyalHowledReerect>
      <fluxureHulyPanna chrismaPlicateRakhal="unsoundDgag" orestes="tulcanMajesta">
        <popeyedShreds>macho</popeyedShreds>
      </fluxureHulyPanna>
      <unchildTopmast oraison="5191">
        <depassMamamu>rilieviPopulumTissue975</depassMamamu>
      </unchildTopmast>
      <molassyLaurSorer unheavyPetkinTopazes="555" sworder="90172">
        <squaderSummateChalets>943435678</squaderSummateChalets>
      </molassyLaurSorer>
    </hankt>
    <scufflyDeratedAristae>
      <tariqaMonocotLuted>flyoff651</tariqaMonocotLuted>
      <spating>
        <chorwatCoalaJew>rosebay</chorwatCoalaJew>
      </spating>
    </scufflyDeratedAristae>
    <manheadGuldTholoi pobTasters="holdupWagedomFrons" teckBrakieLaur="94" uncloutWantfulBilati="panfilInclipsWolter">
      <thorPoebird>automanSwamiNama</thorPoebird>
    </manheadGuldTholoi>
    <floor>
      <wierd>143778671</wierd>
      <megatonRemapIsatis>
        <pastorsKroonNotice>52558684</pastorsKroonNotice>
      </megatonRemapIsatis>
      <dobyFairing lenientZirak="upbrayPiliferAngilo" downlieHunkerHullock="2">
        <sagittaSeems>abatua</sagittaSeems>
      </dobyFairing>
      <malateDuarchy infaunaSurf="feasantHeiringMargery" isidiaInsaneTricon="lenseGravicMojarra">
        <visayan>44</visayan>
      </malateDuarchy>
      <poisureTogas fro="goobersMushaaCuttle">
        <octeneDimples>bushman8312</octeneDimples>
      </poisureTogas>
      <jimpyPlatane>
        <daubsSyftn>birdmen</daubsSyftn>
      </jimpyPlatane>
      <kischenNouses quizzesSkagsInit="73589">
        <insurer>861746</insurer>
      </kischenNouses>
      <pye modern="647104957" doghoodAlcid="joukedUnpaper">
        <cheaterJunkyTeel>550984897</cheaterJunkyTeel>
      </pye>
      <ruesSeabag latchetRapide="11110034">
        <bilboRetMurmi>estuousBuildup</bilboRetMurmi>
      </ruesSeabag>
    </floor>
    <potlid>
      <hokerCrimson>empaperAdv6</hokerCrimson>
    </potlid>
    <jabia>
      <caseate>fobsBarnard</caseate>
      <amenageCohitreScuft savory="atavism">
        <nihilumIlloyalFurnace>questorQuisbyPobbies</nihilumIlloyalFurnace>
      </amenageCohitreScuft>
      <cunjerWeldorsHague>
        <pareuTrogonGade>midisBenshCristi</pareuTrogonGade>
      </cunjerWeldorsHague>
      <lusus trigla="maleeUptorn">
        <reeperOystersDazy>schrundDks</reeperOystersDazy>
      </lusus>
      <soave>
        <ulmariaBesit>lourdy134</ulmariaBesit>
      </soave>
      <glycineMerle noodleApparel="setalOrthose" himTrillerIndium="fogman">
        <unmiredWearierPrancer>abbate</unmiredWearierPrancer>
      </glycineMerle>
      <tantle opaionKansan="3414">
        <cephalaCackleQuarter>129577</cephalaCackleQuarter>
      </tantle>
      <visoredWhores tattlerTicklesPunch="harebur" doucelyChisledScrim="caroms">
        <hewingDashikiRabbits>claws</hewingDashikiRabbits>
      </visoredWhores>
      <comoidJagrasPast>
        <presee>kiluck</presee>
      </comoidJagrasPast>
    </jabia>
    <unuse>
      <viand>prate</viand>
    </unuse>
  </anotiaKookieWrabbe>
  <glimmerNonvoid cupeler="miurusSnailTactual" blaseTyphonsScuffer="termly" sypherSpewBegrave="853" urgefulHavingFustoc="arrhalBedazeJowel">
    <sokes>
      <clastsFoxskin>arcadicDainchaSome</clastsFoxskin>
    </sokes>
    <peddleTaxiway>
      <pileup>djehadBawlingHasard</pileup>
    </peddleTaxiway>
    <toi barhalWaiwodeKuar="slump">
      <alantolErmaOpp>acrisyTrebleTaskage</alantolErmaOpp>
      <cistaeUpcall emer="golilla" ermaniDefet="impederNaetherPoppas">
        <rioterManningYomer>stated8242</rioterManningYomer>
      </cistaeUpcall>
      <tombackEradePlanner>
        <minningVauntOhias>260102</minningVauntOhias>
      </tombackEradePlanner>
      <caff>
        <mopierLimettaPlena>brothelMysidaeObject</mopierLimettaPlena>
      </caff>
      <buddahParrierBaile talak="ashlerMoruleTitlark">
        <flashes>kialkeeCoopeeOilcan</flashes>
      </buddahParrierBaile>
      <brokeryDisard swippleDeludeBullet="retourKyatsOutgush">
        <exudes>arxCoryciaGigolo</exudes>
      </brokeryDisard>
    </toi>
    <cozedGobang>
      <frumentEscharaNectars>wreathsAppoint</frumentEscharaNectars>
    </cozedGobang>
    <plattySelling armiedUnhelerGussied="upclose">
      <walkieScaresZeatins>920022</walkieScaresZeatins>
    </plattySelling>
    <popping dotagesGriph="claviol" shunter="bepray" dittingOverfarBihari="recrush2">
      <tackledLatexes>decnetKemptsLacs</tackledLatexes>
    </popping>
    <bhaktaRollerCoost>
      <streyTwa>phasicSiculiSeedbox</streyTwa>
      <griffVertusTabanus hoeingKra="peacoatCopycatSeesee" spirant="uzbekInkrootNsec">
        <teltFlutes>mummiedMah</teltFlutes>
      </griffVertusTabanus>
      <fileaIodatedFactual maremme="outprySteads">
        <junkmen>tha</junkmen>
      </fileaIodatedFactual>
      <suckersPeshkar decalsFucose="guacinAmah" elevonsViridinBanksia="506556">
        <assiseEcdemicFeudee>avengedRicottaAgreges</assiseEcdemicFeudee>
      </suckersPeshkar>
      <melbaWjc punaWarrer="tzolkin" ordainAalsGud="53899">
        <lucencyProfert>sitter615</lucencyProfert>
      </melbaWjc>
      <mnestic tinselLokman="offsetsUpbboreSalago8755">
        <tresKolkhos>moppingUntonedUnlowly3</tresKolkhos>
      </mnestic>
    </bhaktaRollerCoost>
    <leasMohatra>
      <amuletAbilityMuladi>ambeerPally42</amuletAbilityMuladi>
    </leasMohatra>
    <cineGruttenSolaces>
      <pyramidByssoid>italiotHagmallInsp</pyramidByssoid>
      <geistNobler dormieFrogScalled="lobeletSimian">
        <buccoTejon>notingYaray</buccoTejon>
      </geistNobler>
      <alares seedsUnyoungAumil="prime" herbistKoppen="chevauxGenteelLactid">
        <outbowDenies>uncoopTenthlySwollen6862</outbowDenies>
      </alares>
      <botanJeopard>
        <beetyLethy>budtime</beetyLethy>
      </botanJeopard>
      <inkhornSerranBogus>
        <bugongImbalmsAsslike>sartainGodsend</bugongImbalmsAsslike>
      </inkhornSerranBogus>
      <rosettaVisardsGehenna poddockCaviaClumper="rin907" carnsPogroms="undirkPetasus192">
        <granetJaukedCandor>gorer</granetJaukedCandor>
      </rosettaVisardsGehenna>
    </cineGruttenSolaces>
  </glimmerNonvoid>
  <hyalins rugsVerity="spannHersed">
    <unposedMangyan>
      <charm>345533</charm>
      <adulate>
        <mahuaSpockTabula>ecology959</mahuaSpockTabula>
      </adulate>
      <rei>
        <afacingBisques>scarnAnnulerRamneek9</afacingBisques>
      </rei>
      <nudaMiscueYowe>
        <outawedAccus>tinfulVitamerCarps</outawedAccus>
      </nudaMiscueYowe>
    </unposedMangyan>
    <lahoreOverwonOriency>
      <energicCustrelTraduce>warned</energicCustrelTraduce>
      <caddiedSpics loresZoopsiaStemona="resweep" caudataUsedlyParcook="whillyBonders">
        <jewshipPalankVraic>aridianHillmen</jewshipPalankVraic>
      </caddiedSpics>
      <prabbleDawns amityCaduaRandier="sutras" alecs="1679">
        <haskyGlottalAgyrate>7</haskyGlottalAgyrate>
      </prabbleDawns>
      <rokey savor="chalJacketConster" tsungtu="vauntedAbsciseChondre">
        <thongaTheatry>moviesAlowe</thongaTheatry>
      </rokey>
      <salicin stums="redearsOrblessSkeech">
        <raguly>hostelsGoitralParodos8332</raguly>
      </salicin>
      <hugginBrughMashona mordvaTankful="74">
        <heimdal>knaster</heimdal>
      </hugginBrughMashona>
      <faculaZophori>
        <pinjane>methoneLeucoNylon</pinjane>
      </faculaZophori>
      <quoin>
        <dingmanFemurs>forwakeFeedBuilded608</dingmanFemurs>
      </quoin>
      <laboursGunportCarnic unitismLolls="spreedTingedTrypa" irbisHarmsTigrina="31">
        <pfdEpicarp>gaugesIsoflorCytoma</pfdEpicarp>
      </laboursGunportCarnic>
      <malichoAcetary picuda="shrapePeerdomOncin" lampingKurbashCoraise="paprikaHandsewDonax">
        <hanseTapirus>eposes</hanseTapirus>
      </malichoAcetary>
    </lahoreOverwonOriency>
    <dbl>
      <clingsArlessDambrod>homericSkinkedViceroy</clingsArlessDambrod>
      <aubainPrizerSoviets bonnilyLintenMissy="armbandAcquist" enslaveInglobe="bosomerMinifySoilier">
        <patersHyenoidUnami>denizenInkhornTussurs</patersHyenoidUnami>
      </aubainPrizerSoviets>
      <unheedyFloret labiumRivalsVehicle="orlageLowmen">
        <katikPropylsMourns>1</katikPropylsMourns>
      </unheedyFloret>
      <abrico>
        <nishikiHaggisTaglock>jugloneObits</nishikiHaggisTaglock>
      </abrico>
      <tacana vicoite="misrule" waubeenWarrayPyemias="quave30">
        <byrled>eardropExines1902</byrled>
      </tacana>
      <abatisKexy chappie="rasennaPompa">
        <dyelineBeblainHallowd>cotula</dyelineBeblainHallowd>
      </abatisKexy>
      <powders slypes="adzer">
        <kreng>birkyCussHuddled</kreng>
      </powders>
      <almidaUrinous decanolApsides="gimbletCoreign" euskeraBawcockBlanque="argidStylers">
        <bronzeZyrianHockle>97</bronzeZyrianHockle>
      </almidaUrinous>
    </dbl>
    <bagdadClamour canjacDjaveNiggery="unfiendAulas">
      <wheresBugshasSomnify>jelloOpacateAlnein</wheresBugshasSomnify>
      <kanwarUtrechtJumble>
        <whartMishitLicking>opinedTolasPalaver</whartMishitLicking>
      </kanwarUtrechtJumble>
      <nunry>
        <hyleSteamer>8</hyleSteamer>
      </nunry>
      <oxeoteSpeightLessens nawle="summons">
        <punt>ingroupArraign</punt>
      </oxeoteSpeightLessens>
      <vibgyor detain="4">
        <numaServite>670199375</numaServite>
      </vibgyor>
      <dejecta>
        <diazole>zioniteBowieSlatted5398</diazole>
      </dejecta>
      <etesianWartsSheltie crowhop="lususPulik" araliaPill="claires">
        <crasser>eldern</crasser>
      </etesianWartsSheltie>
    </bagdadClamour>
    <heezy>
      <tuboidFabella>61906</tuboidFabella>
    </heezy>
  </hyalins>
  <zabra lunula="mismark7502" auloi="serabKnishesRaglan" extractPrismedShimper="wolfersDeignsExsec82" cloggedKainginSpells="solon4265" />
  <bowk ridge="marrowsCogmen" />
  <becheLucrineOstein />
  <curberHacekFreir akhoond="carses" dryestFaciaTamper="pinkanyTornus" ditaProstoa="foulageNagnailSair358" hennasInbreadTamise="beevesNankingCorsos" />
  <blite uckiaGeeksBricken="mishapTenders" revolveGrubLoord="infieldMuscoid" />
</civvies>