<?xml version="1.0"?>
<gemote>
  <bhistieDiazid cola="6589425" />
  <glyphBarboyKangani arctian="cloquesCoadmitMacaco">
    <swiftenDrameStages>
      <fordoneBandeauHoelike>bubingaUnarray</fordoneBandeauHoelike>
    </swiftenDrameStages>
  </glyphBarboyKangani>
  <nuchalsRasalasPhotism />
  <dioneCanteen jigglerAugites="avail" />
  <promove dicconStoachArnut="aspirin" saxonlyGuanay="oryzaGads" zaniesPandaniDarkest="tuatera" redlegs="berlineGiggitBrisky">
    <cushawsDaymenJaegars>
      <gistsAgnailTalkier>conicsChola</gistsAgnailTalkier>
    </cushawsDaymenJaegars>
    <ardilla>
      <spragStod>diadromWashesFeyness73</spragStod>
      <subfief>
        <dustinProcere>phearseRedarn</dustinProcere>
      </subfief>
      <steroidArgling>
        <pallsFujisChair>jettiedSeenieBassie</pallsFujisChair>
      </steroidArgling>
      <whether cabombaChemiseJumped="royalmeAutomat">
        <deathFixionCuttler>deviate</deathFixionCuttler>
      </whether>
      <ripupKurvey senorasCetes="83797" livre="jagaConcavo7">
        <almucesWheep>squooshRyasDogwood</almucesWheep>
      </ripupKurvey>
      <deblockUnrhymePicara england="darklesSputa" feveretGallerCheapen="176">
        <clefScrat>7229</clefScrat>
      </deblockUnrhymePicara>
      <freedom praisesRummestAddy="fumoseHor" frons="32">
        <salablyMiggsTiredom>jirgaTarazedAgrote401</salablyMiggsTiredom>
      </freedom>
    </ardilla>
    <dorrInkling persEnhaloHemad="sermon">
      <rebatoAudileAmanita>probMyoxine</rebatoAudileAmanita>
      <graphy flunkGenuaTessera="cushieSissiesNettie486" ismPrixFlutist="slaggedPrepaid">
        <leptons>flechesVili</leptons>
      </graphy>
      <minawayLiederUnsnare hillierVivifyMimsy="luwianMinervaRiboza" bibiri="692">
        <donsy>8627745</donsy>
      </minawayLiederUnsnare>
      <kittlerCatouseShuttle ewtePhillipAired="taintsLarve">
        <sheolSerphidUnvital>balanMoldierLunches</sheolSerphidUnvital>
      </kittlerCatouseShuttle>
      <coenoRedenyDistad baton="165824519">
        <milkmenPoddy>teclaRocker</milkmenPoddy>
      </coenoRedenyDistad>
      <topcapHoorahsInlike minnySunupProber="titoismTromps" heling="39">
        <barrows>51243884</barrows>
      </topcapHoorahsInlike>
      <ordererBoopic>
        <trioecs>townman</trioecs>
      </ordererBoopic>
    </dorrInkling>
    <adverbsCheddar>
      <songle>frabGaet</songle>
      <embullPiepanGlove patiaRhason="biverb66">
        <gibboseAppeal>episciaDuftite</gibboseAppeal>
      </embullPiepanGlove>
      <basicSkartFloured buffiWeiringTacit="wardersParies">
        <pestifyBreaker>duvetynFolksayChocks</pestifyBreaker>
      </basicSkartFloured>
      <petri>
        <gregory>muddenBaridWhimsy</gregory>
      </petri>
    </adverbsCheddar>
    <ylemsTetter>
      <viscid>cowpatsThacked76</viscid>
    </ylemsTetter>
    <redbaySpunkRatcher>
      <calthaSanjeevJaspe>fanumMatoke</calthaSanjeevJaspe>
    </redbaySpunkRatcher>
    <maidReshift vastierTulipa="craft">
      <volens>easel</volens>
      <buffi wildernGarnersSyenite="topsoilMalleliHing">
        <supremoConvictMinx>130491017</supremoConvictMinx>
      </buffi>
      <tendrelImpone>
        <vamfontSimian>hecco</vamfontSimian>
      </tendrelImpone>
      <gamblerBehaverYed>
        <actiniaClogRabin>938639</actiniaClogRabin>
      </gamblerBehaverYed>
      <scarphFanger tuffets="larcinGyringThushi">
        <resprayTinsy>quartzyNunship6550</resprayTinsy>
      </scarphFanger>
    </maidReshift>
  </promove>
  <toughCreeper unamissFerfelArtel="warful" argosyToydom="jefe" roostsWofulBelier="corderGunneraTiresol" albion="clinalOrigins" />
</gemote>