<?xml version="1.0"?>
<alrune>
  <cultusKayasthOdor eatageSaperdaBochism="15" bondmenBarges="subdualEremuriStagion" ayreMincier="pterion" />
  <slimer mastaxBeelolAfifi="momzerAlisosGingko" minetteYeech="26954" withins="7">
    <duplifyGribble>
      <jacket>oreodonPercept</jacket>
      <drouketBonzeJaragua>
        <jemmyBriseBori>ghrush</jemmyBriseBori>
      </drouketBonzeJaragua>
      <laureal nullahProposeRedig="26">
        <pravous>zineb</pravous>
      </laureal>
      <ledgerEgboOutfish animato="alixWreck" ferrelStickum="duendesChieflyColic40">
        <sdump>kneltEmoloaOculary</sdump>
      </ledgerEgboOutfish>
      <brunetGuiler>
        <darkeySyrians>arte179</darkeySyrians>
      </brunetGuiler>
      <toteRefugesCaliche spokedBourdis="formby1">
        <eophyteVehicle>8187</eophyteVehicle>
      </toteRefugesCaliche>
      <gorkunAlchimy saucer="mappy" moisty="develop">
        <tenser>452788739</tenser>
      </gorkunAlchimy>
      <coorg>
        <zithernFerae>utsWackyOribi3</zithernFerae>
      </coorg>
      <antilogAnnexes sizygiaUnshift="helvell">
        <glbFar>froggyChasidMimesis</glbFar>
      </antilogAnnexes>
      <mousier scaeanWieniesNudist="oakland" facialSspImplies="8690">
        <quasses>toral</quasses>
      </mousier>
    </duplifyGribble>
    <vejovisCalyxes asciticYaffle="hopbushRotterLickers">
      <anantaKainyn>scrimpy</anantaKainyn>
    </vejovisCalyxes>
    <acreHyphen>
      <abbrevRebraidEagres>204</abbrevRebraidEagres>
    </acreHyphen>
    <aftward>
      <temiakInwood>1166440</temiakInwood>
    </aftward>
    <langahaFazedMarcs>
      <melaminPileupAdoze>rathite6605</melaminPileupAdoze>
    </langahaFazedMarcs>
    <quiresUraeiCasher leukChaguar="illoyal98">
      <maineChumbleImposes>airtimeSubtray45</maineChumbleImposes>
      <paellaMahmal hawbuckSpritesTitoist="salpKaturaiChow" antonymDubs="ablazeCursers">
        <twillerLiasMoton>mizzler</twillerLiasMoton>
      </paellaMahmal>
      <bonniveAiringNiduli gulose="quatreAvertsGats" eltWaggingKeout="tooroo">
        <sopeGetherBerger>learner</sopeGetherBerger>
      </bonniveAiringNiduli>
      <oicksElohismSepsin>
        <kyurin>iotizeHiems</kyurin>
      </oicksElohismSepsin>
    </quiresUraeiCasher>
    <unwillPostboy mysteryCrowers="adatyPyrolas795" limoidJelled="beggarsPunoPlyers">
      <thieverSubtray>uhlansBabismDisgust6767</thieverSubtray>
    </unwillPostboy>
  </slimer>
  <squalor nighlyUnhope="aminityGuhayna" frangiCocaine="curdy7223" />
  <onymyBriseSeppuku nullos="piquero7546" puddler="keetYoni" bogongVeinery="78477" emic="herpet">
    <gumpusTragus>
      <ixil>region</ixil>
      <hagiaLoculedTorrid pailouSestian="5">
        <leudesPulpify>scendsJeel</leudesPulpify>
      </hagiaLoculedTorrid>
      <nickumCutawayChuckle trotylsAlumelTwilled="74833137" colimaPagodsNiters="iodineFellies">
        <genericFairedAotes>meitheiSophemeWaspish</genericFairedAotes>
      </nickumCutawayChuckle>
      <mazaTrancheMyall>
        <piemagTollmen>hoggery</piemagTollmen>
      </mazaTrancheMyall>
      <apogon jougsChoaty="barbeau" kirkerExactasRedealt="advertBattutoCormous">
        <boniataAlmanacNonages>monghol</boniataAlmanacNonages>
      </apogon>
      <pattiesDoli>
        <bongedTurkism>osmund</bongedTurkism>
      </pattiesDoli>
      <papelonTutus suburbsSaferBodeful="flirtyBeading" caroomeAweingShoful="bonity">
        <lassiesMura>hum4</lassiesMura>
      </papelonTutus>
    </gumpusTragus>
    <moslemSlaved>
      <pullerGrid>forerunLottie8961</pullerGrid>
    </moslemSlaved>
    <ptyalin>
      <golMetalsDeserve>oracleDamnitBurton94</golMetalsDeserve>
    </ptyalin>
  </onymyBriseSeppuku>
  <omegoidOozing />
  <brutedUnlucidWaried tale="sarip" wedgyCrutter="alexius">
    <richer>
      <severeNonfood>honkie</severeNonfood>
    </richer>
    <fabularVirtutiUnhat acyloxyEmbrakeBorders="64569" ovigermFural="57485737" pricedVehicle="cheatry26">
      <fifersTilyerFowk>cheviesPapyrLaun8216</fifersTilyerFowk>
      <acoelaScrub upwent="typeFargoodLecturn1" pertSunnite="diaeneThorpes779">
        <tibiasOssicleRamping>wammusRemover</tibiasOssicleRamping>
      </acoelaScrub>
      <faultedUndoersCaromed>
        <unbeltsImpuneEscolar>38</unbeltsImpuneEscolar>
      </faultedUndoersCaromed>
      <cernAuraLimulid boloed="974">
        <upwellsToluicReducer>411250</upwellsToluicReducer>
      </cernAuraLimulid>
      <molaveBogumPunatoo>
        <tradalThusly>estuous</tradalThusly>
      </molaveBogumPunatoo>
      <meas orcinLanitalLoral="kalmiaGoorals">
        <impugnNectronBetrace>hefting</impugnNectronBetrace>
      </meas>
      <vimina pernorFarineAnthrol="polledBellman">
        <gregor>uglisUptend</gregor>
      </vimina>
      <signifyViolina oculi="bumfFunestHurdled33">
        <kinked>stavingConjure</kinked>
      </signifyViolina>
      <ajowan grasses="bloutSystyle" gramasNibbanaBooley="epopee">
        <stithlyThoral>flickedGunnel</stithlyThoral>
      </ajowan>
      <reinedBlashy>
        <managed>outtearTicklesDasheen</managed>
      </reinedBlashy>
    </fabularVirtutiUnhat>
    <airifyHuertaJohnson rukbatFog="fettlerCuddly" oscule="noddles">
      <silasCuriet>swaggieGlebeFount</silasCuriet>
      <bardierTooter>
        <underMullaSported>kickupDroyl</underMullaSported>
      </bardierTooter>
      <ketAwfu plumy="imagine">
        <nancy>jilletEnnew4</nancy>
      </ketAwfu>
      <seethedKokuminTreader famefulSpaadAhungry="senlacCabuyasLinns">
        <bagwork>crozers</bagwork>
      </seethedKokuminTreader>
      <descent>
        <augererConteur>platingLumpens</augererConteur>
      </descent>
      <ataxicKulah propmen="volumedMentMowed">
        <sievedParaspy>pursueGut</sievedParaspy>
      </ataxicKulah>
      <nacho pygmiesTunful="scotismAlliumsCapicha">
        <reshoeAnxious>capias</reshoeAnxious>
      </nacho>
    </airifyHuertaJohnson>
    <swabbedLapels>
      <buckingImposeMeads>hoosierMethoxyWaive854</buckingImposeMeads>
    </swabbedLapels>
    <whameFezzy signDaraptiRaring="628411474" anapesWithalSkimmer="roque" grsBardash="dahliasFootyAfflux">
      <spryer>bathmanConuzeeBegrett</spryer>
    </whameFezzy>
    <redarnCierzo>
      <bowtelTorvid>sparple</bowtelTorvid>
    </redarnCierzo>
    <ciwies>
      <sonlikeCastes>codeinPolacre</sonlikeCastes>
    </ciwies>
  </brutedUnlucidWaried>
  <hauteLaiose>
    <detortRampage chalaza="desposeDiwans" logship="verdin" gobblerSpleenJaspe="geladasBatell7479">
      <beglads>3306638</beglads>
      <aroseCrimps reataUnalone="9322109">
        <limaceIraqisRacking>uitotan</limaceIraqisRacking>
      </aroseCrimps>
      <poserBodgeGaleres precent="jokeletIdiomsHonzo59" sah="hyzoneSarlacChukchi">
        <beanie>oohsTouraco</beanie>
      </poserBodgeGaleres>
      <poggeGoodies>
        <siouan>fainterFluyts</siouan>
      </poggeGoodies>
      <raisinsKanoonStoae>
        <mohawkWanyasa>kantar</mohawkWanyasa>
      </raisinsKanoonStoae>
      <garbPoleaxeThereat>
        <undoesCiter>tatterChokage</undoesCiter>
      </garbPoleaxeThereat>
    </detortRampage>
    <differs>
      <anaphiaClottedUngaro>smoteDismast</anaphiaClottedUngaro>
    </differs>
    <prioJangled>
      <violaWeewee>soggyUncruel</violaWeewee>
    </prioJangled>
  </hauteLaiose>
  <polling strit="erseElands" />
</alrune>