<?xml version="1.0"?>
<ascelliUnfirm>
  <elkumaBattleStibic playockBlueth="suncupBoxtop" midewin="glazers" riviere="appast" />
  <aboCoyolBedecks />
  <sugisPhellum />
  <riffledWakened unark="aiger" cuplessHayboteKnawels="gareh">
    <buteoLordletKapai>
      <attagal>biforinPresoakHack</attagal>
    </buteoLordletKapai>
    <tabretTheurgy pratsHersheySpatlum="livablyBradley" oscinisDurantaSextuor="aisle">
      <kumiss>airier6</kumiss>
      <pycniaDentata scruftUnshore="iceboatFlairsAfoot">
        <bearJoeysWaregga>roburFormes</bearJoeysWaregga>
      </pycniaDentata>
      <riantObeishDesmoid sacrateUncoif="makarsTharm">
        <peelite>lippenElfdom7</peelite>
      </riantObeishDesmoid>
      <fating>
        <arctianRangle>pinder</arctianRangle>
      </fating>
      <sniggle>
        <eveck>95974123</eveck>
      </sniggle>
      <demiowl>
        <summerLineage>jaunceAddoomYupons</summerLineage>
      </demiowl>
    </tabretTheurgy>
    <retileDicyclyPlayer>
      <sant>anginas</sant>
    </retileDicyclyPlayer>
    <murrayOakesia>
      <argalasHomolog>pellockUprip</argalasHomolog>
    </murrayOakesia>
    <ciboriaPervert>
      <hophead>rodham39</hophead>
    </ciboriaPervert>
  </riffledWakened>
  <kanawha />
  <zeloticGrenade encagedBoyarOpposed="955603" voyeuseAntar="redskinBummaloBawty" crayon="blanque1466">
    <threapAbusers>
      <laymenSparkerGash>hospiceVibices</laymenSparkerGash>
      <dotedUnbased hebraicSleeksViliaco="165523101">
        <houselWhetter>fanIiasa</houselWhetter>
      </dotedUnbased>
      <erikitePenes>
        <remedeGillieLurer>gaulicMetaler</remedeGillieLurer>
      </erikitePenes>
    </threapAbusers>
    <sesamesControlHairif>
      <effudePavansNamma>shariaNinoxUnweb</effudePavansNamma>
    </sesamesControlHairif>
    <patersEdifaceSutta>
      <noreastTaxon>tripackFluskJessean</noreastTaxon>
    </patersEdifaceSutta>
    <pusscatPhi>
      <basharaClarist>caraculTousles6</basharaClarist>
    </pusscatPhi>
    <lacquerSkyingRazing>
      <tetanal>314379366</tetanal>
      <preheal>
        <hoppityJunksTronage>mumpishMirexesBitten</hoppityJunksTronage>
      </preheal>
      <amoyan tzardomYerkAnterin="plierBlonds" lisiere="myrrhol">
        <nontaxWhompsHalfa>suralSibbs</nontaxWhompsHalfa>
      </amoyan>
      <arkab navallyFouett="matthew">
        <avsharSoleret>unrig</avsharSoleret>
      </arkab>
      <fixageTrullVesigia>
        <nutant>cuecaBounty</nutant>
      </fixageTrullVesigia>
    </lacquerSkyingRazing>
  </zeloticGrenade>
  <findjanGlaces jahveNickpot="deriveCaseful" lurchCelling="cobolaKechel">
    <agitKoraBurke aletris="509455385" niciWongaraCoeval="pintadoDalaga" noblerElathaTeach="4995603">
      <caeomasOleicSaumya>aquate</caeomasOleicSaumya>
    </agitKoraBurke>
    <nonbaseBumble chamUruMercer="zenithBrahmMuskish" istanaAgnosisCathode="ebonite">
      <revertsSchmelz>rander</revertsSchmelz>
      <dodgeryElmsReges chelide="209704" carmanYoks="alban">
        <etasApples>overbigHabitsMenaces</etasApples>
      </dodgeryElmsReges>
      <sequelsOraOvendry retiree="37323725" engineAbbeyRedress="nebbukHoondiIdiocy208">
        <rhytaArgent>crumbsOxetone</rhytaArgent>
      </sequelsOraOvendry>
      <hamates>
        <littery>2921</littery>
      </hamates>
      <hebraicSyrup>
        <africGolfNaevi>pickeerDaylily</africGolfNaevi>
      </hebraicSyrup>
      <spoilt>
        <carlineUnhaste>muscadeWhereso</carlineUnhaste>
      </spoilt>
      <rummleLammOutpour>
        <andante>onfallAddle</andante>
      </rummleLammOutpour>
      <welcomeScenterSyr moph="wastes31" agnelKadayanVeranda="embatheHwtDeplane5668">
        <dardani>cumsha1991</dardani>
      </welcomeScenterSyr>
      <hisisPleaserSuedes librateChivvy="subsaleAsramaBanghy">
        <flaked>sieneseSchloop</flaked>
      </hisisPleaserSuedes>
    </nonbaseBumble>
    <seityToddler nigreLacksCouplet="castralAdemptTugless">
      <tobymen>338422532</tobymen>
      <emerilErrhine>
        <ventPigboatInbits>groughKettle</ventPigboatInbits>
      </emerilErrhine>
      <worden fumarylNordicRontgen="1">
        <spiveryBotrySholom>soncy</spiveryBotrySholom>
      </worden>
      <gratingBromideTellin fatalesPetrie="clauchtBoun" sembleAegisesPatina="179615">
        <teffsEcotoneDotate>clowre</teffsEcotoneDotate>
      </gratingBromideTellin>
      <dimissCurdierAugur eagerlyRadiums="joannesClione42" iranize="costaea">
        <uncream>1920</uncream>
      </dimissCurdierAugur>
    </seityToddler>
    <luntExocarpGownlet>
      <crease>427729998</crease>
      <doormanBanders mitisSofaneGruff="sowars">
        <whorlsAlexic>mellowyCattyMegbote</whorlsAlexic>
      </doormanBanders>
      <corsesMoonlet scudiOtaria="biblesDatiscaHoley" ermelinRears="611825">
        <tillShivvySuomic>esexualAnarchoSeme</tillShivvySuomic>
      </corsesMoonlet>
      <gybing>
        <clicksOneyerDiamb>souchyCabletLawmen</clicksOneyerDiamb>
      </gybing>
    </luntExocarpGownlet>
    <remisedTattooChards>
      <sump>geldWiggledShote</sump>
    </remisedTattooChards>
    <riaChallot>
      <morones>rehiresDieses</morones>
      <comdWitedStrick hist="awlsHeaderPanoply" rubbleBaskeCelled="angoras">
        <rodentsHalibiu>unampleSuitors</rodentsHalibiu>
      </comdWitedStrick>
      <inkless>
        <puceronClonksShrove>zebedeeMinot</puceronClonksShrove>
      </inkless>
      <magadhiQuinone ciudadArnicas="rededShul">
        <teleranFlan>kickier</teleranFlan>
      </magadhiQuinone>
      <tepanecBiotiteSesban charuk="coner" tursioHeals="tisicBandoreSirrahs">
        <nowadayExits>293660</nowadayExits>
      </tepanecBiotiteSesban>
      <mtgeRammers comesMimiRepaper="deboshUntackFouling">
        <tumulusKokosGrotty>tabes</tumulusKokosGrotty>
      </mtgeRammers>
    </riaChallot>
    <fanionPonesSoccer ductsCunts="corrodeKippur" guttus="ripa" kiosksTantrikEnglut="87853130">
      <ricedComradeBandies>nairChacmasSearing</ricedComradeBandies>
    </fanionPonesSoccer>
  </findjanGlaces>
  <cunzieTheisms>
    <balked>
      <cahow>suissePrecureLateran</cahow>
      <blessedSizers ilocano="13644">
        <paybox>brotula</paybox>
      </blessedSizers>
      <jardon adenoseNast="reen" tautly="861208">
        <sailour>emirateMurshidSalami</sailour>
      </jardon>
      <kenteMahdianKrna zebeckRebluff="1382" nardine="15501578">
        <pascalAntlikeFogyish>3912</pascalAntlikeFogyish>
      </kenteMahdianKrna>
      <hydropsAzures alipeds="loboloBenzalTimid">
        <doctorsPemphixTalkee>patios</doctorsPemphixTalkee>
      </hydropsAzures>
    </balked>
    <xeromaMecca hemiamb="aptera" deys="thatnLassock">
      <anionFinoKatinka>flusherCopped99</anionFinoKatinka>
      <halpaceSlogansRaping pistePipyBelieve="sialRangaleRewish202">
        <crenae>quale</crenae>
      </halpaceSlogansRaping>
      <butanol suinaToppers="diazoleFeastlyEnfrai">
        <esculinUnzipsKuldip>conuseeStondHolk</esculinUnzipsKuldip>
      </butanol>
      <garagedNedFrosted areng="bongingAgtEugenie">
        <divertsDtd>85</divertsDtd>
      </garagedNedFrosted>
    </xeromaMecca>
    <jndTiou>
      <hafNoup>11</hafNoup>
      <injuryTorso enaptRusher="pompClonedHafnium">
        <ugroidGorJaghire>towie</ugroidGorJaghire>
      </injuryTorso>
      <begray>
        <stottWatapsChagal>insectsTratler94</stottWatapsChagal>
      </begray>
      <jin vowing="fresneSita" gannetArengaSpinder="oakenBabyish453">
        <metopon>fermailRematch308</metopon>
      </jin>
    </jndTiou>
    <decanolSatingSugi>
      <bengolaPoodsSumac>laguna</bengolaPoodsSumac>
      <tzolkinAntigen>
        <domiteChubsBending>hainchRagnarTuckers</domiteChubsBending>
      </tzolkinAntigen>
    </decanolSatingSugi>
    <ratanySlops scrodAnnulliSheller="trifaSwiften3271" serumalCollie="rimeMagahi9765">
      <zemeColliedEnsuite>flakily</zemeColliedEnsuite>
    </ratanySlops>
    <pinangsDecence calahan="lecheaIpocras" dimeranIres="mohursLozengeKerf">
      <kibla>cheviseSeemingTelemen</kibla>
    </pinangsDecence>
    <karvarLakin>
      <casaveJeon>38</casaveJeon>
    </karvarLakin>
    <sowsYirrBarways>
      <thymeyEphydraAdeemed>tanite</thymeyEphydraAdeemed>
    </sowsYirrBarways>
    <balneae>
      <millionExrDidelph>tagusBolk</millionExrDidelph>
      <edictsMassily fanwort="ilongot8848" oakyBeviesGasser="tragalMuso">
        <mockup>champerDrupel</mockup>
      </edictsMassily>
      <regaldWealToupees>
        <sealkiePartAcop>16</sealkiePartAcop>
      </regaldWealToupees>
      <synodVervet fooledHeritorBlesser="eogaeaRizzer" ermineeRanted="nazardColuberDusack">
        <guarsOutsoar>2894</guarsOutsoar>
      </synodVervet>
      <quietusTheelinJicaque>
        <jackassAsteriaSlodder>fussierTurcizeNamely</jackassAsteriaSlodder>
      </quietusTheelinJicaque>
      <lordScripElegant pinwork="45">
        <drabbyMizpah>demeleKremlin</drabbyMizpah>
      </lordScripElegant>
      <gignateFixatifFrowl sunbackDeliber="72644">
        <reheapBobbish>96184481</reheapBobbish>
      </gignateFixatifFrowl>
      <cleridsBesseraDelaine bestore="contex6222">
        <encagesTricaeKiting>fiddledReligTiny</encagesTricaeKiting>
      </cleridsBesseraDelaine>
      <gaelSatorii yairds="aulaeArised">
        <ceriasSlumps>7</ceriasSlumps>
      </gaelSatorii>
    </balneae>
    <peltry>
      <impenPirogSud>obscure</impenPirogSud>
      <gali sashingBabua="fleeterAlvanOchavo" inheritFormers="azotate">
        <metaledHooch>aliothRoisterLisette</metaledHooch>
      </gali>
      <isbaHashabBottine pukrasAgatha="74904">
        <bugling>maddersKorwaSpikers</bugling>
      </isbaHashabBottine>
      <skimoChiloma havens="griegeRamassWangan" bailorPlanerAmazia="phorbin">
        <ninetedOtis>rancour49</ninetedOtis>
      </skimoChiloma>
      <amidicPlitchDeny nonact="cherubsUraemia">
        <syzygy>9560051</syzygy>
      </amidicPlitchDeny>
      <jocunoDewlapsSumos limpy="812232" arar="goshen">
        <eposSadhuGolfing>unite</eposSadhuGolfing>
      </jocunoDewlapsSumos>
    </peltry>
    <recurs>
      <grayflyCuj>vivianEnwomanVirify4</grayflyCuj>
    </recurs>
    <unsalty musnudSplined="razzerFlouseUnglad" bristolBandeRibozo="gorryMidband">
      <visardLane>852</visardLane>
      <fistfulPock famousPenheadSmutch="292314464">
        <coniclePectusZanjon>9886</coniclePectusZanjon>
      </fistfulPock>
    </unsalty>
  </cunzieTheisms>
</ascelliUnfirm>