<?xml version="1.0"?>
<uphroes>
  <gropeCymol zunianOpeletMonacid="260" chufas="5" uppent="442">
    <reverdi staboy="mpb84" syphonsRosillaZonic="scruft8189">
      <diazideAnyway>zaddik</diazideAnyway>
    </reverdi>
    <peaky>
      <grasGadsbudMelisma>95828</grasGadsbudMelisma>
      <stunBerakeTatler flansArchingBaaskap="52">
        <amorini>hurtersBasted</amorini>
      </stunBerakeTatler>
      <engulfSpicketSpares>
        <acronyx>sertion98</acronyx>
      </engulfSpicketSpares>
      <regraftDulciteSoc centumsRapists="chorea" dooziesCitrals="ably">
        <illuderBusingsTalisay>flax</illuderBusingsTalisay>
      </regraftDulciteSoc>
      <oatseedOperla upness="ahush1317">
        <ospermFrab>slimyAbp</ospermFrab>
      </oatseedOperla>
      <mizzyBeeyardCaseous>
        <quashedCotylaSerut>4495</quashedCotylaSerut>
      </mizzyBeeyardCaseous>
      <ticksTaillieDisco gaboonBasokoEpochal="stinkMiddles">
        <caynardRacemes>614</caynardRacemes>
      </ticksTaillieDisco>
      <strichExacta>
        <boomer>snerp</boomer>
      </strichExacta>
      <keyslot tylocinSpink="dialed">
        <dhurnaBurgles>781631</dhurnaBurgles>
      </keyslot>
      <kalpis>
        <cierzo>dorsula</cierzo>
      </kalpis>
    </peaky>
    <courage>
      <khmer>cinclis</khmer>
    </courage>
  </gropeCymol>
  <gudgeonPinmanShadoof boughs="minimumEvenersFrabous">
    <raurici gess="63754953">
      <lacey>unsnapAutarkyDiploma</lacey>
      <tsungtuRabbi propel="quarles" flogsJaverExamine="76">
        <wrixleDaggedClinkum>moppers</wrixleDaggedClinkum>
      </tsungtuRabbi>
      <measly thawOorial="innestScammelChaffer">
        <nervule>toru</nervule>
      </measly>
      <unwireKambaPotter courts="664786998">
        <biblesTanadar>sewarsIgnote54</biblesTanadar>
      </unwireKambaPotter>
      <tercineLenaeanMell believe="ihlatCyclus50" belugas="3619">
        <lingams>5</lingams>
      </tercineLenaeanMell>
      <lastlyOutwing strafedEvert="genion">
        <lactoneSumWanyoro>couthAlsoVogul</lactoneSumWanyoro>
      </lastlyOutwing>
      <gorges dhangar="elisorStakesSnitch">
        <aliyosLateraThicke>273</aliyosLateraThicke>
      </gorges>
      <chortle pinkishPairsKonseal="1942">
        <germonCamelusTebet>aweingDada</germonCamelusTebet>
      </chortle>
    </raurici>
    <billety>
      <sinamayAvilion>gonidTectona</sinamayAvilion>
      <ryenBilinTaurine asideuElevonSabbat="becrowdUnmutedAntijam" judyHimatia="antiae">
        <anay>tempery</anay>
      </ryenBilinTaurine>
      <ventedSmarm faqirsDrasticOzonize="apicianUncomfyHalerz">
        <crianceSwain>13978</crianceSwain>
      </ventedSmarm>
      <quietiCanning oscinis="kishen1995">
        <repleveSinicBrie>nasial7503</repleveSinicBrie>
      </quietiCanning>
      <baffRompedSuckled wantwit="teabowlBlellumSigh">
        <toquet>defs317</toquet>
      </baffRompedSuckled>
    </billety>
    <guglet>
      <roofman>glimeFlyoverAku</roofman>
    </guglet>
    <cheeksUnstopPachyma>
      <reloadKetineSnarers>1</reloadKetineSnarers>
      <isolateAuscult>
        <boily>stomachYuga</boily>
      </isolateAuscult>
      <alcovesClaypan>
        <greeneyZenonic>clamsRecruitBriery</greeneyZenonic>
      </alcovesClaypan>
      <unsnibSolion muntTruingMorbify="javelot">
        <borages>twankayHiddenDevilry</borages>
      </unsnibSolion>
      <downerBrahma cholerCangy="74097" gadeanIzardRanal="codaminRhila">
        <theta>money</theta>
      </downerBrahma>
      <dourahsChaumer badianAtlasesHash="ula" simblinDrafteeEmblem="dumbaPutainDelfs">
        <frowstGastly>henlike</frowstGastly>
      </dourahsChaumer>
      <coobahLegatedFloored tiffinsXylariaUghten="namasteVennerActs">
        <marcos>yeom</marcos>
      </coobahLegatedFloored>
      <kithedGabrielRimers lookupsBeverseMobby="aulderUnbed" meowing="68">
        <unrake>mermen</unrake>
      </kithedGabrielRimers>
    </cheeksUnstopPachyma>
    <sishCrump>
      <welkinsMullas>nephews</welkinsMullas>
      <turbehSlosherNonsuch>
        <misrunSawedCapelet>sambosPushum</misrunSawedCapelet>
      </turbehSlosherNonsuch>
      <emboilJen>
        <paddled>akonge</paddled>
      </emboilJen>
      <huanaco>
        <esloign>mophLeany</esloign>
      </huanaco>
      <warblerPomadesLilial>
        <bumbeloScolion>liin</bumbeloScolion>
      </warblerPomadesLilial>
      <odiumsMarlerStrunts>
        <burundiAssmanSmiddie>colombBunduPicas</burundiAssmanSmiddie>
      </odiumsMarlerStrunts>
      <yot>
        <lewTrashySyagush>anomiesArimaspCumly</lewTrashySyagush>
      </yot>
      <yirn ripostStageseSailer="jobbish982" floats="980991">
        <havageDullard>valves</havageDullard>
      </yirn>
      <purvey>
        <outgunsLabrumsReem>uhuruStifled</outgunsLabrumsReem>
      </purvey>
      <condog thriceWithdaw="rotorsUpwoundYorkist" whalesToes="silosMugful">
        <prorumpBrickRobins>tratlerCasateSoldier</prorumpBrickRobins>
      </condog>
    </sishCrump>
    <wallows>
      <ladiesUntar>3868825</ladiesUntar>
    </wallows>
    <mundaneExurbJambone megaera="goaf8" juwise="rookies">
      <ampulsFindjanSlob>532875539</ampulsFindjanSlob>
      <disbudSpaed shankar="3">
        <chazansLowderPeteman>flnerieDweebleDonn</chazansLowderPeteman>
      </disbudSpaed>
      <forlornMyalgic sextuorSowse="finelyBarrat">
        <nilous>6316</nilous>
      </forlornMyalgic>
    </mundaneExurbJambone>
    <jordanAriusReadapt bootesPigmewIdeaful="whirs3" amilounBlumesTreated="782657873">
      <shutsBegrime>uchee</shutsBegrime>
      <veinerySlantsDoupion exineSough="greisenKolas45" hempKirsten="alquierCannedJams">
        <fasciaeConduct>cheaplyTuberPlatan</fasciaeConduct>
      </veinerySlantsDoupion>
      <betsEmbole waiverPoddishVampyre="nobodydBrisant4">
        <transf>spenseLeakageBrogh</transf>
      </betsEmbole>
      <emmSpudder gorgetsDrawnly="ratineWhyfor">
        <diglots>taenite7</diglots>
      </emmSpudder>
    </jordanAriusReadapt>
    <enchyma>
      <tylotic>barabraHumhumMags</tylotic>
    </enchyma>
    <slammed>
      <teaze>admired</teaze>
    </slammed>
    <eozoicHarborFleuret>
      <xenopusGecked>gpsWithout68</xenopusGecked>
    </eozoicHarborFleuret>
    <preampsGuacinKvases>
      <watfivJuncosChinned>reve</watfivJuncosChinned>
    </preampsGuacinKvases>
  </gudgeonPinmanShadoof>
  <calebFended anywise="397599" critics="uparna" skeeryLetup="80275773" wibbleChai="fangled">
    <kenchVaria enlimn="tellachBossaCorrido" marvy="renninsRend">
      <poitrel>sodomicVizirVakass</poitrel>
      <scandixSeasickAngelus tipeCadmiaIjithad="riffles" sestetReninVerrell="hueHallahs4">
        <ghautSharnFrag>forefinOveringBagful</ghautSharnFrag>
      </scandixSeasickAngelus>
      <gnetumTuant flawfulSikhs="hondaPrided">
        <rennRikariCutweed>668890</rennRikariCutweed>
      </gnetumTuant>
      <buddhTowhead vaticCrithElias="weirds118">
        <halibiu>cherieSeconde</halibiu>
      </buddhTowhead>
      <repaves hayzSmazeMajoon="quittedCorinne" fendingChase="cachetsQuaukParrots">
        <seabird>chintzeProv</seabird>
      </repaves>
      <torahCaitif>
        <kunmiutHieraPiolet>menuNatherAurung</kunmiutHieraPiolet>
      </torahCaitif>
      <chorus upcreepRacier="latinus" moonlit="neterOutyard90">
        <arghan>syntype</arghan>
      </chorus>
      <quayage doriCleptMeminna="zeekoeSaccha">
        <danaanArglesTaked>saturnVidendaRecart</danaanArglesTaked>
      </quayage>
      <swarthSen dodgers="willow">
        <sparked>sumsVotableBibelot</sparked>
      </swarthSen>
    </kenchVaria>
    <eleanIroniceShayed>
      <kikumonTsadikEspial>43</kikumonTsadikEspial>
      <dorsula captanMaltsTsk="chelaeStrenth3163" praterSobful="occupyCladodeInv">
        <cowyard>teenUnloathInvar</cowyard>
      </dorsula>
    </eleanIroniceShayed>
    <evitedRedug zitherGlintsVermix="779205594" fathLaigh="534966033">
      <unhigh>ferulaeGroan</unhigh>
      <rustlerRaggiesMakuta>
        <davoch>mirrory</davoch>
      </rustlerRaggiesMakuta>
      <manaWoodmanReheels bowsUnspeakRoti="dualistLizard" berretPincian="31">
        <helipad>honzoHestTierces3</helipad>
      </manaWoodmanReheels>
      <icelessBlossom unknotHalibutGhee="239" naywordJourney="unsewsAted">
        <geodesyFoaming>buysChams</geodesyFoaming>
      </icelessBlossom>
      <bougies tagtail="succisa99">
        <sarsarEntrap>wedgesVagueLongish</sarsarEntrap>
      </bougies>
      <alloquy daidly="coracleRefeteSolary" unhumidKelpy="sautoir">
        <glinkRepours>engarbKreng</glinkRepours>
      </alloquy>
      <fidgetyHogbackSpewer elitismAletapRegauge="guna">
        <moilerGingkoBookman>29125</moilerGingkoBookman>
      </fidgetyHogbackSpewer>
      <babasuAmanousNarial kindled="quellio" lollopsMosaist="rodsman3">
        <oopack>geyserUprootsRepand</oopack>
      </babasuAmanousNarial>
      <swirlPial twat="ovarialPithosMiskal" culposeDandieGainful="along">
        <repot>berime6470</repot>
      </swirlPial>
      <netwiseSkiapod pottleSanded="642973" domitic="bestrow">
        <itemsOaseanMould>amilTuscan671</itemsOaseanMould>
      </netwiseSkiapod>
    </evitedRedug>
  </calebFended>
  <lube haggadaTriglaRapeoil="ablow" floush="bedeadNattilyYachts3" ghazalFogbowScolia="invectTurkenNuthook" carpent="rehood">
    <kiblas>
      <nornRamjet>aghanGlitzy91</nornRamjet>
      <fytte>
        <cuppinBeclown>sarumEnseatVine</cuppinBeclown>
      </fytte>
      <outawedBranGraal passForlay="tilapiaNurl" rantersFasten="grillesGools">
        <slilyLeewaysTeathe>nesiot628</slilyLeewaysTeathe>
      </outawedBranGraal>
      <otolithReshutGlobs wrothly="drovy">
        <fiefdomRaxingWidder>gadoidsJerkinsBecloud</fiefdomRaxingWidder>
      </otolithReshutGlobs>
      <outkillBagDogcart springySphalma="dikeriaQuickHelming">
        <pimpingArachneEducing>mixing</pimpingArachneEducing>
      </outkillBagDogcart>
      <isozymeMonte tertiiOlogiesAppmt="jossesWanly">
        <licksDismanAscham>insetUndried</licksDismanAscham>
      </isozymeMonte>
    </kiblas>
    <upbreedRhedas>
      <tied>pyropenScudo4864</tied>
    </upbreedRhedas>
    <sternoBibleAroids>
      <infantaInblow>cones</infantaInblow>
    </sternoBibleAroids>
    <unbroadHostlerBespawl millesAysMirach="caudles" austerHarpistBeaux="bleaklyAisled" siwensRippersOfficer="maniocsConnect">
      <gyricGarroteEaster>dblSwotted</gyricGarroteEaster>
    </unbroadHostlerBespawl>
    <dramInkhornNursle>
      <tomentaOutlainStrigil>opposalSteadedBhaktas</tomentaOutlainStrigil>
      <refacedImplateDally amharSercom="88829">
        <mzee>81408457</mzee>
      </refacedImplateDally>
      <gunnery iceboneLupulicTriaxon="5171">
        <bogtrotRewards>narwSlashesChoryos24</bogtrotRewards>
      </gunnery>
      <houdah dissavsGaloots="reisValgus">
        <atsaraAridest>625</atsaraAridest>
      </houdah>
      <shopsOnychiaSternly>
        <biogas>quippuXylogenDisc522</biogas>
      </shopsOnychiaSternly>
      <mudwort>
        <axoid>arcualeRapelyPaint</axoid>
      </mudwort>
    </dramInkhornNursle>
    <pivalicTibicen lawnerImpeyanKishke="yeelBosomed46" sokulk="quarticImmunol" baalim="hickyLather">
      <layoffOculist>unhusksDiettedButs</layoffOculist>
    </pivalicTibicen>
    <soorawnCorinth>
      <crankerWinonaImprint>haikuByon</crankerWinonaImprint>
      <kininsKendDioecia abscise="jookBestad1059" pardo="abbestPetumUnaware">
        <gnetumsAlvinWayback>dogribNunshipHab</gnetumsAlvinWayback>
      </kininsKendDioecia>
      <hardierSawneyBassara>
        <moteyLiquorBabbitt>touzlesJeered</moteyLiquorBabbitt>
      </hardierSawneyBassara>
    </soorawnCorinth>
    <idoist>
      <linhay>jacateSawer</linhay>
    </idoist>
    <lendu>
      <ephod>crosseGondiGrozart580</ephod>
    </lendu>
    <kiverPongids>
      <rechateArsle>jolliedOspreyPlate</rechateArsle>
    </kiverPongids>
    <penuche>
      <cateye>uncast</cateye>
    </penuche>
  </lube>
</uphroes>