<?xml version="1.0"?>
<teethed>
  <catalogCritize ringtawCuiejoSutor="antonymShortieTunicae">
    <cabackAboutsMyoxine acholiaTopcast="5238" ronyonDracoMycol="hoiLibyaHosiery513" campanaAbrasaxLauwine="dustukBeestRayan">
      <conyzaCatface>hola</conyzaCatface>
      <reetamClamor limerBalky="jeeteeOatear" swims="rotting">
        <caprid>dowsing</caprid>
      </reetamClamor>
      <farrago tintieFraktur="40770932">
        <sallier>98957470</sallier>
      </farrago>
      <desightThumbs anaheimAssiege="dislimnRebus">
        <sanchoJinchao>dryToxoids</sanchoJinchao>
      </desightThumbs>
      <pinweedWklyFlora scunnerHearthEterne="645089">
        <ferfel>toftmanTrepansBelady</ferfel>
      </pinweedWklyFlora>
      <pianist acronalZad="adz59">
        <diePeltsDisobey>flang31</diePeltsDisobey>
      </pianist>
      <anaxialDiiodo hurden="stamensAhuatleYawned">
        <cerebriKevilRayed>provesLechosa</cerebriKevilRayed>
      </anaxialDiiodo>
      <secerns>
        <zymominYachtySuited>mangos</zymominYachtySuited>
      </secerns>
      <maddersMoscowOwd futharcParonym="jasiesJavahai">
        <feofferBeluchiTohunga>parsnipTheres</feofferBeluchiTohunga>
      </maddersMoscowOwd>
      <yutuMorduArkie zoea="gelofre">
        <dewbeamUpbreed>obtundsRideauDewools</dewbeamUpbreed>
      </yutuMorduArkie>
    </cabackAboutsMyoxine>
  </catalogCritize>
  <gruffly unstern="margeAsperlyToxin" giggledAndaman="lyas" imaums="1900">
    <unanimeCatharSyphers>
      <syrenMankyGarle>rollingBote</syrenMankyGarle>
      <utaiApportStivy>
        <piast>7991990</piast>
      </utaiApportStivy>
      <hetmanScuseVedaism trounce="47730">
        <mercers>fettersTylotusSubdual</mercers>
      </hetmanScuseVedaism>
      <hwanRotguts>
        <ladinKrauts>ferried</ladinKrauts>
      </hwanRotguts>
      <invadedPenseeDipnoi>
        <royalet>85348</royalet>
      </invadedPenseeDipnoi>
      <eurasiaReruns scarpsWaly="eject444">
        <rldOtxi>clickyNodal</rldOtxi>
      </eurasiaReruns>
    </unanimeCatharSyphers>
    <soulzScutula rootierPtolemyGaudy="obispo" tanburDumblyBrush="amidideBlamedVised81">
      <rockety>calcite</rockety>
    </soulzScutula>
    <decener malming="baliti">
      <camogieLows>goldingEskars</camogieLows>
      <wolffia allayGalidia="511703247">
        <shawmsDiffundBlondes>cawkCoitusDiphyes7668</shawmsDiffundBlondes>
      </wolffia>
      <perfidyMochelCranage gutteryGuereba="curtalHideousWoader511">
        <soppingGeoticToruses>spart</soppingGeoticToruses>
      </perfidyMochelCranage>
      <alout glucateDogless="snobbyMelosaAkey">
        <tapsSmeuseSumph>juicedSteghPulvino</tapsSmeuseSumph>
      </alout>
      <linkage caribalEvap="gribaneOlonetsSudamen" venom="chichaReutterDittos">
        <illumedFilicic>gadidaeChandulLoaflet</illumedFilicic>
      </linkage>
      <epigealRic fracidDclass="diariesManify837" addaCavortsLivres="aramidCantusSabia">
        <beginsStymieOdd>soapbox53</beginsStymieOdd>
      </epigealRic>
      <radar posit="tsubaAnoraks" pulicidWarish="retearLeafit">
        <hygeen>techneEdda</hygeen>
      </radar>
    </decener>
    <libers eucleidByworkScooch="rebelly" sudaniBersimJitro="2">
      <moschi>garbs</moschi>
      <mascots termaPictury="scyphoiScabbed">
        <flyted>moralesThetineTepas</flyted>
      </mascots>
      <intakerVarechAlap nabAller="27">
        <flyer>erinize</flyer>
      </intakerVarechAlap>
    </libers>
    <tewhitDauner>
      <ratty>sickled</ratty>
    </tewhitDauner>
    <dely>
      <aedegiRouthyOnion>dakoit</aedegiRouthyOnion>
    </dely>
    <escharSocmenMegmho>
      <avisosBefleckLipoid>rochets</avisosBefleckLipoid>
      <camino forheedBowlegsSpunny="unempt92">
        <feagueReargue>balldomDisyoke5</feagueReargue>
      </camino>
      <siftsThymeleKainit badonSkeifBreccia="miaouedDipsos" depot="alikeIodoBustles">
        <tubifexAverish>8582</tubifexAverish>
      </siftsThymeleKainit>
      <unpin horsed="sapiumUpwind">
        <clarist>vedaLagers</clarist>
      </unpin>
      <dreader others="rebidsFascis">
        <enthral>schwas</enthral>
      </dreader>
      <genekiUntarVulgus collenFliggedGarroo="gittite" tripodQuitely="wuddieVerusRissom">
        <strayerRelongGazebos>rotamen</strayerRelongGazebos>
      </genekiUntarVulgus>
      <imideKisan>
        <tubbingChicksMagnify>bangedBoltyPuparia</tubbingChicksMagnify>
      </imideKisan>
      <gilo>
        <pargedUngodlyKnarl>smurrySlade</pargedUngodlyKnarl>
      </gilo>
      <dessertBerat fugientMister="chenBathsDeodate">
        <prinEagleProsect>sniteDemit</prinEagleProsect>
      </dessertBerat>
    </escharSocmenMegmho>
    <gerefaCowhorn>
      <fosse>larvePreeingLujula</fosse>
      <lurcher mengSlalomsGrimp="ola" salleOrariumMarasca="rie">
        <iterantAlfet>304</iterantAlfet>
      </lurcher>
      <biureaAgarwalOilily clasper="umbraidMinaeLush19">
        <aruncusMcphail>778036</aruncusMcphail>
      </biureaAgarwalOilily>
      <saludTimer heroinJilling="torvidCastes5358">
        <troth>patataWarp5</troth>
      </saludTimer>
      <samani whinsZetas="potsBelili" ichthysCadelle="tippets296">
        <dozingYusYoker>aggryBearded</dozingYusYoker>
      </samani>
      <toadLiteralKeeps>
        <slubbyRamnes>hurdisPasengRented</slubbyRamnes>
      </toadLiteralKeeps>
      <plightAswashTensity snigsChokier="veluredParade" fadeoutSongerLeak="242">
        <pythiadMuckedOvernet>67</pythiadMuckedOvernet>
      </plightAswashTensity>
      <mugweedTernAlkoxid shrog="poodlerOwerbyPirner">
        <subsaleLuausMidland>haughtAizle</subsaleLuausMidland>
      </mugweedTernAlkoxid>
      <gather pusherCedrela="42635">
        <gracerSubanun>44149</gracerSubanun>
      </gather>
      <tamboCrucial toucanFood="stireAlison">
        <bolsonSalusUnpile>bammingPramCoigns</bolsonSalusUnpile>
      </tamboCrucial>
    </gerefaCowhorn>
    <wolversTelexedGuaican>
      <fulham>18</fulham>
    </wolversTelexedGuaican>
    <bungerDidal>
      <quadleNichael>akhyana</quadleNichael>
      <hoggism inrailNeapedRockery="seatersDammish" gurry="pesewa">
        <bulbosePlayact>ghanianJerreedBroggle</bulbosePlayact>
      </hoggism>
      <valerinMygale punkAnmiaAbkary="mutule">
        <figged>12</figged>
      </valerinMygale>
      <hoagieFalern>
        <siberic>dayglowDinka5</siberic>
      </hoagieFalern>
      <monuronToader>
        <obliNetmen>swather6901</obliNetmen>
      </monuronToader>
      <purdyInvokesDoocot sedatFotched="orante" darciWakemenMunnion="purportDraweePaized">
        <glummerCriboForks>sibness1704</glummerCriboForks>
      </purdyInvokesDoocot>
      <galas>
        <docentSquarkAgons>47</docentSquarkAgons>
      </galas>
      <hookumSmithIzle>
        <diploic>flabile</diploic>
      </hookumSmithIzle>
      <caitiffGarconsCursen>
        <gameteRisqu>doerMund</gameteRisqu>
      </caitiffGarconsCursen>
    </bungerDidal>
  </gruffly>
  <cothamCiruela turfen="bombax" veter="coquito" raptlyPonScored="roomerOsheaAlkynes" habenalKnot="inwornEmcees">
    <befilch>
      <acoolMedleyDelaw>moteJuergenRefined9</acoolMedleyDelaw>
      <huldeeCesta>
        <quartesGourdySeamark>alchemBlissomStickup</quartesGourdySeamark>
      </huldeeCesta>
      <chethsCawney aoteaOrrery="93755">
        <cossicFayalLindane>seiner</cossicFayalLindane>
      </chethsCawney>
      <propupa>
        <almeryGemoteTaminy>habitanCreamBaboen509</almeryGemoteTaminy>
      </propupa>
      <ragbags>
        <jackeyGrimy>orgyia</jackeyGrimy>
      </ragbags>
    </befilch>
  </cothamCiruela>
  <clo racetteDubbinsComite="sahibs" casseMowers="ectasia2" tormaeAboon="nagnailSlavish" />
  <verminy>
    <fizzierPapas>
      <fogus>mumbles</fogus>
      <agentsBalm lewisiaAblatedCubers="afghans">
        <serials>voilaAblinsSyriasm</serials>
      </agentsBalm>
      <spittedLabarum incipit="mowable" ekphoreRasgado="bardicSewer">
        <dialkylLocusca>5</dialkylLocusca>
      </spittedLabarum>
      <woleaiBogmanRoop bruitedBellmanCocuyo="doreyFarts" tenues="lai">
        <mumnessPlebify>284</mumnessPlebify>
      </woleaiBogmanRoop>
      <pprMulatta ipmJamming="akim">
        <senhors>cannoliBeerish</senhors>
      </pprMulatta>
      <izzardsOstlerObl wanterSalivas="raptorsFencersDalles">
        <pasquilTeredosHieland>caperBearishMahoe5956</pasquilTeredosHieland>
      </izzardsOstlerObl>
      <shuRetrial dovecotIncest="98629784" navelsFrighty="kidcoteAleak">
        <reviles>bosuns</reviles>
      </shuRetrial>
      <wakesIgaraForerib meropGrolier="oblatedCerningElixir" anglesRhetor="phrasey27">
        <explain>702576305</explain>
      </wakesIgaraForerib>
      <firingsElemong belatedErronCentner="bennetMotleys">
        <grantha>oyesCarabid</grantha>
      </firingsElemong>
    </fizzierPapas>
    <nobodyd thurleTaffias="9724" wainmanRealise="quoUncask">
      <carateCaricesNock>tanalaBasics</carateCaricesNock>
    </nobodyd>
    <jumelleTattyDhundia ironersBaalize="5">
      <apoiseToeholdPeaker>16279511</apoiseToeholdPeaker>
    </jumelleTattyDhundia>
    <skintFlips beslimeCredereKitman="factyUngulae">
      <bikhDammed>aucubas2</bikhDammed>
      <wharl>
        <umbleVincentEncave>7</umbleVincentEncave>
      </wharl>
      <chkalikCycloseIndigen>
        <oscularPestles>3326</oscularPestles>
      </chkalikCycloseIndigen>
      <pedial>
        <bwanasMendingAtte>tympany12</bwanasMendingAtte>
      </pedial>
      <garrafa nakeRehouse="pilots">
        <egger>retoldCystous4</egger>
      </garrafa>
      <reconSkellyCrapaud>
        <holsMahbubDeke>nesokiaSiglosReverts</holsMahbubDeke>
      </reconSkellyCrapaud>
      <olycookPillionJumbled banders="alifChewer">
        <myoticsUnroll>bummers</myoticsUnroll>
      </olycookPillionJumbled>
    </skintFlips>
    <faciendIntrod>
      <unhood>1</unhood>
      <mated>
        <luxus>leakierDewy</luxus>
      </mated>
      <bestayBeavery>
        <cobb>pilcrowPufftnTerreno</cobb>
      </bestayBeavery>
      <dillisk hastileClysesSodom="duarchyXylariaRoxy">
        <exines>snuggerPalchCussed</exines>
      </dillisk>
    </faciendIntrod>
  </verminy>
  <uptight windrowBunsen="hoggHordedMyxoma" />
  <wanterKonfyt sannopQuahogsNosher="birneChic" gruffer="masseurAssocLath2" lastage="disyokeOrenda">
    <hater fistleSubduer="71032">
      <wadgeUncagedImaums>begazesSarahMyogen</wadgeUncagedImaums>
    </hater>
    <npfx>
      <tatty>wahaheMistersBogo</tatty>
      <hajjiUnprop ninja="sura19">
        <gurgedNeemsTurmut>912</gurgedNeemsTurmut>
      </hajjiUnprop>
      <anomer ascared="roar">
        <calcine>enemiesArsonMiswrit</calcine>
      </anomer>
    </npfx>
  </wanterKonfyt>
  <manitosPardhan />
</teethed>