<?xml version="1.0"?>
<metifGasparSuevi>
  <adrift metedShadowyVolt="1" />
  <willsSonlessUrethan kahar="kolArmscye" ochoneDehors="458378">
    <pootherCruentUnmated>
      <read>71861</read>
      <hanburySondeImaging flottenEnrace="5064355">
        <polecatEnleaf>donnee</polecatEnleaf>
      </hanburySondeImaging>
      <albaDammishSakkoi sedarimShipletAglance="plainUplock">
        <dodoismTrochedHing>tantara</dodoismTrochedHing>
      </albaDammishSakkoi>
      <dirhemPodzol aronia="conjeeStoep" chompedEmp="fingallPasquilSlitty">
        <pawkriePutoffGobangs>pagefulUnflagChilded</pawkriePutoffGobangs>
      </dirhemPodzol>
      <strentAdrowse>
        <waveoffCriboseResown>epilenyWhiles</waveoffCriboseResown>
      </strentAdrowse>
      <spathes insculpSusumu="thackerContund">
        <stubboy>workupGaslike6</stubboy>
      </spathes>
    </pootherCruentUnmated>
    <kochia>
      <cedrateCarlistSinward>dipygiResuit1421</cedrateCarlistSinward>
    </kochia>
    <unarmsUnausAnethum seekerRulableRations="middestMootmenSandawe">
      <overplyGodsent>skinker</overplyGodsent>
      <chuttieLamentsKanjis>
        <haloingSitter>tickenWeekendAssalto</haloingSitter>
      </chuttieLamentsKanjis>
      <tilled biti="bebrine" uparmEmbodyMotmots="pyrenaMoseys">
        <foliarOndingGout>267212</foliarOndingGout>
      </tilled>
      <curacaoBuoyant>
        <ashily>afifiFairy</ashily>
      </curacaoBuoyant>
      <notaeumGrimme>
        <mediantPeart>healfulChaw</mediantPeart>
      </notaeumGrimme>
      <reaping relot="imcntIngestsCapias">
        <perulePeggingGuttles>rantismClawOrcinus</perulePeggingGuttles>
      </reaping>
      <teniaSidy redoubt="scaldsSnodlySinawa">
        <dunkard>delia</dunkard>
      </teniaSidy>
      <tux>
        <wakesMoors>suburbsAbirRubrica</wakesMoors>
      </tux>
      <glummer encomy="beltonLobbied9145" syrEdifaceOpes="30">
        <memoriaAffords>chintzyAmtmenToxins</memoriaAffords>
      </glummer>
    </unarmsUnausAnethum>
  </willsSonlessUrethan>
</metifGasparSuevi>