<?xml version="1.0"?>
<tweenyFiremanIdaein>
  <legumesMinty zanies="9">
    <parchy>
      <xosa>linguaeXylidicPeloton</xosa>
      <drowsyVacatur>
        <martianPeaveysStudite>heidiOverplyMirrors</martianPeaveysStudite>
      </drowsyVacatur>
      <protectRuddles condors="agregeFlatlet">
        <tackiesGangsTetrant>brands</tackiesGangsTetrant>
      </protectRuddles>
    </parchy>
    <uvic enkiduBansela="duffy" methoImpeyan="nets">
      <lears>hankingDeludesAugerer4</lears>
    </uvic>
    <beluchi>
      <cannie>skinkerMuset</cannie>
    </beluchi>
    <relumed>
      <fattens>eagledKatrinaPounamu</fattens>
      <sifterKiowan>
        <updrinkCoupee>cladine</updrinkCoupee>
      </sifterKiowan>
      <stagGecking>
        <okonite>pietaCrimpy3</okonite>
      </stagGecking>
      <siloamJainistUnio haftedStormyVeeries="roes" nestlesArriverYamshik="puntyJulidSora">
        <thiasi>461</thiasi>
      </siloamJainistUnio>
      <funic>
        <apritifEstoque>avoyerHydnoidCarcake</apritifEstoque>
      </funic>
      <unhot judeanDecayedUnapt="begrayBucare">
        <spottleGulls>lyings</spottleGulls>
      </unhot>
      <caribeYday hdbkAfeard="faddistAntiopeSoroban" cowbellHable="pairMotocar">
        <sagoinTeucerCombing>43</sagoinTeucerCombing>
      </caribeYday>
      <millieHolder elatedUnshawlTophs="escEssayedTwinkly" bedrip="unhateGuydom">
        <gleitVolcano>4734777</gleitVolcano>
      </millieHolder>
      <tithedViperyDiesels murrayScarid="pithfulBlonderTercel" pyriteTusked="claikTargetVimen">
        <minuendSoldanVenatic>jailorsCompingJuicy</minuendSoldanVenatic>
      </tithedViperyDiesels>
    </relumed>
    <smytrie>
      <anoine>repaper</anoine>
      <aluletSpankPrecure baricRomanly="cashawPhugoid" bilkingAgitHygeia="ficoid">
        <placard>unprayStartsy</placard>
      </aluletSpankPrecure>
      <spinnelEutony>
        <berline>xylenyl7454</berline>
      </spinnelEutony>
      <campanaParlayRedders>
        <brutingDefangVealy>yarely</brutingDefangVealy>
      </campanaParlayRedders>
      <gweducsSandbox salade="ketchUncia">
        <shoolSkance>mirdahaNosineCalista5380</shoolSkance>
      </gweducsSandbox>
    </smytrie>
    <fannersScuffleFactual>
      <reubenOgival>28960670</reubenOgival>
      <advowry yeniseiCrumbs="mottlesTarrify" ghain="494592912">
        <combe>idoism</combe>
      </advowry>
      <qiyasMuckingReproof>
        <luvish>organalRippier</luvish>
      </qiyasMuckingReproof>
      <laagersAviso mulctedDendricAmtman="ilexes" sowensUmlauts="nymphsTamaraoTucanae">
        <efforceStyed>cupola</efforceStyed>
      </laagersAviso>
      <coppleMannan larusWrive="crapyDuologs" biozoneMeasle="navar70">
        <pegsHarnessEched>wlenchSonance</pegsHarnessEched>
      </coppleMannan>
      <babbageCoupler abrasaxClamb="beaded">
        <weseSimmersPinulus>tinguyMeslen</weseSimmersPinulus>
      </babbageCoupler>
      <nebalia coachedMaskoid="bagmenSpoom" polaran="868690">
        <torsile>scrambArmsful796</torsile>
      </nebalia>
      <mitosisLeaAvid moudie="libinit" gateauRuswut="sodiumRefellUltima">
        <vagrom>8191346</vagrom>
      </mitosisLeaAvid>
      <kamianUnslackEssang viddhalDowfart="vined">
        <tashlik>enveilPassoutMaggy</tashlik>
      </kamianUnslackEssang>
    </fannersScuffleFactual>
    <hamotziPahiSwotter rubberyTaxatorSplad="969" peroses="wavererBandedLasses" badiagaAthrill="stancesRiddled">
      <laiusGur>conineSuffari</laiusGur>
    </hamotziPahiSwotter>
    <fanmanMooress euripi="fumishOutrEpigee">
      <painfulRotondeAnlage>pleroma1</painfulRotondeAnlage>
      <withsaw braggetCarolerSpasmus="finableLoggatsGrissen24" sodworkBumareeKernoi="smaltsBrinksScuffs">
        <sexyHuk>huggin</sexyHuk>
      </withsaw>
      <upflame>
        <steins>47</steins>
      </upflame>
      <sergioTholiBoatlip yardang="kwaznku">
        <olamicPreship>distKavas45</olamicPreship>
      </sergioTholiBoatlip>
      <coatingPontonAchiote>
        <bionicsDasypod>gestic25</bionicsDasypod>
      </coatingPontonAchiote>
      <wiking duceLatrialNigua="shuns">
        <bluets>ratingImbibesLactide</bluets>
      </wiking>
      <basic bethuelFuzeeShlep="beknownThrapEmball5663" yaleKays="tarascoOutdoer">
        <morsureSnaste>largish</morsureSnaste>
      </basic>
      <jardeLoads rivalry="6383">
        <ninesXdiv>laeti</ninesXdiv>
      </jardeLoads>
    </fanmanMooress>
    <retort>
      <bhakta>dryingSneapBemist494</bhakta>
    </retort>
    <alismaScorchs>
      <sotsToriiTermin>croons</sotsToriiTermin>
      <grey chiclyCosshen="nubbinCadbote">
        <orduJewelyFaun>walloch</orduJewelyFaun>
      </grey>
      <woolseyBevyRavioli wetchetIrfanAals="nomeWhile" mograbiBlawSaeter="bunterDipodidDecanes">
        <carucalWhutter>downsetWhet</carucalWhutter>
      </woolseyBevyRavioli>
      <taysmm xylidinPlayact="coilersAnapsidFalbala" warthog="finningPiddle">
        <senate>90869677</senate>
      </taysmm>
      <twinerBeerishScewing pictish="cudgelsIteming">
        <terebicTestons>griffes</terebicTestons>
      </twinerBeerishScewing>
    </alismaScorchs>
    <grantsKneelsHaggly>
      <dutied>towan</dutied>
      <kolkhozFitterTune pindal="facileUnfurls">
        <biuret>34696</biuret>
      </kolkhozFitterTune>
      <newsmanSalvorsCedes voicing="didler">
        <sapiumWudgeLieu>chicos62</sapiumWudgeLieu>
      </newsmanSalvorsCedes>
      <garrotAmokeGudge>
        <lain>ittriaWhauFowk4586</lain>
      </garrotAmokeGudge>
    </grantsKneelsHaggly>
    <patternWashery>
      <blancaRapilli>6078355</blancaRapilli>
    </patternWashery>
    <hogtiesReet>
      <pules>meuniAvenaIodol</pules>
    </hogtiesReet>
    <gnashed geldingAmiciDisjune="confestDykePut2" pitsawLepagePadige="fungin" kreilPruderyCans="trivantTahilAlawi">
      <foxishPrudelyGuichet>3452</foxishPrudelyGuichet>
    </gnashed>
  </legumesMinty>
</tweenyFiremanIdaein>