<?xml version="1.0"?>
<afrasia>
  <uveas bishariHowksSullow="brush" />
  <disleafHailersRosella moldsBlah="seaming" sheogueKala="517327000" smoothyTenailEconomy="waulSumphyWaxily7693" />
  <shope cofaneUpfloat="meros" />
  <amps karosVented="bedyeHemapod" glassin="boxiestSnawingTypha" fateBouseQuinone="ibisPhooey" />
  <peelersGruntle />
  <saripDecimalMeniver vellon="pencel">
    <terrSparkleLevi>
      <roupsCongeryArgles>140047</roupsCongeryArgles>
    </terrSparkleLevi>
    <yearedYhwhSecern>
      <bassoon>blimpsBoliviaBroncho</bassoon>
    </yearedYhwhSecern>
    <coryEscalin>
      <carinaStupose>isomereIdeta</carinaStupose>
    </coryEscalin>
    <dorterRewoveQuitch>
      <welchedSeisedBarbita>embiraSpidersMarques</welchedSeisedBarbita>
      <gotPituitaRevels whysGroined="cabblePothers27" zocalo="bakie6528">
        <gervaseBilgingAcetite>paranjaEpingleWhiffle</gervaseBilgingAcetite>
      </gotPituitaRevels>
      <lichenyCornusEebree>
        <stoater>runklesCowalStrenth</stoater>
      </lichenyCornusEebree>
      <camasesEluantOutjinx haulierMinorHau="ragis" dukesNeums="tygNide">
        <slinkyCadres>diegoBelickGrisled</slinkyCadres>
      </camasesEluantOutjinx>
    </dorterRewoveQuitch>
    <mezuzot>
      <fallowTeriann>squirtMisting</fallowTeriann>
    </mezuzot>
    <sussexEnsuredGlen poneBoone="platlyFolkmotLunas" iodo="shelder">
      <spated>creen</spated>
      <broncsCommem inconyTsimmesLobby="brakierCrownet">
        <hokanDidnKnapple>singleHalloedEutaxy</hokanDidnKnapple>
      </broncsCommem>
      <sokoChaukMiscut aswail="14790600" torsileHelas="decanal">
        <coated>quotesKamisHeck3</coated>
      </sokoChaukMiscut>
      <hath garran="silenicVarisse" sesiaSloe="68">
        <sepses>cohunesPsykterEnfant</sepses>
      </hath>
      <sorrel manpack="412717758" ventureVisible="ensignEthylicEunice">
        <pardonLothly>staffs</pardonLothly>
      </sorrel>
      <nigrinePairtHashery rammage="debussyMerat466" feucht="casalEchevinBiota">
        <kalwar>berylsNoshing</kalwar>
      </nigrinePairtHashery>
      <cyclicFowlers>
        <reevesErgoism>kinBilith72</reevesErgoism>
      </cyclicFowlers>
    </sussexEnsuredGlen>
    <salmine>
      <happingHaubois>slatedFelonry</happingHaubois>
    </salmine>
    <clootsNibbleZingara ballasTarrier="17" ringtawTracedArchly="clypeiRadomesMuckers" tumUnruthSugh="subsetBeentoChumpa">
      <reqDoux>galeusDin</reqDoux>
    </clootsNibbleZingara>
    <rima raptusTewel="reworksDrearlyLinda9293" preteenEmitter="gumhar" occursAtternSained="nyxisArbustaBlende">
      <robinia>astrolGestionUpsring</robinia>
    </rima>
    <eofHejirasSection>
      <mitrateFreeingCrevis>vihuelaVoyeuseRequote</mitrateFreeingCrevis>
    </eofHejirasSection>
    <fondueSoaken>
      <unvowedBrunchFiling>pedler</unvowedBrunchFiling>
    </fondueSoaken>
    <furole>
      <jicaqueHoarsen>annihilSarsens</jicaqueHoarsen>
    </furole>
    <ranquel credoLouts="cisted" nitrateOblong="immuneSpicier" bshRingsTerp="headrig7">
      <renomeeCouthPicasso>baroqueSenaahFolksy</renomeeCouthPicasso>
    </ranquel>
    <gentooGallic>
      <peised>6</peised>
      <boredom mulloid="voluteSmaltosKuranko3708">
        <redug>bunkerCreels</redug>
      </boredom>
      <utaiApposesMarfire absis="xylenyl">
        <quattie>mangosNonylicGletty</quattie>
      </utaiApposesMarfire>
      <trodden risingsGlucinaUnarted="kelvinClericsRebore" phoebeSorda="sicularShent">
        <shutoutVatfulsSofties>4</shutoutVatfulsSofties>
      </trodden>
      <almadie>
        <combite>dirndls538</combite>
      </almadie>
      <trouped wykeEffate="chegoe" clappeHalved="54">
        <peroxylGermensDicolic>sordine</peroxylGermensDicolic>
      </trouped>
      <lozengyAericalSweert>
        <mordoreSheppeyTrustle>morindaYaffil</mordoreSheppeyTrustle>
      </lozengyAericalSweert>
      <unlinksReestle>
        <usitate>abraser</usitate>
      </unlinksReestle>
      <foamersAnatolyGaroted sistaniPetune="buckersSchuleOaklet">
        <yawlingDrycoalDolmen>plantad</yawlingDrycoalDolmen>
      </foamersAnatolyGaroted>
    </gentooGallic>
  </saripDecimalMeniver>
</afrasia>