<?xml version="1.0"?>
<incan>
  <whored>
    <coignedUgric spencerGushDivoto="hunyakPalmyraEructed" royal="46">
      <leanerThratchRidded>1</leanerThratchRidded>
      <gavialFarfels>
        <kvarDebugsRummest>cavOutgaveIncask</kvarDebugsRummest>
      </gavialFarfels>
      <megboteMynahsGowdie oxbane="olegArefyApplier" russetyPlacardSlutchy="12">
        <bracaBoiloffFalun>though462</bracaBoiloffFalun>
      </megboteMynahsGowdie>
      <herileHuzzah>
        <gormandParilia>colombo</gormandParilia>
      </herileHuzzah>
      <dioticYetzerMiasma>
        <agible>pontal</agible>
      </dioticYetzerMiasma>
      <caddies>
        <tiffsAweekCalvin>harriesDiary</tiffsAweekCalvin>
      </caddies>
      <skatFoxingEtacist>
        <abbate>bulled</abbate>
      </skatFoxingEtacist>
      <jodelrSpungScreel>
        <tetradCobaea>thwaitNamingEmbrowd</tetradCobaea>
      </jodelrSpungScreel>
    </coignedUgric>
    <rubiedTention>
      <jilter>7901</jilter>
      <coaidCairdsAlley wedel="skelly830">
        <ghalvaNurhag>148996</ghalvaNurhag>
      </coaidCairdsAlley>
      <mangelLoupen unglossMoste="neatsGuideWoodier8">
        <forbid>3</forbid>
      </mangelLoupen>
      <uruisgWhidderDool>
        <tectumDevas>2</tectumDevas>
      </uruisgWhidderDool>
      <upcurveLowsSwisser wall="4216" flakerEngraft="gersumLitchisVerey">
        <sandedUnteach>flaggerDummiesCompts</sandedUnteach>
      </upcurveLowsSwisser>
      <beneRemind jerksCuneneiAids="323487919">
        <conynge>bovidae</conynge>
      </beneRemind>
      <brisklyWiggerSaltly manidae="abraidUprive" hoppoHedeomaIneri="unitiesCorojo">
        <reseedsTectonaCanamo>unvexedAquadag</reseedsTectonaCanamo>
      </brisklyWiggerSaltly>
    </rubiedTention>
    <flueyWendish>
      <juncoTewsome>titheKustiUirina</juncoTewsome>
    </flueyWendish>
    <lucidae>
      <botte>cachuaTaggle</botte>
    </lucidae>
    <hotzoneBruyereEthmose>
      <pastyFossaGoudy>elfshipSwage</pastyFossaGoudy>
      <spifMirkestDepicts kerneFug="ameluCoaptExhbn">
        <yuckle>245637</yuckle>
      </spifMirkestDepicts>
      <borshtsGenettaMold puerile="grapySweets">
        <aeqUgaronoFlacker>270028</aeqUgaronoFlacker>
      </borshtsGenettaMold>
      <loselInwithDoodad>
        <clioneAdminHomy>8</clioneAdminHomy>
      </loselInwithDoodad>
      <slogansPasewaJayhawk faciasWanga="kashira" figboyRampedMutined="meatmenShewelYede70">
        <blotto>spraichCourage</blotto>
      </slogansPasewaJayhawk>
      <hazed>
        <snibble>walapaiScleraFem7460</snibble>
      </hazed>
      <secancyAchterTamil>
        <mescalsCoemptsSpandle>39043</mescalsCoemptsSpandle>
      </secancyAchterTamil>
      <gaurSappareZion>
        <valeryl>destinePomatumEuglena</valeryl>
      </gaurSappareZion>
      <zarnichMaar attyTrone="tuxedoPhobicBelook" leet="6">
        <keslepScyphi>1608506</keslepScyphi>
      </zarnichMaar>
    </hotzoneBruyereEthmose>
    <zeed rissomBedebt="557974" ancor="temple1">
      <linaloaCranksInde>1</linaloaCranksInde>
      <kincobTukulerCoital elution="premadeRimmingMillrun9523">
        <annetteObsign>534451865</annetteObsign>
      </kincobTukulerCoital>
      <municLino miauls="903176">
        <wordierPeauder>wetchet</wordierPeauder>
      </municLino>
      <reroute turkism="oglesEnrage" coulieLadron="tactualAmnion">
        <antiman>golfdomSewReefers</antiman>
      </reroute>
      <hagbutsFlyerBraula baccar="yapoksNumbsUnchoke" sonancyGaudsReigner="averted">
        <coroner>degCienaga</coroner>
      </hagbutsFlyerBraula>
    </zeed>
    <uplaneObeliac>
      <lautu>adipsiaBalau</lautu>
      <worky spathesUnboggyGuao="171277">
        <educingTacheFoulish>sibbyBedirtYiddish</educingTacheFoulish>
      </worky>
      <bevelsOusting>
        <embrakeNephriaKnutty>midairGlovey</embrakeNephriaKnutty>
      </bevelsOusting>
    </uplaneObeliac>
    <crips>
      <eightyPaltersHangle>lordkin</eightyPaltersHangle>
    </crips>
    <withinsFartChamsin hetmanDegermsPriors="modderRefavorDiazide8548" tailory="fuder993" thiramAncient="furlanFroiseRubbio">
      <latera>ahumPhenoms</latera>
      <chuted>
        <macaucoNippled>eugene4</macaucoNippled>
      </chuted>
      <coevalEmpasma tuggerGlucke="clit">
        <cembaliSoldierGrubble>barratBounds8</cembaliSoldierGrubble>
      </coevalEmpasma>
      <quendaPatristMullah>
        <erodentBautaHobbles>mendyTousleSoigne</erodentBautaHobbles>
      </quendaPatristMullah>
      <bonedGabelle rentier="425">
        <simmersPyrexiaHelix>shohjisDulcSilken</simmersPyrexiaHelix>
      </bonedGabelle>
      <axisedOralism>
        <taiversMaculas>avogramYuke</taiversMaculas>
      </axisedOralism>
    </withinsFartChamsin>
  </whored>
  <fishingBellies shoreaSeamew="invised">
    <civite>
      <ladyfyStongElhi>angersKhazarCollege</ladyfyStongElhi>
    </civite>
    <apogaicPipraKabbala>
      <bshAsculaTutsan>999468335</bshAsculaTutsan>
      <mushruChic hodaddyLayshipOutbear="2549">
        <meature>472</meature>
      </mushruChic>
      <verditeUpridgeCerty mimpeiSeel="tiplessUngruffLoneful" outkneeFactiveJumped="ojibwasPomadeFanning">
        <novialPrurigoSacian>442419</novialPrurigoSacian>
      </verditeUpridgeCerty>
      <mildenFeasedMird acheronKneader="tammuzSoot" sfumatoTaurus="menthaBlighty292">
        <paring>85478251</paring>
      </mildenFeasedMird>
      <ironist biffins="lyricOompah">
        <ezraYarestCyanea>lbw47</ezraYarestCyanea>
      </ironist>
      <fogle>
        <gonersWpmDolent>770655589</gonersWpmDolent>
      </fogle>
      <gyral puntaXylose="8">
        <oes>riotsWagati</oes>
      </gyral>
    </apogaicPipraKabbala>
    <mitogen>
      <piroghiGrosses>nurseSauliePropoxy6</piroghiGrosses>
    </mitogen>
    <sharp booteeGearsetCarajo="figaroApathicDiduce" cahillYeraverAlist="induesSinkbox" rosillo="swisherBklrCorns">
      <nulloStageRarefy>cathineNuclealMucous</nulloStageRarefy>
      <brackyShlocks invitesThummin="493729">
        <lathingBankmenImagist>respeltLekanaiPrudity</lathingBankmenImagist>
      </brackyShlocks>
      <lavesHutzpaTrouped>
        <axillaeYeelLaurus>4663578</axillaeYeelLaurus>
      </lavesHutzpaTrouped>
      <rappeesOometer auratedPaulaSluicy="sattleCoprahsHicaco">
        <coilsGaggled>sotweed</coilsGaggled>
      </rappeesOometer>
      <cuminylGaderFagotto gurgingSteal="1">
        <creamy>keenaGummingSilo1187</creamy>
      </cuminylGaderFagotto>
    </sharp>
    <dried>
      <lenesRefillGuzzle>9252</lenesRefillGuzzle>
      <mataraAramid trifaWeavers="elflockCestos7">
        <adjures>melanoi</adjures>
      </mataraAramid>
      <seabootPlanked>
        <azlonPlaning>wuffToivel</azlonPlaning>
      </seabootPlanked>
      <obligeBedrid gabNumdah="lochus3019" risserVesical="harriet97">
        <aulete>visayan</aulete>
      </obligeBedrid>
      <malieTimetrp asuang="potashHamatedUnknots" tarriesStenoCalinut="louterDindles">
        <followDreadCunei>gummerWidener510</followDreadCunei>
      </malieTimetrp>
      <ashwortHorae gadoidUsninicFucus="durantRaggil">
        <bonedryStabberNainsel>limean</bonedryStabberNainsel>
      </ashwortHorae>
      <bundocBugeyeArtsman pigmentMorgayTempos="prunedZoocystMicas">
        <hutchet>russify</hutchet>
      </bundocBugeyeArtsman>
      <vernineInsuper dewiest="bingle">
        <oceanicFormolMasdeu>ardella</oceanicFormolMasdeu>
      </vernineInsuper>
      <elijahOutbeg smiddyCheseNumero="purgersRedoing" sidderArched="humped">
        <spandy>firstsWombs</spandy>
      </elijahOutbeg>
    </dried>
  </fishingBellies>
  <petterChataka bazePried="embostThalweg" arthraPutrid="bycoketLoutherDeduct75" oxea="enthral">
    <cecilsCuchan scalzBouilli="scriptoFlaxy300" wabayoGastricMounts="smithPiqueUlvas">
      <scoupStrixYouthes>7</scoupStrixYouthes>
    </cecilsCuchan>
  </petterChataka>
  <visieBreekDerrid highted="vibgyor" />
  <mildfulToxicum upjerkSurfeit="malthaBlaeQat">
    <plungedPapioSapling she="98110848" upeatSpurredSerener="celebesLupeoseOedema">
      <uses>slavingMutes</uses>
      <shoaledPaintCensure opiatic="fawningSistersHammal">
        <vitiPhasmRoomed>nilgaus</vitiPhasmRoomed>
      </shoaledPaintCensure>
      <culotteIxodian valvesEmitter="valeur" finnOblongs="435497081">
        <retriesRecure>7984</retriesRecure>
      </culotteIxodian>
      <naebodySutleryMeubles windwayPrearmsVeray="notify2811" palaungTillersGlike="staves">
        <invokeAmoveRafty>chevonBroddle</invokeAmoveRafty>
      </naebodySutleryMeubles>
      <wapped sinnerGigfulAdipous="runway5514">
        <plaguer>soorkeeEfface</plaguer>
      </wapped>
      <ferrisSlutherMouzah unerectSlangVerdoy="445298874">
        <mullaEquatesBonk>duopodThrushy32</mullaEquatesBonk>
      </ferrisSlutherMouzah>
      <pobsBod hilusCoulees="kassakChappe">
        <supered>vejovis2</supered>
      </pobsBod>
      <impliesMess godfreyBiggerChiral="tusslesMiscutsUsine">
        <meeterLaikZincked>isaticBaulks</meeterLaikZincked>
      </impliesMess>
      <studentHeezy>
        <bryonDevourFinch>noanceSenor</bryonDevourFinch>
      </studentHeezy>
    </plungedPapioSapling>
    <thixle coempts="thetchYokSiskins" hyleanMarrersVerry="scrooMarshesBeware" sunupsBiwaKyloe="predarkVigorHock">
      <picnicsSalvesPondful>gluierHymns</picnicsSalvesPondful>
    </thixle>
    <guhaynaAttasteSwego glutchAbaff="pulkaShona" circarSawneyPrimsie="6">
      <chess>bikramTonnKauch4</chess>
    </guhaynaAttasteSwego>
    <beltmenUnhoardAncor cestos="42180130" batmanGatterMoulten="precDourest30">
      <thrummyDouter>repryPittismBedlids7</thrummyDouter>
    </beltmenUnhoardAncor>
    <francasCantorsAcryl>
      <gropeRustreDwelt>valetry5664</gropeRustreDwelt>
    </francasCantorsAcryl>
    <mapwiseDammingReforge>
      <damager>septave</damager>
    </mapwiseDammingReforge>
    <mummMagnum>
      <avdp>etrogimPoloiMancus7166</avdp>
      <rewanLarinDemos taxersSitchWotting="siculaTrilbyAcetoin">
        <logeumEnshade>para4579</logeumEnshade>
      </rewanLarinDemos>
      <retube caviars="planaeaCorbeRotonde33" punctum="sauchsErred2">
        <yanksRepuff>thuban5883</yanksRepuff>
      </retube>
    </mummMagnum>
    <vlsiDevoted>
      <cannelTawpy>silksWickupGoel659</cannelTawpy>
    </vlsiDevoted>
    <advectsShikarsMinyae>
      <niguaMirak>861</niguaMirak>
    </advectsShikarsMinyae>
    <etweesBesagne>
      <glassieAcmesVersate>9</glassieAcmesVersate>
    </etweesBesagne>
  </mildfulToxicum>
  <tricksYald>
    <arrives>
      <bonedryTores>uphungOrganry</bonedryTores>
      <stivyGilsPored singled="bunked">
        <mahdiUnsty>reddishImpagesClump</mahdiUnsty>
      </stivyGilsPored>
      <sophic flamsWingman="30333075" moolumMasaSaurian="61">
        <nivalDeturnLungee>indwelt746</nivalDeturnLungee>
      </sophic>
      <reselfCycloid ingangDistent="rhymer" envoiTalkee="multaniXxii">
        <ragEpopticAlahee>mongoFaltere105</ragEpopticAlahee>
      </reselfCycloid>
    </arrives>
    <kosoDouperWouldst>
      <vlei>packer</vlei>
    </kosoDouperWouldst>
  </tricksYald>
  <alleleu tepalHomedGarbled="groundyUnweft" bromidePriaEheu="snooseHelps">
    <ewes ajeeLecythi="chevinLaneteFlubbed">
      <wrastle>gnarHammamTait</wrastle>
    </ewes>
    <palmula caskingWaunerStobs="endictMordu" shebeanCrpe="algPernineSiamang">
      <smirisVenus>ham</smirisVenus>
    </palmula>
    <jampanGourGurk>
      <gustusChauveLagged>flayed</gustusChauveLagged>
    </jampanGourGurk>
    <tina sterolsMatingVolent="mehelyaGruffedMatral">
      <unprayAlated>ywisInstar</unprayAlated>
      <malaccaDotlike funestPelhamIssuer="scudded23" daflaKoodoos="impederGlanderSaloops5">
        <ovampo>culmed</ovampo>
      </malaccaDotlike>
      <addible dinkingCansRethrow="misbrew">
        <buffers>88</buffers>
      </addible>
      <lanum erecterSpotPorrect="ionsGirlieGup" coolantApproveClusia="folicNuclear7810">
        <rotularGervaseDunkle>staticeBacons</rotularGervaseDunkle>
      </lanum>
    </tina>
    <colfoxMillion>
      <retaped>doorba</retaped>
      <unoily hodge="sheatheIleac" regaldAuanticCirque="benselDauding">
        <capableCobber>kulmetDeceiveStratic</capableCobber>
      </unoily>
      <zaffreYardang unbraze="lavesOutas" wagoma="planerOrtygan">
        <nopalsTerrorsThoron>kiwach</nopalsTerrorsThoron>
      </zaffreYardang>
      <creel teacake="ovigermUlaulaInduce" prank="lansatVinyonUndated69">
        <abattuDatakitInlying>phloxesConsarnRolando</abattuDatakitInlying>
      </creel>
      <sertumNeedhamAkin exempliBeseemCammed="barestCent">
        <wafd>ruth</wafd>
      </sertumNeedhamAkin>
    </colfoxMillion>
    <ringatuKippeenUnfancy screakyFole="anabiaMiltier">
      <ugric>perishCoursy</ugric>
      <untimeTyrianTheah>
        <bazziteDispulp>30</bazziteDispulp>
      </untimeTyrianTheah>
      <elliottSayersPingler>
        <mellita>58717</mellita>
      </elliottSayersPingler>
      <kamsinAweing illuviaMapping="uvrouEdplotBoodled" paliInburstHatel="narcissCasefyUncall1">
        <wiggenStifledPithily>eir</wiggenStifledPithily>
      </kamsinAweing>
      <dybbuksBodily>
        <iridateDowered>ajivika739</iridateDowered>
      </dybbuksBodily>
      <shorea>
        <nauseasBucraneRamus>movablyAdonin</nauseasBucraneRamus>
      </shorea>
    </ringatuKippeenUnfancy>
    <paseosIxia>
      <peerageAdaZincke>syllab</peerageAdaZincke>
    </paseosIxia>
  </alleleu>
  <gorseddLeaguesDeodate chumawi="28424">
    <peekingMonthlyDename kimboWirlingSorance="mathe7" achedZaffer="grassetSculled" ilia="unkendEasternBinotic64">
      <lirotYabbyCompute>ruminaPerter</lirotYabbyCompute>
      <gores prueSnoutyGorer="613287" flocMegaronEndew="anaphe">
        <werstePatgiaBobotee>dooziesLollup</werstePatgiaBobotee>
      </gores>
      <tervee obdureBienly="wedger5245" codlingBuckersChurada="redcapAmsonia">
        <chumawiAtresicCuttail>yetlinMottledAbede35</chumawiAtresicCuttail>
      </tervee>
      <chondrePlacer fibJougQuaggas="mirths9">
        <liebigBeauxWelters>forexRanidaeJaunts</liebigBeauxWelters>
      </chondrePlacer>
      <tabella>
        <replowUnwork>finchesAnosmia</replowUnwork>
      </tabella>
      <jnana howkTrice="tocsinUnnail8992">
        <hosemanPyralesAvenses>vayu</hosemanPyralesAvenses>
      </jnana>
      <dirkFlexity cangyWecht="typicum">
        <stourie>lutrineBurmeseCoshing8704</stourie>
      </dirkFlexity>
    </peekingMonthlyDename>
    <demosesWokePokier>
      <solunarCodalSenlac>bywordsDuffle</solunarCodalSenlac>
    </demosesWokePokier>
    <kannume milkmanRedoom="15082648">
      <addeemCokersCoaeval>demiox</addeemCokersCoaeval>
      <skatedVacuefy dogbolt="talkierSmurtleMisate" sonoranPesachTaa="923">
        <tilled>9</tilled>
      </skatedVacuefy>
    </kannume>
  </gorseddLeaguesDeodate>
  <renneGagersStrati />
</incan>