<?xml version="1.0"?>
<cresive>
  <metWhats />
  <spirtlePietism seahCracowe="warrty" sabbedPaliestExtatic="visonKantism">
    <rebillsBezique sapwortBundies="2">
      <eyeboltCadging>bougiesSem</eyeboltCadging>
      <moorhenEtapes cuboidsSonsieProxime="screechOsamin3560">
        <ganoidsSusanTwite>snippetSlypes</ganoidsSusanTwite>
      </moorhenEtapes>
    </rebillsBezique>
    <cissoidBiparty>
      <polleesWuzzy>horsingFlawn</polleesWuzzy>
    </cissoidBiparty>
    <riley mammie="alsPouted" thrums="38344996" camping="petum">
      <tawerUnlentThunge>962166</tawerUnlentThunge>
      <fliersEuchred boracesValutaMurras="14" louisa="meowEclogicBalkily">
        <pieterMulingCumhal>32732966</pieterMulingCumhal>
      </fliersEuchred>
      <cookee buyableChukkasDynode="bustsBaracaBeget">
        <padnags>syagushKiekie</padnags>
      </cookee>
    </riley>
    <potStyxGamed strafedArab="kaiakShravey" crozleScionAmbeers="sangSirdar" personAbout="alkoxyl">
      <cruiveSalus>298272</cruiveSalus>
    </potStyxGamed>
    <quittal uvaTucumNaziism="erredMispenStupp">
      <yellow>taborHolmicFalcon</yellow>
      <torothCarverSestole gypsyfyFilbert="whitenSerinGulfier" otidium="samps">
        <jink>sedentFaenaFrizzen</jink>
      </torothCarverSestole>
      <soccer jailor="comeSizzlesMananas">
        <butment>trowmanInkedMatrons</butment>
      </soccer>
      <archgodEpigean>
        <hellhag>friedaUsation</hellhag>
      </archgodEpigean>
      <unfurl>
        <dumble>hematic</dumble>
      </unfurl>
      <ropierCompete dagosJura="4817053">
        <awapuhiDrapet>searchSurahsExactus</awapuhiDrapet>
      </ropierCompete>
      <klipdas>
        <potties>amusersHeme</potties>
      </klipdas>
      <besirenLootsRajput abreastMetonym="upcarryCosmoidDeaved">
        <swaggirSliddry>5</swaggirSliddry>
      </besirenLootsRajput>
    </quittal>
    <sareeTripy utsScypphiCognate="nyet" oakling="puck" pyrazin="redueBirriHanse">
      <aliformSacrums>gisarmeOctopedMossier</aliformSacrums>
    </sareeTripy>
  </spirtlePietism>
  <texan dings="svelteRoomletIssuers" huashi="rusted">
    <maugisEnskies teopansExdie="smalti">
      <pubsStadicForger>curd</pubsStadicForger>
    </maugisEnskies>
    <bagging>
      <ahiBoloismSeabag>5</ahiBoloismSeabag>
      <ravagesApplotWrites>
        <malineUnburySloped>chandamMixupsPara</malineUnburySloped>
      </ravagesApplotWrites>
      <gaupingReladeStime hyoidFlymanUps="8" breedPyruvicFooling="riseDioceseJan">
        <goaleeTriaticPleas>940</goaleeTriaticPleas>
      </gaupingReladeStime>
      <timeoutNere enwing="tibialLontar4099">
        <thrawnReeksMajorem>seitCajuelaVariant</thrawnReeksMajorem>
      </timeoutNere>
    </bagging>
    <laighsBeslow couplerCpi="razingLlynUnslogh">
      <lodgesGodson>chemmyOvismRentee</lodgesGodson>
      <lutaoBultowHumiria>
        <skiingsLelia>zygonSiddowGerbera</skiingsLelia>
      </lutaoBultowHumiria>
      <meacock doweryPabble="cowpony">
        <sighed>unties</sighed>
      </meacock>
      <whizJizyahCotman ilpirra="allylYantra9929" baculusAdpao="jowlyShikii22">
        <pinfishKabobVox>incanShadowy</pinfishKabobVox>
      </whizJizyahCotman>
      <pulsion>
        <exarate>tiptoesRullock</exarate>
      </pulsion>
      <random awheelSpades="taoists" caribKoryak="119">
        <waffingEnjoins>neepour</waffingEnjoins>
      </random>
      <dbmsFreeman civillyLatexesLair="agrestIhramDebind23" puppetPoteens="bagiosHoitErotic">
        <kanara>makranTarsus956</kanara>
      </dbmsFreeman>
      <wifesKayoedBlooped>
        <balmierBannack>mermanPappoxAbilao</balmierBannack>
      </wifesKayoedBlooped>
      <spauld sulkersUnliken="ploukyColoni" michealFasher="vuggs">
        <musalesAstondUnfully>pangaeaHackieKirbies</musalesAstondUnfully>
      </spauld>
    </laighsBeslow>
    <igad>
      <secondeGarniceLyctus>latiteBinge3</secondeGarniceLyctus>
    </igad>
    <hexadesVibrato chozarGhilzai="desilt">
      <maray>warlordAlbinoNegara68</maray>
      <fondantStasisUroo>
        <lettenGlutinDisknow>beater</lettenGlutinDisknow>
      </fondantStasisUroo>
      <cometicSieving deric="aiasRauriciResiner">
        <murraya>cuculla</murraya>
      </cometicSieving>
      <phloxinCashooVenise>
        <daimyoHaikunOverfar>pastern</daimyoHaikunOverfar>
      </phloxinCashooVenise>
      <towing>
        <buboedGonadic>886555</buboedGonadic>
      </towing>
      <genevan sots="runoff2">
        <bookletElohistTyroid>fluoricBemoansMixup</bookletElohistTyroid>
      </genevan>
      <virgulaStepsKef romped="tremorsLouterEgeran">
        <cassiri>dungonDiverge</cassiri>
      </virgulaStepsKef>
      <invokerAkule deavesGoto="elishaLaighPeewit" open="azoleFoxier7756">
        <smelledDudleya>drowsedClou</smelledDudleya>
      </invokerAkule>
      <crackleSwum>
        <kirve>wringGrizel8096</kirve>
      </crackleSwum>
    </hexadesVibrato>
    <scarpeAskew ancoralEnlinkWelts="quasarProssyAtrip" zambeziTubage="sangersSylvage">
      <houdahs>appastRettoreBelite</houdahs>
      <multicsConsistCrepy jehad="lowMucoseToi" alpistTaxman="dartedListel6">
        <cubbing>dallack</cubbing>
      </multicsConsistCrepy>
      <fullersWheeshtVialed roupieScovelYeller="cauma" dognapsExordiaSus="54">
        <padige>bivaneRessalaKimura</padige>
      </fullersWheeshtVialed>
      <sahibahKallegeGranada alnitakNebiimPouter="majoratSnibbleBulla" liddingGeorgieCrevis="monomerTumults6845">
        <freedomDybbukAnarya>drivels</freedomDybbukAnarya>
      </sahibahKallegeGranada>
      <twinterTopspin notum="splays">
        <drumbleProzone>quem86</drumbleProzone>
      </twinterTopspin>
      <relayed dessusUnfluid="juggler">
        <pompaCliveCarroon>tawiteFeynessOutcase</pompaCliveCarroon>
      </relayed>
      <tunyMaoriScowmen>
        <psiaVlsiSeels>pendsSmokedVomit</psiaVlsiSeels>
      </tunyMaoriScowmen>
      <chewy asbBrace="diazide" jacentDonnish="63">
        <bruted>boobookPlassonNocten187</bruted>
      </chewy>
      <killese anisic="kleenex" sevenerChrist="raphae">
        <mispaidYarestAetat>spale</mispaidYarestAetat>
      </killese>
      <berideZaffre fungalSeld="cynic">
        <bonity>unarchDryopeUnglaze</bonity>
      </berideZaffre>
    </scarpeAskew>
    <starverWilles>
      <cowpeas>extacie</cowpeas>
      <plastidBillaSwevens>
        <cecitis>49127077</cecitis>
      </plastidBillaSwevens>
    </starverWilles>
    <cleaveSnaily gasApomictScantly="trimSilking">
      <sartageGabbro>ive</sartageGabbro>
      <jangar>
        <tubbistEvg>722</tubbistEvg>
      </jangar>
      <ileusesAnteva aulasCommata="walliesHutsCravat">
        <lammasAtik>ritesRinged</lammasAtik>
      </ileusesAnteva>
      <sirioneArrozFossil>
        <maidinArx>boldlyUnkemptTempehs5</maidinArx>
      </sirioneArrozFossil>
      <carbon lazulisSnell="cymryCongiiMelian" warternAnergyBemuse="68338">
        <sailerGalidiaMugweed>zeroizeKerseys</sailerGalidiaMugweed>
      </carbon>
      <ladleCrusile coelian="massedPrososDecoys">
        <eyasCwms>gnawersShiverAudrey</eyasCwms>
      </ladleCrusile>
      <elicit tekedyeMyelic="miasmasAngilo" grantia="90373">
        <keeksStaiver>grimmiaHewn</keeksStaiver>
      </elicit>
      <copterDwalm>
        <takelmaOutdo>bricoleMinot</takelmaOutdo>
      </copterDwalm>
      <lasting kegful="706">
        <tromped>murexScyphaLeashes</tromped>
      </lasting>
      <alnico yonicDabba="4412" termly="stoupPausalExdie">
        <invigor>nosBear</invigor>
      </alnico>
    </cleaveSnaily>
    <gharialShypooHates grappaTapoaLhb="enolsDicast">
      <chenDiariesEwe>viewer30</chenDiariesEwe>
    </gharialShypooHates>
    <pacu>
      <ryenCcesser>744930812</ryenCcesser>
      <amblerFainted>
        <filius>tylocinSebate</filius>
      </amblerFainted>
      <mawsieCeras undatedAlodyCrut="therese" wifie="haycart">
        <acquist>52</acquist>
      </mawsieCeras>
      <puttan wawahChappieBys="unworldKeten">
        <muddierVailVotist>heilsDooliCoyo</muddierVailVotist>
      </puttan>
      <backen>
        <colitisMurtherEndseal>outbegsGreyed</colitisMurtherEndseal>
      </backen>
      <waistPatsies>
        <tuneful>mimmingOogloeaCopes</tuneful>
      </waistPatsies>
      <draymanPresign courtly="yeddingFawnerSak307">
        <dynamoBlirtHyraxes>mollugoGundogsLucian</dynamoBlirtHyraxes>
      </draymanPresign>
      <pickup sconces="248552634">
        <bardo>410241007</bardo>
      </pickup>
      <gripesPhasisDeveled>
        <carduus>gabblesSpiloma</carduus>
      </gripesPhasisDeveled>
    </pacu>
    <dretchTweaked hummingEnwheelAbbasi="saclikeInhive">
      <muresThingutCards>fjelds</muresThingutCards>
    </dretchTweaked>
    <pompoms>
      <screich>drabaSakes</screich>
    </pompoms>
  </texan>
  <puppySpratLocker tumboa="humanlyBeg" godshipYonner="recoalNeuk" createDohter="witful" sough="chilcatSmuggle1" />
  <fulgent>
    <cairbaPungleLoca alowe="budget" puntaIncudesSloshy="mashNakirSquacco649" hebraicBackhoe="veneroUlva">
      <rudityBiassed>420</rudityBiassed>
      <taminyBudletImpest jerkerPasch="tailpinAlswith" axemenXeresDarker="944461">
        <cruellyCassenaTembe>jabbleSex</cruellyCassenaTembe>
      </taminyBudletImpest>
      <josiahRawer>
        <plumply>tawseMayhapScudder</plumply>
      </josiahRawer>
      <meekLynette ranellaBammedPorts="muds">
        <parvuleJillsEgis>balneaCentumAerobic</parvuleJillsEgis>
      </meekLynette>
      <cotonam stripy="648286945" picheyOrator="sanable">
        <chiefsStrep>40</chiefsStrep>
      </cotonam>
      <ubiquitCardinOpercle giher="ricers">
        <slabGadus>polysHydroidFoister</slabGadus>
      </ubiquitCardinOpercle>
      <decorRasterTylocin ravinsMaltman="rhonchiSterin" sesutoShirrsDugout="anglicByrlsMusher">
        <rapilliCimeter>staiverRuffsNerts</rapilliCimeter>
      </decorRasterTylocin>
      <battueTerrageSubadar dropsyQuippy="befogsTernlet">
        <badmenCuirieVerdant>625875273</badmenCuirieVerdant>
      </battueTerrageSubadar>
      <tuliacBaysVarical haesTheineDure="chiasmDinUpburst9">
        <caite>chichiHootch</caite>
      </tuliacBaysVarical>
    </cairbaPungleLoca>
    <erineumWeedage>
      <krinaShadufsMaunds>nile9003</krinaShadufsMaunds>
    </erineumWeedage>
    <twiTunna>
      <wad>snupperUltras</wad>
    </twiTunna>
    <blunderUnpietyPistil graphic="swoop" vampeyMorbleuSlowup="unwrap" styan="agnoetePurdas105">
      <nitterClokies>suffariEquipedScyphae</nitterClokies>
    </blunderUnpietyPistil>
    <learSwingle>
      <subdebAppriseManaism>serines</subdebAppriseManaism>
    </learSwingle>
    <samhainWicca>
      <fulvousCrozerChemis>goitersRaving</fulvousCrozerChemis>
    </samhainWicca>
    <fardingBisonStan>
      <feeLids>buxomSocker2426</feeLids>
    </fardingBisonStan>
    <bibioHavingBuntal>
      <sayingsTawse>8537</sayingsTawse>
    </bibioHavingBuntal>
    <tampans battiksCracklyChlored="9328604">
      <unlavedLizard>daylessRomeroInvoice</unlavedLizard>
    </tampans>
    <beckie gleemenDungsPapreg="poetry" cooterMiao="untamedCuzcenoPrimero">
      <honing>cokeBalaosAskip62</honing>
    </beckie>
  </fulgent>
</cresive>