<?xml version="1.0"?>
<earnBoeoticTolus>
  <isedPorcine blenchDainty="coredAnnam" bienniaKlafterAdoptee="tarlikeRewidenKalo" chevage="bees4925" />
  <nareTriumfLycodes ubiGossMuskish="25865" loggiaThirtyMeekly="riserSprunny">
    <freityPinsonsLaxness>
      <quetheElevonCopped>aphacic</quetheElevonCopped>
      <cuticleHellish akund="baronyDeignsDuluth">
        <lereNubbinsTrees>martrix8</lereNubbinsTrees>
      </cuticleHellish>
      <bougetFlatlyTingi>
        <dozener>sponsorPointerMumness</dozener>
      </bougetFlatlyTingi>
      <nylonApoiseBurbly teachesArchlet="759" bustardWodenGedder="rattierTorii">
        <elvisEwe>sortesYawey</elvisEwe>
      </nylonApoiseBurbly>
      <miscut widgetIncipitCurucui="agoing" whinierCulotte="padouksJammingBongs">
        <genepiOximes>wisdomsTuzlaBancha</genepiOximes>
      </miscut>
      <needsAftward>
        <langrel>814213730</langrel>
      </needsAftward>
      <ranulasOutseen princesCrin="29139" foneMetra="3098141">
        <gamiestZorilleDemurer>499</gamiestZorilleDemurer>
      </ranulasOutseen>
      <japheth tumphySnivey="roustedSimplyBolimba" cowmen="chewinkGteau">
        <spuddyAnticumHaded>bespedExertTarrify</spuddyAnticumHaded>
      </japheth>
      <rebushZabian protore="scoredNudges">
        <bigottyRestore>aggrateOchromaIntoed</bigottyRestore>
      </rebushZabian>
    </freityPinsonsLaxness>
    <baruSords aftCrittur="cushie">
      <monialKoorka>9</monialKoorka>
    </baruSords>
    <guayuleDownlieArums>
      <caperer>scythed</caperer>
    </guayuleDownlieArums>
    <tightenBajochi>
      <immoundBirseLogans>alengeJivaran</immoundBirseLogans>
      <bigateBellyerSinward>
        <miazine>spooked</miazine>
      </bigateBellyerSinward>
      <zoeform bedripFoeshipBiune="striken">
        <newly>goosRubiesDuffs</newly>
      </zoeform>
    </tightenBajochi>
    <dentistGarcon>
      <crutMewls>scilStangsKnez37</crutMewls>
    </dentistGarcon>
  </nareTriumfLycodes>
  <concio dudmanPoteCurple="10" waddingFolkyHermaic="rebatosKipsLeuma" mucoidSivanBadon="egressTsadi81">
    <turkifyAmidine>
      <tossingChriaMien>crankumStorialCeiled</tossingChriaMien>
      <tourismVetust fitters="riskPrimpsBeadlet" amusersRinceau="trows">
        <taipeiLaterad>koftGrailBedash</taipeiLaterad>
      </tourismVetust>
      <bhiliGhanaPotshaw gadoids="cropJointy37">
        <vomitosSheaths>toufic9703</vomitosSheaths>
      </bhiliGhanaPotshaw>
    </turkifyAmidine>
    <flufferBibbleAbsorpt>
      <brayeraExiesStrews>caper</brayeraExiesStrews>
      <flacksFianna>
        <slunkSpurs>organryWorkout</slunkSpurs>
      </flacksFianna>
      <dozened>
        <oxshoeAbsis>gaysome627</oxshoeAbsis>
      </dozened>
    </flufferBibbleAbsorpt>
    <regiftSennaPacolet>
      <aboulicRaser>rollsReroll5</aboulicRaser>
    </regiftSennaPacolet>
    <shankCraizeyGps>
      <avocetsColarinLeung>395</avocetsColarinLeung>
      <sambaed partwayAmnesty="sawwort" unraked="311651">
        <groppleDiacid>calipeeAtemoyaUnked</groppleDiacid>
      </sambaed>
      <refineMossing bandora="reckingRestage">
        <ablatedLighten>formes15</ablatedLighten>
      </refineMossing>
      <broodedTos seller="34" magsmanEndictTck="8">
        <nomoiSurfie>pyallaTidesTmeses</nomoiSurfie>
      </broodedTos>
      <warmthClumpst>
        <pacinkoGrigriIzle>aufait99</pacinkoGrigriIzle>
      </warmthClumpst>
      <glenInsteep ferineCoalize="pattingLibberPepsine" kundrySoli="789529">
        <dolingMoore>topped</dolingMoore>
      </glenInsteep>
      <rammer>
        <leonidFrabAmenity>flaxen</leonidFrabAmenity>
      </rammer>
      <fatuate nanesHadronRusks="ribless" cubebs="teartPacklyDerride60">
        <hillosUpendsVettura>caviareFarrow</hillosUpendsVettura>
      </fatuate>
      <ransackKetone>
        <twaite>diptoteGlobedEphebes</twaite>
      </ransackKetone>
    </shankCraizeyGps>
    <decoreBurnedPants>
      <lavasSylTawa>427071564</lavasSylTawa>
    </decoreBurnedPants>
    <chumRefloodTensive ridersGuttlesCorner="schuitsTunicanScavage" lovingBracciaTercer="38355699">
      <subaAbettor>grooseTessel</subaAbettor>
      <sintoWahabit miscoin="quash">
        <norieOleaLub>corozos</norieOleaLub>
      </sintoWahabit>
      <skatesIrredTetters>
        <aiverShad>1062</aiverShad>
      </skatesIrredTetters>
      <bartsiaEperlan ridesWisselYoho="yusdrumSealch" kabsOstracaToy="soppierFlirter">
        <hahaGaucyMelisma>gipsyryGarawi</hahaGaucyMelisma>
      </bartsiaEperlan>
      <syconusEppesTier dogbiteToredCromer="havererBatched965">
        <upchokeVice>succin</upchokeVice>
      </syconusEppesTier>
      <farrantUniteGorging heeds="coontahMonths">
        <jesperDidoesLnr>489049958</jesperDidoesLnr>
      </farrantUniteGorging>
      <reheal cabblerPylorus="bandiedHyphaOstomy">
        <beamyChewingRag>pittard</beamyChewingRag>
      </reheal>
      <apaceLorica pinnaceRecks="dasher">
        <voteenUndazedGiddily>81355095</voteenUndazedGiddily>
      </apaceLorica>
      <boorishTwigsSofta lorateRenkScarted="plushesStoolFosters9955" alawi="vallumMiskalsPenful">
        <joutesDawsonTaphria>burgeEnsureRearose</joutesDawsonTaphria>
      </boorishTwigsSofta>
    </chumRefloodTensive>
    <fatwaGunners upon="oniHippishSinners" tolanGlauke="885770514">
      <boltelQuemeDrumble>2684</boltelQuemeDrumble>
      <greggeBonelet jackashAnconadFuidhir="wingcutWhisht" branialCharles="prehapsLampern37">
        <secessDossmenArise>abeam</secessDossmenArise>
      </greggeBonelet>
      <danceDuomiCarcoon>
        <cubitedShuttenAlumium>snitOrchisPegh</cubitedShuttenAlumium>
      </danceDuomiCarcoon>
      <doggierCaffein wadEmmersGulist="3" tenures="ginnedTwankerCutcher5232">
        <degamisFrostyGarb>sabianPeplosUnrisky</degamisFrostyGarb>
      </doggierCaffein>
      <scranchScaleniGaub oselle="esproveGiddiesBlobbed" mankinOnym="5">
        <pianosa>haunted</pianosa>
      </scranchScaleniGaub>
      <tharmsDryer photonsMinters="84229">
        <leetmenTri>2807253</leetmenTri>
      </tharmsDryer>
      <tycoonsBulwarkVentrad unaloneUnmews="vitrifyEnwombTooter">
        <kiddierAgendumToffs>colarinAvellan1612</kiddierAgendumToffs>
      </tycoonsBulwarkVentrad>
      <grecingLoma flottenSkimmerPazend="92365149" debacleShiller="sparily">
        <ambash>madnessBramahPenrack</ambash>
      </grecingLoma>
      <bugsNetopsPours>
        <balante>lurks</balante>
      </bugsNetopsPours>
    </fatwaGunners>
    <profits>
      <saicesHilting>almah</saicesHilting>
      <boyardMarieViseed>
        <doucetTunish>subtree</doucetTunish>
      </boyardMarieViseed>
      <scapha seeseePrine="phasedSwinkerRuining">
        <beleapsCutbankRamex>balloonVat</beleapsCutbankRamex>
      </scapha>
      <farrow areitoLeewardLixivia="90642">
        <bonesGroffWormian>bonnyFresnoTears</bonesGroffWormian>
      </farrow>
      <formes bigwigHetchel="vehmePampre">
        <goldyRommanyImpave>teemer</goldyRommanyImpave>
      </formes>
      <spaltInscape>
        <exhedraAlaliteBirks>silvan45</exhedraAlaliteBirks>
      </spaltInscape>
      <demarks entombDengueInarmed="866" vomityLudgate="aslakePugmark">
        <debeOsmic>173482</debeOsmic>
      </demarks>
      <nichingHoled flora="boucan">
        <bezoarsThujene>jackLyopoma</bezoarsThujene>
      </nichingHoled>
    </profits>
    <laziest>
      <reposes>6</reposes>
      <kibbutzPikeFlopped>
        <ecouteAggroup>taikunBowe</ecouteAggroup>
      </kibbutzPikeFlopped>
      <roughieDeckmanGombay>
        <dentals>yfereNake</dentals>
      </roughieDeckmanGombay>
      <icecapsIliauArnee redeyes="pareiraEnlaces">
        <haffetCablesBridles>dattoPeevishGreened</haffetCablesBridles>
      </icecapsIliauArnee>
    </laziest>
    <wifes>
      <zufoloGrinPredeny>5</zufoloGrinPredeny>
    </wifes>
  </concio>
  <nighestSummary chogak="doperFcharJams72" wattShoor="75731" fancierYurukUnhele="forgrowSilicam" />
  <emyde ragbagsEmptilyButic="rocketsGirds" tainoAbazeJams="reawait" fanfootChivey="madlingGuides9464" />
  <goofilyPurredOrfe>
    <preachPandle>
      <pestled>93800</pestled>
    </preachPandle>
    <sydneyFauteCrook>
      <dropsyOlp>pommelo</dropsyOlp>
      <lindanePloying carnac="gliaClawsDog" gippingKinepox="10868">
        <accloyCartersSooth>plowed</accloyCartersSooth>
      </lindanePloying>
      <kirbiesSnows acologyCasefulTrolls="660260" emony="anadems2116">
        <refeedsPresellLavacre>sickedWally8</refeedsPresellLavacre>
      </kirbiesSnows>
    </sydneyFauteCrook>
    <toking>
      <clumse>56741</clumse>
    </toking>
    <fitter>
      <strifePandalBadging>7352346</strifePandalBadging>
      <lyttaeBurbarkTubfuls spheneObolsCoshery="adnexal">
        <aglossaOutersGramma>grossenRevisalSpas7824</aglossaOutersGramma>
      </lyttaeBurbarkTubfuls>
      <visonNets>
        <duim>decent</duim>
      </visonNets>
      <ivories>
        <tanhaRachisCurares>23311</tanhaRachisCurares>
      </ivories>
      <noticeYouzePoil sloughyAlopPrionid="satinet" wilfulTottyMotivo="unfele">
        <mudlessQuayageSheas>umbrian</mudlessQuayageSheas>
      </noticeYouzePoil>
      <siglaOatEngore sibbsFoiblesHaddo="478">
        <methylSouchy>nooningMessireAranea</methylSouchy>
      </siglaOatEngore>
    </fitter>
    <udellBroncsBrassy>
      <profileGallied>imines</profileGallied>
    </udellBroncsBrassy>
    <jagg varices="minimsDiodiaCard" denyerCrannog="ronOxtail" steidNevadanAmolish="ningpoKonyakJobade">
      <surfersLateranFanwise>28725184</surfersLateranFanwise>
    </jagg>
    <bayed>
      <chochosHunchedJaunce>summatFleches363</chochosHunchedJaunce>
    </bayed>
    <infirmsEremuri>
      <sidlinsBingeys>689</sidlinsBingeys>
      <roquerThreads lurchAurei="cabreAraise74">
        <murresSlik>8732</murresSlik>
      </roquerThreads>
      <viscoid andrena="grasser" shannonJosserOpec="reraisePickedMuesli">
        <sixthHokerly>29583650</sixthHokerly>
      </viscoid>
      <aestive>
        <uraseIrid>istlesLors</uraseIrid>
      </aestive>
    </infirmsEremuri>
    <thymateAthrong funnilySumacs="stifleTimelyHewhall" infin="presaySnitzAnil336" juncatLynceus="823247434">
      <novicesAlated>teaSolvate</novicesAlated>
      <hombreAgistor>
        <lukasPoohsSinify>footer</lukasPoohsSinify>
      </hombreAgistor>
      <dereign>
        <vallarDroitsJoypops>logisWhirretTreys44</vallarDroitsJoypops>
      </dereign>
      <aveneryRubigos>
        <rous>finkingKoreciCleaves254</rous>
      </aveneryRubigos>
      <fanning>
        <plunkBrowet>649428</plunkBrowet>
      </fanning>
      <gurgletCrudes>
        <uvealRyenLayered>banjoAduana</uvealRyenLayered>
      </gurgletCrudes>
      <mootPopshop>
        <axoniaInnuateRoundup>brookedHuashiOpposes</axoniaInnuateRoundup>
      </mootPopshop>
      <recededExigentJen>
        <echoer>smokyPolje60</echoer>
      </recededExigentJen>
      <lynchet>
        <proAnconyRigole>bagirmiWoodoo7</proAnconyRigole>
      </lynchet>
    </thymateAthrong>
    <tapounKrubutPinyin brewery="ceria">
      <sechiumEnnuiedDevast>laughedBallett</sechiumEnnuiedDevast>
    </tapounKrubutPinyin>
    <belatLoanedChunnia begrownKanteleRookery="rodmenEncoredFaenas">
      <damaraHeughs>mutest</damaraHeughs>
      <cray encampMarronEgger="succusMikiGorgons" resultsAmatory="naughty81">
        <slanter>horrorUnrich</slanter>
      </cray>
      <myosisEdile luigiGetlingDusts="zmudzBowlers" unleaf="stovedKristin">
        <agadeAnahitaSlalom>gurgledCourche</agadeAnahitaSlalom>
      </myosisEdile>
      <dinar faerieOversewEdited="chaffer">
        <rattonsJuffer>glutaelPimpery</rattonsJuffer>
      </dinar>
      <furoidOgboni smalterSingesRiled="fikeyTikkaBusyish50">
        <minimal>2</minimal>
      </furoidOgboni>
    </belatLoanedChunnia>
  </goofilyPurredOrfe>
  <smilax facialWartime="750122" haglikeSwankey="senvyLethal" honestTunu="9323" tabstop="960062" />
</earnBoeoticTolus>