<?xml version="1.0"?>
<minors>
  <fishletOrris napper="laciest" digynia="theolAcatesImaum" atwixtBilkedBarboy="laurelsGouache" manitPrison="944464" />
  <cops jestful="prasine" coghle="5016">
    <pettier>
      <donnish>puddleAmusers</donnish>
      <vakeelsMartinsUpstamp dimmingMarlite="urimDelph" rarietySohoLieder="hightsAntigunAspirin">
        <unturfRichterTailers>tisaneUnglibMinty148</unturfRichterTailers>
      </vakeelsMartinsUpstamp>
      <lampers waitForzato="pastilFriesRatitae">
        <birgusArmoricLaurus>halos</birgusArmoricLaurus>
      </lampers>
    </pettier>
    <spellsPailsCensers emigresSynura="1099860" tambacFaculaeTrying="cumble5" chunky="zlotyUlulu">
      <wafered>goddedGirdMinting</wafered>
    </spellsPailsCensers>
    <poesy>
      <tursioNesters>mutuumPhobiac</tursioNesters>
    </poesy>
    <filumMancono>
      <impen>ninonInfaceReglove</impen>
      <thirdsYaxcheNighted madidConiAjhar="876558535">
        <sheersPoromaMarble>denyingLevy</sheersPoromaMarble>
      </thirdsYaxcheNighted>
      <upslantAnguid sunnilyKnurs="chubParsi">
        <chaisesAbyssa>rescuerNewelHenbane</chaisesAbyssa>
      </upslantAnguid>
      <azyme moothStory="illapseRouting">
        <aliningClonosKudzus>crumena</aliningClonosKudzus>
      </azyme>
      <gaffe>
        <dossals>senniteBedenAvenues</dossals>
      </gaffe>
    </filumMancono>
  </cops>
  <upgale />
</minors>