<?xml version="1.0"?>
<peliasLunyie>
  <bluntedBedtick coticedOstiole="plebbyUsefulTriced" quereleFlane="mxd" buggeryComoidDinomic="klamCoolie" forseeBeliveMoonish="nautics" />
  <wherryAriosi tabaccoOriency="tabagie" adight="hajBergere5" quawkBono="salute446">
    <fishingSnooted>
      <upburst>tamisesPilferBel</upburst>
      <pinkenPockilyRep haloaVamooseKlong="helmet">
        <primoNoxial>arabeskPropone</primoNoxial>
      </pinkenPockilyRep>
      <opaquerDeglutFrizer latish="callanLoculusThronoi">
        <laveersUnhive>doubterIbmAmines</laveersUnhive>
      </opaquerDeglutFrizer>
      <hogheadSeisePurgery galeate="352998828">
        <bebleedEyepit>6</bebleedEyepit>
      </hogheadSeisePurgery>
      <duretMilordUrsae fadgingBerycidSunkie="knoutTacnodeDorsal">
        <lacedPoonceBussu>kinesisFinner5832</lacedPoonceBussu>
      </duretMilordUrsae>
      <firma>
        <bennes>cobaltMajeure7971</bennes>
      </firma>
    </fishingSnooted>
    <virgins>
      <amenuse>jonChorialVerruca2</amenuse>
      <undueVeinyBeeway>
        <unsewnWispierWalpapi>kippenClippedKiyi</unsewnWispierWalpapi>
      </undueVeinyBeeway>
      <braize bebackVinerySaker="goofer3" clapWalrus="imbuiaEelshop">
        <gaduinCanthal>tylose</gaduinCanthal>
      </braize>
      <kodroKniaz eradeSuccahGoles="albinalLeiger">
        <outsang>snocher</outsang>
      </kodroKniaz>
      <updoveRedbone afforce="resects">
        <maomao>831127</maomao>
      </updoveRedbone>
      <insoles cebid="krooApril" dogdomsChinnyNegaton="florets3">
        <carotinRosebudStonied>dimpsMaiidaeFuage</carotinRosebudStonied>
      </insoles>
    </virgins>
    <niff>
      <zloty>rebendAloisCutlers6</zloty>
      <cadelleBowkailHowking mittent="4">
        <ampulExposes>snibbed</ampulExposes>
      </cadelleBowkailHowking>
      <adopt relatesAaronEngrain="digueInachid" excidedTrona="blocks">
        <quadratQuoth>cagier242</quadratQuoth>
      </adopt>
      <hibitosCaplinTorrone imaging="ncoMeggyHoofing">
        <thisnSeatingHolsom>corvetsGnashes</thisnSeatingHolsom>
      </hibitosCaplinTorrone>
      <areitoPenide ibexes="persicJudaize">
        <blitum>535</blitum>
      </areitoPenide>
      <brosotGecko>
        <blurbsDizzierEuchre>haven</blurbsDizzierEuchre>
      </brosotGecko>
      <shaftCadaverRhyptic>
        <pocoSemDiptyca>kippingVocableLarin1006</pocoSemDiptyca>
      </shaftCadaverRhyptic>
      <gunzian cansful="aerily">
        <vectisShivsAvid>5</vectisShivsAvid>
      </gunzian>
    </niff>
    <faggerUnweftFulica lyceesGoddam="adustExalate">
      <baboosEthizeAnabas>douckerReshewScab5597</baboosEthizeAnabas>
    </faggerUnweftFulica>
    <wolfkinCommaRustles paiwariPuisnes="tarteMordVoeten">
      <hahsFisheye>180684</hahsFisheye>
      <alix>
        <vened>boortCokeryMotors</vened>
      </alix>
      <turiPicket>
        <aveninMebsuta>541170</aveninMebsuta>
      </turiPicket>
      <hylegBeek cumlyPaguma="palolo">
        <tragal>71</tragal>
      </hylegBeek>
      <icotypeDanteLeash dion="naphtho" cradleIntwist="bugshas">
        <topics>jittersUrali</topics>
      </icotypeDanteLeash>
      <olivileDenize>
        <deist>myopias</deist>
      </olivileDenize>
      <myoxineWoidreThworl trepakMaloca="sierKefForbit" darren="suture">
        <wanlas>hespel</wanlas>
      </myoxineWoidreThworl>
      <mossier>
        <monocot>laxnessKukuTeck</monocot>
      </mossier>
    </wolfkinCommaRustles>
    <inclipMufty>
      <mamminChinookAsiden>whoops</mamminChinookAsiden>
    </inclipMufty>
    <decoke>
      <edemataLowableUnfiend>arretez</edemataLowableUnfiend>
    </decoke>
    <abiddenGalette>
      <atmid>kulaksPreachy</atmid>
    </abiddenGalette>
    <hempsYawlsMouther cloudBehinds="kibsey">
      <batsmanParade>60</batsmanParade>
      <trayful stringyEmbargoGammy="turkize" lessorCalahanUngaudy="power">
        <peagJerseys>beginSlaitWillock</peagJerseys>
      </trayful>
      <baffingKinins>
        <quangosBoaterSerape>jibstayNaim</quangosBoaterSerape>
      </baffingKinins>
    </hempsYawlsMouther>
    <kalaRatanyCathode orgiastRhamnal="2" puget="fribbleCohoshEurus4928">
      <yaruraBooteryCanadol>strainCroupes</yaruraBooteryCanadol>
    </kalaRatanyCathode>
    <vehmicWournilMorose>
      <bebloom>peridotNudumVaadim</bebloom>
    </vehmicWournilMorose>
    <unstuffPinhook>
      <sunnyFerrous>miszone</sunnyFerrous>
    </unstuffPinhook>
  </wherryAriosi>
  <sacralTeaboy />
  <snavvleGoitralTurfs jarbleFatcakePanoply="outmodeSiniticTrader" gibelCranker="shackoChincheJollied" vigaDoggiesErth="peeksBagdi" />
  <naggin lvov="rocker" />
  <aplomeBlueishOldland>
    <stickelLinderaResex klismoiScaseIzle="outdateSiping667">
      <frillFishet>48961</frillFishet>
      <sangei cosinsOpiatedAlkyne="7655" unrovedSophene="dyarchy">
        <oughted>3148</oughted>
      </sangei>
      <mateSattar josiah="veinery2">
        <compearUnclot>fobMomenta</compearUnclot>
      </mateSattar>
      <asseizeMissendMahori>
        <dyadics>256291</dyadics>
      </asseizeMissendMahori>
      <hackneyGlagolDari>
        <widowScap>fircaKeliaBonsai</widowScap>
      </hackneyGlagolDari>
      <deduct>
        <prizesCoxitis>gypsyFovillaHoch</prizesCoxitis>
      </deduct>
    </stickelLinderaResex>
    <alnilam>
      <bubbiesDeclare>doblaSheld</bubbiesDeclare>
      <amahTextsSpryest reseausSawing="hondoComingGoogols" offletDildoe="2830342">
        <gowf>30987</gowf>
      </amahTextsSpryest>
      <kirpan tsarinaDeorsum="anime5039">
        <presesBitwiseIrking>283</presesBitwiseIrking>
      </kirpan>
    </alnilam>
    <peugeotZoocyst>
      <hilledTrusserZodiac>wanierYeddingUngold835</hilledTrusserZodiac>
    </peugeotZoocyst>
    <bedwellVaunter>
      <tintypeSnoozleBonelet>wishramVirose</tintypeSnoozleBonelet>
      <enactor upwrap="rolloSolary" cumarin="chukkarUnfill">
        <fucosesOrtman>592912402</fucosesOrtman>
      </enactor>
      <obiit sirih="potline" ghaffirBxs="anottaJelick">
        <caelusComalsAerosat>599264</caelusComalsAerosat>
      </obiit>
      <useably yiteSri="929">
        <scrayJacksonDentin>mudheadHexose</scrayJacksonDentin>
      </useably>
      <banana menschBeefy="beakedVena" speleanForegoTiltup="49857">
        <sakaPylorusLeonora>mozo</sakaPylorusLeonora>
      </banana>
    </bedwellVaunter>
    <pedalsPawmark lencaGenal="9780" desertsWimble="277408">
      <hookahSundangTachs>prima5</hookahSundangTachs>
    </pedalsPawmark>
    <crierHunchy>
      <odacoidBuzzsawClaque>tuguiWherretUsage5</odacoidBuzzsawClaque>
      <oboleLaxlySharia>
        <endue>limesFalbala</endue>
      </oboleLaxlySharia>
      <gowksStage embindTautsHandsaw="paupers190">
        <informPorer>cuddle</informPorer>
      </gowksStage>
      <umberTweeg rutheneOvercoyRim="azoxime">
        <pleonKyungNeedn>rupees</pleonKyungNeedn>
      </umberTweeg>
      <yaoWarsle>
        <muskit>leora</muskit>
      </yaoWarsle>
      <haspingTravelsBezetta keglers="tatting883" sprucesAcylSellie="endableAdditur">
        <daphnidFulsome>appense553</daphnidFulsome>
      </haspingTravelsBezetta>
      <colyticPamBarid tmesisSteeked="olgaFluteyAmenity" migglesBinmanKickup="87750912">
        <beyVigogne>pinang</beyVigogne>
      </colyticPamBarid>
    </crierHunchy>
    <icasmSeeders>
      <peerdom>23459</peerdom>
    </icasmSeeders>
    <thwarts metrosAramis="244153" scazonBetask="kirnsMatelyTrysted">
      <sabzi>498</sabzi>
      <lathing>
        <fluesKiriByworks>veneros</fluesKiriByworks>
      </lathing>
      <squiffyRites unionic="babesiaFrisadoRidden">
        <ovaSurhaiRummies>yoniGermany</ovaSurhaiRummies>
      </squiffyRites>
    </thwarts>
    <couxiaHaggerArgali>
      <ovidDroving>fustieMahseerRsvp</ovidDroving>
      <colarin unhewedPilpul="lobolosPayolaLicury" loomeryRepaysTonging="regrassSensum837">
        <belcher>21208063</belcher>
      </colarin>
      <sundariGibson akvavit="whaseTachs" opulent="pursyHealths">
        <signer>bidget</signer>
      </sundariGibson>
      <bestirs messin="inbyWaddlesCotyla">
        <canilleNilgausSvaraj>6</canilleNilgausSvaraj>
      </bestirs>
      <flamer edgar="battier">
        <corks>samadhi963</corks>
      </flamer>
      <askewFerly>
        <britEtheredCasavas>sebait5</britEtheredCasavas>
      </askewFerly>
      <zealedFlutist mobedDevote="sappily" gaslikeRayful="copps">
        <maroonDaubed>4630</maroonDaubed>
      </zealedFlutist>
    </couxiaHaggerArgali>
    <arless geoduck="tinnetTentureCosing" shopmenClochanMarbly="voilier" baptize="recropSlow">
      <loopsGracingGuam>jumbalFantasm3</loopsGracingGuam>
      <hevedSacken hassleNullahsNepali="soaringUnwaxed">
        <deleadsQuickieSoree>58120</deleadsQuickieSoree>
      </hevedSacken>
      <callers>
        <immit>joyless</immit>
      </callers>
      <wailerIrmaBravers>
        <knorhmnAscebcArgalis>planked</knorhmnAscebcArgalis>
      </wailerIrmaBravers>
      <bowlinIsoOmasa>
        <heimdalMihrab>noon</heimdalMihrab>
      </bowlinIsoOmasa>
    </arless>
    <staffed>
      <taa>psia</taa>
      <sulliesMilner>
        <scoteTogated>molderNovScab</scoteTogated>
      </sulliesMilner>
      <belaudCcwsCinerea>
        <islam>9338994</islam>
      </belaudCcwsCinerea>
      <xanthan caricaStompedWhilkut="sabine" plowterNozzle="permissDeforceBoloed">
        <curet>ejectumAcystiaSeamen</curet>
      </xanthan>
      <lambsIambsOpalish>
        <distillYarran>snookedBeldamsPassade</distillYarran>
      </lambsIambsOpalish>
      <unsurlySewersCandids>
        <bantinExogamySmudger>rompedOxygenCecally</bantinExogamySmudger>
      </unsurlySewersCandids>
      <undamnWratack>
        <taggingHaitian>bleezeCoecalAvidous</taggingHaitian>
      </undamnWratack>
      <quoinedEnologyAcyls>
        <bagger>hexsStonesRecords</bagger>
      </quoinedEnologyAcyls>
      <purpleDeposal>
        <rouenBlousy>83075</rouenBlousy>
      </purpleDeposal>
    </staffed>
  </aplomeBlueishOldland>
  <marhala boreiadCestoda="57077785" />
  <maida scalpSyrmaea="zorro" slewer="fulk" entiresVineryEnsuite="kettrinCalando" scotismShouseTolt="buildClamberDextro">
    <zonaryFitchXxi maniusSaxten="helicin" caterStalaceOutwent="coseismRebackDenting">
      <sunset>125381</sunset>
      <navars>
        <eonisms>6</eonisms>
      </navars>
      <encoachSokenInane omberColback="42476899" lessonsAsteism="ensignLatakia12">
        <winingFumilyBisque>cajoler</winingFumilyBisque>
      </encoachSokenInane>
      <unvext outring="142682">
        <centres>rede</centres>
      </unvext>
      <idgahPatener enriveTutenag="editorSlipupJaunced">
        <fazed>jams</fazed>
      </idgahPatener>
      <mistune eidolicAnda="bindles25" bloaterChiefSaiva="temene">
        <luddenMurinus>yisWarsleJustly</luddenMurinus>
      </mistune>
      <cavatedZigsFornix>
        <dewittParnas>2848</dewittParnas>
      </cavatedZigsFornix>
      <demiHooraysLigable>
        <gabbleSolonicTwisel>ingine</gabbleSolonicTwisel>
      </demiHooraysLigable>
      <dryasResawed latrial="whisp" epikeiaJagged="reiversLlamasCaring8">
        <seatedRecost>thebaid</seatedRecost>
      </dryasResawed>
      <dirledPyke evectorSud="8">
        <baldlyFueller>coleBagsfulPetaled</baldlyFueller>
      </dirledPyke>
    </zonaryFitchXxi>
    <petasmaLeaserHyperin>
      <mitsvah>charvetTaxpaidGemmier277</mitsvah>
      <salpinxNedderMakes>
        <lakersGenesee>laquaisQuatuorNoyful</lakersGenesee>
      </salpinxNedderMakes>
      <emagram ricassoAnorakSalvia="9938975">
        <getspaIssueIliac>canaled</getspaIssueIliac>
      </emagram>
      <neuraleKerneLasher>
        <galopinPilaffs>undamnAvoset</galopinPilaffs>
      </neuraleKerneLasher>
      <forpitIntoned>
        <sponsonHustleDondine>surrey</sponsonHustleDondine>
      </forpitIntoned>
      <furiosoNotourGuzul enfoldsGals="linksOxlandSimplum" horstes="etacistSturteBigeye">
        <cidersCero>sniteRegga</cidersCero>
      </furiosoNotourGuzul>
      <leprousWhorled>
        <tunersAhull>babbie</tunersAhull>
      </leprousWhorled>
      <unknownPoiesisSquibs envenom="fardingKniazVirial" chelideMaddishNegated="cleanupKochab">
        <sovertyCetePerils>sneezerBlanchPompey</sovertyCetePerils>
      </unknownPoiesisSquibs>
      <redueRucking asaronAnted="devaunt">
        <ethionsTautly>5163</ethionsTautly>
      </redueRucking>
    </petasmaLeaserHyperin>
    <panacea>
      <bengali>bedlams</bengali>
    </panacea>
    <zoosRos flumeVaginal="dorterVersaOckster" guddler="bolivarJaiForever40">
      <skevish>decianBurlet</skevish>
      <keeve vizir="43" sotniaArsino="botches">
        <noerror>geddsStethalOutpeal</noerror>
      </keeve>
      <tallestLavish macutaHowkFicins="nicolChuetMantles" gyriSootyBepaper="jordenMurlackNides">
        <subduceLenvoiEzba>ambachArrasesBlacks</subduceLenvoiEzba>
      </tallestLavish>
      <unhandyVeteran litesBarrage="swangy">
        <opianylCouteau>20</opianylCouteau>
      </unhandyVeteran>
      <hikersBoydomHusting chokageRaffingCetanes="osset">
        <shoaLichtedMatar>honedSelfdom</shoaLichtedMatar>
      </hikersBoydomHusting>
    </zoosRos>
    <uchean fungalsTissuey="prosodeGloomyRiggite7987" criollo="558966">
      <frailerOutlung>showupQuadralLimital</frailerOutlung>
    </uchean>
  </maida>
  <gerboHomeridBact ragaOaterBlowjob="1688035" baculumTippyRitters="61209" ape="choreicJeffreyEen" jobsEbonies="594850">
    <unroofsGeoidsChevon tovar="9527">
      <wakhiNullingOval>nintuKidhoodHugs</wakhiNullingOval>
    </unroofsGeoidsChevon>
    <odoured>
      <valetVerbid>7</valetVerbid>
    </odoured>
    <lurkyDesandsTaxied>
      <tootsyBumbardRipples>7</tootsyBumbardRipples>
      <facetteIdleman ogorAdipous="63389519">
        <tweagRancesHavaiki>568</tweagRancesHavaiki>
      </facetteIdleman>
    </lurkyDesandsTaxied>
    <floaty>
      <galliDonor>27</galliDonor>
      <hadromeLumpers excaveElissa="suite">
        <rusheeScumbleWhilom>gebanga</rusheeScumbleWhilom>
      </hadromeLumpers>
      <smurks>
        <senatesHutchieViews>amuserRexine</senatesHutchieViews>
      </smurks>
    </floaty>
    <perinea>
      <labellaFeods>adornerWiseguyHavier436</labellaFeods>
      <tania dressedPareuGalenic="bejel" grummetMisken="685484239">
        <creeled>sonsierDynasts</creeled>
      </tania>
      <unlocks tereteBecurlAryl="lacteanCuboid" saligot="9">
        <galchicBirdies>flensed</galchicBirdies>
      </unlocks>
      <cienega>
        <cowgramLamplit>birlerAlpacasAnalyst</cowgramLamplit>
      </cienega>
      <warlockCeiler scumble="adaSoberRebuild" khokaniInfusedHeo="478313331">
        <azoniumBiome>sickly</azoniumBiome>
      </warlockCeiler>
      <froustEparchPignus syncopeQuiinaClach="wyandotGenets123">
        <bockNoex>headsetFilchZooter</bockNoex>
      </froustEparchPignus>
      <settos>
        <gillarUskaraBroods>regraspBifteck</gillarUskaraBroods>
      </settos>
    </perinea>
    <garTritestVolvell fineer="dindled">
      <recruitVeloce>forwardAfrete</recruitVeloce>
    </garTritestVolvell>
    <fulsomeCouthsSadness extimeUnspin="sutorCashier">
      <preemieLooieSnock>7226957</preemieLooieSnock>
      <nabk>
        <lipidLoafLaudism>994379</lipidLoafLaudism>
      </nabk>
      <auxetic>
        <diggersMesuaChield>lockmanBionicInark</diggersMesuaChield>
      </auxetic>
      <ratine>
        <anthropRaninae>4609862</anthropRaninae>
      </ratine>
      <statantEsurine werChlorUnorn="tirage">
        <begroanRudasBacker>plumetTabberMuscle</begroanRudasBacker>
      </statantEsurine>
      <quassesSoboleSog lyricLictorsValets="81106485">
        <rollockDefamedBatfowl>cotedWaywardMafurra</rollockDefamedBatfowl>
      </quassesSoboleSog>
      <choutKompeni verbsWeanFlaffer="2091">
        <pickupRumal>vassalShales</pickupRumal>
      </choutKompeni>
    </fulsomeCouthsSadness>
    <klippenAssamSubtend>
      <pitier>inrubDaywork</pitier>
      <symmistRugged minisWendicUnjuicy="hoddin">
        <igaraBezoars>dineros</igaraBezoars>
      </symmistRugged>
      <baygall peonage="embatheMaps2647" durzee="69">
        <abasedOpacify>invadedTurtan</abasedOpacify>
      </baygall>
      <pigfoot>
        <stirra>poetizeToff</stirra>
      </pigfoot>
      <passadoTrip edith="bonnockGigas" itemyMutates="gruys">
        <memoOpuntiaLendu>9930</memoOpuntiaLendu>
      </passadoTrip>
    </klippenAssamSubtend>
    <gallera>
      <avanyuGrizzly>avickTeds1169</avanyuGrizzly>
      <ochrana maunds="nco1" batefulAjivaPunnet="kettyNanOuthunt">
        <polaryNazardSchema>529</polaryNazardSchema>
      </ochrana>
      <paegel fever="94411133" synusiaVirgaOilman="52">
        <melonWheat>885</melonWheat>
      </paegel>
      <natuaryIhramEntwite abouliaPrutah="cockedUndomedBeath" throeTheriacZincked="geomys6381">
        <volEyeable>eludingSchuyt</volEyeable>
      </natuaryIhramEntwite>
    </gallera>
  </gerboHomeridBact>
</peliasLunyie>