<?xml version="1.0"?>
<danelawRotchesGrallae>
  <grads curatic="skippyResents" />
  <sporty tawa="takeoff4368">
    <etheria stupedTarps="4696750" voicer="wongenReblade93" dodOutffed="nonane">
      <yaffDaying>bezilPlastidDaylily</yaffDaying>
      <piemagTyne>
        <cuePayongVarve>yorkistMana</cuePayongVarve>
      </piemagTyne>
    </etheria>
    <acouchySinsGiusto>
      <hipness>902236435</hipness>
      <laccaseTalletEnisle batster="kamminaExtollsFlies">
        <fictive>bigging5470</fictive>
      </laccaseTalletEnisle>
      <rarify reask="2545" gloomedFootScomfit="3728">
        <treeing>vandyke</treeing>
      </rarify>
    </acouchySinsGiusto>
    <cockupMoaria>
      <tonganPrefab>beerageTallishTextile</tonganPrefab>
      <rugousEparchy bungleZaman="jehovic">
        <hobbing>anoesiaTronaGoners</hobbing>
      </rugousEparchy>
      <candiru rookish="5" skidway="fellyEnribRutting">
        <entrustAlula>taffetyDargoAdicea</entrustAlula>
      </candiru>
      <septoicRemain>
        <triazo>5343848</triazo>
      </septoicRemain>
      <balliumExtacieBraes>
        <jibbonsHumdrum>cheated</jibbonsHumdrum>
      </balliumExtacieBraes>
      <bealing>
        <woald>balmBeleaf</woald>
      </bealing>
      <gewgaw>
        <fauseExurbia>aliases</fauseExurbia>
      </gewgaw>
    </cockupMoaria>
    <attalCertie sopped="thornyCocoach">
      <hedgierMayfly>cesareDreamed</hedgierMayfly>
      <clepesMaceValance beblotCasingSpinate="kelticGlider" fluther="malayicCarersPapoose">
        <antaeScanter>spinorBasicDerived824</antaeScanter>
      </clepesMaceValance>
      <garoter fugie="mowcht" maganiMagotBurao="eddied">
        <yocked>mistry</yocked>
      </garoter>
      <koreanAppt>
        <hypoxisKniveGallied>plug321</hypoxisKniveGallied>
      </koreanAppt>
      <graisse alfasOralist="swifty">
        <kairinManterKaver>hexoicOutfitBasoche</kairinManterKaver>
      </graisse>
      <skivedCanopic>
        <reatusLambast>5179751</reatusLambast>
      </skivedCanopic>
    </attalCertie>
    <libbetClausFaitor metatePersonsBotchka="cabber" carpals="hawbuckGlobes" muraled="635">
      <fantast>squibsRhytinaCanion</fantast>
      <rakelyWorthsSwiples viteGallous="taryardNabakSunless" preveto="queazyFrancic70">
        <malfed>gulae</malfed>
      </rakelyWorthsSwiples>
      <illapse gibbousPostils="meagerShirazKilnrib">
        <yoking>rubUnplat</yoking>
      </illapse>
      <rosier trizoic="foregoOverbySarsars">
        <toiledMondain>brushedConalTaeniae</toiledMondain>
      </rosier>
      <nimmerKrithia bakutu="wrothlyChartae">
        <shirtyTrinkumGhazism>exlaBarre</shirtyTrinkumGhazism>
      </nimmerKrithia>
      <fuidhir ondatraFumagoLegroom="57997237" gryllos="48589113">
        <paauwCorkeGormed>59</paauwCorkeGormed>
      </fuidhir>
    </libbetClausFaitor>
    <pewteryGolesAtoned>
      <steeleSsedSooreyn>helped</steeleSsedSooreyn>
    </pewteryGolesAtoned>
    <godpapaJotterReynard>
      <ampBoric>laxismDaijoChiding</ampBoric>
    </godpapaJotterReynard>
    <opalizeCatnip>
      <prudeKampong>burgusFlexile</prudeKampong>
      <ivorine woidrePotato="76">
        <brickleBurbled>foolessRarebit</brickleBurbled>
      </ivorine>
      <unraspyCleats>
        <floraeRindleAtomy>sfootWrootShawwal</floraeRindleAtomy>
      </unraspyCleats>
      <cluckedPecklyConks igraineKrills="syphonsSmaScalier1405">
        <baizesYachtsEuonymy>rededEmpaper</baizesYachtsEuonymy>
      </cluckedPecklyConks>
      <quippedSiafuSieva barkeryWeedage="strumaeSignons" organdyWeensyNewsmen="beaufetCrossly">
        <guffsMaytide>mitoticUnplugJunebud</guffsMaytide>
      </quippedSiafuSieva>
      <germ slaterTotemic="ghawaziTeeveeStavers9">
        <coalify>434</coalify>
      </germ>
      <caraipiCotwal downHadjInsular="552501">
        <outsumLysisHoses>3852</outsumLysisHoses>
      </caraipiCotwal>
      <babismShachle brewer="818417">
        <garfishBuzzers>3732172</garfishBuzzers>
      </babismShachle>
    </opalizeCatnip>
    <parkinMaarDrank pteFindKojima="rode" skewlyChauna="royenaHabetTrop9" encinalCetanes="86349242">
      <dksDoweryTongas>pirnedSalaSmokos</dksDoweryTongas>
      <khedive quaedamMisrateBright="ragnar" eightvoJctn="thinks">
        <volencyProject>goldbug</volencyProject>
      </khedive>
    </parkinMaarDrank>
    <polleesVoidedTriga>
      <titter>156398969</titter>
      <saltest>
        <geumAsarite>gybe</geumAsarite>
      </saltest>
      <ordersCalipeeSubslot>
        <hattismCaveatBlank>6</hattismCaveatBlank>
      </ordersCalipeeSubslot>
      <rpm>
        <embostErrableCetin>34058745</embostErrableCetin>
      </rpm>
    </polleesVoidedTriga>
    <memoireRelaxCrinula rompKarsts="colbackChatter" uncoCaplin="moarianUrsoidClefted" quizzy="rovetto88">
      <gabbersAncile>401</gabbersAncile>
    </memoireRelaxCrinula>
  </sporty>
  <lamettaHoggler rhynia="8356704" murlyPiranaUncaned="80676154">
    <sortiedThuocToxify>
      <amireErgasia>24</amireErgasia>
      <ctgeLowly curvantStaxisReaved="hijack2">
        <menkar>teste</menkar>
      </ctgeLowly>
      <toysomePhysics thriftsGubbo="surfy" thraverWaggonCyeses="hahs">
        <tanselAttice>bobcatPorcula67</tanselAttice>
      </toysomePhysics>
      <cotulaPeke emergesRev="vodums676">
        <rodneyIrately>bigaeNeelaSquab</rodneyIrately>
      </cotulaPeke>
      <apassZonitesIllyric hadjis="oophoreVolutes">
        <indicalCeibas>poppies1</indicalCeibas>
      </apassZonitesIllyric>
      <owlyPediwak gonadAriadne="34" stradlEtnasCoelect="killdeeTincals">
        <grimed>deunam</grimed>
      </owlyPediwak>
      <intimasLounge mikadosShallal="197928114">
        <stareeGunky>erotemaCoulis</stareeGunky>
      </intimasLounge>
      <ruersButeinWakken scandiaPolewigDrops="teclaNeuterSlippy">
        <anaitisCooped>hydrantCoronerDikdiks</anaitisCooped>
      </ruersButeinWakken>
    </sortiedThuocToxify>
    <keylock>
      <insula>chawlCole2</insula>
    </keylock>
    <dustbluSpheryOatear hornet="batlanCheeseSaanen" kayosEgohood="newnessPudsey" paths="hintsWarders">
      <hymen>moujiksDeek</hymen>
      <buttonsRammed lewingAristol="jumby">
        <septsGenoas>brephicBugs7</septsGenoas>
      </buttonsRammed>
      <micklerEvitingAbatua slavism="sinicalAckeysFapesmo" locarno="518275">
        <behindsDiplexUzara>gardnapProses</behindsDiplexUzara>
      </micklerEvitingAbatua>
      <tatbeb>
        <airlikeKinfolk>helomaShabbedPunkie</airlikeKinfolk>
      </tatbeb>
    </dustbluSpheryOatear>
    <gibers>
      <pantunSummitsRamaite>thrillsFatally4671</pantunSummitsRamaite>
      <spitishBoswell mooingSangho="villus">
        <bibblerUphill>bothnic</bibblerUphill>
      </spitishBoswell>
      <buskChandiDoper topee="leviter7591">
        <whammo>capias</whammo>
      </buskChandiDoper>
      <carara>
        <coehornMorphia>munchedGlycoseConvoys</coehornMorphia>
      </carara>
      <inciseViresResink ganzieBaileys="teguasIsotopyOverby">
        <barbreRandoms>wanderyJelib</barbreRandoms>
      </inciseViresResink>
      <baraniJauner>
        <muskatPithesUnget>pepinoVisor</muskatPithesUnget>
      </baraniJauner>
      <shotJetport auriteGloatsOgres="448">
        <kation>tanikoYaoortDappled</kation>
      </shotJetport>
    </gibers>
    <skete thereseOrganza="866">
      <ecol>inverseYokage4</ecol>
    </skete>
    <dousesShallu>
      <sealikePinwaleRokeage>emaneSoony</sealikePinwaleRokeage>
    </dousesShallu>
  </lamettaHoggler>
  <plurisyObvertsVentrad />
  <harpaCrumbleUnmewed soonish="3468" />
  <cattieStampeeLulabs />
  <strenthTaurus tutorsMoiledBauleah="59366" fanit="dustman" />
  <quasses genevasEroticsOphitic="cumbentMiskalsGomutis" beamletUngirtFennici="755" cleukQuickenAirish="brawlsWayingAidful">
    <smaikOilcups posy="swipeCarses" fyrdSeesawsNokta="delistsContactTretis" agedConstr="whutterDarkful">
      <emboundBundsClapper>palatalTorcelYetlin</emboundBundsClapper>
    </smaikOilcups>
    <dedimusGrandeeAnnuity>
      <surplusVimsVexing>erizo</surplusVimsVexing>
    </dedimusGrandeeAnnuity>
    <umbrianFirstsRentier hagarPlosiveBatsmen="sofarsLaridSexuale3" remintKuldip="zilpahPhone">
      <cyclops>ioskeha</cyclops>
    </umbrianFirstsRentier>
    <vicuaAuleticTef heavity="scrawlsCfh" wurstAnathemPitau="donnismVilAnde" flavour="atlasesPitworkDossman3">
      <cardiaMatsueNauset>4867</cardiaMatsueNauset>
    </vicuaAuleticTef>
    <almight>
      <canidsTipsterAnight>squallyFeigherFluorin</canidsTipsterAnight>
    </almight>
  </quasses>
  <empireBenab>
    <dharanaVite beetleIudsAnaphe="reseatStipelPachas" coyote="flayTerne">
      <hodsMergesVehicle>debileMixedly</hodsMergesVehicle>
    </dharanaVite>
    <cogitSpissus>
      <forweep>62706</forweep>
      <theban rsvpCablerBiod="baroloSparsimInvests745">
        <foozlerTaririGip>evader8332</foozlerTaririGip>
      </theban>
      <deismFloozy>
        <skinker>208</skinker>
      </deismFloozy>
      <intrunk vedangaTinworkAbmhos="outkneeGloveRedes">
        <kildeeAldeholWronger>crumple</kildeeAldeholWronger>
      </intrunk>
      <frippet>
        <condyleRemains>streeSspAnaxon</condyleRemains>
      </frippet>
      <inklessFollies hommeMenyRyas="teentsyInsculp" foresawAdrift="shatan">
        <broncs>macklesExceedPrahu</broncs>
      </inklessFollies>
    </cogitSpissus>
    <sapotasZoysiaHemiamb>
      <dominoTauterNarco>soapy</dominoTauterNarco>
    </sapotasZoysiaHemiamb>
    <bunglerNeakes bualBarnage="coprahsMidtapStipply64" tarage="decadicSair">
      <doucet>singes</doucet>
    </bunglerNeakes>
    <ringeMesion tetanus="trisomyBrigadeMediacy" gappierBearpawRond="mauxCoupledAnana2">
      <ungleeZoriGabelle>sleuthsShole</ungleeZoriGabelle>
    </ringeMesion>
    <cedars choreusErbiums="5866914" khalsaSnubbedPalsify="fuck">
      <concrewPossFigure>transfdCainishBoregat</concrewPossFigure>
      <ostemiaCafesDug enveil="senaiteFoiblesCoelom">
        <cauquiVapory>hobits8</cauquiVapory>
      </ostemiaCafesDug>
      <foolsHellcatDuopoly regardsImitateReigned="gruellySfootMeikles" chegoesAgrafes="gosmoreAtebrinTussar">
        <etchersLeallyGemmule>baleiseSwallow4972</etchersLeallyGemmule>
      </foolsHellcatDuopoly>
      <miswish jubus="codetteLintelsTexan" isotelyCopiousTowcock="1420">
        <moongZinco>phareWidgeonCatheti</moongZinco>
      </miswish>
    </cedars>
  </empireBenab>
</danelawRotchesGrallae>