<?xml version="1.0"?>
<toniest>
  <mormyre pigHagging="amoraCervusPane">
    <madreJulole>
      <cherelyEnfraiResight>gonakeGlossa</cherelyEnfraiResight>
    </madreJulole>
    <bagdiClogwynLoulu>
      <haptor>hidatedCalusa8</haptor>
      <unlusty crete="redbill451" grogsEmory="hexact">
        <thujoneGoysValets>bumpersQuaddle</thujoneGoysValets>
      </unlusty>
    </bagdiClogwynLoulu>
    <thasianAussieOrlando trunksReseeEczema="recrushChider" hobbledSateens="skullsGuilderLep" cymaiseCoupesRamism="hiera">
      <saggy>5506312</saggy>
    </thasianAussieOrlando>
    <joyousZayatDyes>
      <kovil>sekosManaCystein</kovil>
    </joyousZayatDyes>
    <shorerGapedCuttail branleOpinersNecking="swegoSwainAkmudar">
      <pinkish>7</pinkish>
      <warmups kayo="wivernsPopinacLinsang">
        <incagedBlissDition>rogero2833</incagedBlissDition>
      </warmups>
      <limbieWolfen unrideAffiedDispace="9" unties="rodderHangul925">
        <zookers>13303258</zookers>
      </limbieWolfen>
      <ralliedPowwow>
        <visileBandeau>intendInone</visileBandeau>
      </ralliedPowwow>
    </shorerGapedCuttail>
    <glopsCanun>
      <hominid>ferIvyFruggan</hominid>
    </glopsCanun>
    <endiveEmulateTuyers clitiaImput="sigill" choreiZeugma="3686" skewlSternumCompone="phyleBedreadWaik">
      <gilds>jubarbPlasmicSkift5785</gilds>
      <hastate adveneMilo="cloesBlattiJackal">
        <ollieJerky>3323788</ollieJerky>
      </hastate>
      <crust colius="4" usine="fucoid">
        <yappBuncoMampara>trishaDimwits</yappBuncoMampara>
      </crust>
      <impowerEntiresMust>
        <melania>earflap</melania>
      </impowerEntiresMust>
      <ferdwitNinja reinaShog="beleeWhand">
        <khats>pigboatSmelly</khats>
      </ferdwitNinja>
      <ruddleVotive>
        <ammosPenury>cayman</ammosPenury>
      </ruddleVotive>
      <deedArishTopsoil dotarieNesokia="chinois">
        <acronycCaeca>pigfootSplice</acronycCaeca>
      </deedArishTopsoil>
    </endiveEmulateTuyers>
    <athensClingsSophic sier="snakeyVestingJuicier" befoam="spiralsChalice">
      <scolderUnname>49380</scolderUnname>
      <yummierAccoil reseizeAssholeSodas="carnalKieyeFreefd1587" unpent="warworkMamas">
        <heelersGumlahJacamar>1534</heelersGumlahJacamar>
      </yummierAccoil>
      <drapeAportElemin sutaioBawleyHvy="antsyRealiseManeh5">
        <gripingCamacan>tam6</gripingCamacan>
      </drapeAportElemin>
    </athensClingsSophic>
    <mistake>
      <knittle>colourExormia930</knittle>
      <bewasteCheeneyAccur mudirVerusDirties="cathead">
        <cinclis>gloverDonaxSabora</cinclis>
      </bewasteCheeneyAccur>
      <lippingCareyFraised>
        <pleiads>idylsBdft</pleiads>
      </lippingCareyFraised>
    </mistake>
  </mormyre>
  <jamnia glycicPinkosDeled="23583" knautiaJones="jaguarKipuka827" scoriaGuttide="acridinRewashJeanie" />
  <elficWeedageRealise miskals="adageBombyx" qanatSinky="pozPerosesDelimer" vucom="racings" />
  <retinolOilway>
    <datanaLimmer abomasiMopedOxymel="mimmedTriter" warn="37560758">
      <remissFiendly>crapStylionSamas</remissFiendly>
      <pyla>
        <quaighsTutoyed>montesLaxatorKanred</quaighsTutoyed>
      </pyla>
      <pittingCloak conedBugaraEmbolo="97116">
        <serioSennas>visoryLooksTuberin</serioSennas>
      </pittingCloak>
      <fifieOlivile>
        <gouterBegrain>urinalsSocht</gouterBegrain>
      </fifieOlivile>
      <meerkatDaren dlrPujari="whites" detains="brogCivvyBowsed">
        <noktaColoss>30969216</noktaColoss>
      </meerkatDaren>
      <bicycloRudloff eardropRuthfulZaffre="doum" sulphurNeshCrape="euroDaedalDeviled">
        <coombJaegers>carleSniped</coombJaegers>
      </bicycloRudloff>
      <sahibahRfbHalflin enalite="satiateGundogs" claypanRomanly="crucesLacheDioxy14">
        <mulattaResingOutjest>317</mulattaResingOutjest>
      </sahibahRfbHalflin>
      <octetAbutted arecaLatookaBedrid="chunner" provandZazens="navely">
        <waggledPierceProvola>puddled</waggledPierceProvola>
      </octetAbutted>
      <churner fenderShovers="rehashClicker" draftedNotaWigged="9267">
        <craniadMurries>scerneSerringJur5516</craniadMurries>
      </churner>
      <hemlineBleach cribo="7061883" bedazed="gassed">
        <prattlyWineyEthic>peeAspises</prattlyWineyEthic>
      </hemlineBleach>
    </datanaLimmer>
    <eustace fabliauOutbow="brayersPeruFogdom" reseneChteauValeta="2601">
      <sargos>montiaSyren231</sargos>
      <menial>
        <gargleScudlerNein>wroPlato</gargleScudlerNein>
      </menial>
      <unshadyOrvietoSapphic>
        <hillet>shavers</hillet>
      </unshadyOrvietoSapphic>
      <milcher preying="triolDrivel">
        <pisoSpunksStichic>anguria</pisoSpunksStichic>
      </milcher>
      <amunamAlypumUnbeard cultishPelagraColl="5438349">
        <troakPorkin>70950964</troakPorkin>
      </amunamAlypumUnbeard>
      <leaguePouchy knackySooper="922392499" banianPropjet="silenicPreside1051">
        <unrrove>luteomaHulchManege8079</unrrove>
      </leaguePouchy>
      <sucraseLigasCentrex>
        <ingrateWilliesMarched>214</ingrateWilliesMarched>
      </sucraseLigasCentrex>
      <runkle strawenBizBoozing="crabmanPlower">
        <arthralSplits>dugwayUngiltKeppen</arthralSplits>
      </runkle>
    </eustace>
    <shengRannyPrecook>
      <fraistFicins>schuitSinto26</fraistFicins>
    </shengRannyPrecook>
    <ragletEmprint shunSullTenrec="bastesDiking">
      <stollenRilawaZiphius>sofaneBorrow801</stollenRilawaZiphius>
      <hypate sprunt="inkiesMisgrew">
        <exultAcidyZamarra>staryVividerRebend</exultAcidyZamarra>
      </hypate>
      <caciqueHolyday>
        <clickyOutdoor>gilded</clickyOutdoor>
      </caciqueHolyday>
      <sycon>
        <hymenalHubbed>zoomedTribble7</hymenalHubbed>
      </sycon>
      <tubbish upcoastCeroticTackle="cosierCrowersDesalt">
        <pylonsSitual>uvularOyster</pylonsSitual>
      </tubbish>
      <heaterPort anoliAirlockEctype="12">
        <remind>dongon86</remind>
      </heaterPort>
      <vivendiRejudgeDoormen embuiaWorserPilin="hexitolRetails">
        <grecquePipal>spyholeFucoid</grecquePipal>
      </vivendiRejudgeDoormen>
    </ragletEmprint>
    <rapidsManlet>
      <rehingeAnkouDes>41813</rehingeAnkouDes>
      <horrent>
        <quasses>76</quasses>
      </horrent>
      <dynamicCoagulaKabob ruana="lavages" cheesedUncrazy="mirableGriffe">
        <berthaVivendi>scapulaNursery96</berthaVivendi>
      </dynamicCoagulaKabob>
      <networkClefOocytes waker="167232276" cwoShily="daerNucleinChimney">
        <fulledSoapingCalx>latigosMaumetHagging</fulledSoapingCalx>
      </networkClefOocytes>
      <siegerDoited>
        <froiseLeguaUndoer>4745</froiseLeguaUndoer>
      </siegerDoited>
      <yoldia abrasax="todays" bawty="tektosGaugersUnkin">
        <opensHoondee>insightEpitaxy</opensHoondee>
      </yoldia>
      <censedLeuconSwashed besots="cnemic6924" piffStudite="kneadsMermenHoosier9">
        <potamic>wilterCurara</potamic>
      </censedLeuconSwashed>
      <yaboo alliedArtisan="mitered" tintackLulled="locules">
        <cadbitBurion>sanestGingery</cadbitBurion>
      </yaboo>
    </rapidsManlet>
    <lollerIntinctShallu guidon="7852" kiaughsPadfootTofus="xxiv">
      <pomatumWoddie>issuedCasalty36</pomatumWoddie>
    </lollerIntinctShallu>
  </retinolOilway>
</toniest>