<?xml version="1.0"?>
<aflightWishesPinards>
  <euterpe thinlyBestrowStunts="fatbackIodizedPriorly" gesNailsGarad="foyUneared" aymaranLacers="sacoSunkiePhonier">
    <outjumpAmidolNeeding>
      <typhoonFanjetsInquiry>torulasSpong</typhoonFanjetsInquiry>
      <testesDemies>
        <enhaloWhir>instep</enhaloWhir>
      </testesDemies>
      <deskMusardSwale virgosMimicalSashery="palkee">
        <akund>punkahLobolosBokard</akund>
      </deskMusardSwale>
      <lychnicGliomasCust nitrousJerrid="buxomly" askoiAutoFabric="8755328">
        <lyard>puffing5858</lyard>
      </lychnicGliomasCust>
    </outjumpAmidolNeeding>
    <ligulae>
      <shared>cared</shared>
    </ligulae>
    <milorSitfastHealful>
      <herself>gayalSowansToxamin82</herself>
      <jigget jakesKebar="sagathyTealery" brachia="tapirs">
        <nervusCurPottery>curfsStipo</nervusCurPottery>
      </jigget>
      <gouareePierage>
        <triadic>sidlinsMouthsAuspice</triadic>
      </gouareePierage>
      <bawcock>
        <sedge>argusVersed2</sedge>
      </bawcock>
      <tesseraPaxwax finiMoyenne="vorantHubbedPosse" unbroadEluder="draffs">
        <pettlesSweater>toluic</pettlesSweater>
      </tesseraPaxwax>
    </milorSitfastHealful>
    <argan>
      <bitiManship>cambioAlumnal16</bitiManship>
      <dobroesNiceish>
        <ocqueOntoAccable>colp</ocqueOntoAccable>
      </dobroesNiceish>
    </argan>
    <ruddleCulp dirksTrivetTiller="polygynGeotaxy" solea="alkanesAngasUpspew" bocasin="marsHdkfDecoys">
      <runnionAruspexLibya>limits</runnionAruspexLibya>
    </ruddleCulp>
    <royaletEnact>
      <sui>suburbsNaturae</sui>
      <mayaScreeveAdsmith pyemicNihilumWark="ceroImmisPoxed" reviserSwelth="pre">
        <torque>undular</torque>
      </mayaScreeveAdsmith>
      <aimBobberProrata smarterFusula="ramule" becolmeKahawai="yowt">
        <cheries>tonetteDimout548</cheries>
      </aimBobberProrata>
      <dhamanSamites oversawHelms="kulimitTummyShyness" unflank="ailedEbbedYummy">
        <tartsPrecesEudemon>goosery</tartsPrecesEudemon>
      </dhamanSamites>
    </royaletEnact>
    <bunniesYamanai>
      <redry>poledEmbowBushwa</redry>
      <muricesUrgers>
        <romanyEscaperLadle>bicorneMaccus</romanyEscaperLadle>
      </muricesUrgers>
      <coudeeLet>
        <claircePireneLists>tramelsCalfishHenfish</claircePireneLists>
      </coudeeLet>
      <rowley>
        <bensh>untaxedMedakas5684</bensh>
      </rowley>
      <scrawSettles>
        <ceroticShahs>hawing3</ceroticShahs>
      </scrawSettles>
      <begatsRottenFibrose>
        <prised>datiscaUseless</prised>
      </begatsRottenFibrose>
      <unquitBedmateKeeper canchNoils="cadets">
        <iseTovSpirals>sowedLibeled</iseTovSpirals>
      </unquitBedmateKeeper>
      <strowSpiledBepinch>
        <daunter>acephal</daunter>
      </strowSpiledBepinch>
      <alinBumwoodTanka soulackPerreia="chaoush" mentaryMistic="calixNabbukMarkka10">
        <panorpa>2884</panorpa>
      </alinBumwoodTanka>
    </bunniesYamanai>
    <annect>
      <unredDoneWagons>murinesScrivanNuncles</unredDoneWagons>
    </annect>
    <sowfoot gildedLawbook="pileataTurning87">
      <plutealHicaco>pplNuclear</plutealHicaco>
      <alkylol kurusSabredGuyer="80" whr="amblerFleapitCaslon">
        <hoddinDaggar>fioriteBastionRentier</hoddinDaggar>
      </alkylol>
      <berlinaDasntCandide>
        <ferter>braysWhoopeProblem</ferter>
      </berlinaDasntCandide>
      <codeinOutplodBatuque>
        <judoistKlicketUnark>bdsGloutAfshar</judoistKlicketUnark>
      </codeinOutplodBatuque>
      <soddierAlwDrop>
        <caractBoorsBarges>scyldBarren</caractBoorsBarges>
      </soddierAlwDrop>
    </sowfoot>
    <buckoesArgel coheresPangi="exults4488" lademan="avieGrunter" wedlockRavines="gruisHobblyCantrap">
      <nipa>85899385</nipa>
      <bottePestify>
        <ampleVolaticScarves>62685240</ampleVolaticScarves>
      </bottePestify>
      <jahveh corbleu="polistaDavenFouter">
        <kohls>butsuHogskin</kohls>
      </jahveh>
      <hoolyLimu papuans="bryceGisler">
        <juicilyAmerismAurene>6653667</juicilyAmerismAurene>
      </hoolyLimu>
      <froomPredy shyers="shen" siamese="66327">
        <cueistIrena>saudis</cueistIrena>
      </froomPredy>
      <slavian>
        <cabuya>immyBedellsDisawa</cabuya>
      </slavian>
      <ambiguPodalicSabing cingulaBouserReflown="carabao">
        <upbuiltTeat>padronaIshime</upbuiltTeat>
      </ambiguPodalicSabing>
      <outlookMavinPeckle ergotsPatron="zapsPissesFainly" vetturaQuirl="trattleSicani">
        <hasselAsquirmAvulses>feeblyIcebox</hasselAsquirmAvulses>
      </outlookMavinPeckle>
      <pilSimulty speissRonyonsSurplus="ketene" pelisseHumming="thawerAmtracs">
        <flacketAworthVeleta>jeanPremanGeta</flacketAworthVeleta>
      </pilSimulty>
    </buckoesArgel>
    <fliggerEncage>
      <centaurLoungy>87</centaurLoungy>
    </fliggerEncage>
  </euterpe>
  <swelly carrell="539365" />
  <leiBrechtChivies moostLitchGarvey="baglike7" zoarcesRetill="ochres" />
  <codfishFisheryPeleliu ranee="mogueyCharre" poucyPacificMilieu="amarSimularPursier2" everwho="gitimKoswiteWoom" indow="sampleAmpulsExedra783">
    <tambacUplying hhdComps="glebal6098">
      <libitumLeudes>paulieBulbsLupus83</libitumLeudes>
      <capingPathlet>
        <reelectHornifySylvage>4</reelectHornifySylvage>
      </capingPathlet>
      <daysman miltedCullLeptene="proceed" emoteReleivoZonurid="needers">
        <fugallyTarauPugdog>tartanaIckerPaydays</fugallyTarauPugdog>
      </daysman>
      <animeNairaIdylism teiidae="spninxDuddy677">
        <twoHarmsYouden>gays79</twoHarmsYouden>
      </animeNairaIdylism>
      <plods apomict="passer">
        <habitedSouren>72</habitedSouren>
      </plods>
      <yechsLacerta tehueco="deboite">
        <densOrignalReel>hymnal9</densOrignalReel>
      </yechsLacerta>
      <guilfatAbler becroakIncageNuchals="fistule" lipread="sire">
        <tolterAgos>legificHoopers</tolterAgos>
      </guilfatAbler>
      <wackenDorneck ecdysisCrimp="const" maclibQuiblet="topply">
        <mucksyServistQuaff>3526462</mucksyServistQuaff>
      </wackenDorneck>
      <therialEupioneWrnt>
        <horsily>kelticsHovelerGinnier</horsily>
      </therialEupioneWrnt>
    </tambacUplying>
    <techiesBoce>
      <dacite>saluda</dacite>
      <bypath>
        <goitres>niobateMoppy92</goitres>
      </bypath>
      <scapula patwin="watapesTroughy" molompiPerseid="62">
        <anuricCurraneThyris>2171</anuricCurraneThyris>
      </scapula>
      <kandolNagariUtrubi>
        <beevesDared>39266</beevesDared>
      </kandolNagariUtrubi>
      <vinalsBestickMonkism lucenceDubhe="henwiseUshakShores" nassaHaters="ittria9">
        <leerily>wrawler51</leerily>
      </vinalsBestickMonkism>
      <pulik renteeVigorOpenly="shakoNappaHydnum2" awald="pree">
        <clocks>coninesOpheliaUdom</clocks>
      </pulik>
      <malleusVice>
        <fellers>patriae</fellers>
      </malleusVice>
      <anne prelacyOchone="wadmollExceptsMedimn">
        <goneySnightTestril>pencilPlurisyDoura</goneySnightTestril>
      </anne>
      <namdaOxonianOvaloid>
        <appay>duelerResewedFraus</appay>
      </namdaOxonianOvaloid>
      <hillaryTackify deponesGranageBlabber="dargue">
        <yieldJim>cestaRobalo</yieldJim>
      </hillaryTackify>
    </techiesBoce>
    <froisseFiats locoingKarpasOra="saya">
      <factorAfret>demergeSnathe81</factorAfret>
    </froisseFiats>
    <palloneAssaisSambel doubSakaiFager="deeps">
      <smearyBritonPulu>doters9549</smearyBritonPulu>
    </palloneAssaisSambel>
    <wamefu retiled="cymuleVesteesSpiv7672" nacrousFloatsRheumy="16" bcfEscapes="88565">
      <ixia>timbangIncide</ixia>
    </wamefu>
    <meanestBrevier>
      <crypticSpaer>smatch</crypticSpaer>
    </meanestBrevier>
    <unsteckFurzedFixup favored="warmer71" langsetNounRedfins="8097" isletFuggierWowsery="sulaibMauby">
      <beetDue>digmeat</beetDue>
    </unsteckFurzedFixup>
    <barffDecares>
      <bulgyBeveilLustily>fdubPoralPurdah</bulgyBeveilLustily>
      <verrucaPiratesWritten onagerKaryon="markmenDiction902">
        <blatherPlenipo>gayatriItonia5276</blatherPlenipo>
      </verrucaPiratesWritten>
      <pared peatmenOarfish="20044" avarian="overranChochoAtle">
        <cocci>forvay</cocci>
      </pared>
      <perjureCinuranBobcoat magiRaise="kulimit" vav="scaselySackRayon">
        <nothingFaenaBlypes>russety</nothingFaenaBlypes>
      </perjureCinuranBobcoat>
      <strolls euskaraSect="acarinaDryads">
        <brute>humblesKiladja</brute>
      </strolls>
      <playasClutchyJees>
        <irsBourn>fsiestShrill</irsBourn>
      </playasClutchyJees>
      <plenyUsninJoule>
        <woolert>fumadosStree2</woolert>
      </plenyUsninJoule>
      <peplosEstadel fibrilStaffExplain="sighers" broodedIliadsFibber="groomerLubricMools">
        <whereonZimme>xystoi28</whereonZimme>
      </peplosEstadel>
    </barffDecares>
    <bairnly>
      <whey>javel</whey>
    </bairnly>
    <thworlUnbesot hye="kolkoz" orpheon="trifid6727">
      <stippenCouped>3946465</stippenCouped>
      <alliantBinds>
        <lidiasIrvinSubadar>1147</lidiasIrvinSubadar>
      </alliantBinds>
      <vocalicCracca curiate="nonary" seedierStageseDaydawn="13150304">
        <tuneupMannyNiagara>grownupRubus</tuneupMannyNiagara>
      </vocalicCracca>
      <stoepFictive>
        <passel>cadgesZincid</passel>
      </stoepFictive>
    </thworlUnbesot>
  </codfishFisheryPeleliu>
  <owenism curdsSaggonGyarung="70506052" />
  <azilianFakesClucky gripersCorylet="catastaPadshah" fusionsSinopiaDobbed="424">
    <rubusSplodge>
      <pcfCodwormBanting>saggard7505</pcfCodwormBanting>
      <kolosVagitus ovulite="bandiChottsBritten6">
        <retypeChose>comarumTouzle467</retypeChose>
      </kolosVagitus>
      <herderShazam swepIodite="cowherb" holmosSuqHead="878">
        <crouchSowderJambed>3</crouchSowderJambed>
      </herderShazam>
    </rubusSplodge>
    <serry valkyrs="pionsMatty">
      <freety>redder</freety>
      <louvers>
        <sauna>remarkFream</sauna>
      </louvers>
      <carlotAndHarmers>
        <tuaVaulty>carbonAtteal</tuaVaulty>
      </carlotAndHarmers>
      <mirkerMantlet>
        <reglues>galegaSevens</reglues>
      </mirkerMantlet>
      <smoltAgingsLutao sheltie="invent" navetySiffleTalpoid="5782545">
        <dotchin>altoistGnawers33</dotchin>
      </smoltAgingsLutao>
      <sithe gubatSter="79018">
        <taal>preloanCavateMingo</taal>
      </sithe>
    </serry>
    <eebreeTipple>
      <fingianSprees>bonnazGiaours</fingianSprees>
    </eebreeTipple>
    <punkishLegoa>
      <urarticFurnit>2</urarticFurnit>
      <chinsedKlanism>
        <bajreeCollopAwn>tonicsRetiedIstrian</bajreeCollopAwn>
      </chinsedKlanism>
      <prayedRemountYucch antenorLoculiSpoilt="eddo">
        <succise>36538</succise>
      </prayedRemountYucch>
      <preachSnirlCatan>
        <pelagesLoses>tiddyMimosasUnshent</pelagesLoses>
      </preachSnirlCatan>
      <modifHooplasAidman crupperLairdly="octrois">
        <adjoinsStoga>baseAday</adjoinsStoga>
      </modifHooplasAidman>
      <laterWhisks velChekan="godetOpsin" fiercerEzraPeart="cantionZorils6">
        <sonarsKisaeng>escrow</sonarsKisaeng>
      </laterWhisks>
    </punkishLegoa>
    <relents>
      <docibleTherapy>bhartiJumbly</docibleTherapy>
    </relents>
    <worthedSergei>
      <amiablyViolinaEnclog>auxetic</amiablyViolinaEnclog>
      <nipmuc probesDey="resinyPreyerUnwill" pressie="lukelyMangoro">
        <arolia>annona</arolia>
      </nipmuc>
      <ascotScowing subiyaMasoned="8024">
        <defectsZoeaeBeclaw>cloteSalmiacBalaos</defectsZoeaeBeclaw>
      </ascotScowing>
      <cornets paricaBlague="seqrchCoraFixates" nosingsKhirka="arfAutistBalolo">
        <khamiSaggonAdobo>shirtJovy</khamiSaggonAdobo>
      </cornets>
      <dhobis grister="coperPenochi">
        <miasm>74083</miasm>
      </dhobis>
    </worthedSergei>
    <spurnsAnicut poisersNagsmanHygeist="clinah2">
      <ernestPeteredCombure>81</ernestPeteredCombure>
      <tui norkynHallboyDilker="sium" equable="yaupLinja9">
        <suionesElemeClimax>39397178</suionesElemeClimax>
      </tui>
      <fluffed eligent="lulabsShiningDomical">
        <joutesSchnellSeams>renegedAmalett</joutesSchnellSeams>
      </fluffed>
      <slavismMolalSoberly zingaraAdultlyBah="halvansThreaveSilence" evoker="broonBeamilyPauky">
        <augurer>armado</augurer>
      </slavismMolalSoberly>
      <bagne sonshipYupons="drupalFliped">
        <dunkQuinelaPurin>enlPreposeQuintes</dunkQuinelaPurin>
      </bagne>
      <recto>
        <seiseOutplotBusman>knowsHogweed</seiseOutplotBusman>
      </recto>
      <gagers>
        <dozily>692300</dozily>
      </gagers>
      <ukiyoyeGobbin>
        <safesScarfedCantrip>striptLanioidYouse</safesScarfedCantrip>
      </ukiyoyeGobbin>
      <fiveHilumConga>
        <manlet>fossesClash</manlet>
      </fiveHilumConga>
      <picalTorsten gehennaDelaine="galwaysLobbyerPuy">
        <gurnetChort>bursasEstable</gurnetChort>
      </picalTorsten>
    </spurnsAnicut>
    <fugacy bigFacadeSniping="gunter">
      <noticeDeedyUpbeat>keets</noticeDeedyUpbeat>
    </fugacy>
    <mensSoleasBauble>
      <recipesSuaedaDesma>reswarm</recipesSuaedaDesma>
    </mensSoleasBauble>
    <voteen>
      <dogateSiskinNonet>muffledDumpoke</dogateSiskinNonet>
    </voteen>
  </azilianFakesClucky>
  <dauner />
</aflightWishesPinards>