<?xml version="1.0"?>
<brazierHoweBebotch>
  <bismite ensuing="theseusGenseng" kenosisGerkinBlaff="kinfolk">
    <choisyaBivvyTribase>
      <arabine>4259199</arabine>
      <kappe drowsy="234485473">
        <hotspur>khedas</hotspur>
      </kappe>
      <iterant knospsTestoon="oltunna" empest="creanceChirped">
        <erriteOnegiteStases>39415</erriteOnegiteStases>
      </iterant>
      <citolasButt ectases="countedValRoamers" beauLastreSlapdab="grassesCojones">
        <ephedraDauriCalenda>slotmanEcch</ephedraDauriCalenda>
      </citolasButt>
      <croppyFyrdFeists>
        <gravedoApertly>bodachYouseTedders</gravedoApertly>
      </croppyFyrdFeists>
    </choisyaBivvyTribase>
    <beamlet hineKrausen="ischialAcarinaPitpit" snebPtinidRestrip="phalanx">
      <aportHelenusBurrish>mutular</aportHelenusBurrish>
      <nitratePannerMonte>
        <charierFrown>mulseCrayonsCartel</charierFrown>
      </nitratePannerMonte>
      <splotchAdults rapingCurcumaPapered="innuitUnringGodship9">
        <beamsAwide>lappetDentil</beamsAwide>
      </splotchAdults>
      <doglegsReemingStrokes immense="blimyReamsUnright" milchOutpassReboke="coaxesHugginCaestus264">
        <flakedPulkaXysts>iodides</flakedPulkaXysts>
      </doglegsReemingStrokes>
      <perkedRazedWrig>
        <iris>sailBraggerDulls</iris>
      </perkedRazedWrig>
      <alick vangsArrivesZucco="abattue" tornado="chkalikGentooLowrie">
        <rhondaMusicoDemirep>67692</rhondaMusicoDemirep>
      </alick>
      <uckia caracolUnturfLangel="overtoeCarsickDrily" townerAmictusLayback="thermalGastsMillnia">
        <oracula>unspotColosso</oracula>
      </uckia>
      <alibiedKakatoeWeedage rhebokFansStopa="caprock" modemDothImposts="vidameThrombiDispope3570">
        <quinonPrevide>coequalMkt</quinonPrevide>
      </alibiedKakatoeWeedage>
      <hydrus mozartRochingVows="porosReban">
        <hadland>verdeCanzonaAmbit</hadland>
      </hydrus>
    </beamlet>
    <pulque>
      <pricedJacchus>dogbaneDrumbleMulch</pricedJacchus>
      <cherubsJude>
        <buenosMongolHomaged>yodling</buenosMongolHomaged>
      </cherubsJude>
      <stilter>
        <hobnailAcoponRepute>3726746</hobnailAcoponRepute>
      </stilter>
      <inf dudesLeptomePagus="eruditInkweed">
        <kirkingSuey>taennin</kirkingSuey>
      </inf>
      <armitasMustify affixBulkage="bragsMautsVowers">
        <forzDossilsBundu>euryonRame</forzDossilsBundu>
      </armitasMustify>
      <aggie flirtedSprose="mannish">
        <stearin>crombec</stearin>
      </aggie>
      <slily siffletJaunts="sorbedStarfulFrugal8155">
        <baghlaTessera>maricaBalawaPutouts</baghlaTessera>
      </slily>
      <skits>
        <subcell>kappeChoseAphagia</subcell>
      </skits>
      <gonakie snecksAdinole="limbicLeeched" anaitisCranicKnifed="219">
        <atleKalimba>5524915</atleKalimba>
      </gonakie>
      <cascol galjoenPufferCivory="acylsFecialAmoret" upbuoyMmfdLysed="spatulePlum20">
        <oatlandPassay>rearmHordingTawse</oatlandPassay>
      </cascol>
    </pulque>
    <heigh>
      <linseysNeederHypoed>istleFirmlyLaptop</linseysNeederHypoed>
    </heigh>
    <carte>
      <tinsmenHemol>wolfSoybeanPrie</tinsmenHemol>
    </carte>
    <genualTaccadaPinax spliteMilvus="catererAlpines" cattedScopicCinura="chimleyGardy" defendSmutted="jowpy">
      <nidanaHyppish>carpedCarreeTeasel</nidanaHyppish>
      <arbacinDienes>
        <incarnAcknow>beleapt</incarnAcknow>
      </arbacinDienes>
      <upboils>
        <eld>uvrou</eld>
      </upboils>
      <galerusNablasSubcast anomyIndiv="apogees">
        <visionTragicDill>kabayaUdderedEarwort</visionTragicDill>
      </galerusNablasSubcast>
      <ameBrough>
        <languorLoket>scrives</languorLoket>
      </ameBrough>
      <sirrees>
        <dunceSidlers>795112507</dunceSidlers>
      </sirrees>
    </genualTaccadaPinax>
    <codedFoliateObeyeo faginDisaFogmen="7">
      <warisonJaukDints>wamfleRilled</warisonJaukDints>
      <pineal dogateImmanesDismay="tostado">
        <quantedLasher>catchyPiegan</quantedLasher>
      </pineal>
      <simnel swird="909939555" someverMutual="unhandsSonk">
        <andriesMaltha>chgDietaryAssure</andriesMaltha>
      </simnel>
      <mergedAptiana waltzedVauntieChippy="ycleptUmbreMucksy5611" shruff="maul">
        <epheteMarkmen>5</epheteMarkmen>
      </mergedAptiana>
      <shabbosPaip>
        <cairnShakenTummel>sumiAortaeBungs</cairnShakenTummel>
      </shabbosPaip>
      <goutishInstead>
        <hodden>976</hodden>
      </goutishInstead>
      <trisaltHula>
        <inlawryPerplexTensome>adenylsAsthmaSlough</inlawryPerplexTensome>
      </trisaltHula>
      <tallolNymphos>
        <debeak>311325461</debeak>
      </tallolNymphos>
    </codedFoliateObeyeo>
    <tumulus>
      <oariumMooreCaddie>pigful</oariumMooreCaddie>
    </tumulus>
    <pubsHanced>
      <duka>apical369</duka>
      <nutletsRiderCanzoni eutopia="alleleu446" galeoidStromalPomelo="caum">
        <snowyStylops>anconas</snowyStylops>
      </nutletsRiderCanzoni>
      <rewworeRuthful lessons="umbroseGreen" brieveTrimer="brantGraunt">
        <sayyidShola>sudoralShowers</sayyidShola>
      </rewworeRuthful>
      <grizzel>
        <piers>misbear5934</piers>
      </grizzel>
      <amastiaIberis tsotsiNesting="squats">
        <rabatos>tartestBustledRewwove</rabatos>
      </amastiaIberis>
      <vog bathylBorstalBlanket="731">
        <gayyouJacalesTerned>attemptFrothsFennels85</gayyouJacalesTerned>
      </vog>
      <shpInkblotGondang logmanTomial="beguile">
        <zoilistWanhap>opticAdvaita</zoilistWanhap>
      </shpInkblotGondang>
      <aiderMotorKoitapu>
        <retempt>sloop</retempt>
      </aiderMotorKoitapu>
    </pubsHanced>
    <abodeBotellaTapetal>
      <arenoseStaphs>pahariaHoghoodWitches98</arenoseStaphs>
      <logwoodDicotylDrying grafts="entiesErgotin">
        <nerdsKubanka>branded</nerdsKubanka>
      </logwoodDicotylDrying>
    </abodeBotellaTapetal>
    <stranyFlams colling="butters226">
      <debriefShackleEassel>teagleChalaza</debriefShackleEassel>
    </stranyFlams>
  </bismite>
  <quartzLuisenoNided inhanceSolidly="livish" chakras="dinitroHeiledChints">
    <neonedsPub>
      <baddieSchmuck>jeanPenrack7</baddieSchmuck>
      <avahiStrepor wading="78304204">
        <ranidaeMarten>subsign</ranidaeMarten>
      </avahiStrepor>
      <gadlingGnomesDoodad>
        <flinch>scorper</flinch>
      </gadlingGnomesDoodad>
      <maskinsWongNuggar settimo="alkylsCanali" afacingHug="anorchiWheen">
        <spanuleGrison>75981</spanuleGrison>
      </maskinsWongNuggar>
      <tambacBrats>
        <atwinTegs>shemOctavos</atwinTegs>
      </tambacBrats>
      <guatusoAbasias glumpyScragsSubman="jambingMonster" paytCastles="yack">
        <gruccheBehowls>postboxAeronatGudgeon</gruccheBehowls>
      </guatusoAbasias>
      <hawking antherTaunted="dyspneaThine" toryishCucujus="donisDripWidth5103">
        <lispersGoths>nebuleGeopony</lispersGoths>
      </hawking>
      <gazaniaGlairyRoyet aymara="ansu">
        <pureesBahtBeaume>fauves7798</pureesBahtBeaume>
      </gazaniaGlairyRoyet>
      <amyousCreamed>
        <maycockChads>levant4</maycockChads>
      </amyousCreamed>
      <tussahBysSinters kathakCohosh="hallelsDomite">
        <typesAiver>shieldYolkierKerns37</typesAiver>
      </tussahBysSinters>
    </neonedsPub>
    <alapHuronThester>
      <cutbackTeather>pernyiViruses</cutbackTeather>
      <fucosan>
        <nakula>annuliGuilesDepress</nakula>
      </fucosan>
      <mexitliBedmanSustain ursidae="canersBeblearDelvers85">
        <bakepanKnuteResh>vage</bakepanKnuteResh>
      </mexitliBedmanSustain>
      <organryCrazy>
        <mosul>86</mosul>
      </organryCrazy>
      <scythe whey="chiaoChildBronk">
        <azothsLullay>1</azothsLullay>
      </scythe>
      <touringRidingsMutuate beduckEmys="silksSlurban" possessBlaffAnnuler="1882">
        <looOlivetSnort>63</looOlivetSnort>
      </touringRidingsMutuate>
      <malls gaufre="waresCeral" quercinProwlsFosie="31">
        <sectorUlvaPinaces>pledge</sectorUlvaPinaces>
      </malls>
      <solventDoubterFowler>
        <jewlike>bloteJavasReburst</jewlike>
      </solventDoubterFowler>
      <bulletEjoo>
        <unbellPlinianUnderdo>warsleBuzuki</unbellPlinianUnderdo>
      </bulletEjoo>
    </alapHuronThester>
    <hereroBarmfel himeneShrankCantata="9026874">
      <betrailCattabu>exuvium</betrailCattabu>
    </hereroBarmfel>
    <bashawsDefail>
      <threaps>lobariaConcavoRaping</threaps>
    </bashawsDefail>
    <corucoJoshOzoner>
      <hapuku>565519240</hapuku>
      <henriesDreint daemonTacker="buddage" dungeon="7">
        <recoctIolites>majaTalkiesDeedily6</recoctIolites>
      </henriesDreint>
      <outroveDeterge middyMoffle="14" jagaLooneyDusters="megafogSyrnium">
        <rerises>ampullaHartSour7632</rerises>
      </outroveDeterge>
      <hyneRibozaLunatum clefsDinky="larrupsDiporpaSpatial">
        <ovisacLoiters>arorasWanner</ovisacLoiters>
      </hyneRibozaLunatum>
      <extreatSweetly privyGasboat="fidgets370" sludCummers="evanishIslaySnacks1">
        <murksBarberoGlopnen>tushieBhilShastri6160</murksBarberoGlopnen>
      </extreatSweetly>
      <smethCilice excideGazyLoren="903">
        <yoteLinger>lingoes</yoteLinger>
      </smethCilice>
      <trilite hagadicRitardsWithen="witchet">
        <chiasmEmmenicBarff>pulloutRhedaPurdy</chiasmEmmenicBarff>
      </trilite>
      <lorum>
        <rickleWrang>perturbNagglyShauwe876</rickleWrang>
      </lorum>
    </corucoJoshOzoner>
    <batz shariraLogjam="triobolMecatiBlinker7" lanxUreas="crewelsRussulaDuenna833">
      <saxhorn>spreedKuttabKanat</saxhorn>
      <crampet burdFagaraWithier="typingSippingReboots">
        <pawningStone>smeuthBuqshas</pawningStone>
      </crampet>
      <dirtsReynard voluperPutainInjury="graals2897" tagelPeto="rubify9">
        <fovea>98</fovea>
      </dirtsReynard>
      <tendrac>
        <outsay>purpieAugusta</outsay>
      </tendrac>
      <enceintKookier>
        <hewghHerselfStirra>590</hewghHerselfStirra>
      </enceintKookier>
      <cokedStowthEducate pukatea="polderSuzuki">
        <ataxite>peeverTenuous</ataxite>
      </cokedStowthEducate>
      <dumpierBobberUndflow ordnCorersBalanid="9">
        <lichtGlaucinWoks>enteralSade</lichtGlaucinWoks>
      </dumpierBobberUndflow>
      <curablyPodiumsSiouan>
        <papulan>altica</papulan>
      </curablyPodiumsSiouan>
      <koilonMyeloidAceric yarnedMulla="yobs">
        <limaxShope>ugricKnew</limaxShope>
      </koilonMyeloidAceric>
    </batz>
    <schouw ruttier="oiledUnemptyMisdeem" fugato="pelew" braveLossier="kulan124">
      <donovan>estrualUrheen</donovan>
    </schouw>
    <plagesChaseHoly unvocalSaumur="kurtasEurous857" adientGermal="nonsuit">
      <tirageRamal>podzolDomba</tirageRamal>
      <ersatzLongusTokays yellowyRavison="howkit" relumed="precoil">
        <testingFelwortTropism>maundsSkoptsyAnteact3</testingFelwortTropism>
      </ersatzLongusTokays>
      <tonallyGrandee rumpusCrated="milacre" pinkos="cyanineTeiids">
        <azulmicWraker>wishedBauta</azulmicWraker>
      </tonallyGrandee>
      <santosDecorum naggy="friandSieringCreasot" czarismArerola="bremiaPeptone">
        <iosFatness>92</iosFatness>
      </santosDecorum>
      <dummies>
        <hallotRegilds>fiberBogeyRathole4671</hallotRegilds>
      </dummies>
      <celeryPrigsVon estellaDumky="3">
        <earring>templon</earring>
      </celeryPrigsVon>
    </plagesChaseHoly>
    <outwill filling="669305" gipsire="modistPeising">
      <bechalkTegean>arkosesQueysSeginus</bechalkTegean>
    </outwill>
    <menaced>
      <pavadeMaulana>75945</pavadeMaulana>
    </menaced>
    <uitEntericCrabman calkingStablerBeached="spintryAport" gwantus="shadufUphroes">
      <anestriSugentBeslap>sprigs</anestriSugentBeslap>
      <outcameSashedDoubles>
        <pannamValvingKegler>ayontAcrisy</pannamValvingKegler>
      </outcameSashedDoubles>
      <syllabDat synch="erepsinNatInocula">
        <fustie>fjorgynUnai</fustie>
      </syllabDat>
      <animals marlockSabecaArmies="suffFylkerAutoman">
        <sowars>fernyEyalet4386</sowars>
      </animals>
    </uitEntericCrabman>
  </quartzLuisenoNided>
  <kanesAdjoustSplet homelynTag="57751" hovelChirp="solideoPoireVorhand9">
    <hyenoidDebaseWapp>
      <coated>phizTracerTrit</coated>
    </hyenoidDebaseWapp>
    <pringleNeeldKnack>
      <orphic>587781</orphic>
      <sulfoDitolyl creeshyMorphinReclean="merton" lipan="serraeGashestPeeries">
        <oddestCounsel>user</oddestCounsel>
      </sulfoDitolyl>
      <derryAint kippeenTepee="pyranStoma">
        <amazona>babai</amazona>
      </derryAint>
      <skereTaters tirazBongosPikes="blurSylvicChace">
        <aesop>cringerGarn</aesop>
      </skereTaters>
      <plasherInanity upborePeatmenIngest="terce" blurrerNeanic="nuddleHamesOutarde">
        <seabagFrieda>pavanne</seabagFrieda>
      </plasherInanity>
      <wacsHurter kapukaShorerMormo="indaminEncarpi">
        <santimsHasn>lawingUpbrookMembers</santimsHasn>
      </wacsHurter>
    </pringleNeeldKnack>
    <oximPleaseBrujos>
      <busticJuecesForerun>strep1186</busticJuecesForerun>
    </oximPleaseBrujos>
    <keats>
      <dimpled>assort</dimpled>
      <hunkyCasal koronaTritureRoosa="alethicEmmenicOoscope" caratesHas="kuchensUndecyl">
        <justlerJellico>435418</justlerJellico>
      </hunkyCasal>
      <tablingLobesExacum colmarsNozzlerBurh="wyling">
        <prims>stampee702</prims>
      </tablingLobesExacum>
      <vinetta verger="premia5">
        <howfingHygeistCrust>212499</howfingHygeistCrust>
      </vinetta>
      <herried gallateSwine="stupor104" lychees="teddersCrakerCharier">
        <cacoletLambiesFogas>799</cacoletLambiesFogas>
      </herried>
    </keats>
    <auturgy movies="46790">
      <symbionSapKruman>102448</symbionSapKruman>
    </auturgy>
    <redocksDraggedLevulin>
      <conygerBaghla>klosh</conygerBaghla>
    </redocksDraggedLevulin>
    <idistic>
      <lilian>cereal</lilian>
    </idistic>
    <navet>
      <mgt>moudieSec</mgt>
      <risky>
        <circledMote>1039</circledMote>
      </risky>
      <grandmaMktgFarting>
        <maudleTubingAffixt>186</maudleTubingAffixt>
      </grandmaMktgFarting>
      <westsCalvary>
        <diswitSirocReplan>serfageGoburra1</diswitSirocReplan>
      </westsCalvary>
      <rarest>
        <begaud>urushic</begaud>
      </rarest>
      <outpeerOutgoes>
        <unwadedMayo>marcot</unwadedMayo>
      </outpeerOutgoes>
    </navet>
    <avertUpo>
      <mistery>voiders</mistery>
      <lohochArsisJarmo>
        <androl>clipperKirtlesPanging</androl>
      </lohochArsisJarmo>
      <loculiTriunalHence ablutedKumshawGenre="9893307" louis="windsMenyieAppals47">
        <unripOutburn>romneyBrecciaLanguet58</unripOutburn>
      </loculiTriunalHence>
      <comb>
        <curacy>4413</curacy>
      </comb>
      <profitsPremeds>
        <tracey>argand</tracey>
      </profitsPremeds>
      <nulls brutter="sporalZydecoModicum">
        <warriKapelleUnlimp>asquintFollyerRackety</warriKapelleUnlimp>
      </nulls>
      <cograil>
        <frighty>mangyKenaiAminic</frighty>
      </cograil>
      <shistsEagrass upswingMuscaeEnties="8027">
        <unchainRefind>dys</unchainRefind>
      </shistsEagrass>
      <embrake>
        <roughyCagierEntte>mutably</roughyCagierEntte>
      </embrake>
    </avertUpo>
    <cubismsProtideStats>
      <depark>sanzen</depark>
    </cubismsProtideStats>
  </kanesAdjoustSplet>
  <reliefDopes xylenolBucket="saviors" exequyHarmineLetter="acerous" />
  <fastingEery>
    <admixesShindig byhandPelew="bataraSiennas" teemers="982">
      <baxtone>ruga</baxtone>
      <subseaAlmehTokay>
        <silicleJoubarbModerne>dieties69</silicleJoubarbModerne>
      </subseaAlmehTokay>
      <picaeFlench roakAbdali="victrixDinnerBaccae" fidleys="wearersPingerGaon">
        <axels>paplikePupidaeZoonist</axels>
      </picaeFlench>
      <orphansPumicer gawkersClivia="oriformUsque1767" coweenMortifyNamely="4063">
        <barbary>goblet</barbary>
      </orphansPumicer>
      <qatarSphex>
        <jigmenBamoth>posyCriantMachos59</jigmenBamoth>
      </qatarSphex>
      <geldedCoshPsovie>
        <phantomResun>saveyDeodar</phantomResun>
      </geldedCoshPsovie>
      <culebra tweeterCarmelVairee="sprat">
        <jinglesVanward>7</jinglesVanward>
      </culebra>
      <cojoinSlidageGrazer urinal="voicers" toned="69009">
        <doodahTussore>gruelly91</doodahTussore>
      </cojoinSlidageGrazer>
    </admixesShindig>
    <jeedPalated>
      <hyphenSmartlySyrt>2526200</hyphenSmartlySyrt>
      <dobsons czardomNorther="wellmanEnointTubifex" suspectDowerPhren="catydidTransfd">
        <flingyVeiler>larry</flingyVeiler>
      </dobsons>
      <cardial tome="chuckedHask" gisel="364662">
        <retoolPlatypiTuatera>708536033</retoolPlatypiTuatera>
      </cardial>
      <verser>
        <tweenCoaxers>foins</tweenCoaxers>
      </verser>
      <squizForfitMozo>
        <gunnels>7731</gunnels>
      </squizForfitMozo>
      <acarus>
        <clottedBetailGata>mansion</clottedBetailGata>
      </acarus>
      <eggs>
        <blackeyPopsyPoler>dinahHackin</blackeyPopsyPoler>
      </eggs>
      <sueyVively khassRallier="lustrum">
        <skyportAspcaItel>unwraps</skyportAspcaItel>
      </sueyVively>
      <binningMaranaoThrimp>
        <toetoe>teleutoPireneDrowte</toetoe>
      </binningMaranaoThrimp>
    </jeedPalated>
    <imviaKomtokCabble>
      <valuingSemeed>7226607</valuingSemeed>
    </imviaKomtokCabble>
    <plow>
      <ugliest>altaiteAmire</ugliest>
      <unmuddyShredsMalicho>
        <biodyneLinneonEngore>3814779</biodyneLinneonEngore>
      </unmuddyShredsMalicho>
      <cadenza cantala="radarRalishChampak" klezmerArsonicFluty="trophiVolleysRush">
        <offside>5830</offside>
      </cadenza>
      <laeticCradge>
        <tureensReefers>slitty</tureensReefers>
      </laeticCradge>
    </plow>
    <kraitPlasher>
      <irenica>realive</irenica>
      <renoirHairierWinking valonia="folkmotIslotMilfoil">
        <pterinsOceanid>curdlerRampion</pterinsOceanid>
      </renoirHairierWinking>
      <startsyJuster>
        <wingcutSavages>remene</wingcutSavages>
      </startsyJuster>
      <pechingOutputs twa="kenningWetting">
        <coconaBlottyDrysne>loaveCraichy</coconaBlottyDrysne>
      </pechingOutputs>
      <cebidLookers imperilHardockSumphy="pufftn4885">
        <alaricHonkerLoudens>1</alaricHonkerLoudens>
      </cebidLookers>
      <brerdGlaucus>
        <vicineExeunt>575</vicineExeunt>
      </brerdGlaucus>
      <terrierArcs>
        <keranaBazaarsUngirds>egolEleut</keranaBazaarsUngirds>
      </terrierArcs>
      <angiloAdvowryDecima>
        <sourd>illustMoolahRemans</sourd>
      </angiloAdvowryDecima>
      <kwintraRinkerMalmag hollStaphUncomfy="62">
        <ruined>chickeeCaromedLavabos</ruined>
      </kwintraRinkerMalmag>
      <starved extorts="qiviuts" coeloms="pfg">
        <boxenGayness>plotton8513</boxenGayness>
      </starved>
    </kraitPlasher>
    <melodicWelsZizany>
      <hordesHookeys>70094</hordesHookeys>
    </melodicWelsZizany>
    <footled paprika="78562009" cutleryFusk="castuli" virtuedCulchVerray="asters">
      <macleReindexBalafo>cannotAwalt1139</macleReindexBalafo>
    </footled>
    <sherpasKanukaAnopias>
      <buncosHyssopsPoises>mattaroPorotic</buncosHyssopsPoises>
      <coxitis kilubaYonnie="plowter31">
        <croceus>higdonCrickle</croceus>
      </coxitis>
      <claspedUndock>
        <beamingMeaniesCav>currishMagma</beamingMeaniesCav>
      </claspedUndock>
      <kaiserCornin lockupsYfere="corkir" jujuismForkmenRather="dhutisMuriate">
        <cringerMitral>arctanWoibeUnwit</cringerMitral>
      </kaiserCornin>
      <chytroiThob pawkeryMangoro="orchic" pernorColzas="halloLariaEnglute">
        <ajugasMondsee>acoasmaTangyPursues8433</ajugasMondsee>
      </chytroiThob>
      <larcenyAngsterPear>
        <augural>gnarsThishowMuscle</augural>
      </larcenyAngsterPear>
      <omicronZonites>
        <eyasesTampion>tsuris</eyasesTampion>
      </omicronZonites>
    </sherpasKanukaAnopias>
    <carienTotersNeurol>
      <pahmi>guipurePumpMulvel</pahmi>
    </carienTotersNeurol>
    <drearlyLymphManatus jiggetWheezleGilpey="swoopedTuneups">
      <reared>94543560</reared>
      <aulosTethsSairve lazybed="outbledBoughyToper" tepidly="tricky">
        <ensign>agoutisFellows</ensign>
      </aulosTethsSairve>
      <poddleTalitha azothCowiestToot="chimblyLulavsWifely53" uralToorock="drachenMutestCrubeen">
        <islemanRaids>immote</islemanRaids>
      </poddleTalitha>
      <zafreeTaxably musthsEclogue="glintsOutfame" lawzy="8275600">
        <byblis>alumnaGumdropMagical</byblis>
      </zafreeTaxably>
      <goomaSepiostGanoses>
        <kivaClootieDictery>patuMucusesEmersed</kivaClootieDictery>
      </goomaSepiostGanoses>
      <daphneBotaAnders plashesTubletBani="spignel">
        <shrieve>erie</shrieve>
      </daphneBotaAnders>
      <posePauses>
        <korari>hanse153</korari>
      </posePauses>
    </drearlyLymphManatus>
    <vintnerBrittsVouge compelsKangla="margins9287">
      <celtish>tapiro9</celtish>
      <loyalTateFianna changar="suitsMelchAvg" spruik="3614">
        <tweetedBeliingTriduam>collisAxeman</tweetedBeliingTriduam>
      </loyalTateFianna>
    </vintnerBrittsVouge>
    <fossageInterimCopist silageSnoozeRenomee="creepyLeavy" atingBiplaneUpglean="relodge" asgUponScullog="496223685">
      <oncerBristolRapide>82365363</oncerBristolRapide>
    </fossageInterimCopist>
    <coculloAdry sensedLaus="28686" viii="670477" amebaDevout="squirrTruancyTolzey">
      <murilloNoise>75242345</murilloNoise>
      <boogumImpugnsCached>
        <kneeler>behaverSizerBloke</kneeler>
      </boogumImpugnsCached>
      <avalSelect blentScrottaTakings="873">
        <gyroma>bonks40</gyroma>
      </avalSelect>
      <tatsmanAntlers fences="41381" logins="5992953">
        <avulsedUrchinAtabals>tahuaFondedPolyps8989</avulsedUrchinAtabals>
      </tatsmanAntlers>
      <bezoar>
        <herbertRondureSiting>coosersCurdyBashers98</herbertRondureSiting>
      </bezoar>
      <nuqueHapticLaiose sclerasKempiteGolems="kohuaHipwort" closeupCherubSoften="etonianMugaAceta">
        <liplikeSistle>sombreReblueTwirly71</liplikeSistle>
      </nuqueHapticLaiose>
      <egbo opaciteIambTullian="parietHooplaBoride" chiefCoxwainHostler="duskier">
        <veuve>perula</veuve>
      </egbo>
      <moderne brassiaUnhair="rikshaBeancod" phylicWrampTruancy="coeditsPeludoRepel">
        <sausageEpisciaCoral>warrayMouseFizzier</sausageEpisciaCoral>
      </moderne>
      <fenianPhenyls>
        <somnial>5718</somnial>
      </fenianPhenyls>
      <doping melaninScrunge="twiselNarkedZitis" photoIndulinSqualls="66">
        <ilesiteIdoist>illudedCatena</ilesiteIdoist>
      </doping>
    </coculloAdry>
  </fastingEery>
</brazierHoweBebotch>