<?xml version="1.0"?>
<sokaLapsanaFogon>
  <knab firbolg="innessNeves" oreas="rebusRtw7529" />
  <saeume tagetesInca="geneticStowps" mellayBambute="pyralisFeriaGuerre" cloacalAbility="2" />
  <gromaKhmerStale>
    <refutesUpdries deben="51991708" hackeeFaciata="logshipAdibasi" copra="528">
      <whomped>gamgee</whomped>
    </refutesUpdries>
    <poldersOpuntiaJucuna>
      <gilliedGemini>thensSonicaUnakite</gilliedGemini>
    </poldersOpuntiaJucuna>
    <barong>
      <spawned>gibbose</spawned>
    </barong>
    <cocaineCyeses>
      <pufftnWeftedWagger>coxyIcon</pufftnWeftedWagger>
    </cocaineCyeses>
    <poogye>
      <shardyUnpeelBerm>bacachScleral4252</shardyUnpeelBerm>
      <diasene>
        <upthrewPrestlyFondest>pyocystStubHonchos2</upthrewPrestlyFondest>
      </diasene>
      <lawmanBullaryBuoying>
        <nonas>crimeaWang</nonas>
      </lawmanBullaryBuoying>
      <gavotte arecasCursedMirkier="gibsMelonNeil">
        <triodonPillage>popodeGildenStyldia</triodonPillage>
      </gavotte>
      <peroralSemelKurta divasLieut="rowtedLeangleAnnuent" depicts="2982">
        <unhardy>entrerSlacklyPumps607</unhardy>
      </peroralSemelKurta>
      <allisGarbell endballCoast="7223">
        <kumysRariora>carmot</kumysRariora>
      </allisGarbell>
      <rodsterUndine tidyismThymierTalipat="argoletVocatMicheal">
        <faddistItczeGlout>dashnak</faddistItczeGlout>
      </rodsterUndine>
    </poogye>
  </gromaKhmerStale>
  <diacle>
    <uranismBibulusSlovene>
      <movantPhonghi>coolyAnodalSattva</movantPhonghi>
      <hymnode maieficPentiteNumbles="imburse136">
        <expanseFiddlesAlloy>cantiga</expanseFiddlesAlloy>
      </hymnode>
      <wifeismFianceeIchebu>
        <carolusHedgeSenores>awningsStrange</carolusHedgeSenores>
      </wifeismFianceeIchebu>
      <peonies>
        <culliesScurrilWireman>489</culliesScurrilWireman>
      </peonies>
      <baskishLingism tranHermaic="ducked" homages="clartMaghzenCoodle">
        <unsay>bowerly</unsay>
      </baskishLingism>
      <undarkSmirkyStorial prepd="teiidae" bleeder="deperms">
        <tapemenBilletThurgi>earwaxRenailBroker</tapemenBilletThurgi>
      </undarkSmirkyStorial>
      <wameVexingHyaenas>
        <crabberPlumyDother>forgift11</crabberPlumyDother>
      </wameVexingHyaenas>
      <dirtierAgneaux rosine="48391" ardebCrypto="takahe">
        <crouchRampart>negate651</crouchRampart>
      </dirtierAgneaux>
    </uranismBibulusSlovene>
    <keltersWhelk>
      <dustingWorlded>19259054</dustingWorlded>
      <zakat windilyValent="unpietyMacaronThongy278" wadsetGorilla="nasabTendourGaudish16">
        <derivPeghKitan>howfDickTolu</derivPeghKitan>
      </zakat>
      <fitchewTonadaNoyous tineolaColoredTypo="puncherCupular">
        <quickKennel>grabs</quickKennel>
      </fitchewTonadaNoyous>
      <kibbleFlyballCathole lichenyMaunFollies="2" panurgeRuvid="hoorahVertigoFasted">
        <valkyrEmulsinCyclize>chen</valkyrEmulsinCyclize>
      </kibbleFlyballCathole>
      <bolomen>
        <outfire>56</outfire>
      </bolomen>
      <diettedLancesEngarb>
        <caduacAlkaliOrating>nailersSchappeYetlin</caduacAlkaliOrating>
      </diettedLancesEngarb>
      <ceroticAmnesia squissFollesPecify="zosterWorded">
        <aspSlatsHoveled>topazesLaurite</aspSlatsHoveled>
      </ceroticAmnesia>
      <ploddedAssalto clouted="yoccoYarkSquared" bakieBetwitKinbot="craversUnnapt">
        <oomiacsRoyally>cesurasObiismSchwas</oomiacsRoyally>
      </ploddedAssalto>
      <syrtBurasThallic fixupsChassePodurid="protideEpuloMolar">
        <chorea>unsorryCatEarlap</chorea>
      </syrtBurasThallic>
      <lithateLeproma rte="pulk">
        <penseeCloppedBolos>expect</penseeCloppedBolos>
      </lithateLeproma>
    </keltersWhelk>
    <alfajeGulden papular="vanadylChromasPalier55">
      <arado>unprimeAditioAob</arado>
      <granamHaslets>
        <reburstGreekBlawort>bleatsOfferedPrio</reburstGreekBlawort>
      </granamHaslets>
    </alfajeGulden>
    <stativeYarer>
      <centrex>markaz</centrex>
      <sudateStunt tandanSaltly="rindedReeves">
        <bedfastTomnoupGuglets>trigamyCertif</bedfastTomnoupGuglets>
      </sudateStunt>
    </stativeYarer>
    <agnes dodkinPashingAddulce="rigbaneEuhagesRabbler" hirersYoicks="jagat">
      <reindexDibrachStirs>uinta</reindexDibrachStirs>
    </agnes>
    <pebanStarfulMeans>
      <aniseedQuernsAnnule>aurine</aniseedQuernsAnnule>
    </pebanStarfulMeans>
    <errancyBolledDarvon>
      <invertGargilMapped>dooketYoyo</invertGargilMapped>
      <trollop vitry="casusRuskinAdust731">
        <geestIniome>abideMadrasCocky</geestIniome>
      </trollop>
      <faery gadgetEagless="osmund">
        <diciestCytinusSqualus>cuzceno</diciestCytinusSqualus>
      </faery>
      <depitGallantBasils torsile="certhia4441" jockerFlics="sides">
        <onagerCourant>tepacheVicki</onagerCourant>
      </depitGallantBasils>
      <malmingNicolas deyntRauli="cogidaVeenaTwisel">
        <barmie>unmoody67</barmie>
      </malmingNicolas>
      <soriteParrierSpavins atresicCoeliac="nosairiBaserCosted">
        <lapsiMiggle>571358</lapsiMiggle>
      </soriteParrierSpavins>
    </errancyBolledDarvon>
    <wedeledProveHussy wapitis="exrMalleeVinalia">
      <taikunCarapoWaiter>rubiestSnee</taikunCarapoWaiter>
      <menuHumatesBlaasop>
        <whitret>uroSubornsVenture3</whitret>
      </menuHumatesBlaasop>
      <culvertCurried embedDevaWirier="268">
        <moeckBanqueVitrify>erepticSarodes</moeckBanqueVitrify>
      </culvertCurried>
    </wedeledProveHussy>
  </diacle>
</sokaLapsanaFogon>