<?xml version="1.0"?>
<klepticPhalera>
  <denis />
  <onusShawy albAdvisy="adeadGushes" genetsDyspneaTera="hereon905" burrerUredosWosbird="onces" poundalGit="noniusDeckedRoughie">
    <exultGanefsLacking>
      <detachsGlume>7207913</detachsGlume>
      <hanseToenailWhining urinaryHuly="ramiroDismaskBedaubs5354">
        <pierianHiccups>ogamDeductPausers</pierianHiccups>
      </hanseToenailWhining>
      <deliTeguas>
        <putdownWunsomeMeio>shulsJam</putdownWunsomeMeio>
      </deliTeguas>
      <ablow vivatInsular="golStrollsYears">
        <sidedElasticCherry>explatWorses3</sidedElasticCherry>
      </ablow>
    </exultGanefsLacking>
    <estreatVised>
      <mismeetMayasLanais>raters</mismeetMayasLanais>
      <betasAdobe chauriDoser="repique" maywortCessantVenger="junglyNettie1">
        <stirrup>tactor</stirrup>
      </betasAdobe>
      <monacid>
        <unopen>overplyMusthsMufasal</unopen>
      </monacid>
      <cooried>
        <cokesNormalCelebs>picotee</cokesNormalCelebs>
      </cooried>
    </estreatVised>
    <bigotryManurer>
      <besinFormule>sunwiseDumpingMesteso</besinFormule>
      <larkish>
        <fogeyFouettePunches>37433072</fogeyFouettePunches>
      </larkish>
      <torsionCrierMig bums="maniu" fingianZigan="57622271">
        <guarandSpinalEluvia>nunnifyPedants</guarandSpinalEluvia>
      </torsionCrierMig>
      <bandengTasse ulmate="7517933">
        <staithAirest>latosol43</staithAirest>
      </bandengTasse>
      <redroopLushierZymogen iraterJulolin="tummiesFagot9" skewy="baysDespair">
        <mophAuchtIowans>biprongCabmanInburst</mophAuchtIowans>
      </redroopLushierZymogen>
      <sorbolShayed outbarkPrepnSmeeks="prosesAlnageGlover">
        <smoot>casters</smoot>
      </sorbolShayed>
      <quandy>
        <catnapsHinduGrece>lakiestGifts</catnapsHinduGrece>
      </quandy>
      <ebonies doddardJato="ducdameForpine" yuppie="armsize">
        <gallsAramidReaved>sadaqatTampoeCloset</gallsAramidReaved>
      </ebonies>
      <robombDurzee tanrec="5" marxismSlues="slumgumStewart">
        <eyrie>noummosWesteZacaton</eyrie>
      </robombDurzee>
    </bigotryManurer>
    <pshawed>
      <murshidCleuks>routhy</murshidCleuks>
    </pshawed>
    <scyphiTpke>
      <permiakPiazzeWurzel>gulandMotte</permiakPiazzeWurzel>
    </scyphiTpke>
    <jaddedScrinTenues promit="17" herbHobnobsFiner="braingeGuldenGulas">
      <pleuraMuring>windle</pleuraMuring>
      <dismesGambolForeman yaoBebops="mallets29">
        <viperBobsled>sedgeRameal6940</viperBobsled>
      </dismesGambolForeman>
      <anoxiasMaraud cafoyFeinterDux="9770">
        <cuckSuccose>82878</cuckSuccose>
      </anoxiasMaraud>
      <loge duniticKarpasCoshers="carroon" taintor="gamariMaihems">
        <koodoosReringSlops>camooch</koodoosReringSlops>
      </loge>
      <aridedNowtheSalpinx>
        <dogsledInvited>pipingCruel</dogsledInvited>
      </aridedNowtheSalpinx>
      <ectasiaCashingReasons curablyMistion="gangsExalts96" unsaysCankerFadedly="rhibiaInnDecalin">
        <sizesWagogo>barnard</sizesWagogo>
      </ectasiaCashingReasons>
      <ileCistern oxberry="9" voltize="uppityCharryEpigaea">
        <ottawa>259</ottawa>
      </ileCistern>
      <simmons>
        <avowry>smokey</avowry>
      </simmons>
      <succeed abodingLollers="cruraScrawls" kissDoubtedOutputs="betrimTaiwan">
        <purerBarytic>misadd372</purerBarytic>
      </succeed>
      <vulnNongray>
        <lumber>pilaffMurid</lumber>
      </vulnNongray>
    </jaddedScrinTenues>
  </onusShawy>
  <baccateEncode infarceSeaway="sossleSunbows" wifed="timbang">
    <virtueQuirite>
      <rednessKitTrutta>fruitedDivinylMagpied</rednessKitTrutta>
    </virtueQuirite>
    <hicoriaSabred sailingBajoireLacune="readDuppedDampens">
      <yallaerAccollManito>limbal</yallaerAccollManito>
      <jockeysSjoukeGuests revivesIneptCamois="armholeChaffed">
        <luredForegutOpened>29125529</luredForegutOpened>
      </jockeysSjoukeGuests>
      <sopited vinalZaffersReadds="monofilCoesWillier">
        <ridgingBemail>tigerly</ridgingBemail>
      </sopited>
      <hoondeeGrippalBinge scalfe="excess">
        <popdockSart>salar</popdockSart>
      </hoondeeGrippalBinge>
      <repackRepipePies sughCyril="ptomainDeul" tracksFossor="cussosMascot">
        <birsleJamieSlyish>tingesBasote</birsleJamieSlyish>
      </repackRepipePies>
      <washup trotsPunct="prideBlamesDrecks36">
        <cleanedMosette>mirishOrris</cleanedMosette>
      </washup>
      <apoluneCopolarPadles mize="95" gyarungUpcheerAmnios="635516438">
        <didineWashier>iteming</didineWashier>
      </apoluneCopolarPadles>
      <septan melenaLoboseKrone="etoileYakman5">
        <bushwah>invaderLaunchUpdater</bushwah>
      </septan>
    </hicoriaSabred>
    <hordeBadass garronsUnzoneResect="gerbilAddlingBientt" getspaHusting="burgledExcited9483" freon="berakedPiggy">
      <progs>palkiCuber</progs>
      <gtc tucumanFaculaCowers="potusAirthedAtria209">
        <eidola>gonofStooksLusted</eidola>
      </gtc>
      <kieye serangSwure="69846462" saladeHeater="pappeaSpermicElfkin">
        <tchapanParboil>nablusOrielUti7</tchapanParboil>
      </kieye>
      <ingangsEeling kyschty="epoxiedJurats" canetonHano="asaleGabbroExplain1">
        <entices>aband</entices>
      </ingangsEeling>
    </hordeBadass>
    <medioMonody>
      <adduce>jesuits540</adduce>
    </medioMonody>
    <wolffiaCuffsShotten>
      <laccicCurator>acrawlCooncan</laccicCurator>
      <wittier phallicPurines="poikileHetchel2187">
        <furlaneWrapperScho>conedDietOscine</furlaneWrapperScho>
      </wittier>
      <negrineDerStalely>
        <whestenFleam>vitro</whestenFleam>
      </negrineDerStalely>
      <ozoniumConchs knabbleBewit="55714897">
        <gellWommera>overlip</gellWommera>
      </ozoniumConchs>
    </wolffiaCuffsShotten>
    <olacadUnvicar>
      <handfulSlicker>opinersHumblerDaimons25</handfulSlicker>
      <fifthsBalanus moonishCompeer="tophe" cheetieLimnite="omentum">
        <upeyganCermetsActinia>karatsWops</upeyganCermetsActinia>
      </fifthsBalanus>
      <endlong analav="tradeMuso">
        <crusily>filletsLegman</crusily>
      </endlong>
      <hexing sizzingWontCrisset="rebabRivose4">
        <teparySublist>masaToyishMeletin</teparySublist>
      </hexing>
      <lithoZandersBarbate>
        <humourConyzaPremise>satineCricked</humourConyzaPremise>
      </lithoZandersBarbate>
      <jiggersEtonian shasterAlarge="6">
        <lambLaminarBemixt>bogymenLentil</lambLaminarBemixt>
      </jiggersEtonian>
      <lenaeaSleyed magogZoologyMinicam="caroche" cruises="132871">
        <sidlins>malaysRanomer</sidlins>
      </lenaeaSleyed>
      <enlayJitney maples="926763" besplitHafnium="shulnSagged">
        <unstoutJewish>xylicSels</unstoutJewish>
      </enlayJitney>
      <lyremanRepinsBiffy bels="misticoAux" exrxGisantYezidi="chillerPintanoNims">
        <caupoTympansTenuis>tawpie</caupoTympansTenuis>
      </lyremanRepinsBiffy>
    </olacadUnvicar>
    <unworldOddityFeudee swervesWhisson="wahima7412" diwanAccusorMites="educWhelps" suzDevataRemiges="915">
      <formesFehBrussel>prowlerIcariaHussies</formesFehBrussel>
    </unworldOddityFeudee>
    <aselarAsbolanOutasks jakRabbitsHippus="962202">
      <tetrous>synusia</tetrous>
      <dealMiscalBlites unrow="bonselaTerrors">
        <orsel>492</orsel>
      </dealMiscalBlites>
      <reargueFonderLaded bon="cotery" burgoosBursars="cavalDive737">
        <whizzerImprintEdited>kidsmanSquushy</whizzerImprintEdited>
      </reargueFonderLaded>
      <subfief flabraFallal="876">
        <hexsub>phorateTargets</hexsub>
      </subfief>
      <martyrsOutspue>
        <habitusRiflery>untightPishuBaftah6</habitusRiflery>
      </martyrsOutspue>
      <salicylChaise system="exhaledAxmanLatrate" estadioNosairi="ruthsCopter6322">
        <bemixesHeavens>tubingsSeweredRaddles</bemixesHeavens>
      </salicylChaise>
      <baddockLangsetCounite nebelKylix="dubbinsIsuroid" hotnessTuts="goorooGaloots">
        <ypocras>curfewsGravedSqueald5</ypocras>
      </baddockLangsetCounite>
      <akimbo amarGummasBicrons="hadronsBoyau">
        <doganaTraitsCrouton>imago</doganaTraitsCrouton>
      </akimbo>
      <hadjGaol espinelSnail="clione5" thebain="bien">
        <anaxonYah>outsaw</anaxonYah>
      </hadjGaol>
      <ingenue>
        <fitout>weld</fitout>
      </ingenue>
    </aselarAsbolanOutasks>
    <bitteShakerTrebles>
      <uxorial>ateCostumeHort</uxorial>
      <guacicoViewsCharras>
        <newburg>sizzingUnmold7</newburg>
      </guacicoViewsCharras>
      <chagaFuscSwigs>
        <daftlyGoodhapYawps>719</daftlyGoodhapYawps>
      </chagaFuscSwigs>
      <pontacq>
        <pinlessRiddelScrime>ulmic</pinlessRiddelScrime>
      </pontacq>
      <civillyMarrowLuket>
        <reimplySeethed>uncrimeCopsFlump</reimplySeethed>
      </civillyMarrowLuket>
    </bitteShakerTrebles>
  </baccateEncode>
  <siselDormy aboutRadixesSelfed="suomicElance" thawnYperiteAbraxas="swingMaorisCleric1">
    <leeredBauch manulNavarho="mahWinraceShowdom" emit="6" airingsEnislesKahau="oilseedCanzos">
      <amindedUnsmote>nesterDodosRebates834</amindedUnsmote>
    </leeredBauch>
    <alceVimful>
      <myomataGoustyFolate>boswellCineast435</myomataGoustyFolate>
    </alceVimful>
    <bateful>
      <planked>jereedsCombedCeasmic</planked>
      <notoireFreendOscin>
        <tenuto>lindseyMediacy</tenuto>
      </notoireFreendOscin>
      <musefulApostle>
        <badlandTreeman>miniumTrebletOpines</badlandTreeman>
      </musefulApostle>
      <welshAttire sillier="gride238">
        <cocherYarderSnarler>belashParageInland</cocherYarderSnarler>
      </welshAttire>
      <kalemaEpichil burgeesAni="upsidesLazarsBerried">
        <swirl>5</swirl>
      </kalemaEpichil>
      <abattueShako totora="witfulAcari" finely="indow">
        <yielded>orcinsKabar</yielded>
      </abattueShako>
      <perfumyMusthFritter>
        <coffing>grapierCycle</coffing>
      </perfumyMusthFritter>
      <whibaEliteInvert asleepSchmeerAdet="minsterOkayBuna967" conuseeAssithPrimage="5647">
        <euaster>karezSumassRoomage</euaster>
      </whibaEliteInvert>
      <poloistAbaze thoughtPseudo="gentles" bshCageman="hatfuls39">
        <enablesVerboseSating>minoanCuirassSwims</enablesVerboseSating>
      </poloistAbaze>
      <begay>
        <domineeOda>izard</domineeOda>
      </begay>
    </bateful>
    <arangoWareful>
      <patinaeUproots>siltage</patinaeUproots>
    </arangoWareful>
    <tillmanDreidl>
      <hinterZygoticDestool>lariat</hinterZygoticDestool>
    </tillmanDreidl>
    <oversumDeuceJoni>
      <poongeeJampaniYasna>fiancesLamiasExacted</poongeeJampaniYasna>
    </oversumDeuceJoni>
    <batableGoy>
      <barrerAwestUniped>glycolsGarua</barrerAwestUniped>
      <oryssidSanTossed haemsDebtee="rejoin" guguBebops="bemotto">
        <shendAllahOpaquer>papulaeCyeticTheemim</shendAllahOpaquer>
      </oryssidSanTossed>
      <tensorHamfareOversew elateryTeethes="stoundsBehaver" myodesStrickWinnow="betrailFallout">
        <jauksSangleyIsawa>rigColossVendage</jauksSangleyIsawa>
      </tensorHamfareOversew>
      <ascaredDecodeAcoupa reefierKegful="theatZareebaSanyasi">
        <fashes>beglucFermium</fashes>
      </ascaredDecodeAcoupa>
      <oakboyAnonol kvintZufoloSangars="fopling" yapping="dukaTumphy">
        <aramidEnrootCaroon>gabbart</aramidEnrootCaroon>
      </oakboyAnonol>
      <guessesToxaminPlaiter diedralJaman="scalae">
        <regaleRusePoitrel>566</regaleRusePoitrel>
      </guessesToxaminPlaiter>
      <qatsMalabar>
        <coosJowelIssuer>chien</coosJowelIssuer>
      </qatsMalabar>
      <liked>
        <arizonaDibhole>boopisWealdUnfilm</arizonaDibhole>
      </liked>
    </batableGoy>
    <runtimePinkeny>
      <tincal>unformArdoise</tincal>
    </runtimePinkeny>
    <thatllMyophanUkases>
      <hauldWismuth>gesanHazelLiniya7</hauldWismuth>
    </thatllMyophanUkases>
  </siselDormy>
  <hatreds picine="guisingForwhy" />
  <defocusPulture>
    <circuliBidding tennuYins="gobbetsDoutAshine" reactorAbattu="trophal" clatter="stickedLinseedVolutae9442">
      <magpiesUncowed>yabbiSicesGlobe</magpiesUncowed>
      <pisoniaFalsen>
        <arousesPaikedUptill>barlyCanular99</arousesPaikedUptill>
      </pisoniaFalsen>
      <braverAswoon devoursAsians="rerobAvenageCrepon" spaning="knuffeWangledLunged8">
        <feasted>466</feasted>
      </braverAswoon>
      <vandals>
        <codlinsWheyish>264649390</codlinsWheyish>
      </vandals>
      <jaziesRebuyPistick muscleGizzern="sahibsGermain">
        <syncedPacolet>vinitorPalayan</syncedPacolet>
      </jaziesRebuyPistick>
      <repairsMasersHayward swanker="535643" excelsOthmanCruses="jackboyAbsorpt">
        <sandustAlbinesBharti>shackerShopperHeroins</sandustAlbinesBharti>
      </repairsMasersHayward>
      <garlandGan massage="asideu">
        <papyralTutored>81702</papyralTutored>
      </garlandGan>
      <rebaled trisomeGideonJambos="feazingAericalAcrylic" gospelCulpose="mudrasLootPial">
        <kenarehPontus>masoolaRocUncost</kenarehPontus>
      </rebaled>
      <dumConrail humps="905914863">
        <cubistsBedcordErsatz>cpoPublics</cubistsBedcordErsatz>
      </dumConrail>
    </circuliBidding>
    <rimpledMotetus>
      <anyhowLekachBonbo>reevingAddedly</anyhowLekachBonbo>
      <pauPridePius harms="sulking">
        <allez>mudwort</allez>
      </pauPridePius>
      <screak fagins="capelHaircutYen">
        <winfredSongletSwatow>enteraSitar2</winfredSongletSwatow>
      </screak>
      <cleanWitham speech="33">
        <dwarfer>baobab</dwarfer>
      </cleanWitham>
      <riantVolatic botteBullierFidges="anonymsMazhabi43" hedgierSubzeroDiscase="649594436">
        <whincowAbaserDumbly>fokkerSnooked</whincowAbaserDumbly>
      </riantVolatic>
      <blesse>
        <hoboingUniqueImides>pipidae</hoboingUniqueImides>
      </blesse>
    </rimpledMotetus>
  </defocusPulture>
</klepticPhalera>