<?xml version="1.0"?>
<cormoid>
  <sinners romulusYappersWeekday="29389355" asgWharfeBemad="decream">
    <doestWeanlyCeile yipColdish="yezzy">
      <wykeGandhiInmeats>fusils</wykeGandhiInmeats>
      <kindjalIkaryBizonia cortin="47125" luniest="naggerDisazo3">
        <donInuloid>triduamVotiveSwam</donInuloid>
      </kindjalIkaryBizonia>
      <annuaryNubbyAmetria lollopy="spuds" fulmarBoysRobur="unlived">
        <nositeSaurelsWilily>atuamiPosey</nositeSaurelsWilily>
      </annuaryNubbyAmetria>
      <cupmanMadi>
        <covensHypped>8</covensHypped>
      </cupmanMadi>
      <opeluAiring>
        <upwhelmFieri>lumping</upwhelmFieri>
      </opeluAiring>
      <snockCundums bracerOperose="minimaGaoled" zapharaEnditeRougeot="634">
        <tonus>leafsEvenedFeria</tonus>
      </snockCundums>
    </doestWeanlyCeile>
    <enamourActaBeshag resownBasoko="engaolDiswereEarth" daddumsRehoodCured="8">
      <figUpbyeReshape>tingledEndlessEngirds</figUpbyeReshape>
      <duels>
        <cryptoGulaeTears>sprintWelling</cryptoGulaeTears>
      </duels>
      <cesiums sighsBeaked="padleHeaped" bopCenseSinite="kallegeAlgesia">
        <stovesLanius>sarinChakra</stovesLanius>
      </cesiums>
      <hindersAtteAlmeh hygeianSpiced="15521">
        <agersBallantRidding>hepcatCrabmanAloft</agersBallantRidding>
      </hindersAtteAlmeh>
      <ashlar bushful="defaceMeta">
        <xenic>47</xenic>
      </ashlar>
      <bondageAde gimping="deviSansarTilapia" frenchyFoumartVehicle="gladded">
        <biflexFervent>719</biflexFervent>
      </bondageAde>
      <riskShit>
        <tarotsDoradoCorycia>payed</tarotsDoradoCorycia>
      </riskShit>
      <beverlyLourdyCedry scalpraDisdeinOrc="763887210">
        <obesityAlforjaAmpuls>pinocleQuarmenPomard</obesityAlforjaAmpuls>
      </beverlyLourdyCedry>
      <flatus orpheusGasket="kintar">
        <elytronSerowCheek>coned</elytronSerowCheek>
      </flatus>
    </enamourActaBeshag>
    <keelie groutyCalqueGateau="kulimitRollmop" ceboidsSautBobbing="dozenthMacksHaire">
      <sitkanSwiften>ungaiteMillyVeepee</sitkanSwiften>
      <armlessReffeltQuicks judcock="6013">
        <jacksMuggerPrecure>mintaka</jacksMuggerPrecure>
      </armlessReffeltQuicks>
    </keelie>
    <cingleSlaeMeline>
      <flutterBegazeWhuskie>hastenTimerauNippled</flutterBegazeWhuskie>
    </cingleSlaeMeline>
    <cinerinMeioOccult assayedLebenDegame="tirr" detteGuiro="daidledKaibabPentose" cascadoApodemaKoklass="lawingUseholdLollup">
      <avenues>6496</avenues>
      <comptlyClashElamp>
        <lancha>machinePapacy2812</lancha>
      </comptlyClashElamp>
      <ungueal jowlish="bing">
        <bratty>alewhapHinney</bratty>
      </ungueal>
      <moorage odeaAmidMocoa="anoint" hayseedWeaning="sops">
        <telangBugaraTurtur>asweveKryptonComart</telangBugaraTurtur>
      </moorage>
      <splakes divvyMadderLimu="cowlickCestidaMeats">
        <absorbsFidded>12784007</absorbsFidded>
      </splakes>
    </cinerinMeioOccult>
    <gravata liberaFaiteryPrances="dimmedFiance" morateCovetsOuttell="51115226" regurge="alnuinQuintesNormed">
      <gigletEddies>simbaResweep</gigletEddies>
      <oundy eugeneVergi="airmass1" corn="spaemanPhutPsoas">
        <nakongMuletasLet>strate</nakongMuletasLet>
      </oundy>
    </gravata>
    <pulsionGulps chiming="vellumyHousal" aogiriLunge="earmarkMuttBarbule">
      <weanocCupids>foamier</weanocCupids>
    </pulsionGulps>
    <drawing>
      <bezels>285716973</bezels>
    </drawing>
    <coalpit>
      <mimicalBepewedDidus>tympanoBespurt</mimicalBepewedDidus>
      <undustDills togas="picker" prenote="blattedScopineDorical">
        <misactsWoozilyOakboy>dillis</misactsWoozilyOakboy>
      </undustDills>
      <weilang lowsestPascha="letupStickle62" blendorHoagie="peason">
        <yakked>twos940</yakked>
      </weilang>
      <humerusDiplopyAvania kyahAnears="4727461" dhotis="unfool">
        <eposesAstony>larkingLati</eposesAstony>
      </humerusDiplopyAvania>
      <repinesPollex>
        <arrests>namable</arrests>
      </repinesPollex>
      <rebagSwilkieDianoia>
        <letted>befoulsVoidedAsper3929</letted>
      </rebagSwilkieDianoia>
      <ropyDurians>
        <grease>piotedVatman</grease>
      </ropyDurians>
      <sponginOvonic>
        <eyot>fetorFistuleHoking5</eyot>
      </sponginOvonic>
    </coalpit>
    <encheck>
      <weariesFistle>seminalReeks</weariesFistle>
    </encheck>
    <coerced>
      <ascendNepotalFrappe>lodgedCicadas</ascendNepotalFrappe>
    </coerced>
    <nocake>
      <chezSwy>coercer</chezSwy>
    </nocake>
    <inflow cotidalLyophilEnsures="hanch788">
      <nephriaMindersCeroma>glimKarsts</nephriaMindersCeroma>
    </inflow>
    <beadier>
      <trotletWigeonsIpecacs>revestSilangaEmpusa</trotletWigeonsIpecacs>
    </beadier>
  </sinners>
  <paiockeCeliteGrummet>
    <termageMayhemOrcas>
      <seasan>71760306</seasan>
    </termageMayhemOrcas>
    <widuBedrop craves="revival" disheirTypoSoftish="semoule" pokiesScans="encaumaKula">
      <ptilotaForesEmydes>jinns</ptilotaForesEmydes>
    </widuBedrop>
    <gasherAntrumRehone>
      <hikersChopinMythol>reselfHdbkCalcite</hikersChopinMythol>
      <flawy anepiaBeget="endmost535" paringsPendingPays="alalusTendentRelays4">
        <nusHoeshin>1965</nusHoeshin>
      </flawy>
      <referStavers anthus="deewanCarioca" insteepStifeMalie="unlying">
        <absalomPorkpenZemni>aslant</absalomPorkpenZemni>
      </referStavers>
    </gasherAntrumRehone>
    <luddenAvolateKiddier afzelia="devalueLimbousIngangs" koupreyExceptDumpers="liberalVillar" urgencyBirth="liltsRelinerLucifee">
      <russelToddiesMaliki>sethiteStomodeBanda</russelToddiesMaliki>
      <riferTorulasTebu espleesCitrateGillian="chumbleMeanish">
        <sheitelBaggiesEddies>tunsEff</sheitelBaggiesEddies>
      </riferTorulasTebu>
      <kitesRhombosCopulae shallowJaipuri="pennisMeatheCazibi" leg="surrasJazzer">
        <tiftZygaDepart>tillotValerieCaus</tiftZygaDepart>
      </kitesRhombosCopulae>
      <tiburon curdsBurgaGustoes="additurCubical">
        <atuneOverhieWoddie>sheafs</atuneOverhieWoddie>
      </tiburon>
      <stackerSponged>
        <adventsMytilusViii>neoceneLiftedLisette</adventsMytilusViii>
      </stackerSponged>
    </luddenAvolateKiddier>
    <usurperPeeving>
      <becroakBadanWerwolf>7925801</becroakBadanWerwolf>
      <polyniaMaillotAirmass okro="cyathiOldenedGadbee" cheveysIncivicTeazel="362214">
        <spaningCherty>groomsLieueVictor</spaningCherty>
      </polyniaMaillotAirmass>
      <diazoic>
        <strone>founderVorpalFlymen</strone>
      </diazoic>
      <jurare oomphsPinoBusts="shooksInkenGradus666">
        <lochsTurfsHedge>40165029</lochsTurfsHedge>
      </jurare>
      <demisesParcCarajas split="2" brutter="pareira">
        <pastinaLump>renvoy</pastinaLump>
      </demisesParcCarajas>
      <oneselfWeanyer>
        <mightly>tuparaMungoosEntre</mightly>
      </oneselfWeanyer>
      <skivingOutsin tcharikNephria="unhorny" glycylsElianic="jinsingExon4">
        <ganosesRabbisAuletai>2101983</ganosesRabbisAuletai>
      </skivingOutsin>
      <spewer gropersBackoff="9" pagingHimene="insolesUniateRetreat2298">
        <chiefryMooley>49469980</chiefryMooley>
      </spewer>
      <moidPercher octonalWeeks="pivotsWyver">
        <ignitorGangues>ulminVitta</ignitorGangues>
      </moidPercher>
    </usurperPeeving>
  </paiockeCeliteGrummet>
  <dooly oxskinScyldWhisp="bravingVaruses" abucco="claggumAdoralAspiree5155" maorisSavssat="rashDonnyOzotype" />
  <mackledAesir quislerJerkilyPommels="stacte">
    <virgosAga actiumSals="sulaba2">
      <drupes>sdlc</drupes>
      <mollandRotunda>
        <talloteCcwTwain>771876</talloteCcwTwain>
      </mollandRotunda>
      <kallahDismask loomed="scuft60">
        <emagramGaolVaunce>hawses93</emagramGaolVaunce>
      </kallahDismask>
      <citolesCreeled>
        <palliSadistsScrolly>tommed</palliSadistsScrolly>
      </citolesCreeled>
      <loliCarreeSekos judgers="crewmanNacreNummary" nonsuchCosmine="menyie48">
        <datariaGruffyCoin>wakenerCathead</datariaGruffyCoin>
      </loliCarreeSekos>
    </virgosAga>
  </mackledAesir>
</cormoid>