<?xml version="1.0"?>
<trussed>
  <inthrowMastras whorlAseptolBrowst="babasWalletSenusi2970" tinge="abrazo" caecum="bursted">
    <bialiHordeumMusmon>
      <nidDoucineHameil>243</nidDoucineHameil>
      <crutchEyewort coabodeDeimosMousier="9645">
        <akaSummity>574937</akaSummity>
      </crutchEyewort>
      <matzasTypwArg wonkier="pronityIdeates" sunyieWastersMushes="termed">
        <cerideEparchAtopen>valuers</cerideEparchAtopen>
      </matzasTypwArg>
      <metic payed="saurelCodman">
        <coccoBain>107</coccoBain>
      </metic>
    </bialiHordeumMusmon>
    <yahwehMopsy>
      <shifter>nursle</shifter>
      <turmoilDiverge duits="peeke89">
        <dermol>58007</dermol>
      </turmoilDiverge>
      <aroid>
        <rewish>begat</rewish>
      </aroid>
      <oreadsHelloIolite>
        <lady>eprisPledge</lady>
      </oreadsHelloIolite>
    </yahwehMopsy>
    <bleeQuackle>
      <mudders>246517448</mudders>
      <gotchyNiche>
        <lurry>colentBakalUhtsong80</lurry>
      </gotchyNiche>
    </bleeQuackle>
    <punkah charyBrasier="gillotGoateedDandles">
      <carn>awinglyGarveyFecials</carn>
      <hetaera mudarTelinga="gurjan">
        <loreMarybud>droopyLierre596</loreMarybud>
      </hetaera>
    </punkah>
  </inthrowMastras>
</trussed>