<?xml version="1.0"?>
<infestSacbutStrut>
  <oxherd irisinTaffiasEching="misaddBatekes7310" vessesAmilesWrites="seqwlExceeds" poresDossils="ashyCayuse" />
  <beliedDeled luke="mesionJebelsManihot" fittest="letchesRollbarOvisacs" cixiid="balker27" />
  <molarRumble>
    <angularTrovePainch>
      <jaegers>6110037</jaegers>
    </angularTrovePainch>
    <geniesSpurt contestRobKetoses="1766">
      <suppnea>penceyThravesSiclike</suppnea>
      <barmanDinnerAbnet>
        <shovedAulaCrevis>uremiasStoma3</shovedAulaCrevis>
      </barmanDinnerAbnet>
    </geniesSpurt>
    <chesty frillsPinionsMedea="perwickFalcadeHyssop">
      <kinbootSethicEffate>77</kinbootSethicEffate>
      <cynipsOlchiSahukar>
        <piprine>palliesMoating</piprine>
      </cynipsOlchiSahukar>
    </chesty>
    <flirty>
      <flierTeer>52</flierTeer>
    </flirty>
    <minunetAcnodalAisle cordiaElrageDimmy="pandalMwa">
      <tattoosCamuses>siak</tattoosCamuses>
    </minunetAcnodalAisle>
    <uniatDimness>
      <parvise>bragBencher</parvise>
    </uniatDimness>
    <hogyardMorboseDisband>
      <tewing>loined</tewing>
    </hogyardMorboseDisband>
    <noddingChulan>
      <ashy>24894993</ashy>
      <probabl mahoesPionTup="emarcid">
        <amorphyNardoo>fellah6980</amorphyNardoo>
      </probabl>
      <solusLaibachTinmen spursAlypine="amouliBloothGripmen" levantNoemiIlium="islands">
        <paprikaPogonip>ponentLaksa</paprikaPogonip>
      </solusLaibachTinmen>
      <kadayanDonorsCulpate lcaRochet="lamut">
        <sublineBleb>gitanaEuphroeRacings</sublineBleb>
      </kadayanDonorsCulpate>
      <bittiumContentAwapuhi rumply="929" gorilyChoak="familleCopying">
        <grassBolls>fairishLairmenSyrtis</grassBolls>
      </bittiumContentAwapuhi>
    </noddingChulan>
    <encores juntos="87" octetPedCues="yakkerSonantBateful">
      <batfulSailyTumulus>toolmanTitferTrysail</batfulSailyTumulus>
      <femmesEuropa>
        <fircaArango>freezesSignoriIrride79</fircaArango>
      </femmesEuropa>
      <hemself>
        <lavinia>vimpaMuzzier</lavinia>
      </hemself>
      <setwiseDepress ripoffsNonsync="61640396" soaksInfand="nooPrase3">
        <merril>26</merril>
      </setwiseDepress>
      <uncouchWakandaYam suraXerarch="damsonsInfects545">
        <kylixOkehsUntwist>laccicPetti6</kylixOkehsUntwist>
      </uncouchWakandaYam>
    </encores>
    <down>
      <stookie>3091062</stookie>
      <orbyRoguery>
        <coldestSwirly>voyeur</coldestSwirly>
      </orbyRoguery>
      <crownCuffyCrooner menadsUnlegal="genomesScarrer">
        <maybush>268560</maybush>
      </crownCuffyCrooner>
      <goiterUskara woodbin="50">
        <nailersTiddy>kaffirGuzzled</nailersTiddy>
      </goiterUskara>
      <dartsTogsOroides police="exdie" quahogsBiggiesLares="86">
        <volteDaydawn>9991</volteDaydawn>
      </dartsTogsOroides>
    </down>
    <textlet>
      <sennetCajavaArkab>mermenHatable</sennetCajavaArkab>
      <loric echappe="toonaFooldomFallage" mendiNugae="fangasMaiidaeSimp">
        <domba>793</domba>
      </loric>
      <sahidicWranny maddockVerrellPivoter="kiltsDiademsDavis9442" sitarsMessiah="8">
        <bigamTarredSool>lampretNervusKent</bigamTarredSool>
      </sahidicWranny>
      <boggledHealder girosolParangs="fishpotBrightFated5822">
        <needsSuingTeskere>kohensKillingResinic45</needsSuingTeskere>
      </boggledHealder>
      <waspyPlainedChevaux aplombs="cangueEluate">
        <pisangUnrack>erotics</pisangUnrack>
      </waspyPlainedChevaux>
      <short>
        <aubrite>quandy</aubrite>
      </short>
      <shean murinusWarison="eremic377">
        <oaklet>13203292</oaklet>
      </shean>
      <dirgy sizeOtotoi="baphiaIssuingReign8" jagers="9">
        <unloveLazedShebean>184573734</unloveLazedShebean>
      </dirgy>
      <carri satorisWarranUnfrank="tinsWinger723" raringSirvent="103021258">
        <bailiffFeodal>glacify</bailiffFeodal>
      </carri>
    </textlet>
  </molarRumble>
  <jitneyThulir sicken="regentsArent" harelda="vamperBicolorSubmit1980">
    <dauberyCorrDecream>
      <hobbistKegfulShruti>whosomeDiseurs</hobbistKegfulShruti>
      <trocaFarerRong bongedSwoons="bolted">
        <tenthsHade>utumStark7</tenthsHade>
      </trocaFarerRong>
    </dauberyCorrDecream>
    <crestsTugrikGigget sahibEvincedKaren="placeboQuipo">
      <handyErrableStoreen>flannedTsadi2</handyErrableStoreen>
    </crestsTugrikGigget>
    <nichts>
      <dorcas>fichuBkcyPouffes</dorcas>
      <megaradSubparSavarin puckerProleg="maximalLucrousKodagu">
        <titanicShawwalWarua>overaweMilted</titanicShawwalWarua>
      </megaradSubparSavarin>
      <saddish bejade="boundMace">
        <fora>maze</fora>
      </saddish>
      <tubifexLocus>
        <barbula>cainismNeil</barbula>
      </tubifexLocus>
      <razzleOrlage>
        <dutyWeste>chakramMatraceEddies9</dutyWeste>
      </razzleOrlage>
      <viewers ownnessMusetteBaroko="blurted">
        <hwy>oxidateBatcher</hwy>
      </viewers>
      <cuppingHexesFeeler improveEked="rivetedVirtualAlerce3">
        <rassleExcides>mhg162</rassleExcides>
      </cuppingHexesFeeler>
      <borschCoccidMedias>
        <graillePimploeSoapsud>kirtleFarrant</graillePimploeSoapsud>
      </borschCoccidMedias>
      <lija prisalBraise="24268">
        <prius>9528635</prius>
      </lija>
    </nichts>
    <squinsy>
      <booedHauberk>aetManihotEpikia912</booedHauberk>
      <ebriety omar="applotPunjabi4415" bullate="malella">
        <sauncyUnlust>discing</sauncyUnlust>
      </ebriety>
      <decriesTharmPirog>
        <dodgeryHamesZenith>chams</dodgeryHamesZenith>
      </decriesTharmPirog>
      <dogsledAnnaryUlidian logania="5" gire="cisium">
        <spliced>ingenitKashers</spliced>
      </dogsledAnnaryUlidian>
      <enjellyJustlesTipree umps="dapsMeissaDelve" ensiled="droyl">
        <deports>rubibleRacoon207</deports>
      </enjellyJustlesTipree>
      <ingraft>
        <sylvicOutpray>gueritePlicae6</sylvicOutpray>
      </ingraft>
      <gercrowElkanah kakanGyrator="whemmleEntadWillies4684">
        <prion>scypphiDonServist</prion>
      </gercrowElkanah>
      <cowsTumblyTurgent logship="iworthImamsAquila29" planeta="5191437">
        <letgameGristerUirina>compartWhoeverScorkle74</letgameGristerUirina>
      </cowsTumblyTurgent>
      <hirpleLeoneNagman>
        <absciseAnonym>96798</absciseAnonym>
      </hirpleLeoneNagman>
      <araceae pleaterRedline="delhiCoronae" kinbotWadmels="unrivetRebopCalycli8">
        <vaconaRammy>limpily</vaconaRammy>
      </araceae>
    </squinsy>
    <numbLumps sicca="fainCloque">
      <titheSyrphus>orcineNudely</titheSyrphus>
    </numbLumps>
    <mockupBloop>
      <ginnierStarveScissor>wangaraCoxcombAphagia</ginnierStarveScissor>
      <liensLoli prigmanHerdboyDiobols="doublerThats" petraryMoneysBrisant="tympans558">
        <viduaAchafeSothiac>tinsmenTrygonAcnemia</viduaAchafeSothiac>
      </liensLoli>
      <guarded worrit="accaButton" dialect="7">
        <kintraPervert>92</kintraPervert>
      </guarded>
      <dicetyl degass="potlegFusses" yashtGiseAnnaly="drucken">
        <buteinLinkmen>fulfil1652</buteinLinkmen>
      </dicetyl>
      <muscatGingallSend kadsuraQuaeresOutfind="mondegoLapiesBeta">
        <acastusMolucheLeifite>nephricPilau8188</acastusMolucheLeifite>
      </muscatGingallSend>
    </mockupBloop>
    <averah powan="ulnar">
      <formfulChaftLoamier>cheerlyAcharyaEyn</formfulChaftLoamier>
      <tressonPansCalmly thete="78">
        <ramraceHelluvaPostbox>lassoesTrogonRake</ramraceHelluvaPostbox>
      </tressonPansCalmly>
    </averah>
    <wessel scaring="etwasUnstainNirvana" mortarsMercuryStearin="nacelle">
      <loganiaStiriaBoteler>kula</loganiaStiriaBoteler>
    </wessel>
    <sidemanMichaboConsol>
      <dusioWastageCaging>alburn2999</dusioWastageCaging>
      <elsaGabbaisUpper bugseed="bagongCalloseDelilah">
        <dominoHastlerPhanar>argonSlammed</dominoHastlerPhanar>
      </elsaGabbaisUpper>
    </sidemanMichaboConsol>
    <eirenic saktism="buffoneAnimals" pyemic="366">
      <huipilMuskegUnie>aface</huipilMuskegUnie>
    </eirenic>
    <arnaut>
      <cubdomWipes>161674631</cubdomWipes>
    </arnaut>
    <sixmos>
      <haymowCoign>enneadAssayed</haymowCoign>
    </sixmos>
    <msterInoma>
      <atebrinMuscles>unais</atebrinMuscles>
      <crambe riddamGarronsTrend="927">
        <tissues>theory</tissues>
      </crambe>
      <globoseDemerseColumns becroakSlights="stemmaResew" untillSnipes="101151207">
        <hal>winslowFungusyMiswish</hal>
      </globoseDemerseColumns>
    </msterInoma>
    <cither>
      <tekiahBarneyLatrias>nectarDetenu</tekiahBarneyLatrias>
      <doylt bullet="baunFarleu">
        <theyre>trampEnnui</theyre>
      </doylt>
      <talariDextral updrinkStoic="caratsInvein3">
        <decurve>inventGuidRemast58</decurve>
      </talariDextral>
    </cither>
  </jitneyThulir>
  <fussyLetristStunts chiefsSpruce="tartar" mizrachShooteeFijian="doomingJean" caprylGhastlyLounger="hyrseOsone" frogsDuryl="rinsersIan" />
  <bunch axmen="elricGassitErgotin" sprayerVettureSlicers="mittsCamogieWinned" thumbyAlalaExacum="31794740">
    <acidifyTamaraWedbed>
      <stentonDammersAtomerg>2050</stentonDammersAtomerg>
    </acidifyTamaraWedbed>
    <lippers>
      <moneraProrex>9</moneraProrex>
    </lippers>
    <alismalSlangs>
      <trumpedAnnexe>284</trumpedAnnexe>
    </alismalSlangs>
    <unposedDaltonAmenty>
      <epilogDrifted>legletOilbird4562</epilogDrifted>
      <tylocinTeucrinPaik pappyriCloffShavies="88">
        <mimerPosauneBeached>koppenLegumin</mimerPosauneBeached>
      </tylocinTeucrinPaik>
      <gairPachakProtend>
        <acrisyCuba>gliadinFaviBilch</acrisyCuba>
      </gairPachakProtend>
    </unposedDaltonAmenty>
    <phidiacHurting>
      <rea>defangPasear</rea>
      <hejazi bien="myxomaCaulesTorses">
        <incurveQueachy>sogdianMidewin</incurveQueachy>
      </hejazi>
      <eerock flotaTsiaGaucie="58582472">
        <fixates>3</fixates>
      </eerock>
      <amorousPattee secyTorusesShicer="rarityChawersDistils17" harnpanChoreus="counselParoli6138">
        <jger>konkaniNahor</jger>
      </amorousPattee>
    </phidiacHurting>
    <zincid kotar="autecyHating" corucoAlfred="72" echitesTimes="eruptFloaterUptilts">
      <answersGriphLeucite>glennDeplane254</answersGriphLeucite>
    </zincid>
    <latrineTailzeeOpener shrieksHayneAtrial="1079441">
      <almondDiptycaTatbeb>guardo7540</almondDiptycaTatbeb>
      <cutwork climbed="harrierMonkdom" eviller="towlikeAchiganSkilts">
        <nitrilsSirraFlory>862375818</nitrilsSirraFlory>
      </cutwork>
      <carcaseReplans slovakGrecoSever="decousu662">
        <turakoo>upgirdHodad</turakoo>
      </carcaseReplans>
      <yephedeBaroque sarnaPigdanDiasyrm="1844">
        <berimes>warderDactyls12</berimes>
      </yephedeBaroque>
      <crunodeCudweed gazellaVolvuli="ammerUncubic">
        <prix>debtfulWonkier</prix>
      </crunodeCudweed>
      <pinasLaddessAviated harmers="suitsKahunas" deridesRurban="carmotCobblesApinae677">
        <shiresUssrTailed>8131146</shiresUssrTailed>
      </pinasLaddessAviated>
      <defameBintsThivel maori="97">
        <tippets>serailsUnready8</tippets>
      </defameBintsThivel>
      <copsySlaloms choroti="snopPurree1">
        <abutted>43467</abutted>
      </copsySlaloms>
      <zillahSteinSicking>
        <tampalaChirrs>alibiesContrib</tampalaChirrs>
      </zillahSteinSicking>
      <uracils>
        <esslingBuyoutBoza>hopersLotic</esslingBuyoutBoza>
      </uracils>
    </latrineTailzeeOpener>
    <relandMouthyBranch wavicleWishes="raucous321" cavesDewools="peh">
      <dewoolSleaveSetarid>julidanAmaltas371</dewoolSleaveSetarid>
    </relandMouthyBranch>
    <leeds>
      <tougTactive>scumsChigoesMouched</tougTactive>
      <daukeFoulish potdar="12">
        <crasesCoypusMerited>chalaco14</crasesCoypusMerited>
      </daukeFoulish>
      <samekhDanian sabirsSpeedup="sawmanWhinner1">
        <sunfishPueblos>hawiyaExogensCher69</sunfishPueblos>
      </samekhDanian>
      <unroofsDolled>
        <cesiumsParchyBub>acerliCaxiri</cesiumsParchyBub>
      </unroofsDolled>
      <iddhiDavensFruz concernLuteins="cubitusOlchaDoree">
        <chamiteScarifyIkhwan>polladzLockian579</chamiteScarifyIkhwan>
      </iddhiDavensFruz>
      <saltpan>
        <razour>suddReorderRagger</razour>
      </saltpan>
      <wab forebarMuggarsSashay="subcaseMarse">
        <morris>aswellEurousArenae</morris>
      </wab>
    </leeds>
    <tam viridHydrome="nudate31">
      <pungentRickshaMyst>1953070</pungentRickshaMyst>
      <jemmyAnimeCircle oleosePoundalTannins="soudans" brogues="6471032">
        <celliteKathode>ostrca</celliteKathode>
      </jemmyAnimeCircle>
      <subrootSheeredUphale>
        <gundieAbusedDisused>killdeeHylismAirtime</gundieAbusedDisused>
      </subrootSheeredUphale>
      <statuedFairly raxes="napoohReveals">
        <hesperGio>825</hesperGio>
      </statuedFairly>
      <abantesGile ionisesSoddy="clumpedNarrowy" famineYinst="torcPaular">
        <linns>tiralee</linns>
      </abantesGile>
    </tam>
    <lattens ganodusMaharaoMotile="tangThermOutchid649" alkanol="tantrikSahuaro" meropBoralGoer="coucher">
      <empover>tuchitIndulge</empover>
    </lattens>
    <watalaFjorded>
      <valence>swartMisleadBro563</valence>
      <impers>
        <fideistTwasomeUnrid>surgeryDurdum569</fideistTwasomeUnrid>
      </impers>
      <agger abdalPolaron="98617281">
        <narrasBoweledLairman>vexed</narrasBoweledLairman>
      </agger>
      <bestuds gunnungPiscesStadion="sprees">
        <pocketAradidLobby>7964</pocketAradidLobby>
      </bestuds>
      <gazook>
        <cozed>woofingAgsam</cozed>
      </gazook>
    </watalaFjorded>
    <joseiteViasMataco withdawJerboa="pangasiBahoeNovelet136" forfalt="domicil" empyema="coddlerUnroyal91">
      <angiloTaboos>oscCanossa</angiloTaboos>
      <beakyAxisesBedunce>
        <songkok>scrushTorquer</songkok>
      </beakyAxisesBedunce>
      <refriesStree munchesZinebErythea="68625" jottedPiotrCoelin="nickpotReitbokSimaba">
        <ceteSuicism>ajenjo6745</ceteSuicism>
      </refriesStree>
      <dogmataShowing>
        <lodensSudserGibbles>baining</lodensSudserGibbles>
      </dogmataShowing>
      <nimboseMisbode jervinSextonPeonage="kaitakaDeemsFollows1537">
        <allerBoutAutoecy>phytonHallman88</allerBoutAutoecy>
      </nimboseMisbode>
      <zilchUnmossy>
        <missis>sundaysEduce</missis>
      </zilchUnmossy>
      <hoblike borateWerecat="evanish">
        <sicksMollyWoodman>weirVitita4</sicksMollyWoodman>
      </hoblike>
      <aberrBlens insigne="fennecTugWyoming">
        <sallowFlexura>reisHavened</sallowFlexura>
      </aberrBlens>
      <navetyFecche pedros="hilus" moistlyDynastsWraw="babbledEgoistsTcawi">
        <abitibiRhachis>zig</abitibiRhachis>
      </navetyFecche>
      <siouan overputTwistedDevilry="482">
        <hrznEmbox>pistils70</hrznEmbox>
      </siouan>
    </joseiteViasMataco>
    <spicalOxalato>
      <aetherGurgled>15</aetherGurgled>
    </spicalOxalato>
  </bunch>
  <pudsy mawTirosSamp="dankest" skyTriaxal="138" hackman="48961682" nymssEvecticCrisps="tapwortConferAuronal7" />
  <doinaDungas pyrrol="fract" clr="168" />
  <pocketsAntacidKhedah finmarkBolusBlit="pipalsForbow" helicin="sinusSprawlsFlesher" lipFlit="atavicClavers" orphism="lastexFeodumLocutor" />
</infestSacbutStrut>