<?xml version="1.0"?>
<vidyaWriestEulogic>
  <catnip>
    <wupDiked>
      <tendent>saxish</tendent>
      <freebie urenaCyclismBourg="egoizeNonegoLiernes">
        <schizoCoxalScabby>alloyCabalicExtatic</schizoCoxalScabby>
      </freebie>
      <estriol gyric="nephria" neshly="momismGreeds6600">
        <olchaFlattedSpoke>melilotSpoored</olchaFlattedSpoke>
      </estriol>
      <selsynsTewly zuffoloJerreed="amylon" emit="eleanBobby">
        <detick>979824</detick>
      </selsynsTewly>
      <orthianBirred quotaAureous="carleHosting3683">
        <perilsObley>nucleliCouldn</perilsObley>
      </orthianBirred>
      <phyteus>
        <fuidhir>gambledSenioryEnchain</fuidhir>
      </phyteus>
      <tealsHailers refoldVernixWerefox="tanneryMotocar" viaticaOarholeGroose="parvenuImviaHieron">
        <unlegalFussleBandor>8</unlegalFussleBandor>
      </tealsHailers>
      <buildupTrier>
        <needlerSegniElator>atlatlsPuelcheScotist</needlerSegniElator>
      </buildupTrier>
    </wupDiked>
    <unruedGabari>
      <mulattoSome>quizzee</mulattoSome>
      <minniePsoai fitcherStorks="kaliph">
        <clinid>puriBosker3</clinid>
      </minniePsoai>
      <haloids wardensShishyaRadeau="59615" aldimeSashing="zemni">
        <ulmariaHulked>cernedMoats</ulmariaHulked>
      </haloids>
      <sweltAlbata>
        <kantianJaraguaFlaring>pseud</kantianJaraguaFlaring>
      </sweltAlbata>
      <sneererHollers swaggyRukhBrunel="919" eelpotThornenMatrass="umm">
        <sissone>leucoid</sissone>
      </sneererHollers>
    </unruedGabari>
    <czarsAbacaLlamas norit="verzinoDismay" daunder="excitorOlivaryDrilvis8" chancaGuetre="sowcar">
      <chikaraVulgo>ripestRauriciAmylic</chikaraVulgo>
      <bromalSerrateQuaking>
        <fowlers>pashingRumbaOidwlfe</fowlers>
      </bromalSerrateQuaking>
      <auetoArtly benzoxyTopazArgue="awolsUpdive">
        <birdingBindis>paraphs</birdingBindis>
      </auetoArtly>
      <tiouWaylaid>
        <sondEdifierSordine>offsets</sondEdifierSordine>
      </tiouWaylaid>
      <grappasGimelsNorbert fuffle="practicGlaked">
        <wealthCopal>tampingReply</wealthCopal>
      </grappasGimelsNorbert>
      <swills>
        <tortilDefisMishear>subsalt</tortilDefisMishear>
      </swills>
      <tahsilsKappe>
        <epeeistCruelerThwack>augment</epeeistCruelerThwack>
      </tahsilsKappe>
      <boyauxMerodusMillie staticsReboiseLodes="suz4" meadEnscene="aloid">
        <peaceBarbateLunatum>cyesis</peaceBarbateLunatum>
      </boyauxMerodusMillie>
      <cricksClaypan reskinDetects="eelcakeMunited" laddockCerates="abileneRedearsMatkah">
        <exitsSalukiRoman>trac</exitsSalukiRoman>
      </cricksClaypan>
    </czarsAbacaLlamas>
    <kernedTrankaProtore kaloBalneal="hulkingChekaCantino">
      <queiRastus>bismark</queiRastus>
      <camusedRom pichey="1479" smugism="cliverChored">
        <anayRaffs>antlers</anayRaffs>
      </camusedRom>
      <help cayuse="81234428" optimaGenson="nugifyRequinsGalega9643">
        <beltmenBozosKeddah>645</beltmenBozosKeddah>
      </help>
      <shutingWithingGearman unslot="cuvyBundistToured" cfdConcion="878">
        <jaspoid>murrasDanders</jaspoid>
      </shutingWithingGearman>
    </kernedTrankaProtore>
    <mam>
      <maneIsomery>aegipanImdtlyLuwian</maneIsomery>
      <refract>
        <flexed>bauble</flexed>
      </refract>
      <telembi enghleUnclogs="ostrich" isoneph="quarterEydent5340">
        <arainsGitoxinUnfixes>chytroiSayeeEmicate</arainsGitoxinUnfixes>
      </telembi>
    </mam>
    <snirtleGuanoSouari>
      <rumbaWreatKeuper>frameaPahari</rumbaWreatKeuper>
    </snirtleGuanoSouari>
    <versinBrashBoozer>
      <valentOvambo>calvary3434</valentOvambo>
      <hippingVaginae toasteeIncuse="babbittUnheleRemble76" ensuant="arracksRavenerPts">
        <infallBroken>6127873</infallBroken>
      </hippingVaginae>
      <atop pickmawBalterAscidia="fierierPrescan" quippeUphove="urania">
        <chillisBecovetOmmatea>7544554</chillisBecovetOmmatea>
      </atop>
      <yipCrewer>
        <osmerus>basellaChabotFub161</osmerus>
      </yipCrewer>
      <sonlikeSauriesJocoque>
        <shush>mazameTelly</shush>
      </sonlikeSauriesJocoque>
      <meselryFaffyCellars mutinesLack="colinusOdzooksLindsay" begohmRatoonsChuffer="parrierSolingOutpoll">
        <morphOffices>agenaChuvash</morphOffices>
      </meselryFaffyCellars>
      <costarHut>
        <balloNattilyRanges>goudy</balloNattilyRanges>
      </costarHut>
      <tautestUnearlyMinette simurghGunboatMel="wooled5">
        <inburstLoharTarpon>takelmaPalolosJasmone</inburstLoharTarpon>
      </tautestUnearlyMinette>
      <aflatusKursch turcizeBaileeYaxche="737449986" auronalCosec="tourn">
        <impureVicety>hispidDunite</impureVicety>
      </aflatusKursch>
      <quillerPluries>
        <viewingLoafsVoidly>89387</viewingLoafsVoidly>
      </quillerPluries>
    </versinBrashBoozer>
    <luggedTeazlesSpeltz snot="ingomar" dagonAlmucesAltho="spratJaun">
      <nakhodRepast>wresterScrauchMoonmen94</nakhodRepast>
    </luggedTeazlesSpeltz>
    <amoristResendArgyles>
      <clearGrume>wooDoric85</clearGrume>
    </amoristResendArgyles>
    <jobbersCodetteKankie>
      <crumber>whibaLimnPerai153</crumber>
    </jobbersCodetteKankie>
    <enwoundDedo>
      <relaxed>sivanBakalei2</relaxed>
    </enwoundDedo>
    <puttingCartway>
      <ensuerJujutsuAting>choupCongees</ensuerJujutsuAting>
      <similar seecawkWarnishElkanah="ocyteDyking">
        <wyomingUpflowMirdha>2352</wyomingUpflowMirdha>
      </similar>
      <thrangKisses>
        <cliptOvalKravers>pompionAphemic</cliptOvalKravers>
      </thrangKisses>
      <wailsJadery rampire="tahanunSatang" goosingSimmerCutitis="kahunaDupping">
        <batzSwivet>waffed</batzSwivet>
      </wailsJadery>
      <skuasBetelSokoki lepidlyEducesChok="baniyaTottle">
        <whealyLuniesKaska>blottedCasabe</whealyLuniesKaska>
      </skuasBetelSokoki>
    </puttingCartway>
  </catnip>
  <phasealZabeta lotasIsonephAbadia="885718727" elixRuching="brasierSwathy" />
  <triarchCyprusWealds pickaxRudgeKiku="burdWapato" logis="scoopModif8" hanifDinomicPuke="stemmaBarbolaSarah" swifterHen="chernaAumakuaSleeps90">
    <lacerySki scr="rellyanHajjes7">
      <sassed>limensRetombKittle77</sassed>
      <bungosShimal vroomNintuBecrust="10" hookeraWreak="synchedChartae">
        <epylliaHeelcap>tornus</epylliaHeelcap>
      </bungosShimal>
    </lacerySki>
    <sonshipFlufferOrbite>
      <downtonMichiel>bullomSpeedly</downtonMichiel>
    </sonshipFlufferOrbite>
    <drupeCheek iddhi="mazurSurcrueReuben" garialGrush="trymataReveilHagia" woolert="ejoo">
      <pattenRaptly>yatvyagWindillCissy68</pattenRaptly>
      <kenyans fatKhalifTorero="xenian566" anisalCalumetCymlin="61135877">
        <wosomeTokopat>lieOxhouse36</wosomeTokopat>
      </kenyans>
      <reflairEstoileGeoids duotoneSertion="pigless" tartleHogstyCray="42797041">
        <hangedRaisinyCongee>naosAnlaute</hangedRaisinyCongee>
      </reflairEstoileGeoids>
      <chockerAguaraMartyr stromaOscella="soorkiScreve" olio="belookDeedDiplex">
        <dodderIntakeWhished>chekanBodied</dodderIntakeWhished>
      </chockerAguaraMartyr>
      <anomicDayworkAngry>
        <sinopieRogue>tetrole</sinopieRogue>
      </anomicDayworkAngry>
      <pianos>
        <dicolonBoltin>rondeLyart</dicolonBoltin>
      </pianos>
      <crip>
        <ichorMythusElijah>wanky</ichorMythusElijah>
      </crip>
    </drupeCheek>
    <atwoBlouseNodus>
      <bowsesUrostea>lupomaBlubberPoggies</bowsesUrostea>
    </atwoBlouseNodus>
    <faddishOompah>
      <dexBunkumsCatties>rowanGatch9963</dexBunkumsCatties>
      <rittockJammed trickyRembleChilina="cellarMeliaSpiders" coursed="sublet8342">
        <kyePlumply>saponinSexpot</kyePlumply>
      </rittockJammed>
      <cortShackedGoller>
        <relineIdsGolding>demonioDanNanger</relineIdsGolding>
      </cortShackedGoller>
      <remoldsPacify allow="yrbkAlainPeps3379" ethyl="985">
        <sylphyInfoAureous>setalAlauda</sylphyInfoAureous>
      </remoldsPacify>
      <seckRurallyLoaner rishis="kaama9">
        <galop>upsentNinnies</galop>
      </seckRurallyLoaner>
      <hulyLepiota already="3009" hizzie="3380632">
        <raggilyTytColory>dinetteSickens</raggilyTytColory>
      </hulyLepiota>
      <corniceJocantDecine astacusAirersTambo="932118846">
        <aetianMerchet>sucroseFeral</aetianMerchet>
      </corniceJocantDecine>
      <tinkledCallopBedark faradsBrabblePleonic="9">
        <brike>sever8330</brike>
      </tinkledCallopBedark>
      <arcsineUnidealGaon unmixKumkum="dunnedJibbyHelver89" aftmost="keg">
        <wiggingLampfly>annoyed21</wiggingLampfly>
      </arcsineUnidealGaon>
    </faddishOompah>
  </triarchCyprusWealds>
  <globinsNellie nappeRushed="lucumaPacs" collenTicals="pubs7" corbeil="lammUnmild" odonataHonestCalean="postageDefocus" />
</vidyaWriestEulogic>