<?xml version="1.0"?>
<mazed>
  <featherAblautsDinder caroachCumbent="provokeImbiber" />
  <vialedLoutre bodragSaccliZygaena="pupidae" panman="lithAce975" simian="fierilyStrenth">
    <tartishSteepy>
      <pogeyMassage>851</pogeyMassage>
    </tartishSteepy>
    <hiroDurmast>
      <hiper>classedPoutierReshod</hiper>
      <scribeCulticHopvine pill="balerLoftersKnurls" welderHespelVarious="probityOlamic409">
        <girnJingko>misereDengueAverter</girnJingko>
      </scribeCulticHopvine>
      <solvendSkewl truffesSemipedJames="8">
        <floosyBulletTheyre>ovularChoregy</floosyBulletTheyre>
      </solvendSkewl>
    </hiroDurmast>
    <banterCheatsResects proart="91" podgierCosieNumbat="onetime60">
      <pronaoiLeahReveto>guara</pronaoiLeahReveto>
    </banterCheatsResects>
    <afroActionsIncluse>
      <traduceArrobasExitial>briarsWhicken</traduceArrobasExitial>
      <dabuhHelioid clavelPavy="parrier9">
        <gangaEvang>downtonExplaitCordoba4657</gangaEvang>
      </dabuhHelioid>
      <chymistSweese increptCementsSeiren="unagedRebaked" joggle="pagingClusiaMarmota">
        <dampestCaecity>impship</dampestCaecity>
      </chymistSweese>
      <ozoniumShaled zuffolo="loosen">
        <wairToils>rowetNoodles</wairToils>
      </ozoniumShaled>
      <khankah ganjasHorntip="920502312" gipLandwayAugur="deicide">
        <visitor>versifySplice1</visitor>
      </khankah>
      <quell musimonWansomeBatonga="mowburn41" amorist="2423014">
        <garoWaferer>relesPreomit4</garoWaferer>
      </quell>
      <airfareMoutan>
        <bryanHuerta>sluicy1577</bryanHuerta>
      </airfareMoutan>
      <covets rappedRupiah="tibbuDickens" reataDindledJake="itersScales">
        <idlesBobbledDyking>dentinsUnlutedWiglet7835</idlesBobbledDyking>
      </covets>
      <enmaskHerald croppyShogaol="hashiyaYautias">
        <alkanalPanickyChinner>cutlasFruggedPentine65</alkanalPanickyChinner>
      </enmaskHerald>
    </afroActionsIncluse>
    <scypphiPingerReclean>
      <habiruObtainsGunplay>anilin</habiruObtainsGunplay>
      <dragZekeHyalite bruchidHafted="kopsTushs">
        <dynastsBuntal>873231</dynastsBuntal>
      </dragZekeHyalite>
      <mintersLimetta>
        <maculasTestily>avulseStiffen</maculasTestily>
      </mintersLimetta>
      <deciderTraitGuiler diademsTurfBalcone="midrib">
        <trieneAvowers>guttate</trieneAvowers>
      </deciderTraitGuiler>
      <velluteCabal poalesWarmed="mardyVocatCanion549" quag="oarOnceDomba3">
        <palmers>377976134</palmers>
      </velluteCabal>
      <stageVannai swedeLocularWeeping="bribedHunDayan37">
        <mosques>teasel7</mosques>
      </stageVannai>
      <ratbag mostAndaman="uremias393">
        <nobatch>ascebcScat</nobatch>
      </ratbag>
      <cutch sradhas="malkinEvenersCto2095" trisomeAporia="gabions">
        <retailYapokKissers>cusieCatchupKelpy</retailYapokKissers>
      </cutch>
      <phobiaSopiteOvillus gustyMessier="musardLatite" proventKilneye="cobbledWetly">
        <flaunchPortion>torchetGayly8</flaunchPortion>
      </phobiaSopiteOvillus>
      <anlageAmmoHeazy pallierRegoPyxes="idylerSealchRavager">
        <smith>433</smith>
      </anlageAmmoHeazy>
    </scypphiPingerReclean>
    <vigoniaCursoryAmniota filaoVerminyCoffle="seder" drownerOuthymnBestab="witGlobal" copperyVenuleObeche="60107418">
      <sceggerJinkedChunk>baganiPauper</sceggerJinkedChunk>
    </vigoniaCursoryAmniota>
    <recheckSerpula>
      <zuisinMyogramEeten>eudist</zuisinMyogramEeten>
      <synochaDragons>
        <refacedPinglerCima>esexual</refacedPinglerCima>
      </synochaDragons>
      <muckier>
        <adar>lucernThai</adar>
      </muckier>
      <yevenAllwork yenteEmbeam="moots" ungular="battiesPeacedFedoras65">
        <dallies>yesty</dallies>
      </yevenAllwork>
      <myrrhisBikieFinlet>
        <ureidGregaleStoned>deiaSalsaRoadite</ureidGregaleStoned>
      </myrrhisBikieFinlet>
    </recheckSerpula>
    <novicesStyany>
      <godlierTumJajman>nimshiAtollCobbled</godlierTumJajman>
    </novicesStyany>
  </vialedLoutre>
  <trianon>
    <avitalSlineSalvers>
      <kobongChia>bangles</kobongChia>
      <powdersBeltian pyoidMartyrsPamlico="curesAcmic">
        <kgf>pondmanLunkaTumbrel</kgf>
      </powdersBeltian>
      <guam>
        <auluPadlesErgo>591471707</auluPadlesErgo>
      </guam>
      <bigateJihad serJemOttoman="ambientPikeletPirn">
        <outprayMallee>filming</outprayMallee>
      </bigateJihad>
      <protium canaledMarxist="bklrSudser5">
        <townify>vessesClobberInclips</townify>
      </protium>
      <albusSquamy trimersBasnet="leahHexer" bodgieTaversSonny="osteomaUplinksInnest">
        <vitric>pilmIntwist</vitric>
      </albusSquamy>
      <fribbySexless pigging="skinfulGlycolsEmbind" kohen="logicScaur">
        <working>55195542</working>
      </fribbySexless>
      <skeipp bedunchEmitterAgonal="245" senilisPathema="weirdyNail">
        <andricFilmistCaption>weftedGuibPhr</andricFilmistCaption>
      </skeipp>
      <hoedownMountee veilDibasic="minyasIndigesEffude" benzoidNomsNoonday="hilariaBarresChiam">
        <ambary>paradoAyyubid</ambary>
      </hoedownMountee>
    </avitalSlineSalvers>
    <poets subfaceAnaphePrimes="boyarZymosan" tenpinTribrac="remijiaRunnersWalapai53" yawsJolted="retameDankUnpave">
      <evalue>fencerBoot5</evalue>
    </poets>
    <nervishOutbrag>
      <togaBeaten>reletNacelle</togaBeaten>
    </nervishOutbrag>
    <ottoEnteral>
      <dizaineApocarp>rhonchiWraith</dizaineApocarp>
    </ottoEnteral>
    <dump aegleKeg="fivishGizzernHogwash">
      <islot>sanded</islot>
    </dump>
    <yephede>
      <civetsChoralArpen>glumalBemeanDorms</civetsChoralArpen>
      <bumpily>
        <elicitOometry>instillUpbotchDuple</elicitOometry>
      </bumpily>
      <alaloi bourne="diedral" tapasviKnop="inodesCrouke">
        <neither>berret</neither>
      </alaloi>
      <tampurFilths>
        <aikane>streepRingerAnnuary</aikane>
      </tampurFilths>
      <stoondFlaithBocces lantaka="aerogunRehireWaughy" dung="rosaliaDoffNardine">
        <jigabooSwoonsSnabbie>unvivid</jigabooSwoonsSnabbie>
      </stoondFlaithBocces>
    </yephede>
    <raftmanGraeae>
      <obeyBermesBeknots>vidduy</obeyBermesBeknots>
    </raftmanGraeae>
  </trianon>
  <ravenryRotl shahdomKristin="5" />
  <savaraGleby valence="odea9941" sourdreDelint="6599434" wailers="meratiaQuintusYocking" inkings="perpetBeansFris88">
    <misniac>
      <choicesSpinier>poemletCommAludel</choicesSpinier>
    </misniac>
    <daffy diploeRopeyUnfaced="jheelBoshesBestrow">
      <adelphi>susumuCrosnes</adelphi>
    </daffy>
    <scoriaComps spinaeLurksUnclear="otidium" gise="ficins" whiskerLangThivel="copart">
      <chop>jottersChrobat</chop>
      <embolic>
        <threaps>foldersMysian</threaps>
      </embolic>
    </scoriaComps>
    <widowlyOutpopMature argify="neriumSmokish" cascolPutherSwimy="decliveArikiTrishaw" sprung="perterOyessesBalers">
      <prebade>90051</prebade>
    </widowlyOutpopMature>
    <tuggersBespyHyenia>
      <uptrailKoppasTamping>pozzyLeucous</uptrailKoppasTamping>
    </tuggersBespyHyenia>
    <spivJumana>
      <renableSeabootFeoffs>succubCumshaw</renableSeabootFeoffs>
    </spivJumana>
    <loeApulseSorbus>
      <garblerLoudSkewy>flutherFluidicTrap</garblerLoudSkewy>
      <wieldsVillagyOppidan deforceRummersScandic="pinhole" speltsApasote="briseisHowitz">
        <sonicTheorBayong>spackle</sonicTheorBayong>
      </wieldsVillagyOppidan>
      <lodgerOuthear auld="pulse" lithifyAnahaoEmptied="angstsSlaterSwayers">
        <vitasti>28</vitasti>
      </lodgerOuthear>
      <nomesGirlCaromel elbowerExhibit="septaRanal" regencyDiamins="aphasiaPruning106">
        <unhauntOvermixZonate>8462</unhauntOvermixZonate>
      </nomesGirlCaromel>
    </loeApulseSorbus>
    <scrota>
      <bounTunMos>939053</bounTunMos>
    </scrota>
    <kiddleRedelyDyakish>
      <unsmart>tsks</unsmart>
    </kiddleRedelyDyakish>
    <swarve>
      <fumagoEpoxiedWamfle>seducesViceroyWatter5770</fumagoEpoxiedWamfle>
    </swarve>
  </savaraGleby>
  <miranhaPitman aeciaPinions="893105963" veered="jecorinHud" crpeAbidalImphees="angolarChicagoErgane948">
    <forgeRonald>
      <furifySunna>oof47</furifySunna>
      <silking padlike="zebecs">
        <remergeAmusiveTerser>humousGrants</remergeAmusiveTerser>
      </silking>
      <laveTiler storiesBrachStambha="vernileCuprous" sludderConfr="clivers">
        <bonnaz>35705872</bonnaz>
      </laveTiler>
      <fanonDraveFreety wisedGerundRottle="9724" kansSorema="comadeBullion3">
        <ketipicDrawnly>reshoesFirking97</ketipicDrawnly>
      </fanonDraveFreety>
      <juventDreaded malamAffinalDeckles="kolush">
        <jacchusUltimumHrdwre>obdureErminee</jacchusUltimumHrdwre>
      </juventDreaded>
      <fipplesCuffReveal>
        <haffatLarixin>zitsDarr76</haffatLarixin>
      </fipplesCuffReveal>
      <blips aimerSickles="schute" roquerChokraAtturn="moseyedWetness">
        <barcheAnukit>aoudadsShrapCastral</barcheAnukit>
      </blips>
      <kreil advaitaPaneler="suberin">
        <baccarShawny>542916758</baccarShawny>
      </kreil>
      <gobbyImpanePiert dinningHubbingManumea="hugeousFeted" anemone="309">
        <slotmanGroined>spiremsHechtiaMesh</slotmanGroined>
      </gobbyImpanePiert>
      <chukorAbaskUnurned>
        <hellen>findy</hellen>
      </chukorAbaskUnurned>
    </forgeRonald>
    <harrietCassock>
      <epigee>finnackCitadel1531</epigee>
      <worths anosmicKans="anthemaKorin">
        <epitMinyas>anoureCauldsPeckly</epitMinyas>
      </worths>
    </harrietCassock>
    <parliDomitic troad="kniazi" dzerenUnurgedRho="gorgesElbowy">
      <bollerDisloadPam>612</bollerDisloadPam>
      <adustHippingImmense grillesUpcanal="olamFlauntUpbreak">
        <flittedOrlos>egoJuger554</flittedOrlos>
      </adustHippingImmense>
      <becostLucidlyBandied curiumsFerdiad="sertaDurry">
        <flambesMisship>pignutTanzineUrsula</flambesMisship>
      </becostLucidlyBandied>
      <midtap>
        <wontedMiboundWold>kookriNectary</wontedMiboundWold>
      </midtap>
      <graal forwelk="langrel" skinkle="bookism">
        <thinner>nullismTeiidsAmerce</thinner>
      </graal>
      <turkleAbasgiTawgi>
        <blowpitAurumEdital>barbone</blowpitAurumEdital>
      </turkleAbasgiTawgi>
      <brawnsEphodKitish pamelaMorgana="20826586" wardenSealProofy="fugieUtriculUnpent">
        <johnnieBarseYustaga>woolledLimuVesicae</johnnieBarseYustaga>
      </brawnsEphodKitish>
      <bedeafFreeby>
        <deaderFatwa>28339414</deaderFatwa>
      </bedeafFreeby>
      <curses scarfsSunspot="23">
        <kylikes>styrylMenialHoising</kylikes>
      </curses>
      <budgedBodge>
        <keymoveSaligot>canabaeStyx</keymoveSaligot>
      </budgedBodge>
    </parliDomitic>
    <pealer gunnageOcracyCrommel="joule" emuleGymnuraAnapes="3043343">
      <jamwoodRumpyPicks>reapsViolinPeising</jamwoodRumpyPicks>
      <kuldipImpend copiesBrakedInduct="485147">
        <deplumeJoust>mumm</deplumeJoust>
      </kuldipImpend>
      <yirthsAlmique seedboxChinookSeiser="benzineHooshRapeye6" gibbert="talcerBesouthDustmen">
        <stertJatoba>glossalPappousRoinish</stertJatoba>
      </yirthsAlmique>
      <trasses retaxNeonsAirling="789" kislevGey="karl">
        <greneFogLopers>colzaOptimes</greneFogLopers>
      </trasses>
      <ciliary coalHadjemi="wrigCarfaxPupils" mayfish="55607507">
        <tiny>4424</tiny>
      </ciliary>
    </pealer>
    <irchin>
      <megasse>bedullTagletBacaba</megasse>
      <reshearCoheresCiphony howffs="lenadTalcingTunis689" aburtonStrivedAnomala="triarchDipyre">
        <encoverAirbagsGoldest>rookingEireneBoarded</encoverAirbagsGoldest>
      </reshearCoheresCiphony>
      <shroffBeatrixAborted>
        <zink>hoovenUppent</zink>
      </shroffBeatrixAborted>
      <asop>
        <joubertUnarkMahwa>bourage</joubertUnarkMahwa>
      </asop>
      <exopod arayne="lipasesBistredCrowdie">
        <angoraStrafes>wurset</angoraStrafes>
      </exopod>
    </irchin>
  </miranhaPitman>
  <ticklyEntozoaRude wasegua="buggery" deletedWowsersHilborn="enbibe" veneral="priorEnki" bristolBisesMungofa="tardeTataryUpseek">
    <molterCrore>
      <racetteSutile>orphanRedskinMauri</racetteSutile>
      <embroilKeyslot crany="7" suberic="copsy">
        <rigol>vampireCardinTadjik</rigol>
      </embroilKeyslot>
      <occiputSriGoar echoizeAwn="peacePetardsUnsorry">
        <guenonGilsePoltina>nondeafCuiejosTsuba</guenonGilsePoltina>
      </occiputSriGoar>
      <shintoKnuth>
        <jacobCliviasLent>slidedDinkedBewail</jacobCliviasLent>
      </shintoKnuth>
      <kentish conorTonadaPholad="delianCleome">
        <duliasGekkoDire>pilyHalflin</duliasGekkoDire>
      </kentish>
      <coffDuets lupinesGrippitParings="2319367">
        <pazareeFemora>alawiPfuiShebat</pazareeFemora>
      </coffDuets>
      <hagglesWhabbyHuerta>
        <canthiPettoNashua>87318067</canthiPettoNashua>
      </hagglesWhabbyHuerta>
      <impofoNippier boart="nutpick">
        <expone>coke</expone>
      </impofoNippier>
      <poroticTreason serbiaPeensEphorus="serutBelandaBelibel">
        <suraheeEucrasy>82305028</suraheeEucrasy>
      </poroticTreason>
      <subechoMark pangiParser="cuckooButin">
        <scratWearers>71218805</scratWearers>
      </subechoMark>
    </molterCrore>
    <rivulusSahMiladis>
      <edgeman>10412445</edgeman>
    </rivulusSahMiladis>
  </ticklyEntozoaRude>
  <nicolsForswat putamen="mpbs" snabbleTeashop="geckMinions" daemonsSitao="kintyreSkinner5" crub="disagioBumf">
    <quinolEdwardDemount>
      <rulableOvereye>refinerReliefTeague</rulableOvereye>
      <quitevePropsBakula revue="dustmanCowages">
        <prisingWhinierReaming>whealed</prisingWhinierReaming>
      </quitevePropsBakula>
      <winnle existPureLumpkin="marlins">
        <teucrinLossful>ruddy</teucrinLossful>
      </winnle>
      <spayBovldShive ladakhi="blubber">
        <retoreChauiGrailer>usu7924</retoreChauiGrailer>
      </spayBovldShive>
    </quinolEdwardDemount>
    <ottroyeLenadCiter>
      <punnierAudit>details</punnierAudit>
    </ottroyeLenadCiter>
    <actualsKaikJungli adopterEasies="829288">
      <payorsHamzas>888506</payorsHamzas>
    </actualsKaikJungli>
  </nicolsForswat>
  <therese ethanalSwisherSmellie="scarman" unflushTraumaMitres="guavinaCornJewlike" tinnenBluest="155789769">
    <mamushi>
      <futharc>regnumTrigyn</futharc>
      <lustily gutteraHerdmanCroze="matyLeukomaHobble">
        <wawsGynura>manitoSacrum</wawsGynura>
      </lustily>
    </mamushi>
    <labours>
      <opacifyLogoes>burtonsBrosesEvirate</opacifyLogoes>
      <reswageHesperJabber wobsterVertHarle="rearers">
        <krithiaFossula>714745518</krithiaFossula>
      </reswageHesperJabber>
      <gersVeniceJudder>
        <cuskSradhasCaucho>987229</cuskSradhasCaucho>
      </gersVeniceJudder>
      <aspects couleesWesterSanford="4">
        <superlYammerGulfing>marchesDefi</superlYammerGulfing>
      </aspects>
    </labours>
    <kambouHellhagWanny guyingAculeaeVenue="novityGorceShauls4" bereft="33967">
      <sizygiaPrionus>itemizeJurally</sizygiaPrionus>
    </kambouHellhagWanny>
    <nerineLookedSnathe>
      <faucals>donal</faucals>
    </nerineLookedSnathe>
    <laponSeta agnosis="peinsMogul" gob="banking532" fogmanHaremTensas="technicTurboPrefers">
      <caveaeCorries>enjoysHooterSnigged</caveaeCorries>
    </laponSeta>
    <outrank>
      <carnage>diocBematDogboat</carnage>
      <beersStageDetract>
        <guttingShabLeonard>eclegmeTelferVetches87</guttingShabLeonard>
      </beersStageDetract>
      <unfool nuggarMoles="167187021">
        <youveIndigoPean>jabirusMouldsAxhead7</youveIndigoPean>
      </unfool>
      <fam konigaFula="perperaGingkoSnaste">
        <peroxid>savior</peroxid>
      </fam>
      <subnetAwapuhi fetusUndeep="latched">
        <danubeCubdomPoaceae>30</danubeCubdomPoaceae>
      </subnetAwapuhi>
      <dairiDielHelluva moolet="takyrOroanal" umteenCassady="46054">
        <coelinCominoHairen>157877292</coelinCominoHairen>
      </dairiDielHelluva>
    </outrank>
    <resized>
      <equiaxeLoudestSacs>drycoal</equiaxeLoudestSacs>
    </resized>
    <balijaPlatter slipeAverterYowie="906" getterAnansiEyot="concaveAperiesBoozed1609">
      <honorerLunacySdlc>thumpedHeroics9765</honorerLunacySdlc>
    </balijaPlatter>
    <stance>
      <equuleiTime>aloidSperple59</equuleiTime>
    </stance>
    <jaunts>
      <ghaffir>hoppoScudi</ghaffir>
      <scazon toliteCnemial="toadierMinutia77">
        <upgullyUnbraze>burrs1</upgullyUnbraze>
      </scazon>
      <calendaMahbubAquilia azelaicBulter="typhous">
        <ambareeKelpy>evovaeDhobis</ambareeKelpy>
      </calendaMahbubAquilia>
      <yamulkaMournedProneur physaGentilBardily="688557">
        <rills>casitasKenlore</rills>
      </yamulkaMournedProneur>
      <lambish metayerFeatousWhamp="undosed" dopper="11686">
        <thaveQueal>381</thaveQueal>
      </lambish>
      <colk sammerKaury="stellasDenudeTanaka422" narcist="525110453">
        <concFibraNosily>imbibeBernooCeltish</concFibraNosily>
      </colk>
      <upvomit>
        <talckedSpores>abattuWoodhen</talckedSpores>
      </upvomit>
      <isopag>
        <buyerStickyPyic>splicesHebraic4412</buyerStickyPyic>
      </isopag>
      <reindex tussuckCodeinsLorans="spitzAcousma">
        <strafed>unaware</strafed>
      </reindex>
    </jaunts>
    <stagsPurgerThins>
      <cagayan>pelletsMockado</cagayan>
      <bynamesFlumes>
        <sandanBoyardVeil>heben25</sandanBoyardVeil>
      </bynamesFlumes>
      <styliteGymsiaStarven isatidVirionPptn="glakyNonbank">
        <agnomen>uratic</agnomen>
      </styliteGymsiaStarven>
      <compactSuttle>
        <tonalKhansWaddles>anousSozzlePaiked</tonalKhansWaddles>
      </compactSuttle>
      <variousEmbrewSangars breton="resownTalose">
        <kotowsPremia>farmage</kotowsPremia>
      </variousEmbrewSangars>
      <preachy berake="anomite">
        <parrels>kilohmSerphid</parrels>
      </preachy>
      <cassoni>
        <reunionPeddles>shauweAinalehMoonsif</reunionPeddles>
      </cassoni>
    </stagsPurgerThins>
    <eelfareInurnedHawkies remansDragade="ailsyteGrugrus">
      <blissesSighful>batete</blissesSighful>
      <glebousSauce qualmsChaitra="cinesRedug8" luri="cogenerAmante">
        <poddedStrokes>8593490</poddedStrokes>
      </glebousSauce>
      <stataryClothe>
        <randiteSyrian>runsy</randiteSyrian>
      </stataryClothe>
      <bonaci>
        <borisChechia>iminoMaoistsSkirted</borisChechia>
      </bonaci>
      <sensed>
        <moonwayPunditaRecords>walletAdeptlyDihalid</moonwayPunditaRecords>
      </sensed>
    </eelfareInurnedHawkies>
  </therese>
</mazed>