<?xml version="1.0"?>
<heftier>
  <conics>
    <maximed misshipEnarbor="jinnyLogheadIkat" kerseysEctypalFudges="ansatedWarpsToller" nocake="wholl">
      <rohan>propone</rohan>
      <orachVariaSinoper wiseOreasSends="130226771">
        <cooksGasPlastic>84</cooksGasPlastic>
      </orachVariaSinoper>
    </maximed>
    <kittlyWaiter>
      <untold>bassieDadayagFooless</untold>
    </kittlyWaiter>
    <syringaSpaning hormosSousingHewed="5" humphs="anjanDentins">
      <trink>kennedCraddyCeorl</trink>
      <writingCarny trioses="pragueEosinic" outate="bonbo">
        <cliveMashmen>trasyAudaeanCrith</cliveMashmen>
      </writingCarny>
      <stolae puleynHabuka="354423795">
        <prerentContesPick>enfrai</prerentContesPick>
      </stolae>
    </syringaSpaning>
    <ainuAndiPory>
      <axels>languesYaffed</axels>
      <barbsOndingRaupo zoidFogie="cacciaHeronryGardon" goofySaurian="streakGlowsPhysics">
        <manacusMossing>3387</manacusMossing>
      </barbsOndingRaupo>
      <drowsyLumpierViscoid yukiHastierBlither="lemeDribbedDarg" bruyereCoquitoStandi="messCogway">
        <spletJauped>tibiasCoffretPumpers</spletJauped>
      </drowsyLumpierViscoid>
      <dinitroRodsmen oarsmanAdvowee="7072423" mysidTitler="perukes53">
        <nishikiTrumperBatons>13</nishikiTrumperBatons>
      </dinitroRodsmen>
      <outdidLeep mombinBalliumWernard="kalesMoans775" gireLaylocRandier="wilhelm">
        <shaftyBaa>sprent</shaftyBaa>
      </outdidLeep>
      <chechia>
        <enseteMortals>rebosos1</enseteMortals>
      </chechia>
      <pedesis bogaCushing="menuraDirge" aminsPelidesFevery="lamba">
        <caseine>jataco</caseine>
      </pedesis>
      <hesperaBeltMagnum hobblerNumacSeropus="mojarraGhafirWag">
        <tunmoot>foulderCranialGlans</tunmoot>
      </hesperaBeltMagnum>
      <dialsPoales>
        <medizeUptornAcrisia>619659</medizeUptornAcrisia>
      </dialsPoales>
      <sjoukeWaniandEmbryos>
        <singes>stingsCalycle</singes>
      </sjoukeWaniandEmbryos>
    </ainuAndiPory>
    <firnDebris>
      <morneShiny>auresca</morneShiny>
      <firkinsStem trendedSkyjackGuaiol="5527">
        <cutchEelbobVedalia>llewHaggedPrevide</cutchEelbobVedalia>
      </firkinsStem>
      <diadromUpboilsFrass>
        <dumpsPsidBrotany>7594873</dumpsPsidBrotany>
      </diadromUpboilsFrass>
      <achesOopak wakemenNargile="kilneyeRemenSarna" ubiWashrag="woaAerify">
        <gibusFictil>xylogenDitolyl</gibusFictil>
      </achesOopak>
      <spiraneBowableCoughs garousThenalReglows="tap">
        <typicumOphisAdjured>941629123</typicumOphisAdjured>
      </spiraneBowableCoughs>
      <becryHaltersPlanned calcarSwalingBirring="clinkum6" elbQuadrel="grecianPolskaRetort">
        <faroffAlkenna>cynomys</faroffAlkenna>
      </becryHaltersPlanned>
      <onboardBreakerRuths>
        <accaTerranRaja>kelkArse</accaTerranRaja>
      </onboardBreakerRuths>
    </firnDebris>
    <triglidStaffer jennyBaileyQuadrum="pygargGibbert" expirySharker="3513">
      <squawlHalberdKbar>bourgsShedimLoggat86</squawlHalberdKbar>
    </triglidStaffer>
    <cosesSidaNaiads>
      <bacquetEsc>eremite209</bacquetEsc>
      <doylt pompanoIlluviaYat="gringoFoxing">
        <doomedTohome>4597331</doomedTohome>
      </doylt>
      <bedbugsMortal>
        <atociaMacawsSnaker>lyeryJarbleZurlite</atociaMacawsSnaker>
      </bedbugsMortal>
      <osseinsNilotGuss tintie="abaterSacbut">
        <redodid>bonedogArmpadCabman</redodid>
      </osseinsNilotGuss>
      <dawtie jugging="palmyRasour5" potworkTerrets="perhaps">
        <sideAlans>gisRedyesWoilie</sideAlans>
      </dawtie>
      <pollee costumeEducts="dronte" macedChakariWithhie="351876838">
        <mantletForRehete>decentEpoxyed</mantletForRehete>
      </pollee>
      <bourreeWorthySkaddle lucidaeThorp="4593574">
        <theriac>jarvyReshownDynam</theriac>
      </bourreeWorthySkaddle>
      <makedomTiddyCircler>
        <intrap>3</intrap>
      </makedomTiddyCircler>
    </cosesSidaNaiads>
  </conics>
  <seltTurtlet>
    <gitksan>
      <unbidAminta>attalidPoucyVeranda</unbidAminta>
      <wiggledResectsCannach wadnaQuillon="bilderEloge">
        <hacked>hastileTrilit</hacked>
      </wiggledResectsCannach>
      <giblets heroner="linedOnsteadKodak" gipsyfyWorsetYogism="amoretStartup">
        <lockbox>194</lockbox>
      </giblets>
    </gitksan>
    <hijacksSirreeBiggin itsy="bagpodPaxwaxSamlet" dislimnLamaicPommet="gumiUveitis">
      <tickie>aitesisNubby</tickie>
    </hijacksSirreeBiggin>
    <lauraEvelong>
      <crasslyWaygateMahori>recueilDipodicUppowoc</crasslyWaygateMahori>
    </lauraEvelong>
    <gushierArdea>
      <dak>anchaReshoeFally</dak>
      <comoidDurrasAchiest>
        <snarksIncAle>madrih865</snarksIncAle>
      </comoidDurrasAchiest>
      <strayer osmiumDeposerNursle="ptarmicEurasiaSensory" tallols="210">
        <marblesParishVenator>candysCepterOrbits</marblesParishVenator>
      </strayer>
      <unsour vesper="pandure" faunistSkinker="84329">
        <sebaitTurakooTopples>onerateBilderPetitio89</sebaitTurakooTopples>
      </unsour>
      <hartalsPaenulaDefamer stoaeOktaThecate="untinctOzoenaSenit8282" kalimba="wiryJardini">
        <telemanBigrootGrabbed>unipart</telemanBigrootGrabbed>
      </hartalsPaenulaDefamer>
    </gushierArdea>
  </seltTurtlet>
  <cherubShiestMeshuga spot="dukker70" agioChicles="5285" chimleyHeelersRib="hickwayHesRaveled">
    <yocked>
      <wowsersShilha>gemots2892</wowsersShilha>
      <enstyle unstoic="wakfSolutusSnatch">
        <armetsWightSpangly>chaosesGaunch</armetsWightSpangly>
      </enstyle>
      <ballets>
        <cyperusBleaunt>booboo</cyperusBleaunt>
      </ballets>
    </yocked>
    <anus>
      <partookBookyMelinae>hillierCurrier383</partookBookyMelinae>
    </anus>
  </cherubShiestMeshuga>
</heftier>