<?xml version="1.0"?>
<yodledCaps>
  <hollos atopies="puffierTendrac349">
    <lowsinSkeinedToasted>
      <bitersJimjam>obsedeChamiteBellhop8</bitersJimjam>
      <chaneCameoChica newlineCallanShivoos="swinkSpruesVanload" mumpEmmiesStopt="263347">
        <thrallExurbanCertif>526</thrallExurbanCertif>
      </chaneCameoChica>
      <hoofersEmelineMangwe sculpt="kabardAnimaRethank37">
        <binding>daised</binding>
      </hoofersEmelineMangwe>
      <curch ricking="limmataGloutsMethone" inmeshHermit="hernani">
        <gphWinnock>921</gphWinnock>
      </curch>
    </lowsinSkeinedToasted>
    <gaedownEnnageMudless aldaminRummierEnfoil="83220">
      <fowled>303086228</fowled>
    </gaedownEnnageMudless>
    <unwriteBackbitPaseo quiscosMaximalBlite="altarsWhatsoMaul" wagMrem="74493" baikieWaderGonakie="skinkleInrub">
      <putoutsWarrishHodgkin>jaggar</putoutsWarrishHodgkin>
      <infectsOxherd subvii="43093927">
        <otaryAchrasGuarish>humid</otaryAchrasGuarish>
      </infectsOxherd>
      <gigiTractus drungSaunasUnseven="corer" pts="bidget6">
        <malistPanzerStibble>toupShraveStartup</malistPanzerStibble>
      </gigiTractus>
      <tickly>
        <spoil>passerPanache8019</spoil>
      </tickly>
      <kylikecNetiRedtail>
        <ack>414642551</ack>
      </kylikecNetiRedtail>
      <albinBaruKekchi gossardAppendWataps="unwoolyInvalid" aescKelchinCoucal="scriptsSpoffy">
        <hensPlantadCub>aspernSpontonEscaper35</hensPlantadCub>
      </albinBaruKekchi>
    </unwriteBackbitPaseo>
    <saggyDidoesWelts marliMorpholHempy="dalethsTweed954" eveweedAdcraftVows="2" winterArboralGashest="drecheOboliTartar">
      <glossae>retints</glossae>
      <maximin hartiteTutlerKalysis="versetsPimaricFittest" clutchySomdel="radek">
        <egged>makedomBerniceDariole3119</egged>
      </maximin>
      <acholiaCathead opuses="cay">
        <webfedPhasma>oswaldKuffiehShoful48</webfedPhasma>
      </acholiaCathead>
      <erikaJankersTacca>
        <yirthItsAcholic>ccid16</yirthItsAcholic>
      </erikaJankersTacca>
      <netbush>
        <adularIsogonsFranker>tukulerBarettaButane</adularIsogonsFranker>
      </netbush>
      <sauld>
        <carefulSowseSep>uveal</carefulSowseSep>
      </sauld>
      <shout>
        <itysSpeck>tweeterJawfishPlafond55</itysSpeck>
      </shout>
      <weekendJuliaEthmose harvard="muskratHojuVary">
        <huskiesTinemen>babeBeninAmylose</huskiesTinemen>
      </weekendJuliaEthmose>
      <gull fresnel="malade">
        <roopKaiwi>epitraZygionNyanja</roopKaiwi>
      </gull>
    </saggyDidoesWelts>
    <gizmosTussars>
      <lends>xylaria</lends>
      <bochism signetsTautensSecerns="apheta" refloodCausticMouill="camions6576">
        <busilyBesew>rifelyAmusers</busilyBesew>
      </bochism>
      <avesCrambusLien>
        <monarch>couteauSaran8</monarch>
      </avesCrambusLien>
    </gizmosTussars>
    <explaitYielder>
      <grimm>herero</grimm>
      <platyPkt parrockRegletCoeliac="zoisite">
        <fishwayMetus>talkingBucker</fishwayMetus>
      </platyPkt>
      <aquilaBowtel played="cotlandSamadhSolate" sommaTouzlePostel="furnitDheriTaccada">
        <keppingExposGrains>48628873</keppingExposGrains>
      </aquilaBowtel>
      <arenaeStyline cisTasSacre="sable">
        <fovillaNoriFunded>condue</fovillaNoriFunded>
      </arenaeStyline>
      <skryerAlodKeirs>
        <sprunkPeahens>presleyAnimi</sprunkPeahens>
      </skryerAlodKeirs>
      <needJacky parlingPackly="tussurExcel11" etrierVolutes="255">
        <slimmerPuttingGamiest>91</slimmerPuttingGamiest>
      </needJacky>
    </explaitYielder>
    <towable>
      <treed>blueishTaghlik</treed>
      <magyar dimaneTenonMetates="471162">
        <gastrin>ubcBeamage</gastrin>
      </magyar>
      <masaris cordalPorose="69">
        <cooree>peeveSubgens</cooree>
      </masaris>
      <fretum sist="middlesInositeBiwa" canvassJetterSteerer="gibby">
        <lychnisUnsameShits>giggishPatronsDetune7</lychnisUnsameShits>
      </fretum>
      <lloydSilentEpimer>
        <becolmeHiren>pishuAntlidYenisei</becolmeHiren>
      </lloydSilentEpimer>
    </towable>
    <babkaOmitis>
      <haybox>leglen</haybox>
      <gooksHumifyPrakrit orthron="825" sorageAtrochaSplined="hematidVersosCarfuls4">
        <effudePiersTriplum>70</effudePiersTriplum>
      </gooksHumifyPrakrit>
      <weeweesIrriteLingoes lotmentRouchePailful="lucAwed" pagesHyoids="4">
        <lignite>welshes</lignite>
      </weeweesIrriteLingoes>
      <daddock calorisAlfione="slopesGeechee" votalTercelsMilker="indazol">
        <kitten>macacus2</kitten>
      </daddock>
      <pred>
        <per>790987</per>
      </pred>
      <achaeanSeamus serfdomParao="480329">
        <baptistScrit>gigbackSinople</baptistScrit>
      </achaeanSeamus>
      <corbelCagersMovent>
        <gaggler>buccalIrenics</gaggler>
      </corbelCagersMovent>
    </babkaOmitis>
    <upsoarsSkylike navviesMidairNylghau="tarkhanPechys">
      <gadgetKepiSebific>6</gadgetKepiSebific>
      <arzawaArry>
        <hassing>meropicTalonidSheeter</hassing>
      </arzawaArry>
      <cundite oraison="gangs532" fliggerCathine="protoAcinus">
        <drou>adjoust</drou>
      </cundite>
      <easiestSetnetPaveed moopSonjaAcocotl="molten8">
        <feuarsHockledPileata>catgutElfish</feuarsHockledPileata>
      </easiestSetnetPaveed>
      <ithiel possessDover="erepsin" rotulusSplunge="gulletGibsonsSecreta">
        <bulgurConiineTwines>divulge</bulgurConiineTwines>
      </ithiel>
      <truthyApsides>
        <xeniasSnurtCastice>brattle</xeniasSnurtCastice>
      </truthyApsides>
      <bezelWaverMonachi>
        <redatesNervosaApteran>coarctEngraceStubber</redatesNervosaApteran>
      </bezelWaverMonachi>
      <acerolaDevise telaeFearer="bialiChanter">
        <chessomBooksMangels>oxyuridDripLealand</chessomBooksMangels>
      </acerolaDevise>
    </upsoarsSkylike>
  </hollos>
  <comportHasty fossaneUpwardsTun="woodrow" />
  <corgiGnomic>
    <umpyJusterEquiaxe>
      <caiKwintraNudum>612127</caiKwintraNudum>
    </umpyJusterEquiaxe>
    <lujulaCosierAvulse>
      <rewarnHommage>effects</rewarnHommage>
      <kneeingMyoxus porno="7">
        <donet>sdlcDupableRasion</donet>
      </kneeingMyoxus>
      <hoselPeccant>
        <abomasaRolloutVisor>dessTalose</abomasaRolloutVisor>
      </hoselPeccant>
      <initioMeated kinotAurochsCastice="maquisLoboExomion" skilfulMujiksPikle="ascetic">
        <velleda>hectePronged</velleda>
      </initioMeated>
      <carnet>
        <guayabaSalwin>15353218</guayabaSalwin>
      </carnet>
      <enviesKisangLumut>
        <tantras>250058447</tantras>
      </enviesKisangLumut>
      <solingDeisin grafferGastricAigrets="9">
        <spurtleDoupion>boregatAnticor</spurtleDoupion>
      </solingDeisin>
    </lujulaCosierAvulse>
    <birseThrove>
      <reenToedDammish>slubbedNoriceQuarion</reenToedDammish>
      <wigless unnamePlains="ramstamGynecia" sarafanPurineLamprey="looks">
        <askeses>bepillSateensEaring</askeses>
      </wigless>
      <undulyPropel>
        <bedashRemixes>phasmStoke</bedashRemixes>
      </undulyPropel>
      <langiSchavSwills inworksFoundsCams="cahootsLilial22">
        <balneae>anayReggieManitou</balneae>
      </langiSchavSwills>
      <murryJoveKerseys implate="80" unluredUle="94185291">
        <diaminSabalo>884</diaminSabalo>
      </murryJoveKerseys>
    </birseThrove>
    <oogloeaSuganStrade>
      <urubuWongsky>beret55</urubuWongsky>
      <upwork wastProctal="insistSlungBobotie7338" sealine="cotwal">
        <paddingWristy>hearstCahowPineal</paddingWristy>
      </upwork>
    </oogloeaSuganStrade>
    <goggled>
      <destrerLogrollSquaw>pricerDapperUndrape</destrerLogrollSquaw>
    </goggled>
    <betellPanaka>
      <pieridKhvat>isoflor</pieridKhvat>
    </betellPanaka>
    <veinWried mummsPoz="status" amarnaBarked="races">
      <abedeBioxideBowsery>58</abedeBioxideBowsery>
    </veinWried>
    <dimpsMaggingWesting>
      <runchAaaFumette>34955</runchAaaFumette>
    </dimpsMaggingWesting>
    <xanthic>
      <burrs>yauponLynched</burrs>
    </xanthic>
  </corgiGnomic>
  <spencyForkGolgi hassledChalmer="atebrin" yarkVizorBygane="43199" />
</yodledCaps>