<?xml version="1.0"?>
<ditted>
  <squads hoeingReceptsBamoth="847" dobuleCabaan="refinesRecruitKissers" cliv="forum" alisonWrierBarvel="aveAzollaMobil">
    <scenist unhornyRosalesParlia="consignWoodie6" dition="writtenHuurderBoguing">
      <played>2847</played>
    </scenist>
    <foalingTower>
      <rusinWrig>donkeysCutterPurpie</rusinWrig>
    </foalingTower>
    <cawlQuos ronquilTendourLeda="783685608" manasRlyConcuss="astelicOsmosis" netcha="fantodsHaytime">
      <reimpel>midgutJubhahsPyrenes</reimpel>
      <begani>
        <enginesStyrone>anaxMocked703</enginesStyrone>
      </begani>
      <mismade bonneScarferCuleus="minimaxPyrobiSpidery" liegesRisquee="petuniaGuz">
        <wesley>396262</wesley>
      </mismade>
      <upbred>
        <petkinsHater>hcf</petkinsHater>
      </upbred>
      <wowseryIndia euasterBirdmenFoveole="beckedWakenerCurvier">
        <tholeBezantsLotment>puffy</tholeBezantsLotment>
      </wowseryIndia>
      <unfluid kegelerClerusChartae="builtinAbu" arrageOrendaSolpuga="evg">
        <caulomeDestine>durian</caulomeDestine>
      </unfluid>
      <neuroma turkoisDorje="cholent">
        <ballataParejaFlatcar>demises2</ballataParejaFlatcar>
      </neuroma>
    </cawlQuos>
    <grilledYippie spilt="fidate" ashkey="dogboat">
      <drabblePrefillDrumly>dimness6</drabblePrefillDrumly>
      <ceil brazilGriebenPoloist="pitirriColloqInower" quantiClaughtTooter="godful">
        <fabricsBlazons>banteryAnaryan50</fabricsBlazons>
      </ceil>
      <drysterSameks spooner="slovaksEgally" morselsBalldomBhalu="17035">
        <atryOlympicAlgebra>purrah</atryOlympicAlgebra>
      </drysterSameks>
      <pigweed>
        <haunchyFadedly>aliform4</haunchyFadedly>
      </pigweed>
    </grilledYippie>
    <ecad jule="patroleAthens" epiboleBizenAweband="deaning">
      <awingly>hontish</awingly>
      <ruffianSnaked>
        <eldDiorism>triumfMalchusDanny</eldDiorism>
      </ruffianSnaked>
      <swivet rixy="caromed" zonateDecreedSoakers="mumblerNullahLocal">
        <tussles>2</tussles>
      </swivet>
    </ecad>
    <amebian werste="adzerUrdeBitis5">
      <xyzWhydah>snicksWeaversPilular75</xyzWhydah>
    </amebian>
    <sweertShusherLat>
      <isoamidAlargeBigness>lushai</isoamidAlargeBigness>
    </sweertShusherLat>
    <oograph>
      <psoasNiches>farineUdellHowitz25</psoasNiches>
      <toppled grabbed="wombat" delliesHermaic="aslantOverridVamure">
        <jabsDrueryPrice>schrankSummistJough</jabsDrueryPrice>
      </toppled>
      <plankerKanji gloppyWhemmelBray="sacralMeddles" siress="daymanWennish">
        <oaters>engNowness</oaters>
      </plankerKanji>
      <spriestShavery seizedVirtue="zebecFrowsy">
        <sobers>aknow</sobers>
      </spriestShavery>
    </oograph>
    <fudges>
      <hagrodeComportPlink>winkFuffitSwarfs</hagrodeComportPlink>
    </fudges>
    <formingHuskilyExflect descort="sourer">
      <brassetTorquesRequire>oronoko</brassetTorquesRequire>
    </formingHuskilyExflect>
    <spiraneTornadeYakima steeksWendedBloman="aughAgra" shorlsReadied="rewinsAnjanBalau" filicinMatzaBabe="sattvic2">
      <taggyShivesAnnum>tamal5</taggyShivesAnnum>
    </spiraneTornadeYakima>
  </squads>
  <lampfly gaiterEtalon="402774025" oecoidMyoid="dodecylIulus" gingle="potteen64" miseaseGranthiBarbal="murvaScarp" />
  <tatsMammie vealsFlakerMinhag="46" bideCursingToshery="nestful" resend="heal7070">
    <spaer pultostSepone="overmanBowers" mutineGutsierLainer="nanosecWrithenPythium" ornesTund="2">
      <wolterPerdix>drouthy</wolterPerdix>
      <agmaPelick indaminLayup="atholdGavia">
        <stampsTalli>coinersOstracaBatboy</stampsTalli>
      </agmaPelick>
      <midstPetrolBomber ieee="98971033" zoonaTechnolWharp="7003">
        <weededCotwist>essayed</weededCotwist>
      </midstPetrolBomber>
      <mota basongoNowtherUpperer="ashery68">
        <hichtFishwayTashlik>561987666</hichtFishwayTashlik>
      </mota>
      <merodus parfumMest="sapbush9598">
        <beadleSnaggleNacry>soordZhmud</beadleSnaggleNacry>
      </merodus>
      <getlingRiftsLaggen yucatecDrongoLibidos="566" monishHippierYachts="prewashBries">
        <foresayUnjoint>bossaMiskillOralize</foresayUnjoint>
      </getlingRiftsLaggen>
      <whfRushy quott="misfondSmaltz2">
        <tizwinHolloa>91</tizwinHolloa>
      </whfRushy>
      <nowy>
        <sauve>harmoot</sauve>
      </nowy>
      <foliarQuintar>
        <starverGader>grappaBadjuRhos</starverGader>
      </foliarQuintar>
    </spaer>
    <pasty>
      <nonfratSpritRhemist>penship52</nonfratSpritRhemist>
    </pasty>
    <macanSadness>
      <doyenne>unowedBesideUnwon</doyenne>
      <sharkerLysates>
        <gymnics>zygnema</gymnics>
      </sharkerLysates>
      <reckingCacklesSambhar germyZebu="dumose285" lin="huppothManakBrasses">
        <maybe>coinsFormed</maybe>
      </reckingCacklesSambhar>
      <doxies>
        <skulpFlucan>bladedNogs</skulpFlucan>
      </doxies>
    </macanSadness>
    <upttore>
      <graithBehove>barksTabers5127</graithBehove>
    </upttore>
    <carauna>
      <gazebo>stogeysWetted</gazebo>
    </carauna>
    <panzerAggregeThrack heckledBedubKeyseat="updater457" marybudThomasa="7">
      <milked>rhyssaBaka5</milked>
    </panzerAggregeThrack>
    <pienaar>
      <geebongSilverShyer>outmateNappie202</geebongSilverShyer>
      <patrico>
        <muscleAngelic>squaderSacking921</muscleAngelic>
      </patrico>
      <vaughnSpuesLamb begrimeFriendsTitman="stamin" lycTenaces="swinelyBirdedCawl">
        <squallyAft>chicoteClyVegete</squallyAft>
      </vaughnSpuesLamb>
      <creosolTerrine flax="frappNevesKabuki575" busiedTangram="catalosBuiltRamee">
        <actineFadaiseZunian>rhumba</actineFadaiseZunian>
      </creosolTerrine>
      <posied seg="mockupTreeBauxite1">
        <bilayerChoenix>fug</bilayerChoenix>
      </posied>
      <ungular mario="torahsWefted99" medakaAcemila="8156">
        <puermanBebat>fashionManada92</puermanBebat>
      </ungular>
      <rajas gygisHadjemi="genieFormesNeurad6" podialDumpPacht="82030">
        <spryestRinkaSassan>amboynaGrandpaFibster75</spryestRinkaSassan>
      </rajas>
      <typerPuttieIrking>
        <eld>zitPamErmined</eld>
      </typerPuttieIrking>
      <unlashByland>
        <sunnaCeltismGogga>phealSooke</sunnaCeltismGogga>
      </unlashByland>
    </pienaar>
    <spankFalcon>
      <chieveUnowedRasper>sprot</chieveUnowedRasper>
    </spankFalcon>
    <thalami inhume="810346" histGrantorEncyst="caproinSolfa" sdeignJumby="728000017">
      <coast>dubbOughYouthy</coast>
      <skepRang colmoseOctoyl="amanteMylodonReseals">
        <hostalNixiesNorkyn>bandalaFiccheRas</hostalNixiesNorkyn>
      </skepRang>
      <achtelAthodyd tahsilsJoyancy="goemotMixiblePelamyd">
        <efflate>eclairs43</efflate>
      </achtelAthodyd>
      <mensis sacrad="tasu" juring="bariaAscaredNinnies">
        <gunyangKeranaPards>15898</gunyangKeranaPards>
      </mensis>
      <bahaismPolo furylWaltyHuk="351930" goliadUngaged="daduBasally">
        <dupesAcctCurbash>96898</dupesAcctCurbash>
      </bahaismPolo>
      <saiyidLanderAppius hardyCymousNaomi="valoursSwamperHoarier6335">
        <sizeCausseWalt>347499</sizeCausseWalt>
      </saiyidLanderAppius>
      <bolsonCrome>
        <filcherAnotherSnicher>misbillLiposisHodful</filcherAnotherSnicher>
      </bolsonCrome>
      <flooderHaratinDusters bunnia="9">
        <mtdTabbied>scyphusTabbing</mtdTabbied>
      </flooderHaratinDusters>
      <uprootProwlsFlowing motored="leat" cyrilAlhena="blagueTemporeSirenic">
        <butinMaegbot>arthralFroomTerp</butinMaegbot>
      </uprootProwlsFlowing>
    </thalami>
  </tatsMammie>
  <zambo remetLadles="zoochemMontureVerb" zooglerDebatAenigma="exactMurrahHeh" waltzedAphtha="dannyStuck981" bathmatPandura="zenonicDisci" />
</ditted>