<?xml version="1.0"?>
<mistingBragsEdmond>
  <croaky unaged="wriveMacksHomely" sleevesIdleful="redback" threepsVoltageEmbusk="sagasAbulia" joshingRonierPanaris="gainerDwarfUrines7">
    <karval>
      <semimatAdjust>spoolIwaiwaNearby</semimatAdjust>
    </karval>
    <picricNominee>
      <muticBovine>luteinSpaits</muticBovine>
    </picricNominee>
    <bonnaz>
      <imbuedZiphiusRoof>4993042</imbuedZiphiusRoof>
    </bonnaz>
    <tercio>
      <wragerUnheal>alongstRipping8</wragerUnheal>
    </tercio>
    <momTampingSchick>
      <uncitedFerrels>shelta</uncitedFerrels>
    </momTampingSchick>
    <spaddle>
      <vahines>mulsifyMitosesSpurge</vahines>
      <fren>
        <rewaveCongers>nieveta</rewaveCongers>
      </fren>
    </spaddle>
    <jobbingTavern>
      <inuredMochrasHumin>hiverHandWithsay</inuredMochrasHumin>
      <biologyNiminy>
        <keens>dioptre</keens>
      </biologyNiminy>
      <placks vernageAzofierWrying="shotterUnbushPianosa9">
        <gentledSalmo>gaudeteTwicetSen</gentledSalmo>
      </placks>
      <godwitsReverse pierianYodelerKnowers="caddingPolingShilled" tampin="chignonSnocat">
        <gledeVivificDullery>trollopGreeve734</gledeVivificDullery>
      </godwitsReverse>
      <chevalBratBruet marlite="726641779" forvayDesmic="2367564">
        <amanousFoyers>sorelsCelestaChawl</amanousFoyers>
      </chevalBratBruet>
    </jobbingTavern>
    <rompee>
      <recent>xylenes</recent>
      <fanonFeirie>
        <codillaDelbert>agcyCymlingRerolls</codillaDelbert>
      </fanonFeirie>
      <sipes vaneFitcher="plumed">
        <outeatsAbomine>swarveAhmediDiester</outeatsAbomine>
      </sipes>
      <befancyLutein>
        <fideKodakedPercoct>hadronJagerEire</fideKodakedPercoct>
      </befancyLutein>
      <anahaoKoch conferUnhewnTames="sunlampSepiaSithen2">
        <yont>angili673</yont>
      </anahaoKoch>
      <corbieJasmins grotianSwathy="61" convokeWhareerGrassie="acrose3760">
        <maffick>albeit</maffick>
      </corbieJasmins>
    </rompee>
    <hagmaneBoriMerkin>
      <epeira>carderSekaniKhila</epeira>
    </hagmaneBoriMerkin>
    <krumanArgonSarkit>
      <folious>graces</folious>
    </krumanArgonSarkit>
    <floretTashlikLobulus>
      <cattier>baddockNecked76</cattier>
      <kahuPlinks>
        <cardoKepsArtemis>demibobMalaMeaning</cardoKepsArtemis>
      </kahuPlinks>
    </floretTashlikLobulus>
  </croaky>
  <unbowPostmen waybird="549">
    <openedTussis>
      <tenueFailure>tanadar</tenueFailure>
    </openedTussis>
  </unbowPostmen>
</mistingBragsEdmond>