<?xml version="1.0"?>
<acuter>
  <terbia />
  <latriasBesootJasmone bookie="litmusKakaBobbish" outlainPrixSpidery="74129697">
    <faldage tahltanPedrailToyful="asp" cupelsKassak="anglice705" urceole="alliageDottyDishes">
      <arums>noncockRevay</arums>
      <anthraxRubicanBarble>
        <soritesOutrailMoody>senoresBourseToter</soritesOutrailMoody>
      </anthraxRubicanBarble>
      <toskish>
        <sinderBombay>56521</sinderBombay>
      </toskish>
      <searyReplaysHoodful sidle="1783">
        <skiffleSpoonsBatboys>488</skiffleSpoonsBatboys>
      </searyReplaysHoodful>
    </faldage>
    <gatten valva="siderComedia" untallFrowlGirdled="basisSowable">
      <differGraipAndrite>877</differGraipAndrite>
    </gatten>
    <securer factumNgokoAlmach="kamsins" catch="239496">
      <hurdledIsotome>maomao2073</hurdledIsotome>
      <pushyBaobabs paluliEmprize="dials">
        <amp>2140</amp>
      </pushyBaobabs>
      <bythCoded ochrePrecox="aguaraRewiden16" nunch="woakLys4279">
        <niftier>guamaOssific591</niftier>
      </bythCoded>
      <debones upsteps="lekythiRefugiaBacula">
        <kalonSmicklyRehung>chopper</kalonSmicklyRehung>
      </debones>
      <hypogeaKoraiSprunk wittenQuarticCupman="osmanli">
        <ducapeAbscind>noondayBirt</ducapeAbscind>
      </hypogeaKoraiSprunk>
      <khesari>
        <arcady>girliesShauls</arcady>
      </khesari>
    </securer>
    <aridestRemede>
      <duennaMaskoidTrityl>puggerGirliesAspiree</duennaMaskoidTrityl>
    </aridestRemede>
    <ashkeyPara>
      <biosShluh>untrendGeraty</biosShluh>
      <fontesEvolate>
        <chogaStyraxFibrose>badly</chogaStyraxFibrose>
      </fontesEvolate>
      <entteCaussonHoecake>
        <deggingCarrowAquate>gumihanOwed</deggingCarrowAquate>
      </entteCaussonHoecake>
    </ashkeyPara>
  </latriasBesootJasmone>
  <nerolisPaized manisTweaky="tokens3">
    <cswAntifatFanjets telynGabriel="panelerParfeyRockers" repinerSuppose="plumcot" bendeesMadtomUnken="gipCygnetCarnify">
      <louise>16979</louise>
    </cswAntifatFanjets>
    <utopias rerootPrise="lootsClashyUnrigid" grotty="buriedDermolSiafu">
      <salivasOlaxFirns>loyDistomeIranism</salivasOlaxFirns>
    </utopias>
    <jenChairPereira>
      <meny>salamat</meny>
    </jenChairPereira>
    <melaniaMousses tidbitsNoddedUnhot="dirempt29" akeeGremial="sokulkVlach">
      <dikdiks>amtCalmingHived</dikdiks>
    </melaniaMousses>
    <tafwizMohairs skyjack="mealing" braisedPleck="crojikBonelet" camps="gosletReedSulfite">
      <bonasaCaughtCaliper>kashrutRamanas</bonasaCaughtCaliper>
      <cheersCasques>
        <dollieFinkDervish>915</dollieFinkDervish>
      </cheersCasques>
      <juniataRyots micks="metres" skiverChapahSumi="gulDevelinObovoid">
        <tithers>picassoSpunge</tithers>
      </juniataRyots>
      <corked douper="20467" blurtsOpiums="coart">
        <fistedSmoking>epoxide648</fistedSmoking>
      </corked>
      <taglock wanedJibiBienne="veerImblaze" ungrandCussingTpd="logiaBurgle">
        <amlikar>butyryl</amlikar>
      </taglock>
    </tafwizMohairs>
  </nerolisPaized>
  <lebbanRigodonMicasts loft="tibbie" plout="tashie" tamarinSylloge="petecaPonierYouve" gangeWindjam="micastsDemodex94">
    <vanadylFloozy>
      <coulieSteepsPunks>motorKunwariMetra</coulieSteepsPunks>
      <musclesRhexisBales lucks="98942815">
        <corpsesUndogBecomed>tarpotChevronThana</corpsesUndogBecomed>
      </musclesRhexisBales>
    </vanadylFloozy>
    <suegeeAdriftLoir thiolKrs="frogmenCfiLacerta5" honeHoopoeTalk="cruralMurinusParties" ermaPerseid="unzip">
      <eserin>402526</eserin>
    </suegeeAdriftLoir>
  </lebbanRigodonMicasts>
  <shadkan>
    <retouch>
      <galeresCabmanAghanee>simnels</galeresCabmanAghanee>
      <haffle succent="hewnGoatyImaging" bortsChessesBashes="95">
        <sizar>bossletMildful9</sizar>
      </haffle>
      <raspingEauxKirbies mazardsRubefy="kithing94" unsawnYidPuggi="liq">
        <tipulaBuddies>litBrookie</tipulaBuddies>
      </raspingEauxKirbies>
      <tannedOxcartPlacean accusedJobbers="unpins">
        <heuchs>mayweed</heuchs>
      </tannedOxcartPlacean>
      <coldestEjuratePetate>
        <handarm>pentziaTimaliaUmbonal</handarm>
      </coldestEjuratePetate>
      <curney>
        <hakea>esuCheeroFidging</hakea>
      </curney>
      <serbiaGulfierUnadult halloed="czaric">
        <musnudDatsunsJollies>6002438</musnudDatsunsJollies>
      </serbiaGulfierUnadult>
      <litaiRetuned crangPiths="vril916" gaggingMayhapExtreme="fewmetsQuinaryDodges6828">
        <blighiaAgadic>turnor511</blighiaAgadic>
      </litaiRetuned>
    </retouch>
    <boseyCripesChutzpa wabsMimsyDulness="enfoil">
      <outswamAboil>6836</outswamAboil>
    </boseyCripesChutzpa>
    <mattyDehorts>
      <repCappierQuashy>vaunceYouthes</repCappierQuashy>
      <vauxite riesPupates="bopper" saxaul="barieBowkOud">
        <peteOolly>swarbieXylylicSoxhlet</peteOolly>
      </vauxite>
      <unorbedBuriels>
        <statize>lattensTeabox</statize>
      </unorbedBuriels>
      <teazlesGandersEeliest playpen="77" remandsParitiGazon="gaonateCellingApiece">
        <colomb>mamaguyLatents</colomb>
      </teazlesGandersEeliest>
      <hoarierPikaGriever didricZeugma="vinegar">
        <aimlessLippieLynxes>mangeAlfionaSturoch</aimlessLippieLynxes>
      </hoarierPikaGriever>
      <lollyLamiidGesture>
        <linkupArnee>ser</linkupArnee>
      </lollyLamiidGesture>
      <avdp>
        <mutablyEnforce>687169</mutablyEnforce>
      </avdp>
      <flanGeyan talkTestar="pomphusDivvies">
        <gobyOxheal>53272</gobyOxheal>
      </flanGeyan>
      <sharifLitre wagonry="65551" cropKaw="25">
        <azury>ethelSmouserSeagull</azury>
      </sharifLitre>
    </mattyDehorts>
    <chidFlaming comousZygaAsquint="assents">
      <aptness>7</aptness>
    </chidFlaming>
    <partiteSnobismFuzes>
      <arrtezTipulidCamwood>wealthySemel</arrtezTipulidCamwood>
      <heehaw>
        <lomentsCucujidThirled>782</lomentsCucujidThirled>
      </heehaw>
      <chalcisWasatchRustful>
        <tonn>oreman</tonn>
      </chalcisWasatchRustful>
      <serriesRetrace guipureDesorbs="gezReemitsPinier">
        <abbestCozzesAbac>simurgCiboriaAbusive</abbestCozzesAbac>
      </serriesRetrace>
      <assishAvenges repackBooksChines="flumpsSikhism1907" oomiackHap="hapaxesComose89">
        <zoque>487510521</zoque>
      </assishAvenges>
      <tinemenSorvaTsks belliteOutpassZiffs="93" cruthRecusal="detenus">
        <arccosArigueMills>887</arccosArigueMills>
      </tinemenSorvaTsks>
      <hemicCrimp evapGourdes="phenin6208" hollasBraidsCorella="victalSpavitMach">
        <aglintCunners>3255885</aglintCunners>
      </hemicCrimp>
      <managerJuttiedScotias updry="tythesWakiki">
        <iwa>257</iwa>
      </managerJuttiedScotias>
      <scrow lovelyGleeted="cloches">
        <tenuousSagitta>ousts</tenuousSagitta>
      </scrow>
      <harpedSteamerDarky ixias="worshipQuiteno42">
        <sparklyUnborneCanossa>uncityEffacesBientt</sparklyUnborneCanossa>
      </harpedSteamerDarky>
    </partiteSnobismFuzes>
  </shadkan>
  <coloppeYeti>
    <kiddersChokyQuivers>
      <illudedDedoMaidism>buoysCreels8</illudedDedoMaidism>
      <seiseTweest khadisTwisel="61" scuff="roeyCourge">
        <repurge>gpsEssaysTsamba</repurge>
      </seiseTweest>
      <dottingTypicalGermon infectsErgotGuilder="compoed">
        <gadidaeGlycan>60312</gadidaeGlycan>
      </dottingTypicalGermon>
    </kiddersChokyQuivers>
    <babulFlangNihal>
      <majestaAdlessAuger>6</majestaAdlessAuger>
    </babulFlangNihal>
    <degermYoteTerfez jawlessComedyBlat="gunyahReplane612" shunts="cupeledMetopaeUnmerry" nontanMockeryDavid="supesIvoriesChavel">
      <hides>pillarFidiaGambols</hides>
    </degermYoteTerfez>
    <fakeerFoxiteSoorma>
      <vulvaeExosmic>unfoul</vulvaeExosmic>
      <sixmos godiva="messrs" rondelMossier="umbonicDjersa">
        <lapful>deducts</lapful>
      </sixmos>
      <cullIlicic outbackAginner="redawnJumping" whimmyHolyWhuffle="veilSchwas">
        <goasChelideGaper>steeryAeoliaAwiggle</goasChelideGaper>
      </cullIlicic>
      <dareFerous>
        <upskip>panner</upskip>
      </dareFerous>
      <kansansHemineeRaper buteinAsok="bebrush" lerMadcap="margauxMiranaCsmp">
        <stolasEchard>agetePyla1</stolasEchard>
      </kansansHemineeRaper>
      <farcers queuing="52604" avarish="txtPeartlySare">
        <lynxTackSchrund>obelialGeordie</lynxTackSchrund>
      </farcers>
      <movie>
        <ketaHoaxedBegrown>guldens</ketaHoaxedBegrown>
      </movie>
      <batoka chancey="tedesca" harrUprisalVivre="pregustTaysmmFrowzly">
        <alsatiaSpongeSord>hypoedAroliaMallum</alsatiaSpongeSord>
      </batoka>
      <dattoFitly>
        <kyat>haven</kyat>
      </dattoFitly>
      <ligules gluckeAvataraOblat="alkyne">
        <podalicGneissyPatter>spindlyPlayboyUpwells</podalicGneissyPatter>
      </ligules>
    </fakeerFoxiteSoorma>
    <tactSensify dragnetSenso="preys" gashedOutwept="imuBattingRewelds941">
      <viands>aspergeBlout</viands>
    </tactSensify>
    <jetteauCairnsStocky gothaTinetyLexical="padreStickit" chilion="taipanGraham4118" cachetsPumpRequeen="cribs">
      <umbersAgapai>takingBerries</umbersAgapai>
    </jetteauCairnsStocky>
    <cervusKhayaLuggie>
      <glaum>ollieEild</glaum>
      <rowdilyPifero apozema="insoulPaca">
        <spaemanIgnoble>alacranMenacer</spaemanIgnoble>
      </rowdilyPifero>
      <drengKalekahSunsuit>
        <unmadeMeader>rillsOverdyePiest</unmadeMeader>
      </drengKalekahSunsuit>
      <carafesToxodon uraticWidowOpifice="warmer485">
        <resinerInsulae>veepee13</resinerInsulae>
      </carafesToxodon>
      <rusks surreysArghelTroat="machaonDicyema" veniceMentaryGables="jauntieBeltineImport">
        <zyzomysCypselaDhan>83252077</zyzomysCypselaDhan>
      </rusks>
      <dipodyCordelDirige venterOutbondKylie="isomereFelix">
        <chiruPluses>dottersLarchenIdolize</chiruPluses>
      </dipodyCordelDirige>
      <alike anulomaEmiliaHand="sautedSuccise" gebbiePikThetics="1321238">
        <kennethWiverOpiners>chadriIdahoanGpcd</kennethWiverOpiners>
      </alike>
    </cervusKhayaLuggie>
    <feeded swinkBurglarWelling="dashier">
      <raggetyKeratOverfat>charvetAngor</raggetyKeratOverfat>
    </feeded>
    <hamaulsWhiddedPantry fanwePotboyWanders="570817" reflows="chamadeWramp9">
      <rushesEilaRetter>fusainHoolieAneurin</rushesEilaRetter>
      <erinize>
        <cheminCoiffedSelle>crozersHeliandBonetta</cheminCoiffedSelle>
      </erinize>
      <rebuses>
        <nounalPaceVibe>dotalPrussic2572</nounalPaceVibe>
      </rebuses>
      <folder emptyFostersCharbon="moreDogtrotZeins">
        <expedeStorms>80</expedeStorms>
      </folder>
      <hodmenBisabol howffs="boccaleClupienHanbury">
        <monimia>moonackAlmuten</monimia>
      </hodmenBisabol>
      <uzbegOpulus>
        <thworl>gula651</thworl>
      </uzbegOpulus>
    </hamaulsWhiddedPantry>
    <nonbaseCoth wrested="sitkaCaciqueTrollop729" danaanWittenSinaloa="opuntia" groserMotacilRosario="salamiTannishMagical">
      <squireUnawed>36513818</squireUnawed>
      <auslaut procUnclesPulley="heathyMesange4" baniwaAquage="1">
        <tribrac>911624553</tribrac>
      </auslaut>
      <eponym korrel="vitricsCabookClines" theave="bushido">
        <rajabEditorsJaspe>beguileNolCopters</rajabEditorsJaspe>
      </eponym>
      <brings recusal="carcoonPolSoya7">
        <undamnEcchOblated>toucheWpmAeq</undamnEcchOblated>
      </brings>
    </nonbaseCoth>
    <bein gabbingSkodaic="unibleBulwarkGult" sudaniRetinolElution="sylva9247">
      <tsunami>raun4556</tsunami>
      <triazin blawn="18926406">
        <beclown>brailsSutten2</beclown>
      </triazin>
      <tamaraoSpeeded ratios="6900">
        <ghbor>tesvino571</ghbor>
      </tamaraoSpeeded>
      <lorien>
        <osmin>3610470</osmin>
      </lorien>
      <overcapKernes>
        <flylessArya>subteenKnollyAmusive</flylessArya>
      </overcapKernes>
      <maleePinkerThan wooCaeciasVowel="wheredCutoverKrubuts" fantomRemet="howkingWoolded">
        <jiriRedbaitAmidid>484868</jiriRedbaitAmidid>
      </maleePinkerThan>
      <komtok nouilleUmbonalPaletz="potluck">
        <illumeAbrase>55733303</illumeAbrase>
      </komtok>
    </bein>
    <rcd>
      <yerbaSandip>bottDatchaRabbler46</yerbaSandip>
    </rcd>
    <unslyPyePupping>
      <spoofedHuxterMixing>relevelFicheBlasts</spoofedHuxterMixing>
    </unslyPyePupping>
  </coloppeYeti>
  <reslot burbotZlotys="kipsBancosTabacin" fliomaForfarsMoulins="goldtit" cadent="dibbler" recoatEmbolon="abiezerTorrefyLeucoma60">
    <pockyPaucal>
      <ackeySoogan>gratten468</ackeySoogan>
      <martel hastierZoogleaUmbilic="licury" gemutiTrouv="miskeep">
        <trassesVesanic>aneAflat1</trassesVesanic>
      </martel>
      <vermeilFastly>
        <lamentJackboy>scudderJouleanTazzas</lamentJackboy>
      </vermeilFastly>
      <alaeKissar yoopRolf="shammosJeopard">
        <manifer>nitredUnstern</manifer>
      </alaeKissar>
      <emblemaUnthridSplayed>
        <enfant>hubbleArtless</enfant>
      </emblemaUnthridSplayed>
      <sorediaMormaerMeddled downer="noduledPhrasem">
        <loros>wombatsPoorgaElector</loros>
      </sorediaMormaerMeddled>
      <gimletBudhStrewn retard="113880733">
        <equals>beseigeNickerFaff</equals>
      </gimletBudhStrewn>
      <putti sofas="palpateTweeds">
        <lungie>psoraWisketGlaux16</lungie>
      </putti>
      <kikkiDearest>
        <nemosPeeleMarver>saic</nemosPeeleMarver>
      </kikkiDearest>
    </pockyPaucal>
    <reverieDegradeAmydon>
      <shocked>4462</shocked>
      <daudedBuckets geoidalChackerAirbag="8364311">
        <forwrapPelages>hogginsBareJails9666</forwrapPelages>
      </daudedBuckets>
    </reverieDegradeAmydon>
    <deadly dalarFaery="digne">
      <csectSialid>7565220</csectSialid>
    </deadly>
    <agamaeGuazzo brestOutyellStigmes="lords" boxiestSquared="5" maeOutletTigress="62079248">
      <tift>repaved42</tift>
      <kirkingFletaMachete unwry="vitricsRodger" cellosePigsney="432728440">
        <curlewsImpagesVaus>bayousSturnus</curlewsImpagesVaus>
      </kirkingFletaMachete>
      <hookumCapronSebific>
        <encraal>695620024</encraal>
      </hookumCapronSebific>
      <pomeria>
        <brevetsPactumBindweb>rum</brevetsPactumBindweb>
      </pomeria>
    </agamaeGuazzo>
    <koorg lynched="stilesPernio8" sonniesAngliceSmews="cohen" tricks="vection">
      <reshave>bespeedProximeBirsle785</reshave>
    </koorg>
    <shikaraDarinInswing>
      <slipper>154763402</slipper>
    </shikaraDarinInswing>
    <wherryYrbk benshiReengeRicksha="jaguar" babis="65351">
      <yams>960850916</yams>
      <kikar malonicChitter="2">
        <pawners>colarinUnsheaf</pawners>
      </kikar>
      <titleTethsCrimes djebel="114166085">
        <seabirdLeglessSnittle>xenial7</seabirdLeglessSnittle>
      </titleTethsCrimes>
    </wherryYrbk>
    <unicefHadjee nudgedPiroot="guacoCoyerLeve" infield="tund">
      <officeDhurnasJambes>4096695</officeDhurnasJambes>
      <soapsudGallup>
        <obtrect>77797278</obtrect>
      </soapsudGallup>
    </unicefHadjee>
  </reslot>
  <pswGalileoOff blainFatimidKanten="butein" mishitsEnfork="tsetseDrawout" furdleJirgahTrt="junebudJasy">
    <miscoin quislerStenogMalmsey="44016637" epigeumRifian="whincowMalocaBoned" corpseDemiss="rhoncalArber">
      <gudgeonFootwayImit>ucalRobaloVulvae</gudgeonFootwayImit>
    </miscoin>
    <riping>
      <warding>731224319</warding>
      <elodKickxiaRadion swerveFulmar="rombleFurs5">
        <urushiNudgerLodging>48611</urushiNudgerLodging>
      </elodKickxiaRadion>
      <evan brocadeCarfourBoloing="537">
        <coracleVinta>loomeryKinneryTympani</coracleVinta>
      </evan>
      <floppedUndrab idyllia="26259644" czech="fondlyHeckles">
        <gratiasSdumpExport>decrown</gratiasSdumpExport>
      </floppedUndrab>
    </riping>
    <kittyWoevine eloinsThrallsLieut="perpera" exploreMyriad="nimrodDeboiteHersall">
      <typhus>dermalDhoby</typhus>
      <ficheNavajosRamstam unclamp="oxide" lupeolLissesLycian="2750589">
        <weazenDredge>35730</weazenDredge>
      </ficheNavajosRamstam>
      <harshCdr saladin="hadarimTentfulDorms">
        <logeiaGaloshStuccos>206118086</logeiaGaloshStuccos>
      </harshCdr>
      <dyassicAster houriPyreninAbsent="ferretyShawm" pompanoZonic="finikin">
        <olor>innedTaha</olor>
      </dyassicAster>
      <onyMuruxiApism impietyUrna="77" cunjerPampasEanling="64768">
        <lata>reannoyLapdogs</lata>
      </onyMuruxiApism>
    </kittyWoevine>
    <naegate>
      <epoistKrubis>biaxalCymbelLoange747</epoistKrubis>
    </naegate>
    <demeanAmulla kekunaFer="rolpensSuffectStinty" pioneerEthanol="smift">
      <ritard>7</ritard>
    </demeanAmulla>
    <saburra>
      <gneissyYapoksEquated>menusTae</gneissyYapoksEquated>
    </saburra>
    <unhose>
      <perdrixAcool>brotel3</perdrixAcool>
      <tuedianReparel skimoPkgs="rudity" hazardsNettle="7725031">
        <cajeputMocoanSimia>auchtHawsed</cajeputMocoanSimia>
      </tuedianReparel>
      <bringedLipped>
        <iridinRsum>sneaks</iridinRsum>
      </bringedLipped>
      <savelhaTunersBrock gibsAmeboid="mismateSemolaKadish40">
        <phrensy>crankedTransfOracy</phrensy>
      </savelhaTunersBrock>
      <yervaPinwormHoydens>
        <putbackUrf>spektCaite36</putbackUrf>
      </yervaPinwormHoydens>
      <reamyYexAbbots girlApogeeSpeired="plotty">
        <natures>80628</natures>
      </reamyYexAbbots>
      <corrals admiralMouthsCobbier="adjuteKrona6" beearnUpgrow="brailsRetenes">
        <lisleOpianic>famulusRefliesHomish</lisleOpianic>
      </corrals>
    </unhose>
    <antiKipage>
      <greedy>6</greedy>
    </antiKipage>
    <iridium>
      <comfyCheviesOvers>78</comfyCheviesOvers>
      <pixyishBuiltin nicer="shrinkMaddestUsherer" hogaMorga="ghazelKettrin">
        <hakesUpknell>95399648</hakesUpknell>
      </pixyishBuiltin>
    </iridium>
    <retying>
      <slagmanPelamydIcily>thoomClaims</slagmanPelamydIcily>
      <halfway exciterJatoba="konradComd" revises="6467038">
        <heckleAwhet>teraisPepsine</heckleAwhet>
      </halfway>
      <castledSoldadoTartly gazers="tropateZealand" villan="319009279">
        <cozier>kvinterGoals</cozier>
      </castledSoldadoTartly>
      <memordaThugdomToters>
        <royena>372</royena>
      </memordaThugdomToters>
      <moyleCalchePsych arugolaBajauBesped="lopemanCausaeMistune">
        <hogmaneThesisPalatia>7329</hogmaneThesisPalatia>
      </moyleCalchePsych>
      <therellScritchViewed alky="pelletDeprTaximen329" lewisiaRevue="muffledTalckyAllays">
        <tamiasNoosingHem>weewowCutweedGests</tamiasNoosingHem>
      </therellScritchViewed>
      <feazesRandirReadmit covisit="aftosaPteroidTulipi24" sistTastilyLigne="unblent">
        <nided>shireCurbers117</nided>
      </feazesRandirReadmit>
      <luller pardahsMundaSizes="nittaWezenCarlins" belowsQuetsch="routing">
        <cranyEnthuse>metic</cranyEnthuse>
      </luller>
      <coleurEmesis oii="shakilyElfwortBalter" segnosSunniah="hirples">
        <prankedMoonman>hafgan</prankedMoonman>
      </coleurEmesis>
    </retying>
    <yusdrum>
      <fifes>228769</fifes>
      <sahuaro giarraJonesesTirma="nervate" subletParlingButenyl="bosLumber">
        <suppersRewanVarve>tamzineBro</suppersRewanVarve>
      </sahuaro>
      <crusherTinchelOrestes boneen="fiendPereira">
        <spikesTweaked>ephorusFutchel</spikesTweaked>
      </crusherTinchelOrestes>
      <beseamGaddisAssoin sithens="grifter1431" soapiDeasConnect="setnetOdious">
        <mawsieAmania>4491758</mawsieAmania>
      </beseamGaddisAssoin>
      <quahogsEpigee>
        <andaMakarGangrel>hauberk503</andaMakarGangrel>
      </quahogsEpigee>
      <valine linaloeChawing="otitic" parfeyVised="saivismOgamsSinopia">
        <peePoz>exiesSobeitDub</peePoz>
      </valine>
      <welfic>
        <tailleIndic>nesiot</tailleIndic>
      </welfic>
      <pissoirBrowmanRoop altinDiacopeBeedged="drayFoxshipAssumes8">
        <dowerWeakens>sasine</dowerWeakens>
      </pissoirBrowmanRoop>
      <blazesPectate>
        <lisk>bumbledBunch</lisk>
      </blazesPectate>
    </yusdrum>
  </pswGalileoOff>
  <knatchSteads naywardArousesBop="simianPalazzo5">
    <ananterVascla>
      <animalsFlogsBecrime>woldyFrivolsNacelle</animalsFlogsBecrime>
      <simnelsTenons greboSteers="outbarkWealsFluors" utterlyPepping="bebilyaUncageAndor">
        <aporosaSurahee>enluteOrgiaMawmish1899</aporosaSurahee>
      </simnelsTenons>
      <rootingHulls barbuleVoicers="palamaPursley" atypyHeughs="22436036">
        <enlaceChica>5316891</enlaceChica>
      </rootingHulls>
    </ananterVascla>
    <hydeMuraena cloamerTieredAmatol="scudoOreidesSikhism2">
      <stamina>genie</stamina>
    </hydeMuraena>
    <chusiteBhotiaMenic newsies="sprint">
      <forane>alnageChars</forane>
      <typhonsGazee>
        <message>unlegalTiaraed</message>
      </typhonsGazee>
      <vilelySpragsDoge smootSfumato="12699">
        <gawbySoleusSprucer>pareuMiniver</gawbySoleusSprucer>
      </vilelySpragsDoge>
      <obligerEstuantHdwe mercMetel="scoupBuffsShophar" taborer="29">
        <flenserPaddock>halvahs13</flenserPaddock>
      </obligerEstuantHdwe>
      <judicesRoughsSamson>
        <serum>genappConform5</serum>
      </judicesRoughsSamson>
      <smoltIronic>
        <maidan>relache</maidan>
      </smoltIronic>
      <dottlerSwep soucars="desmanLilas">
        <roncet>pudgilyLeighZorro</roncet>
      </dottlerSwep>
      <cumshaWalter zophoriBebayMux="763680755">
        <saquaroTrunchDecurve>atrypaBlabberComic2</saquaroTrunchDecurve>
      </cumshaWalter>
      <swampUnarchMalthus turbanAllover="oghuz">
        <sotteryPusgutTeerer>eyeflap</sotteryPusgutTeerer>
      </swampUnarchMalthus>
      <shona>
        <torrifySawback>erwiniaScarphsIseult8</torrifySawback>
      </shona>
    </chusiteBhotiaMenic>
    <extundTyloseGodlike peelism="maviesLaugher" sogdian="9580">
      <wanhapIrenic>omrah</wanhapIrenic>
      <mikronsOverseeProg cowererHabitedRulers="agatesAlnageEnrut96">
        <fribScullogGuepard>curlewsFrey</fribScullogGuepard>
      </mikronsOverseeProg>
      <statohmMudholeSanford>
        <riderYird>setal</riderYird>
      </statohmMudholeSanford>
    </extundTyloseGodlike>
    <manfredWonning>
      <tanbarkOvisticGauger>bumareeLocomanRoping972</tanbarkOvisticGauger>
      <netts chiackBellonDottler="kenton">
        <bubalesKangliMingier>79176172</bubalesKangliMingier>
      </netts>
    </manfredWonning>
    <vessetsChaukRhotic biotomy="sherri" alecizeDaimenMelvie="sloidsTaint" unspell="reawoke">
      <bizelEnoplan>regaledAromata</bizelEnoplan>
    </vessetsChaukRhotic>
    <fiaschiBromiosQuatres ultaResentsFowled="copeArnotta" tater="spung" dammishDumplePolista="wordmanTribady">
      <sinnerUncrime>endeignSwayedDelves</sinnerUncrime>
      <evacuee mitred="forwentFulgur">
        <amoyeseViced>trassesFackSnipers9945</amoyeseViced>
      </evacuee>
      <chalk desightDepromeScoliid="itmoThirty404" pinardAusuboFolios="pepper">
        <whase>emotionSummas</whase>
      </chalk>
    </fiaschiBromiosQuatres>
    <ephebes>
      <albiziaAbiderEnwomb>jottedHaloed</albiziaAbiderEnwomb>
      <lerot flodge="denisJuicers" froths="vamoses831">
        <timeousMarfikAbscind>40234</timeousMarfikAbscind>
      </lerot>
      <acuanChufa pontiffRobandErump="piste" latedKeddahDes="quellsStrettaSyssita">
        <halerzSpionid>cottAvesta</halerzSpionid>
      </acuanChufa>
      <ablachStipplyXxx curaraThroddy="9255" spissyAmiles="hylismMutated">
        <figgumTomcats>pageArchit</figgumTomcats>
      </ablachStipplyXxx>
      <nicene>
        <outweptEbbetsHarpago>590746511</outweptEbbetsHarpago>
      </nicene>
      <cierge>
        <gutwort>carolanSacred75</gutwort>
      </cierge>
      <revalueBarks versin="crush">
        <meldedAbowBigly>twinsHoon</meldedAbowBigly>
      </revalueBarks>
    </ephebes>
    <pigged>
      <dimatisTylotic>porkman</dimatisTylotic>
      <imbuingPeepyCenacle godhoodBowseMudd="tryoutCorrals">
        <canepinCipoNunce>21429156</canepinCipoNunce>
      </imbuingPeepyCenacle>
      <mezquitSumachsOnlap quidsChiba="invtNougatsSpann">
        <impfBansela>herriesCotty83</impfBansela>
      </mezquitSumachsOnlap>
      <igiturPouf>
        <supples>acoponAralie</supples>
      </igiturPouf>
      <adaize vorpal="scionsHorrent8763">
        <mescals>batfulDurbar5</mescals>
      </adaize>
      <civite grieves="dunnestTeerer2" lazarus="glasses">
        <vaadBawbleWauf>tennuKande</vaadBawbleWauf>
      </civite>
      <gunlessArcual>
        <manurerCanons>minyaeBoffsOutruns</manurerCanons>
      </gunlessArcual>
      <kidlike quothPikemenDecibel="5637" gurjun="ofay">
        <insultsDominos>95538487</insultsDominos>
      </kidlike>
      <tapism termingMusedBoldu="nihil">
        <direx>raptureGritter</direx>
      </tapism>
    </pigged>
  </knatchSteads>
</acuter>