<?xml version="1.0"?>
<coffledBuccate>
  <murines>
    <ceriumAproned rosilyThanked="hearsaySeclude9" couterEricaPunnage="39496385" worstsMerril="unfedThymus">
      <pumas>9206</pumas>
      <yellochTalions hamiPetrosa="pht" suffice="knuckleScfm">
        <rummierDowed>nisse</rummierDowed>
      </yellochTalions>
    </ceriumAproned>
    <pushupsCreasy xxiiiHyades="volupty" sucks="taglock" hexine="lungee">
      <lunet>finedShrag4</lunet>
      <stipesNoggsVimina>
        <margays>68718773</margays>
      </stipesNoggsVimina>
    </pushupsCreasy>
    <sulkersEemis loaSeeweeUnsiege="capsianSozines5915" kidskinEcorchLiquet="5401475">
      <gabeler>5229</gabeler>
    </sulkersEemis>
    <behightHangie marches="thibet" buzzsawLupinin="247078" needersDevance="normaGoitral">
      <tetanalHayliftOutfeel>2</tetanalHayliftOutfeel>
    </behightHangie>
    <hoeing>
      <gorily>demivolTrikirAlkali</gorily>
    </hoeing>
    <carylWootz>
      <femmesBetweenPreace>77170</femmesBetweenPreace>
    </carylWootz>
    <pasewa>
      <overing>tarpotAxemen</overing>
    </pasewa>
    <defis>
      <mampusRebase>pitmark</mampusRebase>
      <boca recrowdHettyUseably="fumados">
        <soddingRetted>glidedRubifyDeepen</soddingRetted>
      </boca>
      <strow chaisesCagiestGigster="weasandLyttae31" coarse="lobcoktMurrPonga">
        <renin>riata</renin>
      </strow>
      <picnicsBabasuCanales>
        <gibaro>722683</gibaro>
      </picnicsBabasuCanales>
      <combed hats="embarsTempera">
        <liinTordionOutsay>629</liinTordionOutsay>
      </combed>
    </defis>
    <rhinos>
      <millardPicnicDorneck>nippyDrenchAdmin</millardPicnicDorneck>
      <oclock>
        <karn>508</karn>
      </oclock>
      <noup mittensHaddinDye="strikedChindeeCamisia" unshodAsana="slakier">
        <pufftn>pilapilBamothAndvari</pufftn>
      </noup>
    </rhinos>
    <sporont>
      <hedger>grandsLesedIrately</hedger>
      <sodaLooplet tycoon="donutsJanapan" ruttilyIma="234458">
        <asanaTreilleBosn>zaitha</asanaTreilleBosn>
      </sodaLooplet>
    </sporont>
    <calksDieter>
      <weesheeCeston>pavanesDebugs</weesheeCeston>
    </calksDieter>
    <inducts>
      <udicDepriveCalcine>22595413</udicDepriveCalcine>
    </inducts>
  </murines>
  <biurea wayMeritedEjusd="causersUnlobedLarrup2723" archersViandry="barneySoggilyJuked" pooncePeevedKarela="ouranosEmpeo" dronageGloomedDewdrop="foroldSorestPissant" />
  <searestBhootKabalas kafirs="wraptWhoso" unpawed="825893" connachSicking="handoff" fliestKhamsin="6018" />
  <iseBeckyChadri boningFlipe="whickerLobosaSharky" pandoreBeylik="filicesYookOverpot" />
  <leaden wrokeZoonomySleeper="andingUncurbs" trombaBiffing="reearn" />
  <matzohsMagpie>
    <emus>
      <meadow>celticSabreBoxball</meadow>
    </emus>
    <rhilaFondest>
      <teukCaverns>489536835</teukCaverns>
      <blsSylvaPlaids grilseBuggedHastate="falsiesNutsyFlinter" agenizeMarkeb="pyjamaGrimeAmazers">
        <dobie>cullen3</dobie>
      </blsSylvaPlaids>
      <cedrelaBroses formeChaboukCaestus="107800403">
        <chisels>311</chisels>
      </cedrelaBroses>
      <uneathServalPennet awaltCuter="gamelyFlagons">
        <maximon>althingArgidTsar</maximon>
      </uneathServalPennet>
    </rhilaFondest>
    <tanging>
      <gimelsInosin>audace</gimelsInosin>
    </tanging>
    <rubiaTipheadStrands>
      <unheedSylphicGibing>hareburMonachHooves5157</unheedSylphicGibing>
    </rubiaTipheadStrands>
    <cramped>
      <exmoorHustledAryan>91</exmoorHustledAryan>
      <sadleir outbentJuv="77411937" kumykShabby="baftVendors">
        <ravedDelenda>wallerSlammerButein</ravedDelenda>
      </sadleir>
      <sorchinToolachBatan afenilPirate="cahitaCharily122" fastenPanner="crabber">
        <fodgeCuvy>lentoid7600</fodgeCuvy>
      </sorchinToolachBatan>
      <dasherEastingSememes loosen="threepsFanging">
        <dactyl>162851388</dactyl>
      </dasherEastingSememes>
      <sussFleshly bundled="232" truismsTowser="yippiesDits">
        <woyaway>18906238</woyaway>
      </sussFleshly>
      <floruitGerim>
        <bolaVorant>8721</bolaVorant>
      </floruitGerim>
      <hemmedChilcat taus="goracco" upsmite="timiderWaifs">
        <whole>rasesOutrap</whole>
      </hemmedChilcat>
    </cramped>
    <shiverUswardsJocoque>
      <kogia>38199</kogia>
    </shiverUswardsJocoque>
    <coos jig="unforkHafts">
      <snastyEnigmas>berlinsLankerReyouth</snastyEnigmas>
    </coos>
    <zibetGimmeAntler>
      <anelesKeruingDeray>hundredCanesMixer</anelesKeruingDeray>
    </zibetGimmeAntler>
    <findalPlunder>
      <reneged>hypnaleMoxie</reneged>
    </findalPlunder>
  </matzohsMagpie>
  <subhallGreably loveredOutrang="steps" basochePhellumFinca="bisabolAwingHurrah" pugsLogheadArgonon="naiantLevyist" />
  <chutes doubtyFonduCraniom="toymenDawdyMidi" caus="heighth" exsectsRehired="rappingNaging">
    <bearsTarrockWorsts jackerPuting="35" skeedMaravi="anticar" paricaSaltire="rittockBergyPorkolt">
      <mopers>966356</mopers>
      <daunterKnesset sanjakFrogeye="aldolIlks">
        <jahveh>dopatta</jahveh>
      </daunterKnesset>
      <fulvid salvyAndokeWarnt="utinamBudwood" lipomasBestove="peladoRaidsPulian">
        <haptorOvinaeBuffbar>bragiGraphedSkift</haptorOvinaeBuffbar>
      </fulvid>
      <phulwaSnakeyStooded>
        <timableFundusArtiad>trunkHatpins</timableFundusArtiad>
      </phulwaSnakeyStooded>
      <grippyHarkenTune>
        <ecrusVorazWiretap>648529991</ecrusVorazWiretap>
      </grippyHarkenTune>
      <aerobicSofas townifyRinseCracky="presul" cullets="exuvialCancrid">
        <tolusQuatreKirks>unsaidChopdarPolt</tolusQuatreKirks>
      </aerobicSofas>
    </bearsTarrockWorsts>
    <pryingAdreadDolcian>
      <kaka>halalas</kaka>
    </pryingAdreadDolcian>
    <mawkishManures>
      <vastus>mumsyPonderLuaus</vastus>
      <hachisHogo>
        <parole>23967</parole>
      </hachisHogo>
      <should>
        <cumuliSciaticSeqq>carcoon</cumuliSciaticSeqq>
      </should>
      <utmostPepla tuppedRewakes="acamarWarfareExulted">
        <daimonNegateLemna>dekkos4</daimonNegateLemna>
      </utmostPepla>
      <lengths picardGriotteRefixed="ghattiRool" dummelLignums="5486">
        <zaribaMoscow>coxitisXerotic</zaribaMoscow>
      </lengths>
      <criant silkedDromond="chinedSneer" fockle="tumors">
        <traiks>zaggingHaled</traiks>
      </criant>
      <stanksParadedGutwort>
        <palas>sinuatePhymaDugs</palas>
      </stanksParadedGutwort>
      <bazarsSumpmanPencey untristMethoxy="gnoses" loticLemmonHalvas="draftyBilin9620">
        <ninthKobird>torousBaleteMaxi</ninthKobird>
      </bazarsSumpmanPencey>
      <topmaulCutlets>
        <rizzomBowableLardon>parrelsPialyn2</rizzomBowableLardon>
      </topmaulCutlets>
      <sixfoilHiggles>
        <haggish>2</haggish>
      </sixfoilHiggles>
    </mawkishManures>
  </chutes>
  <relais settlorAugury="vaccaryArgals" />
</coffledBuccate>