<?xml version="1.0"?>
<adagyAbrahamBandrol>
  <jatiPilagePoikile tsp="2505" vampingCampho="plazaCornutoRamrods48" disjuneGingham="legerArchaiChitose">
    <charade>
      <scuffsBulger>fellateBrailed</scuffsBulger>
    </charade>
    <seisingLobolaSolutes>
      <irreg>greenMilerMeans</irreg>
      <ruttedEpitaph>
        <valkyrsScritch>rightyRelends</valkyrsScritch>
      </ruttedEpitaph>
      <vowels>
        <ynambuShrogs>sidedCoff9998</ynambuShrogs>
      </vowels>
      <sacra>
        <bhootSublets>976848520</bhootSublets>
      </sacra>
      <borneAljama accrual="2" anoia="spladMorguesShastra">
        <quachilHydrulaYarder>288</quachilHydrulaYarder>
      </borneAljama>
      <valewStockerWaniest engramWolfram="subcaseViscoid" lecher="8289800">
        <meloid>megarad</meloid>
      </valewStockerWaniest>
    </seisingLobolaSolutes>
    <tamp>
      <caroonBal>skulk52</caroonBal>
    </tamp>
    <teindPrecony emboloSpaverPuszta="poneridAudaceBridler">
      <gadite>trophalPoother</gadite>
    </teindPrecony>
    <hubby>
      <miseatIsaticBawdry>dodgedDensusExpound9</miseatIsaticBawdry>
      <tricon cushierPappyriVadium="olykoekInkie">
        <araire>jungled</araire>
      </tricon>
      <daymenCossas cumaeanVermin="bobbins27" varingCalque="alecost5811">
        <mucroSordes>wilton</mucroSordes>
      </daymenCossas>
      <aglee basicLearierMentor="peleusForgivePerlite">
        <storeyGnatter>cribbedRosser</storeyGnatter>
      </aglee>
      <braid usnea="jerkingRedyeDishpan" comoseGibTrav="weansRohunaHalm78">
        <genusPachaCrucian>flareBimasty</genusPachaCrucian>
      </braid>
      <hura ratings="916246" pacta="yadimChapeauDyads">
        <wooferClot>subvein</wooferClot>
      </hura>
      <brangleMaryCoto aftosas="shifterSluts" upspireBust="evilerKolamiAverted">
        <halserImpostAgal>berbersFozyAttorns</halserImpostAgal>
      </brangleMaryCoto>
      <darioleNymphalKicker outfoxFleckenMonoid="racquetPnxtBrats" pheneGrinner="93392049">
        <caribSulphin>alumnolPomary</caribSulphin>
      </darioleNymphalKicker>
      <bizantPignutsLeeward>
        <fez>515</fez>
      </bizantPignutsLeeward>
      <baleareGrafter ghosty="furans3569" coelomsStoptUnmix="ulto8">
        <pouncerSmoteBland>ligerEsteemsArbours</pouncerSmoteBland>
      </baleareGrafter>
    </hubby>
    <belleEnsuedExition>
      <sharpie>odonateTawnyPoesis</sharpie>
      <atrypaBunjaraCigala veepHoodshyRicksha="xoanaStaggedPips1" sexes="scagliaLowest8">
        <albarcoLioncel>rosetan</albarcoLioncel>
      </atrypaBunjaraCigala>
      <airampoAmowt>
        <granum>unpeace</granum>
      </airampoAmowt>
      <shastraDatum ateesCoshedLegatus="83772" ppi="velamenTuckers">
        <madroneTyphic>godshipAitches7954</madroneTyphic>
      </shastraDatum>
      <thurstCarpelsSwiving>
        <indole>session7749</indole>
      </thurstCarpelsSwiving>
      <swithFranion odoomPlatieJohn="devoirsRitzes">
        <divertsKinosBowtell>numericRettorySadhika</divertsKinosBowtell>
      </swithFranion>
      <fadedlySpellsDollied cyrillaMamieKempy="welterNaiadSpinels" neyandaWetterFadme="kolasAshine3">
        <furores>aptalChinchaRebut</furores>
      </fadedlySpellsDollied>
      <filthCancer sinapisHeyduckFinding="angorRoved">
        <stract>48</stract>
      </filthCancer>
      <roselleHot tenibleTibial="schmearRatted" crappieFranticUnbase="pannadeCestui">
        <howesMinoraKuki>ganch</howesMinoraKuki>
      </roselleHot>
    </belleEnsuedExition>
    <reflingGurnard>
      <lordomaSulphin>amutter</lordomaSulphin>
    </reflingGurnard>
    <reknow humpierMinimusPadlock="tubedSakeberOleum" marezzoMyelin="gunning24" finch="mandLardedGonakie">
      <proofed>86</proofed>
      <fessedGed houmous="ptolemyDallis48">
        <mylodei>tecali</mylodei>
      </fessedGed>
      <apocyteBocci>
        <garn>contexMiauler</garn>
      </apocyteBocci>
      <psize smoothCuculeMadship="apers">
        <kyanolJalee>gittith</kyanolJalee>
      </psize>
      <malist>
        <tuyerGeol>xylinaTheeker</tuyerGeol>
      </malist>
      <elficThuban mellowy="scudsFutiley">
        <boozesSurique>oxtailsSheikhBretons</boozesSurique>
      </elficThuban>
    </reknow>
    <bogeyedBrecia>
      <miltersGroups>1700</miltersGroups>
      <fleasAzores aeviaAbutted="pyrexia" yorkishAdamsGooky="panamaBrashes">
        <ovalCassady>pepticTubikBarile</ovalCassady>
      </fleasAzores>
    </bogeyedBrecia>
  </jatiPilagePoikile>
  <virtuHigher hostedAmplerLysing="406" parsonJericho="relator8" riddlerRigadig="fuffit" />
  <spicate karnsObadiah="656" />
  <abcissaZemeFlows ophites="undevilMisused" azofySlimpsySmokos="tutenag490" hollKrebs="paganicYttriasRevolve" eradeCaressBetakes="hunting">
    <kendWhishGratify>
      <negocePork>shoeboyWornil402</negocePork>
    </kendWhishGratify>
    <sullaAngora>
      <burree>49703845</burree>
      <nobbleShride dichStan="pricyHiodonCanards">
        <cribber>1362848</cribber>
      </nobbleShride>
      <pridesBeclout>
        <banlieuPantoon>tangkaAsgPittism</banlieuPantoon>
      </pridesBeclout>
      <aliterDeputy>
        <hommackBelatNatuary>903560</hommackBelatNatuary>
      </aliterDeputy>
      <enruinLotuses>
        <pusses>haviour5</pusses>
      </enruinLotuses>
      <octonal>
        <agreersAtloidHucks>shizokuVerstePanurgy</agreersAtloidHucks>
      </octonal>
      <lineateLongestDissavs longrunUnkend="kootcha" marsalaSubduerLivery="1949">
        <bevenomMamas>whitret</bevenomMamas>
      </lineateLongestDissavs>
      <shambleDhikrPettish actableBaubleAmbaris="licham">
        <contenuWaggle>419817</contenuWaggle>
      </shambleDhikrPettish>
      <camasesGarbles caldronMadman="whindleTenible1089" poltCoroll="batadSoonly346">
        <remoraSanjibMetro>larixinCursen972</remoraSanjibMetro>
      </camasesGarbles>
      <hogtieMopla>
        <gashesLearierUns>shab</gashesLearierUns>
      </hogtieMopla>
    </sullaAngora>
    <woaldGodsons grubMeander="dagglyCassady" whindleVeninesArgenol="regaveTrues">
      <trindle>88367509</trindle>
    </woaldGodsons>
    <iodolAlantolCray>
      <tench>515750868</tench>
      <incleForeuse recool="bragGonal" fangyTepehuaSlags="navely">
        <bimetalSwithin>delicatPrevoid</bimetalSwithin>
      </incleForeuse>
    </iodolAlantolCray>
  </abcissaZemeFlows>
  <sfumatoGrumpy causing="screens" danaglaInvtSuns="gavialHotchOofbird">
    <trident stovesDinka="bridgerTinderOhm" kioeaAvileCananga="neezeCocksAnatum">
      <lorimer>marital</lorimer>
    </trident>
    <busAbramPadded>
      <fuscinAminoidGrewia>crucial</fuscinAminoidGrewia>
    </busAbramPadded>
    <tajikiWaiguliKnock redoutHausen="boiledSanifyStria61">
      <smaltos>codeinFormsDebag819</smaltos>
    </tajikiWaiguliKnock>
    <lattinsBesnowsBordman lamaic="dollopSiphac" seducer="apayaoVulvaeLinaloa7">
      <duntsBrairo>anaxAlaeMuonium</duntsBrairo>
    </lattinsBesnowsBordman>
    <ablare geburBustsFlook="lifeletLabroidCharter" tropeicInkhorn="mazing7">
      <bedeck>oziasUnhullFagot</bedeck>
      <ungouty>
        <haysel>stad</haysel>
      </ungouty>
      <ovoidBedizen pools="sarsen" unliverObclude="88633">
        <camasesBollerDuret>aahingBleaunt</camasesBollerDuret>
      </ovoidBedizen>
      <unlace>
        <ospreys>khisPodtiaImply</ospreys>
      </unlace>
    </ablare>
    <caresDeismsRooses>
      <coppersDoom>freakySpreadsRugbies</coppersDoom>
    </caresDeismsRooses>
    <tenaiMaydukeShyness>
      <cessMincier>fluingPuneca754</cessMincier>
      <tesvinoJimjumsFlap billyerChayota="61729991">
        <titlarkTurfskiLural>castile</titlarkTurfskiLural>
      </tesvinoJimjumsFlap>
      <gaslitBeladyUpwith>
        <dclassPurser>melangeDadoHollo</dclassPurser>
      </gaslitBeladyUpwith>
      <nobbutThillerSoviet enray="factfulMutuateWitless">
        <ceduous>6142402</ceduous>
      </nobbutThillerSoviet>
      <limbingMaltolsTweel cotele="cabalaUnherd" abjectRewaxesFatbird="dupped">
        <tossing>818561645</tossing>
      </limbingMaltolsTweel>
    </tenaiMaydukeShyness>
    <jambiya>
      <quirtedGladenMartini>hivesGustoso</quirtedGladenMartini>
      <poesisSarus lowboysTwirl="8624">
        <clammer>dills4</clammer>
      </poesisSarus>
      <boleti lugmarkImpest="eyn">
        <fanosFondest>obeyed</fanosFondest>
      </boleti>
      <libbingStethyHatreds beedged="karsticTussledSalved">
        <cluingBaxtone>doreeSystem2688</cluingBaxtone>
      </libbingStethyHatreds>
      <alkylolCupidon>
        <coachedSwounsPlane>debater</coachedSwounsPlane>
      </alkylolCupidon>
      <fordullChoughSartors>
        <ploukedAcinuni>amebasDrieVoe9</ploukedAcinuni>
      </fordullChoughSartors>
    </jambiya>
    <lansaHavesDelude>
      <funli>408939435</funli>
      <criticSouren nyoroPertest="baridHoorahs" barrowsScoochHool="957247">
        <wicopyShimei>almanacTartans</wicopyShimei>
      </criticSouren>
      <golach>
        <cherty>435708</cherty>
      </golach>
      <tiklinMurkily>
        <biuneEbrious>bukshiDeraignAckton578</biuneEbrious>
      </tiklinMurkily>
    </lansaHavesDelude>
    <rachesSchoolAfro>
      <untwirl>proal</untwirl>
    </rachesSchoolAfro>
    <haired>
      <declassComonteKaama>sellersClausumRunman</declassComonteKaama>
      <iodize sowarryTigreanTripos="skeely4">
        <linageEnfect>oculiCardo</linageEnfect>
      </iodize>
      <dormieLeamFontina>
        <fangerUzarinRefered>sabecaUncinchBosslet</fangerUzarinRefered>
      </dormieLeamFontina>
      <fawnyKneader faunish="gemlike">
        <faciend>tolansSimlinExomis</faciend>
      </fawnyKneader>
      <motaAnasaziPerine stounViolateUlema="braless3">
        <signonDaffs>jetterLocales</signonDaffs>
      </motaAnasaziPerine>
      <simaba unrack="dangersDakotas">
        <pujaZymoticWomplit>severeToluyls</pujaZymoticWomplit>
      </simaba>
    </haired>
  </sfumatoGrumpy>
</adagyAbrahamBandrol>