<?xml version="1.0"?>
<citable>
  <shohjis>
    <samaniPithySoul>
      <nattilyExeatManzil>bandletCivoryCueball</nattilyExeatManzil>
    </samaniPithySoul>
    <wusThedTalions pylarFnese="apers" smirkle="odylesVarvedBubale" capharMazerWhimsic="tenchesQueachyPonhaws">
      <istChalazeHoppo>steepen</istChalazeHoppo>
      <geisaDazzlerBeylik indiaChappal="stuMottGopura">
        <mormalReposesTattle>strivedApheliaPhantom</mormalReposesTattle>
      </geisaDazzlerBeylik>
      <aaronStonily>
        <silphaAdze>dashed</silphaAdze>
      </aaronStonily>
      <singhBebang rejectTeat="arbaloStrainsCusso">
        <aposia>959852583</aposia>
      </singhBebang>
      <regiltQuizzed>
        <grugruPajockDorse>jewelerBoraces</grugruPajockDorse>
      </regiltQuizzed>
      <relines>
        <devwsorDisk>ecitonImu</devwsorDisk>
      </relines>
    </wusThedTalions>
    <finestDafterRhoeo>
      <bourrePennia>4800</bourrePennia>
      <copseRookyJyngine>
        <thebaicTyrants>coarseSniperRapillo</thebaicTyrants>
      </copseRookyJyngine>
      <hugely emblemDeneb="exogeny" slats="trothsGanodus">
        <flavousBrawns>shape</flavousBrawns>
      </hugely>
      <lasking>
        <spirate>flymen</spirate>
      </lasking>
      <repressBrauna musk="uraticSauveCyclope10">
        <frizer>tarrer</frizer>
      </repressBrauna>
      <upbay>
        <bimbilEndwise>roguingNoncoms</bimbilEndwise>
      </upbay>
      <snipperHadstBossboy udiSteaks="whalpOutwoe362" suerCembaloRoey="869">
        <magnumsBecladAzurine>fagger</magnumsBecladAzurine>
      </snipperHadstBossboy>
      <sessRustlesDishpan oxygenAyins="bergallAnnuliWechts">
        <syrtQuitchRfb>cuchiaChokier</syrtQuitchRfb>
      </sessRustlesDishpan>
    </finestDafterRhoeo>
    <arophVarves>
      <ornaArgean>phallus</ornaArgean>
    </arophVarves>
    <tethsPadesoy>
      <rockatWavererSubrace>barosma</rockatWavererSubrace>
      <aceta>
        <dorsals>5</dorsals>
      </aceta>
      <entoireEscrol mioticsChromylMale="berthas27" pecketBestorm="gied">
        <acis>177669783</acis>
      </entoireEscrol>
      <michtCurseBenegro>
        <bucklerAlans>aldenBibbEcthyma698</bucklerAlans>
      </michtCurseBenegro>
      <accedePayoffsAmbreic isopyreIncurAsaprol="zeedTaglock" buggySubteen="widesCadgy7">
        <chimbly>gibierSorbus</chimbly>
      </accedePayoffsAmbreic>
      <unvest actuoseSapeleMech="diallyl">
        <porism>phasmaBobetDistome82</porism>
      </unvest>
      <abelian bvtRemould="isoamylJewismBandaid">
        <barbion>spumier9805</barbion>
      </abelian>
      <cozenerAll fluked="ufologyMuntingAlden">
        <artusWhacked>hauldBunkum</artusWhacked>
      </cozenerAll>
      <nikonTigerlyPassee masted="tandy">
        <unmowedHurlsInkie>chintz95</unmowedHurlsInkie>
      </nikonTigerlyPassee>
    </tethsPadesoy>
  </shohjis>
  <casaveFerfetCameras />
  <peyotylRefell sludgedChabuk="irides1100">
    <styliQuopMusketo preplot="nailerFlirty" terga="meinies" kiver="9">
      <homoBlumes>cullBirde</homoBlumes>
    </styliQuopMusketo>
    <semitaeAsarotaIodoso>
      <galeSaumon>520</galeSaumon>
    </semitaeAsarotaIodoso>
    <auraeAbaticNotable>
      <sensu>mappilaPteris</sensu>
    </auraeAbaticNotable>
    <heveaEyeline>
      <polyoseMyrrholSeaghan>portly</polyoseMyrrholSeaghan>
    </heveaEyeline>
    <pocosonSakha>
      <sabujaKappieFigboy>jookEvirato</sabujaKappieFigboy>
    </pocosonSakha>
    <shivahUloidBananas>
      <maltha>veiningAlltud436</maltha>
      <momzerTriarii annuals="visayan" cretionEmuleSpawn="maarsNiacinsWindas">
        <secretGemels>biggiesDurantFarinha88</secretGemels>
      </momzerTriarii>
      <reforceStogeysWorble berlineArnotta="budh" uneathsSkysail="dieses">
        <inhaledHaft>2901417</inhaledHaft>
      </reforceStogeysWorble>
      <durosLyard fugios="pardaoFruited">
        <dimitryPreallyAulos>reekersCheese</dimitryPreallyAulos>
      </durosLyard>
      <klutzyRoofsDeprome softie="metoponFroglegAzlon168">
        <serousStootCombust>5731801</serousStootCombust>
      </klutzyRoofsDeprome>
      <proartStiddy putlogPiaristBrigue="isologs5746" redaubSnockerMantas="foldedOwlRuewort">
        <anonymaTorrid>polyactSicesYaourti</anonymaTorrid>
      </proartStiddy>
      <erminedHyeSkieur>
        <kernelsTanghamWhinner>frosterNailbin11</kernelsTanghamWhinner>
      </erminedHyeSkieur>
      <bihai bilicOctect="duplexsHimpleOlena6" hooleeLanugo="bedsore6352">
        <stromePibroch>2921</stromePibroch>
      </bihai>
      <unclaspAzilian yereDarkishStat="kettrinTecaliLoam" bolusHumulusGrunter="romeineKamseenExcises267">
        <capichaShakily>assishImamate</capichaShakily>
      </unclaspAzilian>
    </shivahUloidBananas>
    <sobbingAnilinoFright>
      <podgierErato>sigmas</podgierErato>
      <jurats hyoidsGlen="cestodeDefiles" unzenCostaeMonasa="mothedJessesStereo">
        <danainePinning>noemiTodidae</danainePinning>
      </jurats>
      <pinkosShrugs apteraAssisan="7" rapedAmbler="halters753">
        <parquet>weeksSeether</parquet>
      </pinkosShrugs>
      <tughraScruff axoid="ogdoadRabbiesUpeat" encupCreeky="shemiteGoats849">
        <trawledDumas>violetsMochila8890</trawledDumas>
      </tughraScruff>
      <deaconsLacert elecKusha="khokaCordage">
        <missungNoesis>bloused</missungNoesis>
      </deaconsLacert>
      <alala metazoaPoseyTabstop="wetlyWeeweed">
        <banjoesCowbarnPinyin>lebanonAerials</banjoesCowbarnPinyin>
      </alala>
      <smocked sighs="hemmingGrisard">
        <feretraDrumlyTotchka>nitent</feretraDrumlyTotchka>
      </smocked>
      <viduateSorbetLimsy ladnerDeignsCopable="sparusSuffer">
        <sayst>wholesRosebudShims</sayst>
      </viduateSorbetLimsy>
    </sobbingAnilinoFright>
    <crooksDosainDiam>
      <effusesHuddlerSylvan>dolosBateaOrdu</effusesHuddlerSylvan>
    </crooksDosainDiam>
    <enoil grapeysImdtly="affrayOvicyst" keeNugatorGoggan="bagnio">
      <suppingTopazy>belgiumTinfoilBenote</suppingTopazy>
      <reposalJitneurAlgy>
        <daw>721897</daw>
      </reposalJitneurAlgy>
    </enoil>
    <xysts>
      <toxoidFacade>defyingIsleted</toxoidFacade>
    </xysts>
    <radonsComitiaSoddies olacadVarnasIrate="36" pinkosAtollDadayag="blinksPleadsHuckle" kiddedRuller="soler">
      <canun>pisoteBihalve9</canun>
      <typoSumphCrocein>
        <igarapePhyllis>voitureBurel</igarapePhyllis>
      </typoSumphCrocein>
      <eltimeUnbungHinnies isagonLinksMuzz="lairdSeadogPolster">
        <leptonsMyoneme>2377604</leptonsMyoneme>
      </eltimeUnbungHinnies>
      <soxFlairsGerara claypanOffscumKeys="tubbier">
        <lobcockVenders>callaReputedAlpha</lobcockVenders>
      </soxFlairsGerara>
      <monteraGigletsPropjet senegin="riles">
        <kirkingBungleDaube>537552</kirkingBungleDaube>
      </monteraGigletsPropjet>
    </radonsComitiaSoddies>
    <kitsKeraciSeiser>
      <gin>coddleZambeziMorbus</gin>
      <scrinia huashiCinuranYirring="83742322" mudraDulleryMyosins="mooderIbidemPich">
        <sowarQuadraEmbed>20005281</sowarQuadraEmbed>
      </scrinia>
      <scorchRecededBike flummoxClitia="jefSwire">
        <plangiPapagoMordv>cloine5</plangiPapagoMordv>
      </scorchRecededBike>
    </kitsKeraciSeiser>
  </peyotylRefell>
  <roomletVolar>
    <flummer tump="toluids" madrasSememicJoints="candaceCholers">
      <duddieTenaiMalwa>rotorsRekillOnes44</duddieTenaiMalwa>
    </flummer>
    <utiMopsey utterlyGummoseSirple="isaianSpar" gibusMucaro="uraniidCleruch">
      <toskishKedlockAbater>914931</toskishKedlockAbater>
      <gaistNaive ajajaFor="seghol" debarsHelvingMalmy="1">
        <aneled>2085</aneled>
      </gaistNaive>
      <fulicaKerana>
        <smackedAvert>cormousJiffsGazon</smackedAvert>
      </fulicaKerana>
      <lumpingAlumni dusioPrefersBee="tubingHibachi">
        <stiltRaft>chattedSirihExtent</stiltRaft>
      </lumpingAlumni>
    </utiMopsey>
  </roomletVolar>
</citable>