<?xml version="1.0"?>
<smoochsThereupMogo>
  <pingleAnanymSqualid calmsNecklet="digram" barelyBesouth="rilletEanlingOaklet" tussahKrems="bongBlessed" strokedSkoaledTalker="78" />
  <ellTooth toros="syrens" luckDayworkPressie="5" purled="ictic" />
  <rayahFelids />
  <piasNaitlyAcmes mappistPulper="ilex" relays="sooth" />
  <richter atticeAmbeersKilloch="johnPrecideRoed" griffesUpsweep="424560815" sullageDentsOmits="708" forwhy="whydahSulcusResined">
    <whse>
      <gnessicIndnCamden>krithiaSpinesRivo</gnessicIndnCamden>
    </whse>
  </richter>
  <monsSasinsExopt bermeSnapyQuokka="stowthPubertyAsclent" thapesReverieColeen="370567637" junketsPhoroneAuthors="sinologMegClysmic764" demainAralia="sicketElkhorn" />
</smoochsThereupMogo>