<?xml version="1.0"?>
<bef>
  <redbuckSuccinBobbles terralTraduceTruce="50303823">
    <ribandsBigaUnlearn>
      <reavingGawain>29974604</reavingGawain>
    </ribandsBigaUnlearn>
    <cushatsKashima>
      <coiffesMyaceaBettors>availed</coiffesMyaceaBettors>
    </cushatsKashima>
    <provantTemseEringos>
      <asthoreSharnyLoving>oxalateOstitis</asthoreSharnyLoving>
    </provantTemseEringos>
  </redbuckSuccinBobbles>
  <padeyeChwas mathaAdar="tunney" bargirJaunder="aminizeRiceHindgut" />
  <rancioCruelerAvar />
</bef>