<?xml version="1.0"?>
<myringa>
  <eldest atresicFantast="5434" midlandTamalsTech="subwayYizkorNinnies" purpuraPasskeyWouch="pootPretextOutcure" naid="silvernCuracao" />
  <pruner mawedTigreCluppe="syndetsOrpine" />
  <modistCuspids paradoxCeps="toeholdUncorks" kaingaLothlyUntying="ethionsBrediLatch" />
  <numine />
  <lullingImaumPycnia pilusliTaysaam="boother" bronxPrecess="badgers">
    <limulusCashoo>
      <lipemicLiven>42774898</lipemicLiven>
    </limulusCashoo>
    <armfulsRaceme sutureDecorsVatting="4159303" tatami="honeyedFidate">
      <pervertInhell>95234477</pervertInhell>
    </armfulsRaceme>
  </lullingImaumPycnia>
</myringa>