<?xml version="1.0"?>
<whispKainahBouton>
  <tricaeCesiousKulimit>
    <ershBaying sambuke="wurlySlooMuhly" baulksAgents="biotiteUtasStratus">
      <fanweedFourreLapdogs>796854</fanweedFourreLapdogs>
      <faviVaruna turing="courbeBelace" amadi="ouvreDiscute">
        <glycine>dancesWeeverTags</glycine>
      </faviVaruna>
    </ershBaying>
    <cacurDiamondGonzalo>
      <hither>fumarinPebblyToughen</hither>
      <beltingAiolis muclucGoanCabled="63923" mulk="502824443">
        <gaizeOnlepy>pasisPylorus</gaizeOnlepy>
      </beltingAiolis>
      <monkismMomish orceinPlies="53504170">
        <sasin>milesTresche</sasin>
      </monkismMomish>
      <angryAshmenPalmy bisque="61">
        <arolium>obelionFroemanSwarthy</arolium>
      </angryAshmenPalmy>
      <smaze timoteStaggieNorms="quippuQualifySashery">
        <mirdaha>groove</mirdaha>
      </smaze>
      <jackRel>
        <tabutCicadidTrollol>duskenTeameo</tabutCicadidTrollol>
      </jackRel>
      <masted yttrias="sparerFiledGismos" hovenHydatic="pardoAssaisWaywode">
        <burroTeatimeGelates>hyoidanThief</burroTeatimeGelates>
      </masted>
      <whalyHijack>
        <pawneesDhenebFoodful>gossy</pawneesDhenebFoodful>
      </whalyHijack>
    </cacurDiamondGonzalo>
    <concernBeepedIntine bifid="nessusFaddy">
      <wadmalsWokAthrill>droudZestsTript</wadmalsWokAthrill>
    </concernBeepedIntine>
    <gercrowIliac hazierWeekwam="warluckDeem" spadixWrathed="xenomi" dhalHaleCatwise="gantangJonesPatefy">
      <quanExlexPurpure>4</quanExlexPurpure>
    </gercrowIliac>
    <micheal>
      <sangeiChinoneCalker>voucherAdar</sangeiChinoneCalker>
      <bowtell ifrealDammeQuirky="flytimeKerneOppose7952">
        <yester>atopStoaCrofts</yester>
      </bowtell>
      <torreyaWiriest malakonLeering="eogaeaHushful" buz="dotesBudzart">
        <manletTrees>darterSarif</manletTrees>
      </torreyaWiriest>
      <contemnRifles>
        <copsoleVacuole>34305</copsoleVacuole>
      </contemnRifles>
    </micheal>
    <murids>
      <flogsGushyLaetic>oronokoChondri665</flogsGushyLaetic>
    </murids>
    <shirrelMutten>
      <repaper>whigCahuitaCanine</repaper>
      <shrap>
        <rine>24</rine>
      </shrap>
      <timbalQuienalKlowet>
        <leprosePrefixEsses>tibialNizamutVexes</leprosePrefixEsses>
      </timbalQuienalKlowet>
    </shirrelMutten>
    <marses>
      <unlowlyDirefulAlsine>joyanceKayvanIndin</unlowlyDirefulAlsine>
    </marses>
    <carisaWindsDoitkin>
      <flatheBields>jurallyPoriteLinoxin5765</flatheBields>
    </carisaWindsDoitkin>
    <prowsLabelYogist>
      <sackenConuses>comitjeChopperBanners</sackenConuses>
      <lipoidBraise relishProface="22001">
        <avadanaFodientThirsty>jiboaAtrochaChirr93</avadanaFodientThirsty>
      </lipoidBraise>
      <tahona spasmsElided="mosur">
        <dorpersSource>itdDesexesOrgueil</dorpersSource>
      </tahona>
      <sardel subunitHarrierDeporte="acaroid">
        <alluviaFlatmen>stericWugg6462</alluviaFlatmen>
      </sardel>
      <funkia>
        <shurgee>trawler</shurgee>
      </funkia>
      <lyrists divi="sharif" fungite="whoever32">
        <baglikeVarletsGarnets>tutlerImban</baglikeVarletsGarnets>
      </lyrists>
    </prowsLabelYogist>
    <lispingPentose>
      <faulty>37</faulty>
      <hoarish>
        <drysne>griff</drysne>
      </hoarish>
      <fociSinify mockup="68032">
        <sorbentContos>69</sorbentContos>
      </fociSinify>
      <hearseHewelSokeman mensisFermeRegrind="erucicOestrusRollbar" bowses="moither">
        <saurels>alswithPikel2</saurels>
      </hearseHewelSokeman>
      <resupUppiled secoursRilievo="reams4">
        <garceDewlikeGammers>9336300</garceDewlikeGammers>
      </resupUppiled>
      <juntasTriduoMugwort roysterAcetoin="270">
        <aglaosAthens>guidHowes</aglaosAthens>
      </juntasTriduoMugwort>
      <kralDekkosPaellas>
        <winfreeAgneauxRifter>chinnam8</winfreeAgneauxRifter>
      </kralDekkosPaellas>
      <dustily dewretDecoDrimys="115817331">
        <acalephNanoidSandia>midpitPoetryUsself65</acalephNanoidSandia>
      </dustily>
      <spackPodatusRattled>
        <tergaOvensSpinous>709265571</tergaOvensSpinous>
      </spackPodatusRattled>
      <asepsis>
        <garconsNonfluxRebbred>450834533</garconsNonfluxRebbred>
      </asepsis>
    </lispingPentose>
    <deadens>
      <nell>898053</nell>
    </deadens>
    <vulnoseIberes>
      <frypan>aroidesMachiEvil6</frypan>
      <baryticDazesPignuts pinulusElzevir="khalalFlotsanCutdown" plectre="jisms">
        <aribinLaneteStraps>dinetteGrungyDawing</aribinLaneteStraps>
      </baryticDazesPignuts>
      <bouchal chicaneBabi="2">
        <calving>52621100</calving>
      </bouchal>
      <dariLatPagus>
        <niellosBlatti>gloutsBoneset</niellosBlatti>
      </dariLatPagus>
      <unaway myowun="wokenJoggledDevils">
        <stratic>770028</stratic>
      </unaway>
      <overbowWaterImpers>
        <benny>boortFewness</benny>
      </overbowWaterImpers>
    </vulnoseIberes>
  </tricaeCesiousKulimit>
  <vagalFudgeEfph skeets="stewardTurmoil28" manjelLakeyFall="towzieRadialeNausity" />
  <laweour santeneNuchal="peekeLecture">
    <leigerLavash>
      <bendRhombusGanda>collageFullingRuddock847</bendRhombusGanda>
    </leigerLavash>
    <slather non="astersPeanuts" aflowerRabal="panaxVictorHoral201" cartes="38367488">
      <sinism>custronJackmenIssuing8800</sinism>
    </slather>
    <cuboid>
      <unlamedUpbelch>295</unlamedUpbelch>
    </cuboid>
    <hooped>
      <softieUpwarp>8214</softieUpwarp>
    </hooped>
    <pelt>
      <boilyDronelNab>abegge</boilyDronelNab>
      <lunches phatOcreae="depones">
        <haboubKodiak>liminaBeladle</haboubKodiak>
      </lunches>
    </pelt>
    <gutlingWoady argued="automatAugustiSeafolk690">
      <acarina>bryan</acarina>
    </gutlingWoady>
    <stumpyChitinSkimmed pelvicKronaSayee="flyblowGoateeDeutzia4">
      <welkinsBatoonSmyth>919247</welkinsBatoonSmyth>
      <goolahDequeue oometerAgrCaptor="atteNineReshew">
        <flakilyIncedeTigroid>8</flakilyIncedeTigroid>
      </goolahDequeue>
      <cowed>
        <nauseumXylose>arboreaConrey</nauseumXylose>
      </cowed>
      <antshipDitting seabird="venular">
        <cancanStooker>bansela</cancanStooker>
      </antshipDitting>
      <ribworkPrex ton="goatly6">
        <donnertJodelrNewar>tripsisAmucks</donnertJodelrNewar>
      </ribworkPrex>
    </stumpyChitinSkimmed>
    <madrasiDhobey>
      <sinopleReclad>talkers</sinopleReclad>
    </madrasiDhobey>
    <azons>
      <disker>alceVoice</disker>
    </azons>
    <amvis>
      <wontGonifsTeenier>imberbeStarik</wontGonifsTeenier>
      <benzene cunyie="proportLarZoism2760">
        <reburstPyrrol>ghole</reburstPyrrol>
      </benzene>
      <ribbierBonjour incrChemmyAgoho="imbodyDavis" plafond="karats">
        <makingKhalsaPrivacy>angoras</makingKhalsaPrivacy>
      </ribbierBonjour>
      <parodus occiputSess="faunistWildish" canuck="702">
        <nictateChlorid>haustBoneletArmets</nictateChlorid>
      </parodus>
      <lazaretMimir>
        <bumicky>subaquaMaarPandle</bumicky>
      </lazaretMimir>
      <fiestas>
        <cabletFoobarZachun>brocho</cabletFoobarZachun>
      </fiestas>
      <chypre noblifyExede="7637932">
        <ataxiaColeur>rummesUnformJuba</ataxiaColeur>
      </chypre>
      <sterletApxAnnexes>
        <sinnetNavalProlegs>friand</sinnetNavalProlegs>
      </sterletApxAnnexes>
      <fittilyOxhead>
        <agamisMythos>enounceVarec</agamisMythos>
      </fittilyOxhead>
      <dismissAnstossWorrit bortzesSodio="6599">
        <durantaPummiceGuacico>nonbook</durantaPummiceGuacico>
      </dismissAnstossWorrit>
    </amvis>
    <idledShreds>
      <gimpyStalesPrecite>malicePintidYoupon</gimpyStalesPrecite>
      <hoodoes malvinPosada="chaeta9">
        <encina>granthFulwa52</encina>
      </hoodoes>
      <cainiteBelaborScazon adiosSpencie="9694384" rotasGlucateMishara="schwarz">
        <demobsLuxuryMoselle>pompomFoxwoodHorary2</demobsLuxuryMoselle>
      </cainiteBelaborScazon>
      <moraleEeten snacksPaleman="neurin" knappyUpherGumbos="taxi65">
        <restySkatersCornu>alopekeEnsoberTriglot347</restySkatersCornu>
      </moraleEeten>
      <bounPockety combindBaile="deers" manges="foliaryGreenuk9308">
        <tainanPsychon>sideageTaunt</tainanPsychon>
      </bounPockety>
      <bachesEneid recptCarus="bussesYoho" dourahs="campe">
        <fluxiveLatron>576554458</fluxiveLatron>
      </bachesEneid>
      <phrenicDeciusBalloen>
        <secale>8379624</secale>
      </phrenicDeciusBalloen>
    </idledShreds>
    <sprotyBiblismSquinty smilePussier="gatsTuxedos" sau="64">
      <guard>cowslip</guard>
    </sprotyBiblismSquinty>
    <geckoEndrins>
      <kudoGerboSolera>pugs</kudoGerboSolera>
    </geckoEndrins>
  </laweour>
  <likest waxwork="smugger" sunspotEcod="lycosa" comanSemitic="obdureInexistOrion8782" eelpoutRelovePlutei="proUmiri" />
  <phasing pothole="oftensSalsoda" liquate="claimUnsued" coition="stramp" />
  <loligoMucusSomma bakshiSjomil="taintsGunshotAbrash" sneestTegs="dione" pau="paras" foppishRelideTidily="filched3" />
  <div bumickyGentle="kaftans" bibbLevers="908222739">
    <nidgeEmbaseMikvoth>
      <wryestHostess>poutful</wryestHostess>
    </nidgeEmbaseMikvoth>
    <kukuRoomily>
      <cauchZipped>caxiriFording</cauchZipped>
    </kukuRoomily>
    <orgue humbirdPampean="991391261" nervingDaphnid="insane" vodums="chirker">
      <hotnessPyxidiaPalms>acadian</hotnessPyxidiaPalms>
    </orgue>
    <geogen beardy="shorty779" hardwayRoddinLupus="numbsJodel">
      <hamberOghamicStipule>lucidly</hamberOghamicStipule>
    </geogen>
    <scalade>
      <waddlerReived>632284</waddlerReived>
      <jalouseIllth>
        <churelWhitsSyllabe>wherritDiminue</churelWhitsSyllabe>
      </jalouseIllth>
      <wakeful colonerCothonGrot="851468194">
        <largestImber>bashers529</largestImber>
      </wakeful>
      <friarsUptakes imagoesNashim="390784403" faintyShawmTores="baddockThatllMayors2698">
        <alangYoup>synapse61</alangYoup>
      </friarsUptakes>
      <tocsinDian spin="quotha" inringBagelsCreem="sipping">
        <aminesSpendsCouch>carle</aminesSpendsCouch>
      </tocsinDian>
      <partook>
        <serfageHooking>guidedPonera</serfageHooking>
      </partook>
      <gueriteRugosaIngirt baguioCopain="mallardPlatysTheresa" alveolaPrecoil="4819">
        <aldolsPetziteMalmsey>9120</aldolsPetziteMalmsey>
      </gueriteRugosaIngirt>
      <carlosDollarGallic>
        <quirky>submissUnhairyCangan</quirky>
      </carlosDollarGallic>
      <tampangTiro seizerHoling="woom" trefa="fieldiePunctusKnuth233">
        <airthedMegatonTarter>tooterBeigy</airthedMegatonTarter>
      </tampangTiro>
      <pleachDracinSlodge cixo="theaCaveaeCaynard">
        <aurideDatasetSpryer>unclip23</aurideDatasetSpryer>
      </pleachDracinSlodge>
    </scalade>
    <unsakedUnsided zoacum="ignored" ackey="iroha" bobache="perchMispled">
      <bigots>yomerCurator</bigots>
    </unsakedUnsided>
    <scaldsShakily>
      <tearoomTrionfoAcreman>befilchNavaidKahala</tearoomTrionfoAcreman>
    </scaldsShakily>
    <goddard nakula="lakiestRestioIsotone764" avahi="caridKundryHobby5">
      <civileLivers>hornifyHirsel</civileLivers>
    </goddard>
    <goxesForgabTorsive sawnie="hashabi">
      <ripsack>pricklyTanicaOmelet13</ripsack>
      <cauf>
        <drearyEyebeam>patanaCoucal</drearyEyebeam>
      </cauf>
      <vineletWallaba>
        <cloyedSargos>1505407</cloyedSargos>
      </vineletWallaba>
      <eneugh dustupsOwenianOpiism="savour">
        <unb>53477</unb>
      </eneugh>
    </goxesForgabTorsive>
  </div>
  <swaddy mousingCellae="uppluckHen" thais="swervesAvocatPorkery" gongCerfoilTaperer="crouse" mensingBurgeMispart="dotiest">
    <arakEmboite>
      <fordeal>voodooHempie</fordeal>
      <palmar dimyaryChaya="upstepAssChield">
        <gauilySunbowsGimlety>76173228</gauilySunbowsGimlety>
      </palmar>
      <sakiehKinchinSwat plonks="preally" laputa="poogye">
        <carious>belinda</carious>
      </sakiehKinchinSwat>
      <dubba whse="17">
        <boggard>helionAbuzzReread</boggard>
      </dubba>
      <puberalPairle>
        <macanaSpunk>nifferAmulets</macanaSpunk>
      </puberalPairle>
      <gated omasaFrowny="72267079" ledidaeJoon="abetterGeneric">
        <scribe>9438345</scribe>
      </gated>
      <elatorSapid sadaqatClitheKareao="redlyEnscale30">
        <setness>pearceKinetin8344</setness>
      </elatorSapid>
    </arakEmboite>
    <outprayBardashWasir isagogeVoust="hurdsAlanylsStark" tousles="whareTransomMenyie7723" woozy="50">
      <kupharJibiRatable>cressetTewsome</kupharJibiRatable>
    </outprayBardashWasir>
    <flotsanHeezeGuipure>
      <usherSpills>mayanUnsetSpecial</usherSpills>
      <bannutDovelet firkerLyc="ideatePocky" tofter="93">
        <lustStyrylLagoon>comtistCodo9</lustStyrylLagoon>
      </bannutDovelet>
      <poorSibb ahungryLactide="unownElectraKinsmen" anergic="tortorBingosHay">
        <parousJuliett>legions</parousJuliett>
      </poorSibb>
      <spirolTartroGigger pariliaScopa="5151282" jewyTribadeJesuits="japonicBedsore">
        <orricesGubatDerah>nagaikaSkepFamily</orricesGubatDerah>
      </spirolTartroGigger>
      <flank>
        <ballotHallothHaidee>212408</ballotHallothHaidee>
      </flank>
      <thankeeVarsitySimara declineYakkingCrummy="299152">
        <threnosNevusDriller>lanWaggedCairba</threnosNevusDriller>
      </thankeeVarsitySimara>
      <bumpilyPts martial="645763">
        <cuadraPadroni>1</cuadraPadroni>
      </bumpilyPts>
      <gybing>
        <arching>chatonKeysetsSecede</arching>
      </gybing>
      <surfingMowseAcyclic>
        <lutayoTopoiVeiler>beanie</lutayoTopoiVeiler>
      </surfingMowseAcyclic>
      <tokoChalcisSingly genghisRissianPise="alamortFruitsUnchain86" putzSiol="birthKhatriEbons">
        <ramePiwutCalais>khatibPetaliaFatback</ramePiwutCalais>
      </tokoChalcisSingly>
    </flotsanHeezeGuipure>
    <cornealMopaneLeveled>
      <amaniaRecumbPps>lawlessAcoine7</amaniaRecumbPps>
    </cornealMopaneLeveled>
    <sedent>
      <lushestLiard>35420864</lushestLiard>
      <bothria reviled="twitterAnhangScanty" gundogSlunge="ovarianSauteedInnless">
        <hennas>lepersAureal</hennas>
      </bothria>
      <witterTroll>
        <brameSepias>ecchHornero364</brameSepias>
      </witterTroll>
      <cytisusGadsman naeviGueriteSlurbs="cryoselSudaria">
        <gummersSalminSlithy>memoirs92</gummersSalminSlithy>
      </cytisusGadsman>
      <fizzledSwoln durgenLogie="utiliseSculpedPrepupa">
        <dozent>inchest</dozent>
      </fizzledSwoln>
      <editedNetters pandectWolds="numeralBuffierVentral">
        <diurne>ferisonListensFanjet</diurne>
      </editedNetters>
      <ananterLubbardPiroot lamming="baitersForleseDisa" toilingGiponsBrashes="imbrued">
        <bena>garbagePinfish</bena>
      </ananterLubbardPiroot>
      <forseek brisure="decem" keckledPunkeysKou="walkupsSloughsSuccous">
        <unsadly>bavaroySyces</unsadly>
      </forseek>
      <shindleMildfulMorga luna="appallLivedDiverts" parens="incrossAsteep">
        <termenDeleadPinxter>ansarGetters582</termenDeleadPinxter>
      </shindleMildfulMorga>
      <ingineTridii>
        <maco>bixinAdvect</maco>
      </ingineTridii>
    </sedent>
    <scleraeInwards hissing="getterAryansSacrums" dragnetPietic="coaptNinos" tovarComitesPoem="stiedCherubBalsams">
      <alenAletris>93</alenAletris>
    </scleraeInwards>
    <veenasUglifyAirflow>
      <ragletFixuresPantle>caviesCliquy4</ragletFixuresPantle>
      <aciesMottes>
        <headboxSweal>77597018</headboxSweal>
      </aciesMottes>
    </veenasUglifyAirflow>
    <forsee daphniaOsi="unsharp" helpfulBummilIodism="241866">
      <strakeFrancsBlobbed>alarmsSaetaGybe</strakeFrancsBlobbed>
      <lectBournes votes="brichenSilane6">
        <codist>burtreeMarhalaEnfume</codist>
      </lectBournes>
      <wists deairMyarianPhoss="65522241" chemise="stoolieTartan">
        <ropemanCog>mecum637</ropemanCog>
      </wists>
      <jagrataPhallisBasenet unbow="totemyToasted" seston="ionones">
        <acritanPerronsGummas>russismBravelySupered</acritanPerronsGummas>
      </jagrataPhallisBasenet>
      <peelism inverseDriblet="ptinusOzophenRebasis">
        <closesDossety>iolite7</closesDossety>
      </peelism>
      <afgod conditeVaguish="mopokeUnsolidShrilly" kegWeans="levyist">
        <lacheDealtEphods>wavingTingerTotum</lacheDealtEphods>
      </afgod>
    </forsee>
    <empireSontag>
      <soirees>decimeHatfulsFifers</soirees>
    </empireSontag>
    <cabletsUprises>
      <milliad>recrowd</milliad>
    </cabletsUprises>
    <berakot>
      <kanzuSalsodaCurves>54710824</kanzuSalsodaCurves>
    </berakot>
    <trypetaAnilinoPloce>
      <redweedDingierLimbed>23807</redweedDingierLimbed>
    </trypetaAnilinoPloce>
  </swaddy>
</whispKainahBouton>