<?xml version="1.0"?>
<tankasSepgNirvana>
  <dumberJudica simpaiJereedJeed="amitGampsGomer92" gorges="vakassAptoticPieton" doughy="poddish299" hydrusPooderNiagra="leekyDoment" />
  <enzymes />
  <wyeDaniele absistReeditBowyers="tightAccrueAblow" leguminSiroc="waymanCymous">
    <brothelCamaca acutesGispinBucrnia="ennuied">
      <mallear>54</mallear>
      <annulliPamperSatchel moha="diauli" meisjeCardium="244">
        <musty>yarura</musty>
      </annulliPamperSatchel>
      <togata lamaistToterQuiring="plumcotMinable8626" ammerReseedsDuffy="brosesStreetsChasmed">
        <crenaWoreVitally>faconneNeiper</crenaWoreVitally>
      </togata>
      <loofieCoeffTenue gubat="apatite" thobExcised="ungluesHygroma">
        <gliosaShoatGurshes>artabeSycosis</gliosaShoatGurshes>
      </loofieCoeffTenue>
      <catererShoorGimblet cautio="clicker">
        <infolds>viharaStanlyFoxish</infolds>
      </catererShoorGimblet>
      <linoxynMamluksAnna donnick="47">
        <sikimiKedarRedrove>dhanush</sikimiKedarRedrove>
      </linoxynMamluksAnna>
    </brothelCamaca>
    <tabards>
      <redug>volvateJabbed</redug>
      <unhingeBooteesAyenst>
        <voluspaGripey>durban</voluspaGripey>
      </unhingeBooteesAyenst>
      <emblema>
        <manitosRehealAssis>catenaeNavajoMonacha</manitosRehealAssis>
      </emblema>
      <spookyTopeng sockyEvent="axseedsGipsied" modsStuboy="slabber">
        <swearer>nhanQuattyHotrods</swearer>
      </spookyTopeng>
      <moioTextusSmeeth>
        <teepeesSynapte>692645</teepeesSynapte>
      </moioTextusSmeeth>
    </tabards>
    <washpotGainor>
      <borismEugene>rota</borismEugene>
    </washpotGainor>
    <dimorph>
      <hyleGrocersKludged>cuiejo</hyleGrocersKludged>
      <dampsDistantPifero lakings="quauk5" epicsUncloseForril="mousesUnlit">
        <bandhor>84</bandhor>
      </dampsDistantPifero>
      <raidsTritolo graftLannySinks="gnide">
        <criboBakraHexaped>vascla</criboBakraHexaped>
      </raidsTritolo>
    </dimorph>
  </wyeDaniele>
  <tittupy escotsYuckel="904079202" hights="infall" rebegetGuavina="leviter2">
    <linnetsSestets>
      <yacksAgushPannus>shorlDosserFerbams</yacksAgushPannus>
      <puri bahtBartree="frabbitHibbin" poufsHomburgJughead="outbulk227">
        <junctlyWishfulIdes>forkPewees</junctlyWishfulIdes>
      </puri>
      <glows>
        <hatbandBield>furoin</hatbandBield>
      </glows>
      <syunStileHeptode vinousTestierTipply="defixInchant">
        <tempehImpanelWhiled>allicin89</tempehImpanelWhiled>
      </syunStileHeptode>
      <kueGoalie>
        <outfoldCombind>limberLetten1563</outfoldCombind>
      </kueGoalie>
      <littlesHtel ninthlyHeifersWhetted="plebGallonSoke8584" teasleJobbed="cupmanTapuQuayage">
        <inkiestCaeca>cooer436</inkiestCaeca>
      </littlesHtel>
      <myrrhDanaro>
        <abasedWamara>rotulusNazis</abasedWamara>
      </myrrhDanaro>
      <shriftsPraxean>
        <engageePedesesVigias>563937456</engageePedesesVigias>
      </shriftsPraxean>
      <feijoaRelaterConstat glali="idylliaRankled" ductingVoodoosFabric="lindiedCamelotScride">
        <trammanAnansiNovale>kudzuReblastGraddan610</trammanAnansiNovale>
      </feijoaRelaterConstat>
    </linnetsSestets>
    <trotletUnheld canhamPalter="crossedDreigh395" whereinEogaea="8637937">
      <coupureMeward>ticulCimbia</coupureMeward>
    </trotletUnheld>
    <strookAotus craftBigasVulturn="jurymanWoefulThrall" foolessYelpsRachel="grieceApairSoln">
      <gonzoCosesCho>tiglonSurmark</gonzoCosesCho>
      <inured resaveAnoraksBunked="grantGanof">
        <ponyDodgilyAkene>204046734</ponyDodgilyAkene>
      </inured>
      <guimpesCorkage centenaBatiker="letWeazand" kutcha="routerOilwaysStaying">
        <snickerActium>replevy</snickerActium>
      </guimpesCorkage>
      <boomSoldans wath="eruptsCapel">
        <ratan>goyim</ratan>
      </boomSoldans>
      <exertYed drowndUncagedHalsen="amaritySuicism230">
        <patchesSambur>7</patchesSambur>
      </exertYed>
    </strookAotus>
    <tenures>
      <mohicanWraths>cradgeIapygiiAlright</mohicanWraths>
    </tenures>
  </tittupy>
  <plauditUnslip brackyMiszone="rocheaKafilaBowge" aizoonGlared="boracicRaiidaeOutfed" relaxesResectsLugging="enjailTariffHypes">
    <balai>
      <rhoditeInditedSubicle>sclatch</rhoditeInditedSubicle>
    </balai>
    <ginnery dubious="cowtownBatikIntuit">
      <bemaTophphiGobans>34922</bemaTophphiGobans>
    </ginnery>
    <loroSnoreDivell buraCoitBurkei="tummerIgnisTeheran">
      <griefNailingElops>keymanEpicede</griefNailingElops>
    </loroSnoreDivell>
    <slateJogglesBuccate>
      <grill>sultans</grill>
    </slateJogglesBuccate>
    <rantize>
      <chirrup>quadiMyelins</chirrup>
    </rantize>
    <retourJejunumHalakic connach="bowsawUniquer" jilterGinn="nisnasBobotieRegraph">
      <aerocarOversay>98945737</aerocarOversay>
    </retourJejunumHalakic>
    <loopfulJorumRangers sprodGule="slaitBurfish" julienFurivae="serauNebulaeChewink4" newsman="vaccineDrafterFoge">
      <sue>norardRatifia</sue>
    </loopfulJorumRangers>
    <eremicTitmiceAmateur stacySetboltFiard="288" bulkyDropoutFusains="gonidiaTowght" sade="studioAbdLabrys">
      <uraei>reechyRoilier</uraei>
    </eremicTitmiceAmateur>
    <drafts sturble="upload">
      <fmt>558352941</fmt>
    </drafts>
    <gambetInviteeAranein>
      <romeros>barrel114</romeros>
    </gambetInviteeAranein>
    <blondReplum>
      <skirretDroves>tittles</skirretDroves>
    </blondReplum>
    <skimsSynFrickle>
      <piemag>monaseBenameeStroppy2</piemag>
      <bustHopyardCharka reignAiming="clinoidPegmen" etesianZillionEpeidia="oconnor71">
        <analyst>possumDungingOttave</analyst>
      </bustHopyardCharka>
      <lander secrecyBrindedRipples="7772" etaminMetae="rewaked">
        <quasheyDatToa>51362</quasheyDatToa>
      </lander>
      <staryAccoyedSiemens>
        <emporteColdPalaite>chanche</emporteColdPalaite>
      </staryAccoyedSiemens>
      <makutaCuscus>
        <maudShovelGrapeys>joseite</maudShovelGrapeys>
      </makutaCuscus>
      <ignatiaFeyerCaslon tacesDrailEspavel="daylessTarpumAphagia">
        <dolt>homagedSanetchHaikwan</dolt>
      </ignatiaFeyerCaslon>
      <chairUnpay shaDaymareManiacs="lreclKopecJupati" glopAerier="billionPastil">
        <tipfulTennerPupae>emotionPolk</tipfulTennerPupae>
      </chairUnpay>
    </skimsSynFrickle>
    <gambiae>
      <burnerCopyistOuzels>osarBessieCussers</burnerCopyistOuzels>
      <biniSolubly loveredZelantNatick="chauriLangkaAlmadie">
        <vocoder>gell</vocoder>
      </biniSolubly>
      <ithaca>
        <feudalUpflowSpender>hel</feudalUpflowSpender>
      </ithaca>
      <kieffer ferrara="zocalo" ollock="molls7">
        <dopas>featishCyclarMoiled</dopas>
      </kieffer>
      <reverb>
        <cochiefSarzanMotts>9225774</cochiefSarzanMotts>
      </reverb>
      <scuddy boregatVoids="uparch3706" begloom="servet">
        <chalazaPurees>4</chalazaPurees>
      </scuddy>
      <clockedNett buvette="epeeistSagesImines">
        <hypeNevoy>pains</hypeNevoy>
      </clockedNett>
      <palolosAlada>
        <simonGemworkVersta>chafersChippedGlaiks</simonGemworkVersta>
      </palolosAlada>
    </gambiae>
  </plauditUnslip>
  <aliyah amicus="478232531" canaanAvenueMinnie="birri" pinkoesBlaze="osminViandeTriglot" romanosDekingArmoire="mick" />
  <belucki>
    <unlashOry>
      <protonBarbudoOperla>stalksPeloricGarroo</protonBarbudoOperla>
    </unlashOry>
    <voyeuseWeesh humeral="48521">
      <velatedSmalter>rahLempiraPalsies57</velatedSmalter>
      <inchesSwimy gowanedPand="teaRld46" tollway="zenagaSteadyLegend">
        <hypes>moop</hypes>
      </inchesSwimy>
    </voyeuseWeesh>
    <halterShelve>
      <almaineUntrigTitty>90642681</almaineUntrigTitty>
    </halterShelve>
    <hainanWampumsLarnax blattaGainagePilaff="limuliMachan">
      <soary>90687664</soary>
    </hainanWampumsLarnax>
    <sugaryNorgineFakes>
      <adda>93</adda>
    </sugaryNorgineFakes>
    <atrepsy>
      <strapsSphericDepeter>dipoles</strapsSphericDepeter>
    </atrepsy>
    <torSfz buseraCrates="213730" indazol="besra">
      <granmaDietist>686</granmaDietist>
    </torSfz>
    <unkeyed plussesGravies="boxhaul" luthernPlud="ecclRedrape41">
      <safestAlee>schizDaimiosVijao53</safestAlee>
      <muscari>
        <rotiferRifer>553283</rotiferRifer>
      </muscari>
      <seine soohongBewhore="3" pungieFloraeBundled="369700845">
        <leasts>agmas490</leasts>
      </seine>
      <singletCenti mutineStamnoi="banjo">
        <dwale>rykeUnpoiseTats</dwale>
      </singletCenti>
      <yaweyOcellar chgInvitalConform="2" rheotanGofers="godletDrilledSeccos">
        <keekingThermoKappa>circum</keekingThermoKappa>
      </yaweyOcellar>
      <beraptKokobehContex centryTwyerWots="18">
        <vanfossInventsCowpoke>poopedChiasma</vanfossInventsCowpoke>
      </beraptKokobehContex>
    </unkeyed>
    <skeletSkyrin>
      <vibrionThroeFilo>6412</vibrionThroeFilo>
    </skeletSkyrin>
    <arariba>
      <repugns>1</repugns>
    </arariba>
    <meltingDisleaf>
      <kirveOuten>umteen</kirveOuten>
      <ornifyCorbina platierUpleanRajput="pinmanSubadar" sunriseMadril="millsYanked">
        <pakhtunHummie>agnoiteCasteth7</pakhtunHummie>
      </ornifyCorbina>
      <reddersMails feedingAlbuminTwosome="inaugurAsteam">
        <fadableJowars>adaptedSerdabsLawyery</fadableJowars>
      </reddersMails>
      <deperms belikeEntered="signerHobitsTunnery" imogenDef="baghlaAvaramAldime">
        <bequest>skelterNasus</bequest>
      </deperms>
    </meltingDisleaf>
  </belucki>
  <humify questsGall="mayorsDjelfa" aglance="lexemeSaladAphthic" goofahAegipan="7015281">
    <lienicIgnisSued>
      <fearer>regulaWashpot</fearer>
    </lienicIgnisSued>
    <unifyDories tubbieGeez="mannessBemudSerosa" knaw="besugar" placesCyamoid="adjutorElemolMnevis8425">
      <coccousBifolia>trims</coccousBifolia>
      <reasonsBullish auguryGozillBloods="hamous696" impiousHognutsZaque="ershReunifyCubicle">
        <roomingAbbasiPinlock>bastide</roomingAbbasiPinlock>
      </reasonsBullish>
    </unifyDories>
    <cantinaRumicinUnnest>
      <toleSizemanClepes>happierBabels</toleSizemanClepes>
    </cantinaRumicinUnnest>
    <amati>
      <nided>matlowSullan9948</nided>
      <tassely incordTetrantSlates="nylonAsses">
        <drizzleFamefulPhaet>294292551</drizzleFamefulPhaet>
      </tassely>
      <huaveImpairs unfact="tipburnMirbane1171" soorma="kecksyAlmightFliped">
        <kavaicXrayCowpen>luaus</kavaicXrayCowpen>
      </huaveImpairs>
      <pip hecks="dipylon">
        <cicadaBarrel>diskedShrinkHiking</cicadaBarrel>
      </pip>
      <japishIliadsBencite>
        <pigmew>lachsaInknit</pigmew>
      </japishIliadsBencite>
      <boride ilissusPlicae="attasteStoundsCephala" mips="snails">
        <ormolusPeltishDecurve>dispartTublikeAlroot</ormolusPeltishDecurve>
      </boride>
      <shaltLimned>
        <sinningHooraysNepman>2941</sinningHooraysNepman>
      </shaltLimned>
      <tipHygrinePlasmin snaryArcheRipoffs="speckyPoogye19">
        <semnae>epigramUkulele</semnae>
      </tipHygrinePlasmin>
    </amati>
  </humify>
</tankasSepgNirvana>