<?xml version="1.0"?>
<blazer>
  <mixhillSenhors dunkedThorps="jubiles" />
  <ratablySkijore dryfoot="standbyLecturn" frsiket="opticalHarmalSlimes72" />
  <traikyHulchDirled elixed="rollingLiliedMola" cestonGleans="tenacesVaginalUnwish">
    <lescheNeurismUnbends>
      <great>stubbMousey</great>
    </lescheNeurismUnbends>
    <avourBaresmaDenude>
      <shluTrimmerScewing>rabinet7733</shluTrimmerScewing>
    </avourBaresmaDenude>
    <motoricPokomooAbbate>
      <pinxit>tinierMullionAttire</pinxit>
      <scurfs>
        <crambleSubman>26186674</crambleSubman>
      </scurfs>
      <undo>
        <noncomeUraminoYun>1</noncomeUraminoYun>
      </undo>
      <wellies woodhen="theasum" crowdleOutaddFilite="chevenMonesesElaphe809">
        <whims>raunIatricFarer</whims>
      </wellies>
      <excreteAnamniaLasso sylvic="5" scenterAsterinJufti="metron">
        <roomthy>villanGayalAwing</roomthy>
      </excreteAnamniaLasso>
      <zizelHamitesEcesic queer="annoyRejoneoInflue">
        <locatesTummy>zinciteCockers</locatesTummy>
      </zizelHamitesEcesic>
      <terbiumLitz engramScringeSlims="natus" sirpleLamprelMeridie="mangoroLamboyEntoil">
        <unnoblyHorrorTwinter>teneralJasmin</unnoblyHorrorTwinter>
      </terbiumLitz>
      <nontermBawra anergicHundi="neapsMorbify">
        <boscage>butyralChurchIthand</boscage>
      </nontermBawra>
      <jarpOdor califsCostate="panelerGaist8000">
        <unsoreDriftyEthics>gonof</unsoreDriftyEthics>
      </jarpOdor>
    </motoricPokomooAbbate>
    <prudeNomadsBemeal lepteraCubbish="pavoneTaenia" tirretCnidianSuckler="daseAzilianSnoose" krisesShood="elle">
      <inclipsWotteth>yattersMixableMismake</inclipsWotteth>
      <waruaBlared>
        <prosier>drearlyOverwon</prosier>
      </waruaBlared>
      <meniverUnred kitab="ghazi4889" asseverLusher="ogived">
        <petunseOophoreBronze>syphonsDunlop7952</petunseOophoreBronze>
      </meniverUnred>
      <agoras coulure="234886" toft="arroyo">
        <jibbaIndris>cloghadManwayRoom256</jibbaIndris>
      </agoras>
      <stavesCoseys zonulas="outwish">
        <foullyNaryDefeise>congedGumpusFreesp</foullyNaryDefeise>
      </stavesCoseys>
      <lippieBurletErrand>
        <lawnsBellied>508</lawnsBellied>
      </lippieBurletErrand>
      <bedogAgamoidKaleege rufferPaleman="gridingChafedSpouse">
        <pannageVetusAgrege>hilloedRoundleGusts</pannageVetusAgrege>
      </bedogAgamoidKaleege>
      <sectiveNiveousMontes locknut="triosesMamboedDrawls">
        <tuchitGuzerat>siverRigidly</tuchitGuzerat>
      </sectiveNiveousMontes>
      <ketenesAricianMonest mocking="mahicanPiast" lipides="abiosesMusicaPinkeys">
        <jibbsMexitli>myocdiaAgatine</jibbsMexitli>
      </ketenesAricianMonest>
      <paisOres>
        <shaulaBennel>tsuga</shaulaBennel>
      </paisOres>
    </prudeNomadsBemeal>
    <embathe tonnishSharpedWamble="priorLiteTemplet" retabloHaspingRive="exclTare">
      <untack>corked56</untack>
      <petasosQuart statohmUtteredSandhi="ulexTabulae995" codsPumice="394">
        <thaveLesions>buretRecokeBeard</thaveLesions>
      </petasosQuart>
      <gruelSpacingCragged merop="plebifyFempty">
        <fluidlyLeucomaMisyoke>bruteEthoxylRepines</fluidlyLeucomaMisyoke>
      </gruelSpacingCragged>
      <juha>
        <distal>unemptyCunea</distal>
      </juha>
      <friggaGuetarMuleman lootAttirer="trilium">
        <awaysPredictBonbons>1811532</awaysPredictBonbons>
      </friggaGuetarMuleman>
      <fixer oundyFrutexAwd="surnap" aestiveEnseteSalfern="gougeCeriops">
        <globy>putchuk</globy>
      </fixer>
      <miosisLautu radishPommel="toolmanPermissTenne" racemes="possums180">
        <armorsBigamy>outfox</armorsBigamy>
      </miosisLautu>
      <shairnsOmbresWrongs smartsFicklerSimplex="chukars" hellhagDeleads="81411">
        <chirkedFarrago>446</chirkedFarrago>
      </shairnsOmbresWrongs>
    </embathe>
    <poutierDoppiaMelene canty="pygopus">
      <hoi>setsTarries528</hoi>
    </poutierDoppiaMelene>
    <isotopeUpdoveCasaque>
      <spiloma>adsTerzina6740</spiloma>
      <martynRoberta torsks="extols6070">
        <pleckDivort>encystsPlankerSonk</pleckDivort>
      </martynRoberta>
      <conceitSecus>
        <drowteAuriga>mahdist</drowteAuriga>
      </conceitSecus>
      <cymeCaporalSae urali="86">
        <triste>mirak</triste>
      </cymeCaporalSae>
      <iulidanOctanesSamechs sordid="66" auterePadraigLesgh="568108">
        <grappaAliundePlans>kytheUnbushSailage</grappaAliundePlans>
      </iulidanOctanesSamechs>
      <daynetScepter drungFugato="axumitePoising4" fearersAccruesDomitic="11">
        <unbredDjelfa>midst</unbredDjelfa>
      </daynetScepter>
      <ovariesRussulaCucuy copemanAgriotNeffy="55">
        <hooktip>mutatisRight</hooktip>
      </ovariesRussulaCucuy>
      <amagaOutflux rounderKapai="5352320" sithensRooving="adders665">
        <incordCerevisShrups>flet</incordCerevisShrups>
      </amagaOutflux>
    </isotopeUpdoveCasaque>
    <shantey mantrasCentsGodward="pocking" theseum="zostersRupia295" jalapicBumpsy="anathemZoster">
      <buddahBandman>donor</buddahBandman>
      <bkcyPicolinPhocian thorpe="930" sighedKuar="meselaSerowsFatless">
        <toaGanyie>milage68</toaGanyie>
      </bkcyPicolinPhocian>
      <fluxJaponic rucksMucose="jerrieOundsTanto9538">
        <comboy>hotlyWathCapling</comboy>
      </fluxJaponic>
      <hobbles pigfish="honilyBalkierCam9162" beflagExtbookTennisy="373728285">
        <cocopan>helicin</cocopan>
      </hobbles>
      <peccaviDrageesCleanse succadePennies="sai7121" frey="chalcidCoitus">
        <ghanianLitholScapus>oboletAmuze4350</ghanianLitholScapus>
      </peccaviDrageesCleanse>
      <veneersCantino distillDossil="tweedsCoffins">
        <impawnTenendaFarse>tophes</impawnTenendaFarse>
      </veneersCantino>
    </shantey>
  </traikyHulchDirled>
  <gibbetsMatingsShoved elkdomDidieBlolly="bloodyPuntos887" taboosRegia="975459">
    <ectypesFarse>
      <kebbiesUniaxalReseals>bridlesDeduceGodling</kebbiesUniaxalReseals>
      <needlerHotcha diasciaUnpin="signorsSassabyCistus2760" britainRhombos="waveyDetrayHeirlo">
        <vain>tineola</vain>
      </needlerHotcha>
      <tabstop sirpeaIsobath="medicaUnmerry379" nun="437966492">
        <waftsLiepotAmens>kalScendedQuells</waftsLiepotAmens>
      </tabstop>
      <besognePoem>
        <bantBebayNought>sarawanSubsultElemin859</bantBebayNought>
      </besognePoem>
      <sketeFraik caliteDamnit="squenchTopes">
        <teuton>lollard</teuton>
      </sketeFraik>
      <geoff havIngiver="9545">
        <poopsiePotus>wastage</poopsiePotus>
      </geoff>
      <hylidsNikonBiasses dobras="wheesht" frowl="rostelEnsure">
        <ethical>622247680</ethical>
      </hylidsNikonBiasses>
      <cardinMullen mutchYogoiteVowely="payably773" fully="519">
        <davies>921965</davies>
      </cardinMullen>
      <chauthGodling entropyLimyCalfs="bananaJulianaOrdinar" sinewCutlash="schoon907">
        <adorIterumCutlash>155</adorIterumCutlash>
      </chauthGodling>
    </ectypesFarse>
    <oghamsCrookenSchelly>
      <harborGhoul>detrudePictury</harborGhoul>
    </oghamsCrookenSchelly>
    <muserGiddierUproom>
      <spites>around</spites>
    </muserGiddierUproom>
    <phonolBonasa>
      <orgia>anezehDuolog</orgia>
    </phonolBonasa>
    <aquifer welliesOkeyPeloric="38" lacworkVaidicEnneads="gemara" fictiveCholoSamburu="ethylin">
      <widowsHunts>addendLattins91</widowsHunts>
      <archiveStadic>
        <uptornLatency>441</uptornLatency>
      </archiveStadic>
      <redwudEnuring>
        <norardUpwentSoam>379</norardUpwentSoam>
      </redwudEnuring>
      <habitus melamed="vulcanFourer">
        <coitionFirker>eddicAflush</coitionFirker>
      </habitus>
      <astay>
        <wavyToysome>culbut</wavyToysome>
      </astay>
      <dhobeeCharer pank="65269066">
        <uralMiaulerExcites>unflame</uralMiaulerExcites>
      </dhobeeCharer>
      <eclipseGriping upholdsAgley="9525269">
        <cinched>toxifyMonthlyOvipara</cinched>
      </eclipseGriping>
      <uvaSporidWoofing tchBogart="shaitan">
        <orpheumTopsl>plica</orpheumTopsl>
      </uvaSporidWoofing>
      <curbingHolily smaragdGesten="dunciadGhostedPieced">
        <inkraLimbuFleet>287366784</inkraLimbuFleet>
      </curbingHolily>
    </aquifer>
    <dovekey>
      <juponNecks>gouterUncoded</juponNecks>
      <iowanKousinMarvel>
        <brain>helenaRiverly</brain>
      </iowanKousinMarvel>
      <scoria>
        <uropodsLexicalSwerve>gustfulSparerHyrst</uropodsLexicalSwerve>
      </scoria>
      <pausai autocue="pringlePastoseAnimism" acuan="shibahsMohawk">
        <archeolKatrinaIgnotus>4</archeolKatrinaIgnotus>
      </pausai>
      <dustupBagwigsFjeld banco="tartineNullismAtelets">
        <outbearDowve>mizzy</outbearDowve>
      </dustupBagwigsFjeld>
      <ragboltHikersCatline villae="3193749" upstealShoful="6070110">
        <uncuteVascula>menuraeTheres</uncuteVascula>
      </ragboltHikersCatline>
      <fishierRiposte>
        <prinky>toutRomeoMidgard18</prinky>
      </fishierRiposte>
      <metaler euvrou="rochingMesivta">
        <thadCool>uncity4702</thadCool>
      </metaler>
      <hocToadessBields>
        <mydausStudier>zoidInvokes</mydausStudier>
      </hocToadessBields>
    </dovekey>
    <telar>
      <axonia>3</axonia>
    </telar>
    <courtinPakchoiQuiscos douchesPreoralCcitt="57" huskSinaic="callousMiscutMetros">
      <hallos>peebeenLintol</hallos>
      <tarpotMeeNumbing heimishOutfishMaungy="6967">
        <guarishGaufreUnpeel>learierDuarchy</guarishGaufreUnpeel>
      </tarpotMeeNumbing>
      <orloCart carbona="rortyScuttyHalala">
        <togatedPkwy>cirsiumStend</togatedPkwy>
      </orloCart>
      <chal>
        <inulase>odiniteAlnuin</inulase>
      </chal>
      <diciestBudging pato="yonsideShaban">
        <dindleMyelinsConvert>scyphoi</dindleMyelinsConvert>
      </diciestBudging>
    </courtinPakchoiQuiscos>
    <juts laneyLeakingWhaly="renamesCopita" preventHipboneEnfiled="thujin">
      <cukesTertioCove>poppyPredenyWhatkin</cukesTertioCove>
    </juts>
    <cageCapoc gripersScathy="ckwSuaeda" clauseWonsHullock="with" alleys="656781912">
      <gussyAmalettEnrobe>exactedQuite186</gussyAmalettEnrobe>
      <famaCurberGauger malleli="joviteKeltic" asgard="bolas">
        <sopors>gentmanInhanceGowked</sopors>
      </famaCurberGauger>
      <hopingCheeroPocky>
        <locoed>skiechBalaicPlowter2</locoed>
      </hopingCheeroPocky>
      <songful scog="williedLeanish914" arguingDurableVentin="gollar39">
        <akontae>tumphy</akontae>
      </songful>
      <moujiksInmew edile="impactsSmartly">
        <dooly>unhandsTeasing</dooly>
      </moujiksInmew>
      <linacsStadleSulcal catlikeCantoPrice="scalersWhigRushy" yquemGranat="airbagBubosLively">
        <gamoneGant>ruffes</gamoneGant>
      </linacsStadleSulcal>
      <aukletGomboFeculae psychon="camden">
        <thasianEndowsProdd>acediasPradoWoolly</thasianEndowsProdd>
      </aukletGomboFeculae>
      <hymnaryMazel gien="frasera">
        <elegiseMucosasBypath>6341</elegiseMucosasBypath>
      </hymnaryMazel>
      <secluse>
        <teem>rinserAgogeStator</teem>
      </secluse>
    </cageCapoc>
    <eviratoGaboons>
      <bandidoOnlyAln>incagedGinsBelli</bandidoOnlyAln>
      <jahvist monontKanari="957">
        <lobusStyxian>55</lobusStyxian>
      </jahvist>
      <aortism pollersInfancy="crumblyDoyens">
        <haickMeiobar>hatpinsSquails</haickMeiobar>
      </aortism>
      <dubiousVrow vinumSildsSabres="3725" retipMyowunTheody="steererPamlico">
        <pacay>vidualCisted</pacay>
      </dubiousVrow>
    </eviratoGaboons>
    <valseAmebous>
      <rummeryPantler>paucify</rummeryPantler>
      <spakTennistGambs toforeLupomaVril="bougee">
        <gulesPandle>uplockKaki</gulesPandle>
      </spakTennistGambs>
      <epicure>
        <predenySplayerBenweed>patiaCerris378</predenySplayerBenweed>
      </epicure>
      <crafterSynchro haywire="suisse">
        <yielderJazeranBlouses>pupiledMinuets</yielderJazeranBlouses>
      </crafterSynchro>
      <goitchoMorboseHashish prisageManierePondus="caseumEmbelic" clipse="shaversQuisby">
        <rivinaLuffa>tribade1293</rivinaLuffa>
      </goitchoMorboseHashish>
      <vasefulIntrateDupe bendeePilpulWoodly="46744112" gpcdMonthonBooed="11">
        <irishyMashesCumara>dropt495</irishyMashesCumara>
      </vasefulIntrateDupe>
      <pultonBoo rangesThroned="92227338">
        <cockGnomedDryest>kedlock33</cockGnomedDryest>
      </pultonBoo>
      <begin>
        <ajowansCapoteTiger>washragHippie80</ajowansCapoteTiger>
      </begin>
      <marcor nertzWearerFourier="dillesk5377">
        <beanedCadi>beshodAllelesLaeti</beanedCadi>
      </marcor>
      <astrildLactoseMorphin seniors="idrisidSartageCaldron" jundiesArracksBream="vizardsOpacify">
        <bulimyDeviseeBagnio>nosineInverts</bulimyDeviseeBagnio>
      </astrildLactoseMorphin>
    </valseAmebous>
    <entone>
      <sphinxGlycicCoagel>flockCashiboAniline</sphinxGlycicCoagel>
    </entone>
  </gibbetsMatingsShoved>
  <caseltyHarlingDites>
    <malakon gentiumCholaShimmey="tornesiCorreaHypural" yamilke="bindles" seawansTittie="99180263">
      <fulgor>zarebaAnemonyEvoke</fulgor>
      <parmackAcumenChilde>
        <immeritUralian>lygeumAntwerp</immeritUralian>
      </parmackAcumenChilde>
      <jestfulRoofmen latches="158220" sproseYauds="perduesYokesDinghee">
        <octineDudman>4</octineDudman>
      </jestfulRoofmen>
      <antirunDourly kevelsAbduce="enwallCryingMalwa" linkedZaffre="tomcat">
        <affixerTuamotuTrudges>1648943</affixerTuamotuTrudges>
      </antirunDourly>
    </malakon>
    <mucin subseaBreechRebank="atebaPedler269" campmanAbomasiWhulk="arentAoudad">
      <altifyMigrans>habToltecNamed</altifyMigrans>
      <thoriumGypsyfy>
        <becram>acetous9716</becram>
      </thoriumGypsyfy>
      <hgwy lignoseFissateFeruled="rottersRhemish">
        <ejamGabsSprenge>23379</ejamGabsSprenge>
      </hgwy>
      <baconerRedlegsBlight>
        <priggerAnisado>clericRuttee</priggerAnisado>
      </baconerRedlegsBlight>
      <fageliaGlegInsects squat="thymsMaiming" grades="feezes7640">
        <dopperGlaieul>18908</dopperGlaieul>
      </fageliaGlegInsects>
      <mucateStrade>
        <ahiTrinePhenix>goodersKimmoNashgab</ahiTrinePhenix>
      </mucateStrade>
      <boutreEnduresNumis cluckyPohaFakeers="named">
        <pekans>biggityAtrenneCystine</pekans>
      </boutreEnduresNumis>
    </mucin>
    <evelong>
      <statueZigzags>rouxUretal</statueZigzags>
      <eeleryDadosLemmas creeperWayfare="silkineRipingChugged" alveus="early">
        <iceryaDurbars>bulbyVowelyMeld</iceryaDurbars>
      </eeleryDadosLemmas>
    </evelong>
    <errandRenerve>
      <ulcersWagetMicella>proarmy</ulcersWagetMicella>
    </errandRenerve>
    <ramonaLosers bibbedChangerThraw="tympansTipreeInvoy" vidua="limits36" twyers="elepaio">
      <elegise>byrnieViable</elegise>
    </ramonaLosers>
    <shrikesWhomsoFaitery balubaSkiver="meetly" outoven="pave" jumpLorate="857226416">
      <botflyHydra>86519</botflyHydra>
      <bundletOneida sootyStunted="retailGrumps" jauntedJambesFledged="nebackWost">
        <pegtops>fregataGleys91</pegtops>
      </bundletOneida>
      <quadMourns tastedBirringNubble="paijamaWaltzed" outkickImpy="jymoldScind">
        <purviewPennis>869479377</purviewPennis>
      </quadMourns>
      <dorbugIncoupTangun>
        <exodoiClitiaEglogue>rexineJewedAketon</exodoiClitiaEglogue>
      </dorbugIncoupTangun>
    </shrikesWhomsoFaitery>
    <gaudObligor>
      <bowerly>flatSubsept</bowerly>
      <unriper timeliaGwyniad="18" unwildEpigeumAphid="zoogamy">
        <letten>epidote</letten>
      </unriper>
      <bejazz kelperRetral="coelomeKnollerClerids" bellboy="hevea33">
        <tsurisScrawny>apollosFuseauEmbind6</tsurisScrawny>
      </bejazz>
      <nuanceRockedFelspar plutoReshook="demoPyknics" gaudful="dopiestOside">
        <semimatAnchorKinch>sofaUnciteTropist</semimatAnchorKinch>
      </nuanceRockedFelspar>
      <gangingCausata ball="misgave" kleagle="gaolingHeathenVantage">
        <scrapieVogulCycled>piers</scrapieVogulCycled>
      </gangingCausata>
      <hexonic lustralEcklein="woomerSanzen">
        <wishedRustilyAmylon>roadsPosoloKoilon</wishedRustilyAmylon>
      </hexonic>
      <mucor cockier="cougnarGurging2754">
        <kerasin>waffedMimicWedge</kerasin>
      </mucor>
      <brayeAquose sylphDemeanMolls="487">
        <emodin>4</emodin>
      </brayeAquose>
      <ramjetHineyGebanga catervaSedates="4715">
        <bitingFlocksIrride>92064</bitingFlocksIrride>
      </ramjetHineyGebanga>
    </gaudObligor>
    <trigae>
      <uppointCrampyAenean>rexTabes</uppointCrampyAenean>
    </trigae>
    <saquaroDrassid>
      <dugal>overnet</dugal>
      <acnodalChopasGetic pemican="outechoTectumBenson" mamaguyUnleaky="dependsSandbur">
        <andaste>foodBauno</andaste>
      </acnodalChopasGetic>
      <heaveVishnu glueBedewed="salpaeEupion">
        <somataOgivesFiercly>neglig</somataOgivesFiercly>
      </heaveVishnu>
      <fablesWazirSurras jinn="litasEffie6443" scurfsDuckish="bensil">
        <jaghir>fellicAlohaWaffed</jaghir>
      </fablesWazirSurras>
    </saquaroDrassid>
    <fezHolistAlleyed>
      <plush>calceusMalic155</plush>
    </fezHolistAlleyed>
    <renewalLemnad>
      <infestsCorbies>hawkinsBoraniPinales1</infestsCorbies>
    </renewalLemnad>
  </caseltyHarlingDites>
  <lathing oiiMetopic="trusten" sotter="weismAquadag" fortierLoaferJurats="hooperSphecid3345">
    <dormieHayride>
      <semsem>edwardAlcaicRakish7277</semsem>
    </dormieHayride>
    <haggles>
      <wafdistToskDouma>caubeenTybaltVidimus887</wafdistToskDouma>
      <tongEndoreCressy schismOpting="quoniamSafflowSpader864">
        <boort>fedsSiphonZequin</boort>
      </tongEndoreCressy>
      <lyartDiscus hondaSmoreHear="ulamasFlameHidel" ridablyTiendaRwy="teather">
        <serapisVisneyDiazid>vai172</serapisVisneyDiazid>
      </lyartDiscus>
      <borneolPappies coequalUncrook="euglenaCerion">
        <fileaUnyokeBlirt>alatedBumPaup</fileaUnyokeBlirt>
      </borneolPappies>
      <turkeyDisk quizzyFurrilyPegador="britainTrowth">
        <uneyed>tenches534</uneyed>
      </turkeyDisk>
      <deddy pamPiqueroSquama="oriolesCopsy" levyistFamousJacobus="1507398">
        <lanson>calorPas</lanson>
      </deddy>
      <unslotLatencyYunca>
        <fuckwitGapingTrass>bookyCoconut</fuckwitGapingTrass>
      </unslotLatencyYunca>
      <maormor>
        <lipoids>dialupSnobbyLar713</lipoids>
      </maormor>
      <uneaseBrassic zoopsia="retalHolks" lususKedarNemo="booter">
        <tamaraoSloke>76251695</tamaraoSloke>
      </uneaseBrassic>
      <glisRetabloElected>
        <avenses>urgent</avenses>
      </glisRetabloElected>
    </haggles>
    <narthexMotesLopers tabacum="6622">
      <shoval>watfivNavettePelon</shoval>
    </narthexMotesLopers>
    <montantOrchilCaloris>
      <unesco>expenseBravade41</unesco>
    </montantOrchilCaloris>
    <musics glops="hamateSartain">
      <balkedCottoidPeitrel>39298367</balkedCottoidPeitrel>
      <gradinsTrowthsDentate beetleCheyneySotie="hoverSwacked" achatesNoummosLaban="83">
        <taxmenFettle>malletsBehaver17</taxmenFettle>
      </gradinsTrowthsDentate>
      <lessorMuons goddessJunkmenSnork="calverForche" tenuredWoolies="cudaPommeloReboke">
        <defisWhilly>gloomthGutteMerice</defisWhilly>
      </lessorMuons>
      <cienagaTangka unwoofCueva="jibberSope" begladCrinumsKaska="matsReengeFyke43">
        <hunch>wefts</hunch>
      </cienagaTangka>
      <hiphalt devilyFangot="haemicCormous" drawlyImpers="ploveryMeltithRecche6430">
        <strawJefeOutset>tongmenOutwale</strawJefeOutset>
      </hiphalt>
      <klan>
        <hamsYogh>ricracs</hamsYogh>
      </klan>
      <ling bossetWrestedConnive="scopingAmaist">
        <peaSuralModili>canelle</peaSuralModili>
      </ling>
    </musics>
    <albergoPricked>
      <wastierCoppy>togues</wastierCoppy>
      <syphers mataraThilly="quean" ranidUnfeued="bortschStillsStell">
        <wirers>nickarFlorets</wirers>
      </syphers>
      <uptornWerecatVervet itching="76731796" bhotia="elasticPoufs">
        <ist>28634</ist>
      </uptornWerecatVervet>
    </albergoPricked>
    <sorboseTerceJuvia>
      <pealikeAbiponAlamos>etrogsTacanan</pealikeAbiponAlamos>
    </sorboseTerceJuvia>
    <dogcart brazilAsellusCaloric="quitoMission">
      <anergicKercherPushup>trisulaAlgesia</anergicKercherPushup>
      <axileNation>
        <afflateFlubsSerab>ureideOffsFormol</afflateFlubsSerab>
      </axileNation>
      <dalliesCruiveOuph>
        <justineHardockLeonite>myonemeZimme</justineHardockLeonite>
      </dalliesCruiveOuph>
      <khattiMarayTobies>
        <shwebo>howksEidetic</shwebo>
      </khattiMarayTobies>
      <upwarp chequer="aruncusPoppersPresume5140" culett="swoopsConfectCoachy">
        <chequyYuccas>258157381</chequyYuccas>
      </upwarp>
      <ellagic>
        <maloTorsks>wongahForgoes</maloTorsks>
      </ellagic>
    </dogcart>
    <gibbonsMoor>
      <eyeable>bugbearDecadalDeft</eyeable>
    </gibbonsMoor>
    <toriTopato cramperFyrdung="suyogHanafiBumbled" soodlyAdai="gloveyRipen" seizes="akebia8">
      <vastus>dustuckPanak</vastus>
      <eboniesGursh eerierShelledKirtles="uhsMancalaMeatic61" formelPahlaviLakh="61129908">
        <aporosaPhasePrams>82091</aporosaPhasePrams>
      </eboniesGursh>
      <upcardAnilaoDemise teadUnsellTarrier="reyouthShimmed597" axeman="mornBesiren">
        <hotness>arcateGrumph</hotness>
      </upcardAnilaoDemise>
      <instilVexil arophAskariFilar="sigillHedges">
        <maddenMugger>fraseraFrakenStamin</maddenMugger>
      </instilVexil>
      <wilfredPostmenTypps>
        <polemanTippierMusked>bobstayHulkedCeding</polemanTippierMusked>
      </wilfredPostmenTypps>
      <tergite rikshaJowly="redateEncake" enlargeMetreme="compage">
        <tootersWeddeedRoble>68</tootersWeddeedRoble>
      </tergite>
      <shortenDiacocaExiting>
        <loathesUckia>hoagiesWrings</loathesUckia>
      </shortenDiacocaExiting>
    </toriTopato>
  </lathing>
  <overbetOrad alkiesPaddled="ditesBusbies" bizenUaraycu="65517" diobols="pisgahHippo" latriasKilobar="bravaCorsyWiddrim78">
    <cardias>
      <pilateWalloonBogies>60531</pilateWalloonBogies>
    </cardias>
    <slurbsMilt mattaroMelded="mugil" outwick="peeling" angliaeHewtSola="lindaneBuckras">
      <nevesGerefaArling>3391239</nevesGerefaArling>
    </slurbsMilt>
    <churls>
      <azidesGlomeliGuz>solodSpace</azidesGlomeliGuz>
      <gybe lycidaeSparker="4">
        <launce>indictMorse</launce>
      </gybe>
      <wammusPremia azotinWhein="hocusedZinebsDamia" farcerScalfPung="jnanasLeast">
        <chirksBrookie>toupeesGloatedWiddrim</chirksBrookie>
      </wammusPremia>
      <forger jiveDualize="6124184" sortsHarlotFathmur="tempus">
        <klavier>piasavaBichy</klavier>
      </forger>
    </churls>
    <pythiadUplinks izard="vazimba" fraiser="unmarry">
      <pilaws>corsak</pilaws>
      <commDwarves yodeDossilKerflop="alembicLiguleBestain">
        <bilos>uitspanSurbedSamp65</bilos>
      </commDwarves>
      <bedwell dekingJawabJargon="23168088">
        <nuclear>latenCrosby</nuclear>
      </bedwell>
      <trowsArtist vendage="extimePecunia1" beurre="anklungUpwax">
        <israelLabores>99867109</israelLabores>
      </trowsArtist>
      <cranyObbOvipara pinnasSniffy="datisi207" carlina="nouSchuteRippier">
        <deodaraWinfred>jibsRiglet</deodaraWinfred>
      </cranyObbOvipara>
      <samgha transfSunketsMoqui="quinetAweary">
        <hysonGree>27411780</hysonGree>
      </samgha>
      <potteen>
        <coulee>18145</coulee>
      </potteen>
      <evinces>
        <steeplyErugate>64721271</steeplyErugate>
      </evinces>
      <fuzzingCloyer kenelm="cintreAmyctic">
        <npfx>2004686</npfx>
      </fuzzingCloyer>
    </pythiadUplinks>
    <redbird>
      <eponymsExogenyCitrene>yacata</eponymsExogenyCitrene>
      <clusterCredal laxTriplum="tartle" tweagUnthrob="boutsHedonic">
        <nutwood>gyron</nutwood>
      </clusterCredal>
      <collock>
        <weeps>puff</weeps>
      </collock>
      <druidic>
        <chefdomHumidor>fuzzierNogai</chefdomHumidor>
      </druidic>
    </redbird>
    <vendace>
      <cheeArgeers>intonedDeluged</cheeArgeers>
    </vendace>
    <coelianAmplexSnoozes>
      <pouchy>pleopodAlcanna</pouchy>
      <puppisSalweySamfoo jacareIndigesYeom="gallet5895">
        <jatha>durrsFurled6593</jatha>
      </puppisSalweySamfoo>
    </coelianAmplexSnoozes>
    <skirt>
      <addOxamicGabon>recourForwent</addOxamicGabon>
      <ourangsVickieDolabre muletasRamiRowdy="tintOraclesVerbose">
        <screwsFubbing>thible</screwsFubbing>
      </ourangsVickieDolabre>
      <rooferEclairs conusorGurryFenian="dromonsScraped" fetiseDecernSends="beziqueWigJulies">
        <hoondeeHarlock>nervyZoonistTaiping</hoondeeHarlock>
      </rooferEclairs>
      <alberto wilsome="daneTafiaLaeti4" cognizeReinfer="burn416">
        <chapinCoryph>23492</chapinCoryph>
      </alberto>
      <nettyCastesHope rustredCreeker="vistal">
        <reflateKnit>annette</reflateKnit>
      </nettyCastesHope>
      <wizIncask epizoicMozo="revertsBourneBlunts">
        <untrimBinghi>carriLaud</untrimBinghi>
      </wizIncask>
      <loaners baskeLapillo="deontic" mantrapHulkier="hiemal">
        <brahmic>cadeeFlorins</brahmic>
      </loaners>
      <malinkeCullerKarsha>
        <dulc>14</dulc>
      </malinkeCullerKarsha>
    </skirt>
    <kyack rishisBrusklyLaird="rapsZuffoloTazzas" bhabar="jymoldUpsides" uponFaker="scap">
      <pkwyOperaeOdist>claimed</pkwyOperaeOdist>
      <kenny tangieBepray="lyssa" unscarbPauperPillary="65354682">
        <berlinsFanging>mekongMedusa</berlinsFanging>
      </kenny>
      <lintieGaraged fluffsUramilBellis="obsede">
        <fastusTawieMegass>slacklyUnpayCyanus</fastusTawieMegass>
      </lintieGaraged>
      <cuon>
        <guiltsUnspike>filersArderDeperm</guiltsUnspike>
      </cuon>
      <ozenaSprugs>
        <janusMarinesHyenia>chickerGlyc</janusMarinesHyenia>
      </ozenaSprugs>
    </kyack>
    <prelateNaulumJervia>
      <daresayDiazinsCitrean>fow5019</daresayDiazinsCitrean>
      <wrntHots hooking="bangerFoozlesIdion">
        <hod>sinople</hod>
      </wrntHots>
      <maoistsSurdentAtwin ettling="akhrotPolkaed">
        <demeansBordrag>9</demeansBordrag>
      </maoistsSurdentAtwin>
    </prelateNaulumJervia>
    <snit clowHugonis="cecum">
      <marmitManoir>causesPregame</marmitManoir>
      <undight osmiumImbues="savantPoursNuchal">
        <saeculaSarAphra>nonene</saeculaSarAphra>
      </undight>
      <sottingBelacedToles deviled="mitzvah">
        <karatTarShammy>41207233</karatTarShammy>
      </sottingBelacedToles>
      <allegeFoll annuals="sobbedPhasers" screeElbuckMaftir="siffletMandyai">
        <fop>12134958</fop>
      </allegeFoll>
      <mingeExuviae shooiBoko="hokumsTads" claro="escolar">
        <windowPshawedSurfie>etangTilledHirple</windowPshawedSurfie>
      </mingeExuviae>
    </snit>
  </overbetOrad>
</blazer>