<?xml version="1.0"?>
<anality>
  <foragesCollowRumen boxbush="940" spierSquaccoAwd="manches" reblame="701872251" pfennigSopheneCoenure="337503486">
    <mumSosie>
      <acadieCornilyPlantar>alludesToletanNeslave</acadieCornilyPlantar>
    </mumSosie>
    <kiester>
      <manger>bahtsJessicaBlest141</manger>
      <patsiesMedium>
        <cajavaApeletAddle>abacot</cajavaApeletAddle>
      </patsiesMedium>
    </kiester>
    <andaqui assuredOskar="belder">
      <peshitoConductAbyes>talisay7</peshitoConductAbyes>
      <debut wyeEnchaseHeritor="3183" claresNiacinZaires="91142126">
        <elixMusicrySpicula>tavyTictocs</elixMusicrySpicula>
      </debut>
      <karstsNarwal bardedKavika="fervor17" unfenceGalleys="856717">
        <mikadosCruddleAltars>prankleNebelEarlier4855</mikadosCruddleAltars>
      </karstsNarwal>
      <subcity>
        <belyBirsitOutzany>richerPolygarWillawa</belyBirsitOutzany>
      </subcity>
      <redweedRemue opinePkwy="navahosShivahsHemipod" pinards="552243186">
        <soupier>60</soupier>
      </redweedRemue>
      <nightly cartageBindsWahima="ebcdic" yelekSortesCorkage="feower">
        <iwaiwaDruggy>428</iwaiwaDruggy>
      </nightly>
      <handsewTorsosShroved>
        <showoffNidify>planaruBengal</showoffNidify>
      </handsewTorsosShroved>
      <sowars>
        <ramraceBootees>dandaUnleafCervoid6065</ramraceBootees>
      </sowars>
      <dhobeeLoamedDhooley rimuNiobous="spinneyChih">
        <dudderyJicaqueChace>6743195</dudderyJicaqueChace>
      </dhobeeLoamedDhooley>
      <burelyPiecers>
        <surance>vateriaPeakily</surance>
      </burelyPiecers>
    </andaqui>
    <devour>
      <surest>scaletStadiaAshfall6010</surest>
      <typhlonBaeInfares dondia="wannessVirgilVeray">
        <febrileTumidBaboon>regaloChankPodos1593</febrileTumidBaboon>
      </typhlonBaeInfares>
    </devour>
  </foragesCollowRumen>
  <iwaBandora bohmiteForswat="8679886" swaths="2" del="tegumenSeamen">
    <calumet>
      <awreakHithePhaeton>rebidsGorgets</awreakHithePhaeton>
      <engrailOutwait>
        <daftestDismal>prepaysStrigal</daftestDismal>
      </engrailOutwait>
      <huskers>
        <pushed>shoepacNestle</pushed>
      </huskers>
      <ornery testaeMugil="pigrootChaoush" honesEtwas="concur">
        <aeviaWavelet>coateesTubed66</aeviaWavelet>
      </ornery>
      <abdiel miaYapnessAlluded="chrysin" relockTostadaCydon="rupiaSwankedShiite">
        <flem>299265</flem>
      </abdiel>
      <cornoSmich>
        <stogieVoidly>clutchMedusa</stogieVoidly>
      </cornoSmich>
      <qeriFerison>
        <wonkier>feifUnnewly609</wonkier>
      </qeriFerison>
      <lullCaseltySnit aldim="9" babooshNaturel="carboxy8937">
        <chapperCuraraIliadic>7621205</chapperCuraraIliadic>
      </lullCaseltySnit>
    </calumet>
    <putidCabasaReared>
      <battingEurytus>wizard</battingEurytus>
      <exurge nahuaSubhero="nievesDenari">
        <tourneFrownsYucch>gluingMesivta</tourneFrownsYucch>
      </exurge>
      <etheria irenica="localed" gravidChromed="gippersGorkiCwt">
        <atour>sandmenComals</atour>
      </etheria>
      <rerivalRead curcasAssart="recking" dinkumVendaceStupex="max">
        <tamestSkiedBungo>ucaLotukoAvast</tamestSkiedBungo>
      </rerivalRead>
      <wagandaMiles wyn="causerBale8287" gerentSagaiManavel="firmersTenderStub3">
        <poopingFoppish>engirtBarbetsHeeders</poopingFoppish>
      </wagandaMiles>
      <scrailyYavapai>
        <waried>tainsTom7493</waried>
      </scrailyYavapai>
      <ballowBolesTapis rhetors="pleas">
        <unmansExcise>beetfly</unmansExcise>
      </ballowBolesTapis>
      <ghosted>
        <angular>vafrous</angular>
      </ghosted>
      <cartelFarciPetate rukbatSajous="befalls" linje="darerPocul">
        <pinkoesGrumph>2681386</pinkoesGrumph>
      </cartelFarciPetate>
    </putidCabasaReared>
    <ischiacPistols iodo="outward8" mcg="cistronZizzle" lessorStudiumGyrose="wingbowGoogul">
      <burrierChoya>sizyJamieBaffies</burrierChoya>
      <cytonsLettish>
        <crostCostula>deplaceInfold</crostCostula>
      </cytonsLettish>
      <pomfret>
        <tympansEthanalDecoat>culpeoWeirder</tympansEthanalDecoat>
      </pomfret>
    </ischiacPistols>
    <freakyBadon>
      <decisis>tuftingSkivie</decisis>
      <spraingJackash garbelBestir="repined14">
        <shelyakHilloaAmorite>9</shelyakHilloaAmorite>
      </spraingJackash>
      <atavusZenickRecall>
        <thurifyZanderPlanera>evadneHeezie</thurifyZanderPlanera>
      </atavusZenickRecall>
      <pallallAlumian alamoJadedlyJours="cruorinEdeitis128">
        <bashaws>freaky</bashaws>
      </pallallAlumian>
      <jazzistToledos ladderCorven="97">
        <maidismEnows>elissaTouzlesAlliant</maidismEnows>
      </jazzistToledos>
    </freakyBadon>
    <acrasiaOctans babishWarsleMeck="ibotaCreamsOyez" mason="4605" guavas="paginaeHalalas">
      <doater>equipsSmegmaHylodes</doater>
    </acrasiaOctans>
    <paradaSaltishTile>
      <galeenyEmpalesManiva>howitzAlbania</galeenyEmpalesManiva>
      <cadeeMurlyOozes obsedeEndower="yeaningUranist338">
        <lollersRaffsMeshech>shankarFavus</lollersRaffsMeshech>
      </cadeeMurlyOozes>
      <fructus say="tought9">
        <ecchSotadic>yotIsogenNibbler4</ecchSotadic>
      </fructus>
      <soberedFeelessBugala quaymanEngageeSolving="bothie">
        <witjar>indulin</witjar>
      </soberedFeelessBugala>
      <bissonAbsumeSuliote coisnsOncia="diarize">
        <fellicBasonUncome>brisketIncrashWager</fellicBasonUncome>
      </bissonAbsumeSuliote>
    </paradaSaltishTile>
    <gougerRoublesStylets jefFardh="feistyKamikaRingeye" rahGavotteTalma="geheyQuilkin">
      <dolvenMediiSpouty>1011445</dolvenMediiSpouty>
    </gougerRoublesStylets>
    <pudic sowcarsHelvedReen="asbolanPali" oxskinAvellSlyer="ravings" typedPoleInvent="deathyPirolOvate">
      <ref>comtian</ref>
      <bradsShadfly>
        <surreinMayfairDrafter>olenaYetzer1</surreinMayfairDrafter>
      </bradsShadfly>
      <cuddlesCullage>
        <suitorGlamour>hoise</suitorGlamour>
      </cuddlesCullage>
      <nymphaeHeliconHalidom soigneeDidact="rajahSnorerBarkeep" pontusAloidHuppoth="tarinConsul">
        <gracedWer>datersAlgebraSonants</gracedWer>
      </nymphaeHeliconHalidom>
      <clariniLineyGlaum starkle="dozenthAshkey3419" unsued="fowlPeugeot">
        <adeonaUpcock>chillaMyzont</adeonaUpcock>
      </clariniLineyGlaum>
      <chookSjouke awkLuciferPill="chaliceAlanyls" ejoo="1980960">
        <votedLimensYechy>mottBooteesMixer</votedLimensYechy>
      </chookSjouke>
      <correlCazaVolata bijou="280987041" dunceCubelet="738">
        <oxylBehold>quods</oxylBehold>
      </correlCazaVolata>
      <lacersDenverVendace>
        <vendueWoolsDamp>ceralParpalChumble</vendueWoolsDamp>
      </lacersDenverVendace>
      <ibidium>
        <rabiesUnlathProsper>libBandelHognut</rabiesUnlathProsper>
      </ibidium>
      <koorgBabbageUplake>
        <deicingSlavesNamely>3</deicingSlavesNamely>
      </koorgBabbageUplake>
    </pudic>
    <obelismGearing pricersMinces="aumailGaltZingano">
      <rebekah>inkshedItoland6</rebekah>
    </obelismGearing>
  </iwaBandora>
  <raverySememeKelleg>
    <fudderPhobiasDespose oarmanWeakestGowdy="sterve">
      <demitTri>beetled</demitTri>
      <freemenAdawlutDrays peelismSeated="puttersJudge" maculesTenuity="boget">
        <aciformAlichelSetfast>56214711</aciformAlichelSetfast>
      </freemenAdawlutDrays>
      <chechenDrepaneUphale potate="abcessBisectsShirrs" peaksAlcidMucro="scolexRecastIntrant">
        <shittah>speakieJoel</shittah>
      </chechenDrepaneUphale>
      <lichtAgists jacanaPrsSen="trabuSheroot">
        <earlier>5649062</earlier>
      </lichtAgists>
      <panochaSangilEpicede>
        <jodelrOutpeepAbash>bigged</jodelrOutpeepAbash>
      </panochaSangilEpicede>
      <dabbing alcazarRabatMoue="giveth">
        <decanVacua>strowdErgoismVerily</decanVacua>
      </dabbing>
      <rounded>
        <badeMakateaTestar>64004</badeMakateaTestar>
      </rounded>
    </fudderPhobiasDespose>
    <egotismSlotmanKeout euploidEmbace="34" borideWeirs="bullpupFingallMoile">
      <momzer>samoyedLivers</momzer>
    </egotismSlotmanKeout>
    <waicuriVerneukSevres>
      <eoith>decidedEquid</eoith>
    </waicuriVerneukSevres>
    <wealthTaurin mirthsRemised="opuscleRuttedFylgjur">
      <rosetta>choosePilateMiskin</rosetta>
    </wealthTaurin>
    <swain gulaeUnsorryKrises="glueing" whosisWaney="dabbler3">
      <climbsBravoesRicrac>labaara40</climbsBravoesRicrac>
      <endysisHonks banjoreFoulard="nuncles">
        <lurkerBefistWarrens>loofButatNiggly</lurkerBefistWarrens>
      </endysisHonks>
      <taimen gonophArriereBronzer="5839188">
        <choreWristPruta>managedApritif</choreWristPruta>
      </taimen>
      <newsiesMiasmalAfridi>
        <incussMelton>hummelSchoolMainpin</incussMelton>
      </newsiesMiasmalAfridi>
      <seriolaVarnas dulyJurantOory="flackTrootSwiggle" amperes="1930">
        <owelty>339984</owelty>
      </seriolaVarnas>
      <ferulas>
        <fleuretSirup>9337</fleuretSirup>
      </ferulas>
      <soloPalier benaOtxi="piney" earshotBookeryShamir="7840">
        <smashedPeachBields>navewWappo</smashedPeachBields>
      </soloPalier>
    </swain>
    <mangily>
      <attacks>bratsPoret</attacks>
      <lapfulsJapery glowing="scaena73" scenterBrogan="zoeformStokesIndoles">
        <chocoanExinesScoffed>illeismWooingPaused</chocoanExinesScoffed>
      </lapfulsJapery>
      <heredesUnbagAftmost tarlies="digraph897" impost="otiumTitmanMintier">
        <cuyasFrolic>nebsVarasAtmo</cuyasFrolic>
      </heredesUnbagAftmost>
      <potrero>
        <livablySiperDirempt>revereeChorogiPompa</livablySiperDirempt>
      </potrero>
      <uhtsong>
        <obesely>muring</obesely>
      </uhtsong>
    </mangily>
    <dantistSchuyt>
      <plectraCartageBromate>fitchet</plectraCartageBromate>
      <despertAgral relateConcile="cecumsTalarsSalada722">
        <packratPolypsParodos>1</packratPolypsParodos>
      </despertAgral>
      <uprend apomictRutate="negrofyFundus">
        <amididCasas>6897</amididCasas>
      </uprend>
      <martinSawny fideism="ctoRissle" moi="auroch284">
        <cathead>amidid64</cathead>
      </martinSawny>
      <pickel unangryBeblainSeptan="endymaLambingStife">
        <antings>urceoliLeerier</antings>
      </pickel>
      <acrabWashaki>
        <beepedTrismusTossups>rearoseGourdes</beepedTrismusTossups>
      </acrabWashaki>
      <bimanalSyconPunkest dailSoggy="shradhMarrer" wintled="phoraDehors">
        <naviAfeard>chousedEnwindVouchor</naviAfeard>
      </bimanalSyconPunkest>
    </dantistSchuyt>
    <arctiumBotone>
      <heliced>wasatJinsingEnrough</heliced>
      <octGrailleCrams>
        <downer>typeLottedDewanee</downer>
      </octGrailleCrams>
      <decease gauilyBornanePunner="asap">
        <drainCroylMise>snoreSeenil</drainCroylMise>
      </decease>
      <beylik volsEnditePollux="eyeVeuveDruid">
        <sumpsSalpasHymned>pechiliEerie</sumpsSalpasHymned>
      </beylik>
      <worthPargingEms>
        <fallal>spotDegame</fallal>
      </worthPargingEms>
      <riotiseAblock crower="laddersSardian78" bassiaRougyDal="dishmopGiltcupOuija208">
        <wadsJaranaNaphtha>bulks</wadsJaranaNaphtha>
      </riotiseAblock>
      <inviterXanthin>
        <unrichtBordar>jambool</unrichtBordar>
      </inviterXanthin>
      <niterLocoingKlavier tutorlyAbyssesVerso="afrayLogworkDao" dictumWjc="2">
        <badger>5203878</badger>
      </niterLocoingKlavier>
      <catapan servesCarettaShaper="keratJolliesDunne" nudgersOdysseyIthand="aurene">
        <sememic>curdled</sememic>
      </catapan>
      <calkerExalate>
        <olamicAchaguaPateria>neuterHeydeysGloby269</olamicAchaguaPateria>
      </calkerExalate>
    </arctiumBotone>
    <lockmanYeasts>
      <dharmasSepsidDkg>luvishDenselyBet</dharmasSepsidDkg>
    </lockmanYeasts>
    <cinclisCanaceeBarwise cubiPlexorsAmorino="eozoic">
      <schizo>mume</schizo>
    </cinclisCanaceeBarwise>
    <rooProker chirmTheoremFrosh="umiackVendean" adoralToolbox="42509378">
      <citiedFerriedWhindle>874722</citiedFerriedWhindle>
    </rooProker>
    <dicots boce="471" killerMetolPardie="fucousNgapi" temachaAndries="untriedScarnOwls">
      <cubeGroggedGph>uncasesAnisoinUnadopt</cubeGroggedGph>
    </dicots>
    <ramose>
      <stylo>neuroid3</stylo>
    </ramose>
    <almery>
      <matloOrdinesBouffon>outpartKanaeLola372</matloOrdinesBouffon>
      <reacher poltina="ovidaeTernize">
        <coriinCarroonLambish>vainfulPennisSuzy</coriinCarroonLambish>
      </reacher>
      <lions conusee="ovonics">
        <canangaSubsectMover>eastsMarron</canangaSubsectMover>
      </lions>
      <frontsUncolt naumkUnbeltsKoyan="pluggedVoidersEpigoni">
        <euphuesDoorsHalvahs>douxPlanxty</euphuesDoorsHalvahs>
      </frontsUncolt>
      <hushoSyre jarflyVriddhiGamins="brosesBiotin" scrapy="20681662">
        <dunches>surdentDiwani</dunches>
      </hushoSyre>
      <gliskyScampsSeamier sadieSpain="nudistsOversewKoryak" graterCallowBombers="patin563">
        <byard>dosa</byard>
      </gliskyScampsSeamier>
    </almery>
  </raverySememeKelleg>
  <enhedgeSnakes abede="volensBrine" enolaseToxifer="gripesDystomeOceanus" thomasFluty="877530" kinhin="amorousMensch">
    <begladsPresell>
      <goraEpinardCapella>859301609</goraEpinardCapella>
      <almondGenomicGloggs vivandiKabbalaJungli="globalEncharm">
        <tups>naysaySolariaBotchka</tups>
      </almondGenomicGloggs>
      <mayance>
        <euphony>berneTylosesAyond</euphony>
      </mayance>
      <topau nuchaCipolinTapetum="netlikeGollandTiedog">
        <suidae>lavantGarce</suidae>
      </topau>
    </begladsPresell>
    <ephebi>
      <ledgersTriflerAsouth>4359</ledgersTriflerAsouth>
      <baccareSorerSirrahs bulletyAmrelle="adrentSudateBitnet">
        <jibFirmerDemoses>466</jibFirmerDemoses>
      </baccareSorerSirrahs>
      <markisMisura>
        <hiperMilersGemmule>jawPoxes</hiperMilersGemmule>
      </markisMisura>
      <claviol patagonShyness="daphne">
        <dominiTasajoPiffler>finick</dominiTasajoPiffler>
      </claviol>
      <guemulTarrie banyuls="nitchie">
        <creepy>3283</creepy>
      </guemulTarrie>
      <idolismProtegeTokens bawlsDross="capellaCree6831" barbudoCepousSockeye="unpuredSerena">
        <artamus>117794609</artamus>
      </idolismProtegeTokens>
      <aggersReekyEnvois okerEggarsCurb="eggcup" toga="1854">
        <sumitro>stoniedFstoreJoseph</sumitro>
      </aggersReekyEnvois>
      <gannets almonerEchoersUnfool="caquetDbl">
        <toadiesTanoanUnstate>427650</toadiesTanoanUnstate>
      </gannets>
    </ephebi>
    <shuntsAyah>
      <plunger>chubb</plunger>
      <hotspur>
        <englobeElonite>revived</englobeElonite>
      </hotspur>
      <osmiteGuidmanOutslid aborad="rattledDewansBumaloe" ticunan="thumbleBielbyInseam">
        <busbies>rangoonAshlarGens6</busbies>
      </osmiteGuidmanOutslid>
      <pansideMundaneAvenger cynaraWishmayAffines="annale9" caricaWales="hathiInshell">
        <petioleDalisTimbres>desuvreLimeman</petioleDalisTimbres>
      </pansideMundaneAvenger>
    </shuntsAyah>
    <danseurHumpty>
      <washerKnoit>axtreeGladdedHuppoth</washerKnoit>
    </danseurHumpty>
    <audiblySestoleTrue>
      <savableHilar>51</savableHilar>
    </audiblySestoleTrue>
    <ancilleMaru>
      <lemanKistsAssisa>kling</lemanKistsAssisa>
    </ancilleMaru>
    <raptril>
      <cutelyCinerinSizers>zmudzReceder</cutelyCinerinSizers>
    </raptril>
    <lituite fancier="forcheQuatralCopia" hangeHeily="paddles8" coachesFrond="accruedBibasic">
      <anychiaStevel>gules</anychiaStevel>
    </lituite>
    <taproom>
      <mayfair>chillaNinthlyKittly</mayfair>
    </taproom>
    <yeuk>
      <jamesAlmach>pekansHentsClotho</jamesAlmach>
    </yeuk>
    <rubesLickedOutask>
      <lvalueShapkaAnnotto>1</lvalueShapkaAnnotto>
    </rubesLickedOutask>
    <cinereaFlaming>
      <coryletEmeusRaxing>hageinMarbleTarten</coryletEmeusRaxing>
      <legistAlfasQuellio largeSlankBowwort="assewerBummery" flicksGloamsRoshi="tuples">
        <beseenViduage>yite</beseenViduage>
      </legistAlfasQuellio>
      <figgierPravous metateSugarer="minie" magpiedHitcher="pleis">
        <fakeCremoneKojima>cleruchBingoShakoes</fakeCremoneKojima>
      </figgierPravous>
      <vexilsGlopsRighten>
        <hussiteErmaPollage>idolsJurator3</hussiteErmaPollage>
      </vexilsGlopsRighten>
      <dottels falcataBaggedEmbloom="mouleSexts" glochidHalma="purohit">
        <stubs>bonus</stubs>
      </dottels>
      <reweaveCensureHall spirantEsse="5096651">
        <strewth>doffer</strewth>
      </reweaveCensureHall>
      <apertlyKayasthPolite>
        <ungulpPebaBeento>ishime</ungulpPebaBeento>
      </apertlyKayasthPolite>
    </cinereaFlaming>
    <orpheonReinTawhai goonySardian="oomiackCornierNappier">
      <miscueLarcinTebet>loligoGraffer</miscueLarcinTebet>
    </orpheonReinTawhai>
  </enhedgeSnakes>
  <donetKonseal reginae="cabocleWebfed35" gutwiseRaces="bikewaySpiders" aisling="ulexineBlunt" cloutedEelySudes="tureens" />
  <acorusBecket refresh="hayfork" />
  <adust bunging="byganeTouzledStu" kaimoUpendedDecidua="hastes" acleGlotumParser="cheeses" />
  <humificDobby pinangOverflyZoeal="quoitSwanny" gesan="sowlike" />
  <sooey tripart="smewsBeknitTarts" asepses="oviniaRecuse">
    <deepingPrewarSantirs dacryonChalehsHyping="dodderyDivvied" usitateWhort="quia">
      <acarianBawdierBuriels>almon</acarianBawdierBuriels>
      <altoPorzanaCredent>
        <infoundParralsSpunks>squatty</infoundParralsSpunks>
      </altoPorzanaCredent>
      <moniesDealateTupaia sakai="aged83">
        <distomeFinings>beakPotting</distomeFinings>
      </moniesDealateTupaia>
      <baitImmixAccoil mammets="canezouTopers">
        <epaReblockAwee>stratum</epaReblockAwee>
      </baitImmixAccoil>
      <statesFabesHirings ounds="2946" hyperinErganeRhexes="feltedWackerDecylic817">
        <tinta>otxiHastula</tinta>
      </statesFabesHirings>
      <deciderCoparty>
        <carneSeughCyanid>wifeism86</carneSeughCyanid>
      </deciderCoparty>
      <samoansAlbus yardangTeethed="rodlessTentyNoam">
        <slappy>catharJixie2137</slappy>
      </samoansAlbus>
      <slayerHurrySnuffle>
        <araceMending>entrail</araceMending>
      </slayerHurrySnuffle>
      <arablesGemmoidBathala meaniesSwig="731371" saxtie="trag">
        <delayer>30798085</delayer>
      </arablesGemmoidBathala>
      <maipure siltWolfenToeing="dauphinBigfoot" optiveDivulgeIrisher="batinoMauls709">
        <haptene>broos</haptene>
      </maipure>
    </deepingPrewarSantirs>
    <dampang centos="asaGoasila976" codeiaPearletFemora="misaverStrettiIhleite40" surfeitMarcatoTinguy="skieurSwails">
      <ceesUnguyedHuxter>8829468</ceesUnguyedHuxter>
    </dampang>
    <bedadCajuputDraying dalarBads="78808857" farrageTorothBukshee="wacsCush">
      <nohowDeputy>badling3</nohowDeputy>
    </bedadCajuputDraying>
    <guhrArguedSaan>
      <agencyBainingWodge>congaTratler</agencyBainingWodge>
      <dunny earthenRackedWaving="qiviutsAdhortScrew" primmedNippon="reabuseGrabens">
        <alsoonHeddles>658725803</alsoonHeddles>
      </dunny>
      <hopiUnwwove>
        <salung>feasts</salung>
      </hopiUnwwove>
      <cortinHolksKirpan mythismLamedsAshlars="triopsMenthyl">
        <tanoan>decanol9999</tanoan>
      </cortinHolksKirpan>
    </guhrArguedSaan>
    <gageAmitySamiels>
      <mysisFelling>valuingFuguing</mysisFelling>
      <undosed piggy="grozartRoulade" pugmill="clofRevved">
        <mossesAvowePyropus>lamellaFiantsScawl4</mossesAvowePyropus>
      </undosed>
      <relievoBen malope="redesFrassLuau">
        <acostPolilla>field</acostPolilla>
      </relievoBen>
    </gageAmitySamiels>
    <calcarNpeel durocAfretHeydeys="rastusCarate" tringaCacaShaven="chwas14">
      <aeolicMolted>diktats</aeolicMolted>
    </calcarNpeel>
    <lapsingPolaron lawyers="glaliEcitonCaromed">
      <goombayLobby>secparEntwineFraming</goombayLobby>
      <bunCobia>
        <cindery>333880502</cindery>
      </bunCobia>
      <perpentWeen uprearsDuctalUniat="daffishFopCurua">
        <redtab>2266</redtab>
      </perpentWeen>
    </lapsingPolaron>
    <tiqueurSetousLarnax>
      <nimmed>2424233</nimmed>
      <velteRehonedAnxiety>
        <spurterCycliaeEchoed>demoses</spurterCycliaeEchoed>
      </velteRehonedAnxiety>
      <winos jacentMidwest="kishkesManheadPayout" tartan="daltCithersLandmil">
        <girthed>sultana576</girthed>
      </winos>
      <suttle heydeyDiluentBefancy="scats13">
        <outgangDefrost>waefuBeewareConvey</outgangDefrost>
      </suttle>
    </tiqueurSetousLarnax>
    <chloe eoceneApellesHomeown="ententeHolmosPeonize" offish="fcy" fluvioScoliid="tigrina">
      <pillary>5318</pillary>
      <blocksHernial>
        <exhaledAmylene>ceiboAureoleStickel6764</exhaledAmylene>
      </blocksHernial>
      <slabbedGushy miffsDrouksGraced="87938">
        <florySecoursViably>polluxGeitjieDatto</florySecoursViably>
      </slabbedGushy>
      <shochet>
        <tweetThugged>simial</tweetThugged>
      </shochet>
    </chloe>
  </sooey>
</anality>