<?xml version="1.0"?>
<wisentsDisparFences>
  <whippedBemeal diamidoMournYuan="87268504" bags="duit" matlo="ziggedRebecBrings">
    <felahinRamusi>
      <flecked>toffHopedSipibo</flecked>
    </felahinRamusi>
    <viverra gecked="spearyYiteBuccal" adays="noanceKneziSocager">
      <pochoirRarity>rambongPuermanScaly4</pochoirRarity>
    </viverra>
    <insolid>
      <enquiryOobitMahone>pallahSanaiAxled</enquiryOobitMahone>
    </insolid>
    <guddledHazellyCusk>
      <windersKoas>blamCir</windersKoas>
      <renoAlboinDauncy>
        <frays>9670872</frays>
      </renoAlboinDauncy>
      <dekleRanids stiria="frolic" nervidScattedReeky="acutish">
        <drawrodUmu>lagarto</drawrodUmu>
      </dekleRanids>
      <slitch tropine="guessedLassock">
        <shunnedPomaneBlued>beprideLoners</shunnedPomaneBlued>
      </slitch>
      <molave wielder="cagerSuffect" friedaContact="chiasmsClompTherian">
        <haybirdAmb>2</haybirdAmb>
      </molave>
      <ogrismSheriatCheve unideal="tutlyEnnead">
        <telexedInjun>vomicinRepack</telexedInjun>
      </ogrismSheriatCheve>
      <rebellyProsingBemata quetHootay="smashup">
        <sinamin>glovingStaredBeclaw</sinamin>
      </rebellyProsingBemata>
    </guddledHazellyCusk>
    <rallusNubsPecify watusi="gorgingSovietTurvy">
      <loopierLeppy>cenobeIndulge</loopierLeppy>
    </rallusNubsPecify>
    <markEmoveMydine corpsesWingtipAcone="bucksReshunt" weebleEdgrew="frottedAhsWomaned48" mummedStrepenOcurred="beavery">
      <dianaCoaita>26</dianaCoaita>
      <mimesisDauntOutdraw>
        <citolaPicrite>theseusPrimsieDirges</citolaPicrite>
      </mimesisDauntOutdraw>
      <burrosFilate banglesSkeighSla="ixtlesDonack" djellabWanting="2849">
        <heynne>7023927</heynne>
      </burrosFilate>
      <maimGangingEpergne>
        <gentiumMedidiaAsemic>ainTaeniteEnuring</gentiumMedidiaAsemic>
      </maimGangingEpergne>
      <haywire mirkierLornMetusia="dioneGagee5555">
        <soyled>474952325</soyled>
      </haywire>
    </markEmoveMydine>
    <incubee>
      <johnsonPogge>harryWhisted</johnsonPogge>
      <ptinidChanche penupCalling="thetin" retrimsYuckelColicin="broughWarted">
        <gadwall>3</gadwall>
      </ptinidChanche>
      <bugshaPunilyNaias begladsTaggedTudor="bakwiriEmerize2499" lilyfy="retornInstalsTwerps19">
        <arsenylJiao>skywave</arsenylJiao>
      </bugshaPunilyNaias>
      <yuncan>
        <limeadeSonnies>23</limeadeSonnies>
      </yuncan>
      <thedAma>
        <pirogueDimpled>batsman</pirogueDimpled>
      </thedAma>
      <tagletSingers poilBeany="coracleHegumen6069">
        <lackerTilbury>lactucaBractea</lackerTilbury>
      </tagletSingers>
      <ruffian khilaSnooze="40" factishMerce="27">
        <dunamis>denuderCobaltsUlpan</dunamis>
      </ruffian>
      <druntStalags spinetGuasaJobe="77874489">
        <roofs>radialPallors</roofs>
      </druntStalags>
    </incubee>
    <pornoChariot ouselsRabbits="2787" facebarHildingTumbrel="manchetLabials">
      <lanewayLaosAlow>449695122</lanewayLaosAlow>
      <aurinWetsuit amuletsEmodins="unleash" outsuckProcyon="inwith">
        <penseNookier>83676</penseNookier>
      </aurinWetsuit>
    </pornoChariot>
    <limSneersDrang>
      <lobar>989102722</lobar>
      <raki>
        <lignesCollock>828949</lignesCollock>
      </raki>
      <fungate viron="alengeSpiroidImpious" deforseKlatch="awhapeGuntubBruise">
        <aneticDimissRubeola>paseosPliskyCaterer5457</aneticDimissRubeola>
      </fungate>
      <quiting ohedCoitusMisc="fedityAgnatic">
        <lionlyAssapanSergius>stoatsBbls</lionlyAssapanSergius>
      </quiting>
      <ancoraBonitas>
        <yodler>64</yodler>
      </ancoraBonitas>
      <lipreadHeloe>
        <suedingCirl>stemonaRacoonAbcissa</suedingCirl>
      </lipreadHeloe>
      <pencelAgateBeefs>
        <dioxidCognacsLogget>699089</dioxidCognacsLogget>
      </pencelAgateBeefs>
    </limSneersDrang>
  </whippedBemeal>
  <postilBullet disrobe="finder" attics="magpied460" />
  <bugshas pycnicOrnify="com">
    <quaying teaingTerras="fracturRollbar">
      <palatalChudOxalis>shawanoMineverEntrep</palatalChudOxalis>
      <deflate>
        <attleDreamer>seiurus</attleDreamer>
      </deflate>
    </quaying>
    <swims readily="pluggy" deanedAwfullyAcoin="51995">
      <dammaraLuxuriaEnfiled>cleamer27</dammaraLuxuriaEnfiled>
    </swims>
    <brumbyCaroledHeadset groperForgive="sylvanGuige" bloreOchranaOpticly="weedy">
      <gympiePopplesCarline>62587319</gympiePopplesCarline>
      <axillarWonnedMessily>
        <epidiaEvangelPours>cursoryRetoolEster</epidiaEvangelPours>
      </axillarWonnedMessily>
      <azothGulping danian="4499009" reyoke="boonsLocatorScythed">
        <preedShadine>5</preedShadine>
      </azothGulping>
      <knowhowLattensBoozy>
        <padraigUnadopt>nousesKeen</padraigUnadopt>
      </knowhowLattensBoozy>
      <tumoursMishearExcrete>
        <akim>60743</akim>
      </tumoursMishearExcrete>
    </brumbyCaroledHeadset>
    <halosTinerer>
      <goorooInner>2138</goorooInner>
    </halosTinerer>
    <offerTrader merinoEnwrap="cessMolmanFulhams" totoraAltica="bagassInertsUppush">
      <connateMind>cursusFardhDecoyed</connateMind>
      <diluentAphylly awlessSaree="engine7">
        <recallsSyun>sklateSwathsRatifia</recallsSyun>
      </diluentAphylly>
      <chakobuBogong>
        <kineOrphism>thoriaSonancy</kineOrphism>
      </chakobuBogong>
    </offerTrader>
    <gatingConcurSaltant binodeFarrierSuras="strany" endrin="tinglesDogfall" pursersAlaniSexfid="981">
      <forceSkillsBidding>micellSamlets</forceSkillsBidding>
      <judicalDronel polarlyOkroSamekhs="caurus5954" hapTousedInvents="bermsTimbaleDrench5">
        <endebtVerboseThujene>stromaRuman</endebtVerboseThujene>
      </judicalDronel>
      <swannySylphsMasters>
        <lining>ziegerAwesomeSpayad</lining>
      </swannySylphsMasters>
      <scopingPloppedEpimyth okeyChiArunta="dryopsRetiesRompers" grylleTurbaryIguanid="scarers">
        <carafeAstasiaVitrain>axially6</carafeAstasiaVitrain>
      </scopingPloppedEpimyth>
      <kedgy>
        <boggierRabidlyBunters>siftingTawdry</boggierRabidlyBunters>
      </kedgy>
      <albarcoTrouty planter="thaisSevresAuf7" salvy="671885679">
        <alemLinoxin>chigoeBromoil</alemLinoxin>
      </albarcoTrouty>
      <donship>
        <miaouedLiegerZophori>yapmanJeanneTarrily</miaouedLiegerZophori>
      </donship>
      <daisiesEthylic dustbluMaulviApriori="durrySkysail">
        <wullTurfite>armetMannersArmseye5084</wullTurfite>
      </daisiesEthylic>
      <kenos>
        <gusAvoweBabying>riveryArrantLocklet</gusAvoweBabying>
      </kenos>
    </gatingConcurSaltant>
    <rus>
      <chambrePrester>alexia</chambrePrester>
    </rus>
    <grab cenobe="ajangleLeniate55">
      <ostiateFlightBedrug>249064776</ostiateFlightBedrug>
    </grab>
    <roopHartlyBourr>
      <retriesHyrax>puddlerRalliesChases65</retriesHyrax>
    </roopHartlyBourr>
    <dabbledFuneral stallsScags="enlimnToprailStoke" tammuz="pythianHading">
      <empeineUnison>lyomeriSpires</empeineUnison>
    </dabbledFuneral>
    <mimming dcaMousey="conduct" bolters="serfdomDazedlyLilian4" yarl="45040136">
      <dudmanFacierLaxly>tete</dudmanFacierLaxly>
      <sunriseOutlordHeppen lionessFusionSukey="zaddik">
        <forlorn>slumberLovat</forlorn>
      </sunriseOutlordHeppen>
      <taconicBollox somnify="ancleCarbyPodites899" chokra="pantas893">
        <midgesMinow>zairianAdmovMoghan</midgesMinow>
      </taconicBollox>
      <toeholdThreeFoemen tamanacAmygdalRedder="326">
        <ithielEndear>feodaryEngladNuisome</ithielEndear>
      </toeholdThreeFoemen>
      <merlingPinches muscae="44029485" hobblyPeaiism="micoSemsenOliva">
        <afreetDossals>esprits</afreetDossals>
      </merlingPinches>
      <aunt lipideEgosKlieg="condylePleadedImbesel" routousLyceum="suluan739">
        <outbore>plateauAglycon</outbore>
      </aunt>
      <eydent>
        <amapaClamourQuanti>lunelAnnular</amapaClamourQuanti>
      </eydent>
      <aucht>
        <flanSwadOuthit>workupsTweedsResizer</flanSwadOuthit>
      </aucht>
      <hangers jemmiedRuttily="munchedArcuate">
        <setwallTace>morularTuftily905</setwallTace>
      </hangers>
    </mimming>
    <delesDingiesFoulard>
      <initionAudio>425480160</initionAudio>
      <domicSlewer tetterTatinekBadan="603">
        <minksMegrelMalkins>daybedsCumaceaUnslot33</minksMegrelMalkins>
      </domicSlewer>
      <bourreeNims>
        <tipe>5</tipe>
      </bourreeNims>
      <rapinicFlemeSnee funny="12673266">
        <beefaloBuffone>termed</beefaloBuffone>
      </rapinicFlemeSnee>
      <titre isiacal="blackerHogg">
        <doatedJibbBelee>buganTombac4098</doatedJibbBelee>
      </titre>
      <gnabble tagsOutherPostin="poleyLemon">
        <upbidImpawnConusor>skybalPunta</upbidImpawnConusor>
      </gnabble>
      <sockerCedrus>
        <upshotsCeratin>pseudo675</upshotsCeratin>
      </sockerCedrus>
      <preveto hemalFarce="styed" badged="askanceHardy">
        <hoopoeAmour>685591541</hoopoeAmour>
      </preveto>
      <noddersEnfilePignus>
        <wype>69</wype>
      </noddersEnfilePignus>
      <azonsChequy kunkRialto="potgirlNitherSaloop">
        <sylvanReaginCnidian>outyelpRecodesWicopy</sylvanReaginCnidian>
      </azonsChequy>
    </delesDingiesFoulard>
  </bugshas>
</wisentsDisparFences>