<?xml version="1.0"?>
<furalGallery>
  <bunchesFickler reoilLampretTwining="26523047" coatieMellows="16" dolsHoubaraSokulk="ankletsExurbCulches" cionsPeahen="ganoidsQungPorcine">
    <termorExopod>
      <dearthAlkines>gashingUpcard</dearthAlkines>
    </termorExopod>
  </bunchesFickler>
  <mopish />
  <cipolinTinne rieverOastsErnst="beatae" jismBankerLaevo="2039444">
    <acoupePendomWebfoot>
      <milterGoofed>epitokeParaibaBlips</milterGoofed>
    </acoupePendomWebfoot>
    <podatusTogless>
      <tsantsaBruskerSmokier>871890302</tsantsaBruskerSmokier>
      <impaneUtilityTrolly>
        <jagrata>pageLordsSailor</jagrata>
      </impaneUtilityTrolly>
      <airthGunnerAtrypa>
        <horrorGutteAgmas>croceic</horrorGutteAgmas>
      </airthGunnerAtrypa>
      <gillie niggledSoleinCamelot="aval28" avosMillkenAbraded="winkerJaraguaSandbin">
        <comfilyDominee>manuaoBudtimeUnborn</comfilyDominee>
      </gillie>
    </podatusTogless>
    <vesicle>
      <delead>redient</delead>
      <coatiLepa>
        <snobdom>escuageUncrib</snobdom>
      </coatiLepa>
      <keeperSalique>
        <koftPhonosClippie>beal</koftPhonosClippie>
      </keeperSalique>
      <boite shagiaSkirts="stopes" cruelMeathArcite="sciageFloatedHersed">
        <mowseFeta>4</mowseFeta>
      </boite>
      <staved>
        <darrylFlyblow>sculledCasaun9401</darrylFlyblow>
      </staved>
      <taliped>
        <tytoPleurumMarvy>cyclistElfwort</tytoPleurumMarvy>
      </taliped>
      <murmursMisere>
        <galliumAylessServage>coostRattoon7662</galliumAylessServage>
      </murmursMisere>
      <swadderRedyeRearray kartSquaws="ileitis">
        <jazyUnthankHocco>suraDumoseOctants</jazyUnthankHocco>
      </swadderRedyeRearray>
      <sputnikSoavesDharani kelsonsKelima="molarsKitten" queriesFamishSolonic="tumpsLimbic">
        <ingushKryptic>grapery8355</ingushKryptic>
      </sputnikSoavesDharani>
      <tastes>
        <defReadierGodsons>fuggingManid1389</defReadierGodsons>
      </tastes>
    </vesicle>
    <strypeVoetsakLepadid>
      <motts>hagLokshenFidelio718</motts>
    </strypeVoetsakLepadid>
    <bauble grinnerKasturaNadirs="8149" wawa="panisca525" caracoaSeeder="turfingBillageOverink5947">
      <paviseStarwTrevets>dinkum42</paviseStarwTrevets>
      <though>
        <queriesTieRaids>afaceAzonalAngolar83</queriesTieRaids>
      </though>
      <jauping striven="blarny" rein="lucreCachinaGlairin">
        <novPiusBisects>septierTyronic</novPiusBisects>
      </jauping>
      <cantrip bayardsChromicLather="smokeryToutedBoranes" biensYoup="nummusArduous">
        <squared>krepisComplin</squared>
      </cantrip>
      <ezbaAzotous outvierVinyon="outslid" nearishEthinylKesar="zanoniaPueblos">
        <fielderUpraise>chenier</fielderUpraise>
      </ezbaAzotous>
      <setoverGrannieBossier>
        <combTriumfGalega>swampsScirrhiPuce</combTriumfGalega>
      </setoverGrannieBossier>
      <odorous jaupDonny="smiddieBistrosBeslow">
        <doctorsSella>268931</doctorsSella>
      </odorous>
      <lakie boldineRemill="mrem">
        <kronaUrticaSudses>sanityHazily</kronaUrticaSudses>
      </lakie>
    </bauble>
    <singlesBonding>
      <jowlierContra>chhatriCarroty</jowlierContra>
    </singlesBonding>
  </cipolinTinne>
  <mispayPlateauKitbag unswornSeances="14839" atreusErikPolygon="chiselsKaleDuns" shakaAtomy="beauingDraysIncites">
    <canfulsGowdie>
      <irishlyOnegiteJurels>73386</irishlyOnegiteJurels>
    </canfulsGowdie>
    <locketScopetSiros bootleCuisten="potmanEctopiaPulicat54" azoxChauthPocking="hebetic" baryteSpecifyCausing="liccaAurigaWept">
      <acaciasKenyan>wanionSopitedCackles</acaciasKenyan>
    </locketScopetSiros>
    <pretest lepiota="6048010" roofingStrive="festy" mutuumChips="euryale">
      <yetapa>14</yetapa>
      <quintic>
        <cuttoe>dargahMeanestLentil46</cuttoe>
      </quintic>
      <coenlaOffload opalineBesmileInital="yeravaGrousedPrigs" rinsersBarnabyOidium="curareLod">
        <kulak>retched</kulak>
      </coenlaOffload>
      <solonicJiveass unsoledUncage="8536" bopperCasimir="ploestiHackedDinghee">
        <juger>recpt9177</juger>
      </solonicJiveass>
      <illite lemelGuarabu="rummer">
        <tzars>romeiteSoupled</tzars>
      </illite>
      <rhexes betises="provisoBari" lancely="diseuseSunsUnshave">
        <acquentYawnupsBotcher>8522733</acquentYawnupsBotcher>
      </rhexes>
      <carnyScolder pointed="topperGraze" regulaSumpt="basilicBusket308">
        <moundy>twaddleUsedUpleapt3004</moundy>
      </carnyScolder>
    </pretest>
    <owlheadHeep>
      <upswarmLubbersMingle>spooky</upswarmLubbersMingle>
      <scraeChanduiOpalina capuli="ambones" partes="retrimMyoxineManify">
        <koda>toriestWashinSyconid</koda>
      </scraeChanduiOpalina>
      <ramneek snapsHagrid="theredUnstill">
        <forintCullasJudaist>boastsPlainy</forintCullasJudaist>
      </ramneek>
      <piggThoftImplant>
        <tergantUptrailVotress>938</tergantUptrailVotress>
      </piggThoftImplant>
      <broadax>
        <obvolveEgretta>weeshFanny</obvolveEgretta>
      </broadax>
    </owlheadHeep>
    <callaisWoreDassy>
      <rastyManagee>dements24</rastyManagee>
    </callaisWoreDassy>
    <spladLardyRumdum>
      <kolushSadiron>drameCirclet</kolushSadiron>
      <waenessGaea undyeSuavely="taraponMadison" aruspexBluffySetling="3">
        <versaWooliesWakener>53</versaWooliesWakener>
      </waenessGaea>
    </spladLardyRumdum>
  </mispayPlateauKitbag>
</furalGallery>