<?xml version="1.0"?>
<iliahiOtologyFissury>
  <tzolkinHoldsAnte hagglesKhoja="snookerWhoot1184">
    <arimaspStitch>
      <slitingJillEtape>wombs</slitingJillEtape>
    </arimaspStitch>
    <injoinPapern enlief="38606056">
      <pachyma>agistsWamara</pachyma>
    </injoinPapern>
    <kipageIthiel sungarTegua="edgrowSalaamsHenhawk97">
      <frenneEscalop>tainoEdifies</frenneEscalop>
      <banate quillonCousinCaisson="arlengDicerStrew">
        <limbatLiebig>1</limbatLiebig>
      </banate>
      <tontoGemotJaina>
        <placet>285617478</placet>
      </tontoGemotJaina>
      <stem baister="anlace6956" uncakesCafardLown="watery">
        <chappow>airwave</chappow>
      </stem>
      <quaddleTitmanInsteep iodizedAgnean="cernAbsurdsMilium">
        <blinis>otter9687</blinis>
      </quaddleTitmanInsteep>
      <forstCowgram metrezaSnies="bugeyed78" unmoral="inezAzans">
        <conkLobbingCockers>braccia</conkLobbingCockers>
      </forstCowgram>
    </kipageIthiel>
    <frondKairinTwicet retting="vexersCameos" printsAdangle="mumeChirmedSketchy" sikhraCneorumPedder="anthdia">
      <hannaSailorRita>pilletClothes</hannaSailorRita>
      <auftaktHate hecksBikh="doweledWareman">
        <narco>3819731</narco>
      </auftaktHate>
      <perling gimbalsArophMichael="crotylPindariAvile" dunterComitje="britten31">
        <norse>lieveUnlocal</norse>
      </perling>
      <trifledYayaWebelos aulderAnnonce="sysoutUntaintSieva" jorden="gazumpPodeon">
        <ruxSyzygalHansel>toriTibiadAlien</ruxSyzygalHansel>
      </trifledYayaWebelos>
      <dyadOriganBaffing biauralAik="maclura" skiersGestant="rewetRatbite">
        <kudu>spilingLocrinePapingo</kudu>
      </dyadOriganBaffing>
      <kosMineralCalluna chukchi="bogierGhurryZingara">
        <cartonsArmil>neural</cartonsArmil>
      </kosMineralCalluna>
      <egested>
        <piddleCryingGladded>460923</piddleCryingGladded>
      </egested>
      <stoles frim="40143470">
        <mafuraCrcheLoll>hokeySafari4</mafuraCrcheLoll>
      </stoles>
      <gerundsParker fumousSagan="risingsScampiLeban">
        <cuadraAdvicesLowes>direct</cuadraAdvicesLowes>
      </gerundsParker>
      <starnyOutshowLcd>
        <gemelsNovcic>uppbad</gemelsNovcic>
      </starnyOutshowLcd>
    </frondKairinTwicet>
  </tzolkinHoldsAnte>
  <cosmism mpb="6193422" jezails="cadency" maximedHallos="cosechYasht" higdonCnidae="grail" />
  <sozolic sloneBusted="165719" />
  <joyhopGibber cupVerity="scarperAnserCoillen">
    <sieneseDeeping>
      <guaraniCrin>71</guaraniCrin>
    </sieneseDeeping>
    <dodletMomeZetetic crouthOkeNondeep="blende" apohyalPotfuls="biotins" sargeArbela="9655">
      <porose>slaky</porose>
    </dodletMomeZetetic>
    <creeperScotinoGroundy>
      <sikarOchre>lust</sikarOchre>
      <dibbler>
        <impelsQuiver>umbelapPromise</impelsQuiver>
      </dibbler>
      <sauntShicer arachin="purifyRagulySpewy">
        <mentholLocatedChego>audibly</mentholLocatedChego>
      </sauntShicer>
      <miltier terass="gatingCassavaAndarko" creponMynasStatus="bilobeObovate4803">
        <drills>laverPayong</drills>
      </miltier>
      <doyltWordilySculch strunt="vareCottePacify" decoreLewdlyBracero="goalArtsmanCental">
        <behowlsChieve>7626831</behowlsChieve>
      </doyltWordilySculch>
      <kaloDownway gaed="cariyo" pessFubberyGist="fustet">
        <sculsh>2435211</sculsh>
      </kaloDownway>
      <predietFucosan pipetsTeecall="juristsMeikles">
        <paupTineanSamolus>forint379</paupTineanSamolus>
      </predietFucosan>
      <sponginOlearia naologyEutaxieWastine="shinkinLobelia67">
        <hiringDogvane>metopicHoisedAkeki</hiringDogvane>
      </sponginOlearia>
      <quotiesCementTutulus aloxite="cuneaChummy">
        <colOutjump>cramperIndone</colOutjump>
      </quotiesCementTutulus>
      <ifsDonsMopeier>
        <shoalyYuzlikErs>bisayan</shoalyYuzlikErs>
      </ifsDonsMopeier>
    </creeperScotinoGroundy>
    <potusWakwafi>
      <lindsayUngraftKyah>farrierKellia</lindsayUngraftKyah>
    </potusWakwafi>
    <clangorMilter>
      <wharfsRamiesSafer>revampsBendies</wharfsRamiesSafer>
    </clangorMilter>
    <mug>
      <shraveyBogus>345</shraveyBogus>
    </mug>
  </joyhopGibber>
  <checkeWon varusTonant="heinzHurdle" torcelDuncesUpdive="32920">
    <flunk>
      <prizedQualmsKneads>sexiped3</prizedQualmsKneads>
      <clachs bouchal="girland97">
        <tuneupBehymn>chints</tuneupBehymn>
      </clachs>
      <capablyPhilipBlottto ushered="6915">
        <cassonHanding>357676</cassonHanding>
      </capablyPhilipBlottto>
      <chalon dopaAnkhRouelle="ocubyAffeer" cillDuelledSavines="cringedChowses">
        <evocate>kookriAvoiderUrent</evocate>
      </chalon>
      <oyersDft>
        <gazabosChadsAmbry>connyYajnaCoachs</gazabosChadsAmbry>
      </oyersDft>
      <friskerUnusedYarr lapilli="66">
        <simoomsFixupCasefy>manus</simoomsFixupCasefy>
      </friskerUnusedYarr>
      <muntinZaramo>
        <onstead>56</onstead>
      </muntinZaramo>
      <chymousAdapted metopesDurShuted="seasick">
        <revetVibrionTimias>euros</revetVibrionTimias>
      </chymousAdapted>
    </flunk>
    <summitsLepricTaroks>
      <scranchPeer>930</scranchPeer>
      <mulesClackedAthecae>
        <alenu>didnt</alenu>
      </mulesClackedAthecae>
      <incivicCheken>
        <nookyGleans>moarianPanosLewdly</nookyGleans>
      </incivicCheken>
      <elymus choregySuccisa="epode8" stayerLen="purlins">
        <hoofrotSungar>maimonOfttimeConchy</hoofrotSungar>
      </elymus>
      <enliefSlidedDevisal mowedSorbateGalla="99894150">
        <excelse>enslave</excelse>
      </enliefSlidedDevisal>
    </summitsLepricTaroks>
    <loitersSophic>
      <lenardDiktatPaginae>1</lenardDiktatPaginae>
      <caboose>
        <cabullaOilers>cockieSmrgs</cabullaOilers>
      </caboose>
      <domiteHectors>
        <brailedWarua>4933616</brailedWarua>
      </domiteHectors>
      <chaloth taberedFulhams="ennoicParbleuUnedged" hotterTubberMisread="ukasesTouche">
        <bribed>5552685</bribed>
      </chaloth>
      <ingestsDefyingLeftist ratal="astrerTartlePreen5854">
        <dromondCompar>rayahs40</dromondCompar>
      </ingestsDefyingLeftist>
      <marrano>
        <nappesBarberoTabet>suetyOatfowl</nappesBarberoTabet>
      </marrano>
      <coit buticRainerEwing="hexapedDevoirLimeade" meshedGyne="snacks">
        <screich>cradleSecondsMockado</screich>
      </coit>
      <ariki tipcatKinking="274" zeroizeUpcoils="7805672">
        <chayote>nattleEccrine</chayote>
      </ariki>
      <reminds funliCsc="27" bensailMahoesDomy="oblongs">
        <amids>lstSimoolLatite</amids>
      </reminds>
    </loitersSophic>
    <cartelScaridHerpet>
      <internOrtiveGrunter>boodieAnottaNickle8</internOrtiveGrunter>
      <opaiDaemon japyxUnbased="315590734" mured="1">
        <balldomDesole>fellerEnthuseFoeti</balldomDesole>
      </opaiDaemon>
      <sedging ramboUrd="76" recOlneyaUnnice="lucianEtoffeName">
        <inbornKiwis>6760</inbornKiwis>
      </sedging>
      <antingsHyaloid titokiToranBunged="slaveryOperla87" peloidNonpeakMusimon="hajilijWamefu">
        <naoi>harpsEarths</naoi>
      </antingsHyaloid>
      <facondeEtcher>
        <reivingLoomeryMormon>flappy</reivingLoomeryMormon>
      </facondeEtcher>
      <rupiticDeenyLeerish>
        <bodgerSuaharo>waxandBagreTribune</bodgerSuaharo>
      </rupiticDeenyLeerish>
    </cartelScaridHerpet>
    <annonaTomfoolXenias>
      <gamsNeurinUndrest>ekphoreAnisoylDazzle</gamsNeurinUndrest>
    </annonaTomfoolXenias>
    <alurYecchyFeather>
      <imbredEthoxylGawish>9858</imbredEthoxylGawish>
    </alurYecchyFeather>
    <hoofingPagods>
      <weltingKyaniteEnology>repaceReleap8</weltingKyaniteEnology>
      <angara deja="teedEdestan" pamTropism="nonsyncDishrag">
        <halidomNigella>terbiasTelegu</halidomNigella>
      </angara>
      <capeGeyserGoury tziganeTactic="16" warned="kaylesChoiceCabaan">
        <musics>atwistBatlingDridder</musics>
      </capeGeyserGoury>
      <priests>
        <pipings>twiceOmagra</pipings>
      </priests>
      <pagine>
        <antisagTabbiedCoypous>500882</antisagTabbiedCoypous>
      </pagine>
    </hoofingPagods>
    <britanySofaneIkat shofulRosalNishada="scots266">
      <helibusPervadeGenres>819285</helibusPervadeGenres>
    </britanySofaneIkat>
    <flewsVamped>
      <adeemedTuckers>tachinaSponsor</adeemedTuckers>
      <puddles retakesBlotty="jessamyBadgingFlipped">
        <plaintBolt>erinizeCenacleNovella</plaintBolt>
      </puddles>
      <sectile cavort="acrawlSynopScream">
        <pendant>cynodonBuccan</pendant>
      </sectile>
      <mikvahsRideBored>
        <finnerLoughsToheroa>5</finnerLoughsToheroa>
      </mikvahsRideBored>
      <pimOtidium>
        <denter>existed</denter>
      </pimOtidium>
      <dodgilyMommaMetanym>
        <ocurredSmogsSpreed>feoffeeBanba</ocurredSmogsSpreed>
      </dodgilyMommaMetanym>
      <yet unrovenNodiCabinda="ovated48">
        <fairingKepi>groomedHasletHollong</fairingKepi>
      </yet>
      <hoggieCarve ahoySupers="beefierCoerces">
        <readingCarlageDisleal>chirps</readingCarlageDisleal>
      </hoggieCarve>
    </flewsVamped>
    <tofileAmicronSpicer pedagogSkilful="baresSelden" defuseRowtingVacant="sirensAntesAdsbud89" thitkaFrazil="blobberGreys8">
      <fragile>dimoutThwartsRegna</fragile>
    </tofileAmicronSpicer>
    <ropesLoiasisRipsack>
      <exuviae>misgoSicula</exuviae>
      <fayedPigmeatMelamed>
        <predefySunkets>narcosMyceles</predefySunkets>
      </fayedPigmeatMelamed>
      <deutonYeukingAltica movableLampist="makutu">
        <meumLeady>inducGenesicFlentes</meumLeady>
      </deutonYeukingAltica>
      <fides>
        <adet>wettest6</adet>
      </fides>
      <soekoeFordam>
        <ppb>shows</ppb>
      </soekoeFordam>
      <physiolCode ribosoSudateUpreach="58044756" bobflyRotula="agad569">
        <anoilDrachenAtule>87499</anoilDrachenAtule>
      </physiolCode>
    </ropesLoiasisRipsack>
    <mugsFossorTautog albarcoGabbai="133580" drafted="neralPileateTaily">
      <ilkSpig>rotte</ilkSpig>
      <rambo>
        <gemot>wined</gemot>
      </rambo>
      <djehadAnthrylSicer>
        <chutKlickArne>dimHyssopMilla</chutKlickArne>
      </djehadAnthrylSicer>
      <afray ictuateGalei="haughtyLongestPilar" vroomLicense="40">
        <hepSilvexShouted>deputeZinger</hepSilvexShouted>
      </afray>
      <fennec nastikaEdilityCognac="karling">
        <vivantsSuther>gluiestTruffle</vivantsSuther>
      </fennec>
      <seringKissy>
        <cuckooSukuTilted>639</cuckooSukuTilted>
      </seringKissy>
    </mugsFossorTautog>
  </checkeWon>
  <gansy dappleJilter="covingHobTournel" mixtionRewed="mutestLimulidClicky" kareetaUlnar="7280" pinked="birdiesFlynessBalm" />
</iliahiOtologyFissury>