<?xml version="1.0"?>
<noctuaeCuddly>
  <craney petti="doitkinDrugman" zigsOutput="headlePokableTerrie" tissualRetinPrefers="nashJukesAmbeers">
    <supplerObcludeSkyed freeishResizes="cantareMillersUnshowy9476" hackiesBisects="agonia" abusageRixy="degoldRooibok">
      <dalarVirtual>verzinoFelidae</dalarVirtual>
      <nurture frough="dublin">
        <soapyGonionBranded>39657</soapyGonionBranded>
      </nurture>
      <kanawhaSyrmian hoarChullpaUrlar="ruffeSuhuaro">
        <spiloma>copierWohlacNaggin6603</spiloma>
      </kanawhaSyrmian>
      <keestMobilia>
        <during>aliciaTao</during>
      </keestMobilia>
    </supplerObcludeSkyed>
    <topersSeanceParodus>
      <loader>satiric58</loader>
      <smogLeadersForwalk topau="33">
        <sepalPlannerWeedage>eupneas25</sepalPlannerWeedage>
      </smogLeadersForwalk>
      <burbsSheshaGerbil vermeil="congealClashyUnknown736">
        <suluNosesAphakia>5674</suluNosesAphakia>
      </burbsSheshaGerbil>
      <hate pickerTinger="nitterFoemanSplurt" restealAthrill="punaiseYaweyGalchic">
        <hoodmen>driftBeans</hoodmen>
      </hate>
      <sects>
        <brisantAugererScawd>broch</brisantAugererScawd>
      </sects>
      <fauna distyleIvylikeCasate="outdoer" swiverRectionChinky="wiltingDryadic">
        <gustilyUntack>dowitch</gustilyUntack>
      </fauna>
      <complex bowsing="nizy" gin="ogams6">
        <coolthTeatimeRetires>vibistFreck</coolthTeatimeRetires>
      </complex>
      <yawnups havageIrones="gibbiZoysiasObe" gruffedAdy="enwomanYellDotlike46">
        <gilia>1652895</gilia>
      </yawnups>
      <afghansCystous oracler="310525" ischiaMoochKatydid="toivel">
        <ebraickNones>logieToxify1191</ebraickNones>
      </afghansCystous>
      <agluconThree>
        <unbush>acara</unbush>
      </agluconThree>
    </topersSeanceParodus>
    <nomas cowan="814703">
      <jatni>1177449</jatni>
      <swatiEnsurePata semikah="staphEverse">
        <deraterRatbite>labioseChlore</deraterRatbite>
      </swatiEnsurePata>
    </nomas>
    <sprat>
      <rediasConuzee>enlureGuneboHals</rediasConuzee>
    </sprat>
    <mrs soilierKernel="hunsPukesIngress" dazzlerSawneb="artabe">
      <scutta>maori</scutta>
    </mrs>
    <poudretFuzz>
      <ajariPregame>coucher</ajariPregame>
    </poudretFuzz>
    <maraeCoppiceMoister>
      <libeled>ruana9</libeled>
    </maraeCoppiceMoister>
    <turk>
      <carboStipaBlup>zuniFoulage</carboStipaBlup>
    </turk>
    <sleekyOutwayDjersa>
      <lynches>obdtSylvic</lynches>
    </sleekyOutwayDjersa>
  </craney>
  <regattaAlphasGadder />
  <appetit airbornPushumCakile="1472" />
</noctuaeCuddly>