<?xml version="1.0"?>
<fatidicAshineCelli>
  <joylet guileEnurnyOlein="thoral62" />
  <swarthyMartial>
    <coraiseCurneys>
      <crunk>gaspsHobblyFlavo</crunk>
    </coraiseCurneys>
    <daybillYike aswithe="avgEssayerEugeny7" bobanceBiker="338225749" pogromsSld="3426">
      <pommagePolillaWinfree>heel</pommagePolillaWinfree>
      <adsumStacker ffaScuz="morpionUnslyBinge">
        <barked>7838607</barked>
      </adsumStacker>
    </daybillYike>
    <bursaMoiresOverfat hatredFeudsBaaing="422" fashing="ravage" ancientNegrofy="61386701">
      <preloanSeeksMassier>farmyClump940</preloanSeeksMassier>
    </bursaMoiresOverfat>
    <lyonHeiauImposal outbowlSatiateLisere="huloistMediae" sptRebids="scliffBoloman">
      <minaretPlierSasan>turacoVeloce</minaretPlierSasan>
    </lyonHeiauImposal>
    <withenHokierImberbe yillMidnSteek="abactorMorphic">
      <quellOrigamiSurfed>maltaKariBorani1700</quellOrigamiSurfed>
      <hubbite comsCartes="298285058">
        <miggle>yarnerJewis</miggle>
      </hubbite>
      <tattilyGentileBeleaf>
        <isomere>erie</isomere>
      </tattilyGentileBeleaf>
      <befrizRegildsFligged embrue="spadingMatchy" archaicUprun="mortierUnfrankFrijol">
        <towelry>muscotAtonicBeachy2</towelry>
      </befrizRegildsFligged>
    </withenHokierImberbe>
    <eosinesCorbulaLarus choristGagingReaders="guacimo">
      <doucely>disci7</doucely>
      <bontokSparchSnavel cotoinDec="towmontBesmellUnderli" lamium="cuing">
        <misadds>swinkerAlforjaAheight</misadds>
      </bontokSparchSnavel>
      <lossy>
        <foxier>nilgaisEgoists</foxier>
      </lossy>
      <shouldn schloopBlijverSepia="qasidasQuemAthrill" plangorTairgerInsteps="flavory9773">
        <panisicVampireKilleen>romanaFuage</panisicVampireKilleen>
      </shouldn>
      <cladineSyncomsEpulis spaeing="resinaChsPtp817">
        <kedges>ageteLogeiaGemwork</kedges>
      </cladineSyncomsEpulis>
      <snipersHaffit>
        <beleaveBiurateAvionic>carli</beleaveBiurateAvionic>
      </snipersHaffit>
    </eosinesCorbulaLarus>
    <acraein>
      <gentesGeicStereid>solutesElmier</gentesGeicStereid>
    </acraein>
    <encrown>
      <porosis>isodontMustilyEprosy</porosis>
      <angrily wormianMueddinFriand="clavierDevoveBridger">
        <erthly>5670316</erthly>
      </angrily>
    </encrown>
    <scabish slurbs="gellertGantlet">
      <arrouseEncoresFinify>muddierRatine</arrouseEncoresFinify>
    </scabish>
    <lobbingGrammel>
      <orisonsPlattenLeman>soursopAromalWhaling</orisonsPlattenLeman>
    </lobbingGrammel>
    <lyingsDumble>
      <tummelsWinkle>nictateOttetto</tummelsWinkle>
    </lyingsDumble>
  </swarthyMartial>
  <ashyBathmanAurochs sparrowOutpart="dronet" falunsMangels="dobraoPuggi" abaculi="toweredAmateurSudden5" galbula="tineolaSepal" />
  <antonioTorquerCrack>
    <nosineCedens>
      <soogeeRacismFerret>riceDrukpaSerries</soogeeRacismFerret>
      <burinsSilty vantageChive="bussesBarberoLepas9" cymblinMakondeAniba="vil267">
        <amyloidCheats>factualBenzoCrinal</amyloidCheats>
      </burinsSilty>
      <implial>
        <jabulLosersAbram>ankush</jabulLosersAbram>
      </implial>
      <christCanman bieldedRappiteShachle="jclSpongDelint">
        <crunkle>trop497</crunkle>
      </christCanman>
      <unvalue>
        <boderHaunter>loopsTrt</boderHaunter>
      </unvalue>
      <synoekyGradineEnjoins bombyxUncleadJuking="19510201">
        <warship>nectary92</warship>
      </synoekyGradineEnjoins>
    </nosineCedens>
  </antonioTorquerCrack>
  <vixen hechtiaFizzles="dhyanaStoringAgamist" focalChomageSheathe="oeciCymeneAmbeer" stewbum="inde2" akenePlatodaOrbits="tensomePanax" />
  <parulis baileTiaras="rulersMayor">
    <codersDespoil jauntyPaganic="phlegmyBustiZarp86" argonne="7849499" spatesLanaoApidae="tergumFordeal">
      <wisedChouses>gruffyYamato</wisedChouses>
    </codersDespoil>
    <teanTeasingKaraya>
      <bargainFlicker>scrolarTushesTamulic</bargainFlicker>
    </teanTeasingKaraya>
    <cooriesEnapt>
      <rudestLabra>42300106</rudestLabra>
    </cooriesEnapt>
  </parulis>
</fatidicAshineCelli>