<?xml version="1.0"?>
<wampums>
  <abilityGrapnel regrind="dibFlakeStadie" solacerPinmanDeblock="3786" chouses="lyoneseCreededBerger7" herileImbosom="taffiaSultana">
    <johnnieBlitter unwoful="slushedDouchedEnsiled">
      <flesherHagship>3247</flesherHagship>
    </johnnieBlitter>
    <polletGrinner lutes="450">
      <cruelerBrowzer>cibolanScaddleGullah</cruelerBrowzer>
    </polletGrinner>
    <endebtJesseAced barest="noncom9134" bortschAdelia="heistedBrevDebater" footlerRagshagSithen="uglifyLaurae">
      <abodah>homelynRaversSimson</abodah>
    </endebtJesseAced>
    <bilio>
      <trix>pullerNativesSild</trix>
      <sakesThenneIrpe jazzJarsfulShanny="dragon" vienna="nuggetsFideliaWeakens9033">
        <limbalUnhid>furzierOrchidRefence</limbalUnhid>
      </sakesThenneIrpe>
      <hexaceVinose douse="wendSlopedKarela" unwed="aghastVocate">
        <bekingScrimp>ledgeUnstaid</bekingScrimp>
      </hexaceVinose>
      <agacesRivets ulnageRenk="173" poofFizzle="loxicGnideFlagmen">
        <snafuedCowl>basifyMorsure981</snafuedCowl>
      </agacesRivets>
      <alkyl gyppers="corkyGunroom">
        <avaram>decanesFulgent</avaram>
      </alkyl>
      <illupi lushestTaggersFelsite="dinningAmba" blancs="272">
        <awacs>interjWatcher</awacs>
      </illupi>
      <muchesEtamine marlyBoylas="limboSibship">
        <lossier>wangalaPoalike16</lossier>
      </muchesEtamine>
      <venkataSoakers fizgig="limbu8093" ballerHaffet="erse">
        <borylAporia>fuyeNofile</borylAporia>
      </venkataSoakers>
    </bilio>
  </abilityGrapnel>
  <mtxApical tarte="aliciaLampads" />
  <bahisti majoredSkats="youngun" />
  <goorals layloc="crunodeLacemen" koniagaCedulas="sisalBigheadCicero5" cottons="envyingBooking">
    <bainingUnhave>
      <reckonLugging>keryxBegan</reckonLugging>
    </bainingUnhave>
    <mimic lewdCausansRigol="594528285">
      <fetchesTurcicUrbic>primeur</fetchesTurcicUrbic>
    </mimic>
    <incuteCoticed dooley="reseedsThebaicDefade">
      <skinchHeightAggadic>458028859</skinchHeightAggadic>
      <swineryMaidly magi="urgingsEvokedUrchin">
        <bldg>7686</bldg>
      </swineryMaidly>
      <lichted japan="maybirdMaliAmoret">
        <nubia>jinjiliLowesImaged</nubia>
      </lichted>
      <cotheBerapt pearch="cebusBiosRestis">
        <voyagerArylate>29388</voyagerArylate>
      </cotheBerapt>
      <mmfd>
        <zygoticTayassuErotics>bepillOverbid</zygoticTayassuErotics>
      </mmfd>
      <piraya eileenLeisDialog="plasterYards">
        <soldierSussoHobits>lutayoAlea</soldierSussoHobits>
      </piraya>
      <unawed>
        <gulleysBewater>7</gulleysBewater>
      </unawed>
      <rhymersChesselThalian darn="elohistAirborn" pattersMinibus="chromedEinkornOverrim">
        <costersPhony>diaminYawperEspies</costersPhony>
      </rhymersChesselThalian>
      <crookle weeda="otyakRapilliEmbacle15">
        <whuskieSergingCatydid>bursulaConsignMyotics</whuskieSergingCatydid>
      </crookle>
      <lucanidGuarsReavow effatumCircuePhyle="crenula">
        <gravurePlumageSpinach>farfetZeugiteValuate</gravurePlumageSpinach>
      </lucanidGuarsReavow>
    </incuteCoticed>
    <acidPontac>
      <yeechMarx>gaspedRfsStylers</yeechMarx>
      <karakulYerba>
        <bokarkOils>loadingBahutsCatfish</bokarkOils>
      </karakulYerba>
    </acidPontac>
  </goorals>
  <daciteTavola>
    <merkhetPotionsDogy lanugo="windas" datoSiriusUnpiled="salonFarle">
      <turnout>488165633</turnout>
    </merkhetPotionsDogy>
    <khasa typesFeveryKenotic="pistlerPylonsLogwood" boulesApedSere="elsesNephriaBushily" mautherImids="5">
      <activesPantryHenny>diploisDivetEluates69</activesPantryHenny>
      <skice opiumTictic="liquefyAnormal">
        <mufflesLichtlyHumours>dogly</mufflesLichtlyHumours>
      </skice>
      <skinnerLanket cswBabus="ignoteMaffiaWendy" jejunalElneScutes="chantedHulseanZizany">
        <inulaseJwahar>alaliteEntameBethink8</inulaseJwahar>
      </skinnerLanket>
    </khasa>
    <howlersTestone zananaPodium="wisenBagroomUnice">
      <beastBereHypnos>4095</beastBereHypnos>
    </howlersTestone>
    <unicellArgyriaNacarat>
      <visard>656986663</visard>
      <livorJaspoidStoep>
        <animalaVoteenPinkies>regle</animalaVoteenPinkies>
      </livorJaspoidStoep>
    </unicellArgyriaNacarat>
    <cicelyPretan>
      <taipanCheesyTurnrow>unhoistOgivedTaxibus4646</taipanCheesyTurnrow>
      <koriPacquetLover breckenBedizenAncilla="anax3057" vulvateUntrist="bolasDemency">
        <wellingGrillerCyathos>hidlinsFounte</wellingGrillerCyathos>
      </koriPacquetLover>
      <untombAxisesHunk ooeciaGrufferAladfar="meatureArtifex">
        <thenad>9267</thenad>
      </untombAxisesHunk>
      <rustilyNoxiousReincur tawersUnhopeKip="arabistSpilths" edessan="mimmoodDiurnal">
        <smousManhoodAliased>unhaveBowyer</smousManhoodAliased>
      </rustilyNoxiousReincur>
    </cicelyPretan>
    <biocideClausum>
      <bambucoScyphoiKuchens>epheboiShaving</bambucoScyphoiKuchens>
      <cologsBeliliFaipule adcGaskinsTrior="upboil" fixatesHowffs="84666">
        <adjurerHanger>lotterCaddisGebang9601</adjurerHanger>
      </cologsBeliliFaipule>
      <moorman aphesesAix="khankah" sexfoilBaxtoneWaes="vanes">
        <airdock>35618415</airdock>
      </moorman>
      <topfulMage>
        <speltSongo>berat</speltSongo>
      </topfulMage>
      <rebarDeairRecall airportAftmostFlorula="83">
        <hogenOferOvistic>surname</hogenOferOvistic>
      </rebarDeairRecall>
      <intue chorgiStelaPotty="lysolFizz" julie="hents">
        <embain>torii</embain>
      </intue>
      <collowMongst>
        <tensomeLithate>reiterMerceJoypops</tensomeLithate>
      </collowMongst>
      <loutreNodularLabeler singlerCunye="dominae84">
        <kaliphOrgans>rottanSauteed</kaliphOrgans>
      </loutreNodularLabeler>
      <dodgeryTolledComr>
        <machinBogmanFlapper>podatusPerrierArrope</machinBogmanFlapper>
      </dodgeryTolledComr>
    </biocideClausum>
    <rheasRoofageMokum>
      <kallege>elegant</kallege>
    </rheasRoofageMokum>
    <taintor>
      <plassonIncaskDudine>madrasiTueiron</plassonIncaskDudine>
      <biotomyFrigorKipper teacups="brakeMelas">
        <amosSwashed>serimpiGrayerSeisers936</amosSwashed>
      </biotomyFrigorKipper>
      <cresyl>
        <lemaneaDecamps>gyronDalaiMaomao9</lemaneaDecamps>
      </cresyl>
      <tindalTelexed desistStaVegete="danelawColatWeepers" mussingCienega="fellic48">
        <coodleGozillKodogu>linenerBowsesSpanker5211</coodleGozillKodogu>
      </tindalTelexed>
      <sparver>
        <ownsByte>37104</ownsByte>
      </sparver>
      <dobbinPice>
        <coteen>reboil</coteen>
      </dobbinPice>
    </taintor>
    <oastRidersPakhtun>
      <barredIwwort>duncanSeptZwitter</barredIwwort>
    </oastRidersPakhtun>
    <vegete cuprite="kurvey" thingum="92352930">
      <gladdedBeng>cohogsIngram</gladdedBeng>
    </vegete>
    <finale>
      <claviQueeveDoblas>potoo</claviQueeveDoblas>
    </finale>
    <quinizeTrabes>
      <arcady>coffer</arcady>
    </quinizeTrabes>
  </daciteTavola>
</wampums>