<?xml version="1.0"?>
<tondo>
  <jumanaCoastsMingie stimAffixes="inlookCuriate" />
  <oceaned>
    <postersBardeeNotches drowte="redockIiwi">
      <selt>duffersDecline</selt>
    </postersBardeeNotches>
    <kyleHarvardMovie appeal="wryOblat4793">
      <enkidu>obsessPalpus68</enkidu>
      <dungasOxacidClods misniac="horBarrens" adviserSturtinBacked="req4468">
        <gonerPotgut>apothgmGoysMonera</gonerPotgut>
      </dungasOxacidClods>
      <cammasOutjumpIndene gubbinSaughenHydage="catwood" besnuff="8340">
        <hydnoid>ijoreIncorpKrocket25</hydnoid>
      </cammasOutjumpIndene>
      <woadedBloomed>
        <keeking>golpePunchyDeduit</keeking>
      </woadedBloomed>
    </kyleHarvardMovie>
    <sopor fortifyFulful="5717">
      <epactsPuggle>slantedAbaisseZareba</epactsPuggle>
    </sopor>
    <lethiedFrabous>
      <prevailMethFoggish>iowaGlaceAerogun</prevailMethFoggish>
    </lethiedFrabous>
    <muscleCoseatThings aghasJettyPsoatic="peladicLacrymVakeel" ulePedroToparch="vendor" skiltyDiocoel="balebosStriga">
      <fricaceThorps>hennesSpeary</fricaceThorps>
      <totingRampickCream burlsSothTaroc="taqlidSpeck4" boscSnappedTettix="37262472">
        <upbrook>54978438</upbrook>
      </totingRampickCream>
      <lorriesCocaine epergneWarlockThemes="14351" keeningSawmont="ginneyJugumsMittens">
        <fingersCircaeaTurpis>hemippeVarment</fingersCircaeaTurpis>
      </lorriesCocaine>
      <tetotumCitersColza leafdomCentrad="hipGargil158" maytide="naughtAmueixa">
        <backingCoalMeager>keeper60</backingCoalMeager>
      </tetotumCitersColza>
      <reloseTuri koff="90445" boubouCarrackDinge="wabenaOttawa">
        <lissomeSlowish>seidelSozzleAcolous</lissomeSlowish>
      </reloseTuri>
      <laager haras="tunnyArrageMudde">
        <raughtOverfag>pulpierBlaasopCraven</raughtOverfag>
      </laager>
    </muscleCoseatThings>
    <hestiaConure>
      <dancyFraming>rentageNoonedOpened</dancyFraming>
      <uhlloLoftsAlcazar>
        <muskedAbreed>trisectFeelAttalea</muskedAbreed>
      </uhlloLoftsAlcazar>
    </hestiaConure>
    <ganglySwopRubens>
      <spinaeInkroot>feeble</spinaeInkroot>
      <vibgyor wondersBundistRedarn="cuculiSedangLustly2951" famille="safesOaklet">
        <jelickHashes>17862</jelickHashes>
      </vibgyor>
      <mettleNinonsLural aryan="5329543" chevinMatawan="meltonsEmbargo">
        <caseum>coyanBruscus</caseum>
      </mettleNinonsLural>
      <enlaced sonderLullay="unbowed100">
        <lexicogFoss>pyrrhaTimeliaTweag</lexicogFoss>
      </enlaced>
      <bangiaJus elemongEthosesUnthaw="mousmeeHarre" carnage="racistsTitleneAriste3">
        <meletinSprawl>emforthLamps80</meletinSprawl>
      </bangiaJus>
    </ganglySwopRubens>
    <inboardCruckVerists pedateRissel="64173" epheticScallopCoelect="wontons" lampmenWorthyBabuma="skiey">
      <matroidPicots>picotsShroudTagua</matroidPicots>
    </inboardCruckVerists>
    <costulaFamishTellina>
      <unvisorVeeredZymosis>byron</unvisorVeeredZymosis>
      <musalUrsula>
        <froeStripSilas>noosedBaryton</froeStripSilas>
      </musalUrsula>
      <nideTacanOutler>
        <seizinsKraftsSturble>2</seizinsKraftsSturble>
      </nideTacanOutler>
      <daidlyThymier>
        <headcapCaners>loiter</headcapCaners>
      </daidlyThymier>
      <zooQuica>
        <stower>flatheNisnas</stower>
      </zooQuica>
    </costulaFamishTellina>
    <potboyReevingDatival socmenManchet="rokeXerarch" oolak="keelingSwamperChemis" sirkarAccountBaul="abroachSteek">
      <wastedGutiBisulc>761</wastedGutiBisulc>
    </potboyReevingDatival>
    <agentPirolDurani>
      <remass>battensSatrap</remass>
      <anticusZamboBreth carromsLoppedSnasty="turken" sweensEcocide="1">
        <lantanaWheedleHyblan>washmenAmper</lantanaWheedleHyblan>
      </anticusZamboBreth>
      <daidlieDrails unjoyed="ouvrier3192" glopnenPallahMutedly="tumasha">
        <shoversGamyBrowman>dewcupOrnaAaronic</shoversGamyBrowman>
      </daidlieDrails>
      <spelean howdies="jugateJunglyNet" tincAbysm="lilyfy">
        <duesFaust>elohimSecular</duesFaust>
      </spelean>
      <bukshiDeadingHade filingUnsonsyUltras="953650">
        <dusioAmyelicChazan>yoking</dusioAmyelicChazan>
      </bukshiDeadingHade>
      <colicUpwards>
        <alascanFilming>abbesPreser</alascanFilming>
      </colicUpwards>
      <oughtsRutsGrease>
        <timmerCoiledMountee>millmenBeblot</timmerCoiledMountee>
      </oughtsRutsGrease>
    </agentPirolDurani>
    <zygoseRandom>
      <straticFana>2</straticFana>
    </zygoseRandom>
    <wacoZhoCrenae dementBronco="barrowsUpcheer4661" garrot="19260995" fjord="petemenLueOrdu6789">
      <schrund>coypus</schrund>
      <buildupUnchidApitong keekNincom="hewingPicoidZonaria">
        <tyighSannop>393958</tyighSannop>
      </buildupUnchidApitong>
      <babelRezonedAughts nunclesOvertoeAlmuten="milldamBowyer" flattenCyeticRoseine="knurry">
        <warst>jnd92</warst>
      </babelRezonedAughts>
      <recaseDubio bocoy="teleconKvarner8357">
        <ilotSlote>91368381</ilotSlote>
      </recaseDubio>
      <soonerDirlAnnuity monsoniSingeIdem="yearner" zirkite="khankah">
        <crenelsInwrapt>hormion</crenelsInwrapt>
      </soonerDirlAnnuity>
      <sheth shadineDiiamb="aoulMinas">
        <socagesGadgets>canadolFearingWayao5</socagesGadgets>
      </sheth>
      <notchOlepy forerun="43319">
        <trouvreRonyons>5</trouvreRonyons>
      </notchOlepy>
      <unlawNep>
        <torsosOnement>shaulAssailsEtamine</torsosOnement>
      </unlawNep>
      <coplotsGittithKori>
        <oblastGlusid>savorsYakshaCorpn5671</oblastGlusid>
      </coplotsGittithKori>
      <rivellAnitos>
        <marlaHemuleCleruch>lovesZygosis</marlaHemuleCleruch>
      </rivellAnitos>
    </wacoZhoCrenae>
  </oceaned>
  <miterPalila abordHermai="906998" diploidKotwaliFames="groupedHooray3" thousAnuricCassate="forbade" stint="candies" />
</tondo>