<?xml version="1.0"?>
<diallylTopwiseRazee>
  <aloidMenhirs medusasVinous="paretic2">
    <salvos babudomComets="94138" dozilyOrneryXystoi="2868184" hibachi="537866887">
      <ullageUlnageCordons>salival</ullageUlnageCordons>
    </salvos>
    <creamTuskPreidea>
      <katieSewans>testoon</katieSewans>
      <sorrierAwmousFogs kaiserTiffsUnsided="sennasLidgatePoligar8" ichulle="544993453">
        <golemsPasmoBabbage>islamFinery</golemsPasmoBabbage>
      </sorrierAwmousFogs>
      <japes impling="processGuttie523" mandat="mihrabDynamoUphroes8">
        <shaulsFeddan>drifts2283</shaulsFeddan>
      </japes>
      <tarhood gutnicCeroma="literalGigolosSamshu">
        <garment>stuprum</garment>
      </tarhood>
      <darkleGelLineup forgatPhalanxPlumped="6101" bedsideMorbus="badianKnaster6324">
        <hoperAirlift>kinkHolier211</hoperAirlift>
      </darkleGelLineup>
      <hamiticSastean thwaitMese="dimorph" mucoidSluicy="wahoos">
        <calomba>cityishLaboresAcaudal</calomba>
      </hamiticSastean>
      <euniceKashaHyenas myriareDrink="frore3">
        <tousedStoledDwindle>ennewBaroko</tousedStoledDwindle>
      </euniceKashaHyenas>
      <loanedAloAppalto sart="482267289" techilySmelledDeafest="87698423">
        <antisiLow>sheltyDirian4099</antisiLow>
      </loanedAloAppalto>
      <sedumSolemnPuku>
        <penceyRewed>coneenKileh</penceyRewed>
      </sedumSolemnPuku>
      <humbles okieMennon="negrosExtbookYallow">
        <judgerPegasusSorrel>websWhiter</judgerPegasusSorrel>
      </humbles>
    </creamTuskPreidea>
    <carkled feresArache="crosbySpinnerDecency" onymityArdea="guester" simp="2">
      <abaisse>clechee</abaisse>
      <dunniteWheftPavers tarterFaence="607022" clydePrepn="62655470">
        <sacbutLvaluesQuartos>beatae7</sacbutLvaluesQuartos>
      </dunniteWheftPavers>
      <coactorSamelCanduc unworldBantoid="lakiestUnrout" awnlikeShabbos="willFehmic">
        <belchesKrisesTat>761971</belchesKrisesTat>
      </coactorSamelCanduc>
      <miltosBewpersTwyer arugula="driptUmbraSchmoe7061">
        <unroomySculchValises>katuraiTaylor2975</unroomySculchValises>
      </miltosBewpersTwyer>
      <snowdon>
        <lilial>81807</lilial>
      </snowdon>
      <alruneBriquet adient="cymeletTideripMissus">
        <mingyScaloniCueman>3</mingyScaloniCueman>
      </alruneBriquet>
      <coalbin highmanAriadne="upsyStowp" prevuesAbamps="twibill">
        <keeperTercels>rebFencerCapanna5</keeperTercels>
      </coalbin>
      <pettierDipusEyemark>
        <talonedEdhs>ecandaTigre274</talonedEdhs>
      </pettierDipusEyemark>
    </carkled>
    <northerAeneus regripSkal="procbalBinkManhole3">
      <nervousBonosWaxman>bladed</nervousBonosWaxman>
    </northerAeneus>
    <yuitPropoxy>
      <mixupEquinus>2</mixupEquinus>
      <rotgutBiprismModesty tankageForfareWrapper="porkoltLasagne">
        <abox>cruppen</abox>
      </rotgutBiprismModesty>
      <casaNemas>
        <fouth>31162609</fouth>
      </casaNemas>
      <aegipan>
        <gladdedBartram>4936</gladdedBartram>
      </aegipan>
      <darryl nulSiselLargy="sportTrued5">
        <hamuleSaggarOrarium>jejunumNaf</hamuleSaggarOrarium>
      </darryl>
    </yuitPropoxy>
    <furansLackiesHauld>
      <upprop>googPacquetFunest</upprop>
    </furansLackiesHauld>
    <lysol trilli="mimus">
      <admanUnleadKoft>flossaSwiples</admanUnleadKoft>
      <enceliaGuglia aquo="plasticUnicingCampers" messerGibbet="adenin">
        <sootKischen>unrhymePangamy</sootKischen>
      </enceliaGuglia>
      <unuglyAphra>
        <lappetsYolked>nasuteReest</lappetsYolked>
      </unuglyAphra>
      <cravers legpullToluolOaten="nausitySepoyRusines">
        <bennel>mutases</bennel>
      </cravers>
      <enchase perjuryLourd="missis" olpaeMargosaAmadou="hussIntrod">
        <whaler>lip3</whaler>
      </enchase>
      <becasse hokesChontal="fellaTunca" bodsOboistsSubzero="upspoutVeering">
        <flabraEpoptesBeswarm>demotedSmartie</flabraEpoptesBeswarm>
      </becasse>
      <bedreadHandoffKind tenty="buildsAmabelKiddoes">
        <swarry>helderMadrierMusang</swarry>
      </bedreadHandoffKind>
      <brooch>
        <yuki>dallasSulfoneSkivie</yuki>
      </brooch>
      <hereofYoungly>
        <beadrow>drogueRookies</beadrow>
      </hereofYoungly>
    </lysol>
    <sessaHushing>
      <skepsis>ballonsBidensPyjamas687</skepsis>
    </sessaHushing>
    <beden>
      <runrigIraqian>145041740</runrigIraqian>
      <swerverStoutsShoful foredayOsmolsUnslyly="styrolCalcinoGondi" praesesHarslet="unhelm">
        <kloof>curiateUpcloseMonesia</kloof>
      </swerverStoutsShoful>
      <twiggenBatlan forleftGumshoeJoules="forbyIfeTos4">
        <gemsKingdom>winkles</gemsKingdom>
      </twiggenBatlan>
      <womble tweedleYoruba="hauflin" tumphyQuituAltair="piecingAmbarisOrlean">
        <inmeatsCatalpa>iseult</inmeatsCatalpa>
      </womble>
      <rechal>
        <untastyMaple>groggerRly</untastyMaple>
      </rechal>
    </beden>
    <maral sinawaBlockCribo="gave" clo="yanAlso">
      <buggersPintsUnrisen>hallahs7</buggersPintsUnrisen>
    </maral>
    <unbrentGardy>
      <cachesLucayanLeucin>mists</cachesLucayanLeucin>
      <sabatonFidibusBoozier brethelHandoutCallus="crineIlludedPeeve" tiremanEnray="170">
        <pestifyEching>deleted</pestifyEching>
      </sabatonFidibusBoozier>
      <tucuman excuditNaledsPygal="dawtsHoaxesLev" lungsZarema="aspireeWarundi">
        <easersBumfegEyeful>emperor</easersBumfegEyeful>
      </tucuman>
      <holmosGauntedKinases trading="5522477">
        <liminaCantelOmrah>fondledLecturn</liminaCantelOmrah>
      </holmosGauntedKinases>
      <curesBouserGlobe>
        <mowhay>mashpee</mowhay>
      </curesBouserGlobe>
    </unbrentGardy>
    <gomart coupingGinnleUlmus="baryteGladite" beduskAxiomStaple="scored">
      <prostoaMacaque>420596511</prostoaMacaque>
      <gripsExult>
        <lekha>maharTabacAcerose</lekha>
      </gripsExult>
      <heraudEarnestRaman andirinStipesEvenoo="skipwayMyasisWarb" shivy="chaysSirloin">
        <petioleBewet>bursas58</petioleBewet>
      </heraudEarnestRaman>
      <abhor embloomTrigs="tunker6541" petrogQuernDrape="vergent">
        <inhive>ulcer</inhive>
      </abhor>
      <cocopanYahan>
        <burpingAnimoso>okaCurring</burpingAnimoso>
      </cocopanYahan>
      <sedgedPlantad proteidClionaZairian="1191090" seethes="granam">
        <tidelyZakat>croolNepmen</tidelyZakat>
      </sedgedPlantad>
      <agrilusTermingBoat obeyersBawsuntHuemul="girdler">
        <calquesGobber>edemataHeminePenship</calquesGobber>
      </agrilusTermingBoat>
      <mishmee>
        <seizinsJuliana>barongsAliped</seizinsJuliana>
      </mishmee>
      <stewsMestees armsCorrump="forseeDiaperGemmula">
        <whillJharalBaltis>skimsScintil8</whillJharalBaltis>
      </stewsMestees>
      <ooh>
        <reengeCheckerJackash>greener</reengeCheckerJackash>
      </ooh>
    </gomart>
    <embusyVidicon>
      <baniwaBoobs>28</baniwaBoobs>
    </embusyVidicon>
  </aloidMenhirs>
  <simileCercus capsRowdy="977169" ungainHewhall="paiock" laylandTrotterSquats="bertramMoste261" sonsy="alaricQuadricNiff" />
  <abortRadiodeLenes falsiesTataryRetorts="jasmine" guebreGharial="indowsStymieTuples3174" fallyRiskedDuhat="9491958" />
  <kohempPampas />
  <gliffs oodles="refrain" fiancee="affrapRekill" mondaysAulderJinsha="moric" planulaHitheAghast="mazame" />
  <befret>
    <burrier lootsVentCard="osseaLinitisRasse70" alison="aflatus" emenderPincian="tenantsOttoman">
      <peroxyImpair>7092</peroxyImpair>
    </burrier>
    <aetBeheld verdetTarkhanDecene="11664" stacket="tol388" salvyGrene="extolsTempersAbetter">
      <datiscaZingariBuncher>safe951</datiscaZingariBuncher>
    </aetBeheld>
    <figary>
      <demoticUfologyStoiter>secretoMurinusNonpros</demoticUfologyStoiter>
    </figary>
  </befret>
  <rankishBurkaCaeomas versingPoor="89505" agelastHaptensPinnate="28" />
  <murther valencySahras="oohsVenlinStack8162" />
</diallylTopwiseRazee>