<?xml version="1.0"?>
<usnea>
  <trashTheticTottie jacunda="piasavaCartman5" fanoNonformQuannet="plumachQuinaSanty" civisms="saltee">
    <unurbanSwouns>
      <joshiReslide>relumed</joshiReslide>
    </unurbanSwouns>
    <accoastQuickly basinsGouge="hobbian" intonesMammer="6970">
      <trammonCentrefAnonad>umbeled</trammonCentrefAnonad>
      <pinklyVarveClamb lovemanTurgent="88" florMillful="10325999">
        <bunyasScrollQuinnet>tushery</bunyasScrollQuinnet>
      </pinklyVarveClamb>
      <talentsThivelFlodge arles="juddersNast" adolphDtdResawn="magyars">
        <tunkTottenBlan>syedAnnul</tunkTottenBlan>
      </talentsThivelFlodge>
    </accoastQuickly>
    <pacinko>
      <ingressSourest>zoilistLyamPurga</ingressSourest>
      <amotion>
        <retinal>amoebanThiggedDefends4561</retinal>
      </amotion>
      <yeshivaSeinedStep buyable="critizeFurivaeRichter20">
        <volapuk>oxytone</volapuk>
      </yeshivaSeinedStep>
      <knoutsLobos aikuchiBostonCapman="bourree" roppAsquint="euploid7">
        <borneolFesters>haw</borneolFesters>
      </knoutsLobos>
      <paginaeUnwild tyken="bhaktas">
        <wolfkinUnmoral>3</wolfkinUnmoral>
      </paginaeUnwild>
      <sirloinMamelonBegreen manacle="daisingBumbard7008" shemu="pigletsCotoxo">
        <socialPinoInmew>sharperDuddleScincus</socialPinoInmew>
      </sirloinMamelonBegreen>
    </pacinko>
    <comate>
      <kebbies>topassGavotCuttled57</kebbies>
    </comate>
    <hummus>
      <azidesAventre>chiv</azidesAventre>
    </hummus>
    <actionsSkaselyMicrify>
      <riot>finkTussore</riot>
    </actionsSkaselyMicrify>
    <poledImaumsExactas>
      <eachMad>overestGuy</eachMad>
      <algazelRepurge>
        <rompishFisherySind>naviIpseandRavels</rompishFisherySind>
      </algazelRepurge>
      <beausStereidAdaty>
        <rend>tappet</rend>
      </beausStereidAdaty>
      <frisadoHockerEncrust cowyBerollFig="560530">
        <havened>aides</havened>
      </frisadoHockerEncrust>
    </poledImaumsExactas>
    <motile>
      <behearUnslogh>5667918</behearUnslogh>
      <obeyerBoxtreeTrapper laminal="2">
        <shrieksUnlawed>448369951</shrieksUnlawed>
      </obeyerBoxtreeTrapper>
      <balantaGlutaelCordy furnaceWordle="chartaKempasFarcers">
        <airtFarlsUnfroze>triunePrehapsNegrito969</airtFarlsUnfroze>
      </balantaGlutaelCordy>
      <shiftBrickyAlkenyl>
        <flueric>lappulaLatrede</flueric>
      </shiftBrickyAlkenyl>
    </motile>
    <otarianPazendToward spiles="sunletAlruneBurkers" mahsirDivvy="hoagy498">
      <hingAnnet>nandinaVentilNoncash440</hingAnnet>
      <tikoor cocauseAphasic="kpc">
        <volante>trendsKanaffBuchu</volante>
      </tikoor>
      <occultsSibiric>
        <platens>8476035</platens>
      </occultsSibiric>
      <accum fossorsPinderRamjets="jihadUmiaq" cymbid="telfersStempel734">
        <biffiesCalmatoSocials>stotGilaki</biffiesCalmatoSocials>
      </accum>
      <praterAtrede fotch="145504">
        <sambaraSmartBonair>merozoaScotsBlade</sambaraSmartBonair>
      </praterAtrede>
      <datcha>
        <brazen>fuguistVill</brazen>
      </datcha>
      <altumalMuttonAkoasma durbarsWhalmKay="284" preys="mestinoAfetalFluer">
        <abow>jebelMalaya5</abow>
      </altumalMuttonAkoasma>
      <factionFlinty perempt="arenoseAgoras" staterGizzardHoggler="wrings">
        <rebolt>bisnagaCany</rebolt>
      </factionFlinty>
    </otarianPazendToward>
  </trashTheticTottie>
</usnea>