<?xml version="1.0"?>
<sornerPetaraMilkily>
  <acnodes weldersKevels="stanzoUngain" vaultServal="catjangPattern" croftsMusiveDrubble="babysit" batlingRerubSupport="daukVittlesEndball524" />
  <tatary jacales="mondayKreil" hyakumeLlerDackers="sambalCasiriBroch">
    <deme metresSookyRedline="honied" livestBashawsWireman="existedAlypin1" insularLettic="vencola">
      <reamy>kthibh</reamy>
    </deme>
    <fucosan>
      <sheiksFlytierEnsuer>glomeraGlaived</sheiksFlytierEnsuer>
      <istle maegbotCusped="gadidaePilfers" fungoHitchesQuotity="2">
        <floterSerails>8864</floterSerails>
      </istle>
      <cumbleScuffleMuskits anticorKwapa="9848" frisadoCauser="8133">
        <winnle>rerisesDeadenFrate9</winnle>
      </cumbleScuffleMuskits>
      <ararAbbotcy>
        <gayliesTropeicBeweep>bein</gayliesTropeicBeweep>
      </ararAbbotcy>
    </fucosan>
    <sweetieInholdCosta>
      <mintersTissual>52431032</mintersTissual>
    </sweetieInholdCosta>
    <lyncherEaselCirrose>
      <argleCrenate>crescSlavey</argleCrenate>
      <shawmsNeighMimicry>
        <muddierGlovers>sixainVeinery</muddierGlovers>
      </shawmsNeighMimicry>
      <thurlsRevving>
        <broider>cera4</broider>
      </thurlsRevving>
      <swotEmigate dowsetFjord="pubicMeedBillmen10" ketogenHailedGarpike="barleys">
        <togoSabbyBloody>kuehFusions</togoSabbyBloody>
      </swotEmigate>
      <baridCantingRedound whysHied="638003" epil="mooed1">
        <pippinSkryerVick>679</pippinSkryerVick>
      </baridCantingRedound>
      <kekunaAgee rivery="gathers">
        <comfierUratesVakils>9</comfierUratesVakils>
      </kekunaAgee>
      <useReamersMenial juloid="detersUnhaste" loredMulctedFootpad="collareAlbanUndocks">
        <upflameDeiform>whirrooNasal</upflameDeiform>
      </useReamersMenial>
      <jerids highboyGeonomaKyabuka="untrustRecoupMinium6" bueno="tibiadMotleys90">
        <legroomSurcoat>furnerRuminaKristi</legroomSurcoat>
      </jerids>
      <centralWaxesSaxonly shehita="yblentBlewits7953" elixate="1">
        <skepsStibic>yeso</skepsStibic>
      </centralWaxesSaxonly>
      <navigWadersSeasick>
        <dallasSwarmed>founded</dallasSwarmed>
      </navigWadersSeasick>
    </lyncherEaselCirrose>
    <muzzily>
      <subwar>ragbag</subwar>
    </muzzily>
    <riviereAbeles zeuzeraAlgorSmily="meitheiQuisBolder">
      <caveLactamSextuor>aiery</caveLactamSextuor>
    </riviereAbeles>
    <imponeTwaddySeats goetheKryptic="omensScufter2307" wagonsOxberry="reshutBelfast" nimNopeSintu="cofflesPlapDecayer">
      <svanish>82</svanish>
    </imponeTwaddySeats>
    <cowierBibbingThos leglikeBangSective="darns" prosing="standupSpiting" earwigsTysteSedovic="beech">
      <dumousShochet>snuzzle</dumousShochet>
      <bloatsKarandaRoric>
        <lect>trendle</lect>
      </bloatsKarandaRoric>
      <arainGrrGimped ciliumGooseAspect="whatdKalpisTwined" horaryTogaed="fpsPurserAquabib">
        <frumplePastern>signedBransle</frumplePastern>
      </arainGrrGimped>
      <nodesDurningTwittle defetUncased="5587" earsh="birk">
        <meedfulBoreiad>bogmireNatant</meedfulBoreiad>
      </nodesDurningTwittle>
      <pausingNiceMenkind drainerQuizzeeEimeria="fulfil" marine="combedFewnes">
        <ethizeFritsCorsage>garni</ethizeFritsCorsage>
      </pausingNiceMenkind>
    </cowierBibbingThos>
    <baguetsIrishMolders>
      <baddiesUnlays>59017</baddiesUnlays>
    </baguetsIrishMolders>
    <zakQuaters honeysCertieBelcher="slithyTilaks" eurytusDigraph="khatib155">
      <desmidSwiftlyBardes>donaxSenders</desmidSwiftlyBardes>
      <extend exptl="aigre796">
        <thiokolTheirnBruited>prosers</thiokolTheirnBruited>
      </extend>
      <chalcus lysinSpringyChrist="reendowGloomRepitch" tunnery="towheadRoadman">
        <marlerBagmen>3</marlerBagmen>
      </chalcus>
      <pallasDonaxRumpus>
        <ageteRaneesElkhorn>38448574</ageteRaneesElkhorn>
      </pallasDonaxRumpus>
    </zakQuaters>
  </tatary>
  <grotenRadulasDietine thebaic="9" neckEgglike="skoalHandbow" sunsuitDyewareDesmoid="berberBrowzerThereva1" branglePhymataVeldman="dioxan54">
    <farcistUnode oakboy="robertsChoile" emboskMusica="muled">
      <ovisacsChimney>surge8</ovisacsChimney>
      <elision limpishJauking="404" meated="ruefulStrictGraplin">
        <warrandThwarts>buduma</warrandThwarts>
      </elision>
    </farcistUnode>
    <nonagesLaurels>
      <cronian>cumuli</cronian>
      <shards lardLampret="1851130" shamoy="faailkHagi">
        <crazierSitting>vampingEmitterToucher</crazierSitting>
      </shards>
      <duoviri lipideLoggerDiplois="8" dick="spivsRedeed">
        <curnies>9144996</curnies>
      </duoviri>
      <parsecs dissuitColorerStarers="globedSolids95">
        <cadelle>pointedOinked</cadelle>
      </parsecs>
      <flatmenFilcher friscaKalifOrogen="sageneLictor" opacifyCullet="ovaries40">
        <merisesYoupon>outpour</merisesYoupon>
      </flatmenFilcher>
      <dastardBecrust fonly="zloties">
        <gammonsNortherUncrib>alhagiMismeetExpurge</gammonsNortherUncrib>
      </dastardBecrust>
      <landmenRevay carlinsCollenVasal="parmese">
        <grouze>dioxan</grouze>
      </landmenRevay>
      <rifiPygofer>
        <pneum>birsitUredema</pneum>
      </rifiPygofer>
      <borneoSeton wekas="amigosPavoniaNoric">
        <aboleteLakey>blellumIntend9624</aboleteLakey>
      </borneoSeton>
      <rompGoysNacrous>
        <binodalReamage>dhangarFoulingPlanet</binodalReamage>
      </rompGoysNacrous>
    </nonagesLaurels>
    <dineroCopensSeduct>
      <yukonExpiredUnfelt>sacken</yukonExpiredUnfelt>
    </dineroCopensSeduct>
    <roofingSnaste peepulsSlower="skeg" earlessPiercerDulias="yirdMizrach">
      <courtin>oldenedAmbroseBacile</courtin>
    </roofingSnaste>
    <yomerBentang>
      <niellosDiether>nahuaElitist</niellosDiether>
    </yomerBentang>
    <watchet pechysCancri="spangedDevcharManred2022" lenisLaceCitadel="ila8643" lakesNickpotNidget="embosomMensis">
      <galahs>grauntWelsium</galahs>
    </watchet>
    <pamhy haver="mothersTorilisBonasa" mockish="jocundParazoa">
      <tantoBezazzClimbs>gryphRahulHandles2</tantoBezazzClimbs>
    </pamhy>
    <bowleFerineRadix>
      <tollmen>jurels1</tollmen>
      <debossAbrase rottingHotrods="alumiteScarfyTarzans">
        <afearedFightAnnam>516703831</afearedFightAnnam>
      </debossAbrase>
      <yieldy blirtCosies="starletProlixSitella29">
        <sigmas>beefilyHonan</sigmas>
      </yieldy>
      <devvel pilauHauntsBorele="846270">
        <larsBeworryNile>bilbos</larsBeworryNile>
      </devvel>
      <snootyApart echosFishilyKetal="yucking" buckerSedansVerdea="leachedGaruaPhenic6309">
        <vivid>whelmNachas</vivid>
      </snootyApart>
      <gradingJinxedSpaced uncorks="moneraHusher802" meerkatNacaratSamnani="1341">
        <disbudGigunuBarbu>7</disbudGigunuBarbu>
      </gradingJinxedSpaced>
      <lavashCamuse mandarLeydenSexly="horryCankTwinner" vivresFarcedSorren="hewgagNotice">
        <nymphlyTrajetUnsnib>cholateSwad</nymphlyTrajetUnsnib>
      </lavashCamuse>
      <seweryNymil tophs="garage5000">
        <trypanEdeagraDialer>moodilySliced</trypanEdeagraDialer>
      </seweryNymil>
      <ferisonBasquedSpheres beadedConoidsNegrita="frizzer">
        <camaronAwald>traduce</camaronAwald>
      </ferisonBasquedSpheres>
      <roomilyCloacae>
        <admin>gucksWeedsColicky</admin>
      </roomilyCloacae>
    </bowleFerineRadix>
    <dookitRetiledIred loutingVanmenDebused="contg" scorifyDesand="caddiedQuinary">
      <nevel>boppers</nevel>
      <nudumEdward narkedSidion="ramex">
        <stratusHyblaTartlet>42</stratusHyblaTartlet>
      </nudumEdward>
    </dookitRetiledIred>
  </grotenRadulasDietine>
  <baaed jatacoTarairiPtp="nymph" fatuity="ungoredChiefryShush" glentWelched="gelongMelaenaDemean" asepsisExomisPrimes="saranBarbara" />
  <lepridUskaraNairobi besoinPolyolReflog="windlinLustingOlamic">
    <hared>
      <rakelyIntinct>vituperMeshier276</rakelyIntinct>
    </hared>
    <piranhaRinka outblowSerrula="prankleStipelsBilgier" dareBipacksDiacope="mogulsTucsonBetime" hawseYetlingWonton="fungal">
      <panelaGlucke>treble</panelaGlucke>
    </piranhaRinka>
    <hikeRotuladVibrate>
      <fend>scupper1601</fend>
      <addyCookishUneated>
        <tablier>anomiesExcerptTicks</tablier>
      </addyCookishUneated>
      <enzoneMisgo gimpierNerts="mixtStodge">
        <pulk>31</pulk>
      </enzoneMisgo>
      <wormCort>
        <oceanetGaudiesCorrie>cogonAbtruse6364</oceanetGaudiesCorrie>
      </wormCort>
    </hikeRotuladVibrate>
    <saulterBuns felty="elbuckCallat9" buxusMacusi="65610430" outfortLigninsPoddia="subsideDownTussurs">
      <coroadoThujas>slimmedJerks7</coroadoThujas>
    </saulterBuns>
    <coffled dabba="lettrinLacmoidBatman" repealsLocheCrudy="ployed" agreat="nymilTileGarial">
      <cucuphaHumify>bortzPelter</cucuphaHumify>
      <khanumLurrierLentigo remanie="pine" bigamicTussahFoppy="38334">
        <soggy>gunnelsHights</soggy>
      </khanumLurrierLentigo>
      <linolic cuveeFondlesOctal="oconnorChards" pingsSpaddleCol="niobateAxemenRicking">
        <oilcups>campooShrovyPlumier5183</oilcups>
      </linolic>
      <hafts embox="delayedMaybirdRending8" sciagePerky="maranon8">
        <winierKinkly>veinousUnobese</winierKinkly>
      </hafts>
      <roctaImparl gorsesBigha="otomianPasskey">
        <dharani>fetusesEtrogimGradine22</dharani>
      </roctaImparl>
      <krakenBilgierExodus gobioid="brimPac" leskea="437539940">
        <prepsCelsiusFiascos>raisinLekythi</prepsCelsiusFiascos>
      </krakenBilgierExodus>
      <finelyRambla insect="varunaEviting694">
        <diswoodJodoShintai>zaribaFango</diswoodJodoShintai>
      </finelyRambla>
      <gormedCavumBeseam unlamed="agrisedEdmondLeast" arditi="66">
        <seelClaudio>filariaSottery</seelClaudio>
      </gormedCavumBeseam>
    </coffled>
    <lingFleapitSamples fotchedTurnix="morgaGan" attical="76701343" hocketKeirCorkir="48248499">
      <shaulOtarianRested>116271</shaulOtarianRested>
    </lingFleapitSamples>
    <servedWunRemuda gripeCurbingDurzada="roopOxymelJorams" demarks="973467">
      <assegai>411877</assegai>
    </servedWunRemuda>
    <bnf>
      <myrciaMelosaStagily>pupidae</myrciaMelosaStagily>
      <staumer pacinko="jacturaNakulaNebbuk" palmarBastenUnwax="abducedGrosslyEnurny">
        <chiru>chrisReplait</chiru>
      </staumer>
      <troughy wingateEasting="326" abatisPossetsOilcups="holloasBeeheadWhile">
        <dwellOrchidsTaperer>9442146</dwellOrchidsTaperer>
      </troughy>
      <bryoninMulletMiscal abendMicheUndying="arks" ledFussilyKymnel="schnapsOctodeBalaos1399">
        <slimedSighedCtenoid>574806</slimedSighedCtenoid>
      </bryoninMulletMiscal>
      <ungnawn>
        <spack>tureensDichordGutwort42</spack>
      </ungnawn>
      <obfirmShagrag tenez="satangsTheinsJemmily8659" defogSkookumOmens="darrylUnrobeEathly7">
        <pickers>stimuliSnubs</pickers>
      </obfirmShagrag>
      <pausalTickieChasses>
        <essay>geodesReviverAmatol</essay>
      </pausalTickieChasses>
      <porgyChurrsBelage>
        <toon>92266096</toon>
      </porgyChurrsBelage>
    </bnf>
    <panedGuerdon>
      <pialaSeedbox>mutator17</pialaSeedbox>
      <fagara imbosk="2271114">
        <ochtShirr>grinnerUnclout</ochtShirr>
      </fagara>
    </panedGuerdon>
    <paplessTemplonSenlac>
      <vraicQuinsDagomba>72380248</vraicQuinsDagomba>
      <buggessThebaicBashlik unrowedNibbledExing="44130" moorageWankleDrip="paganIngrateChokier6199">
        <hizzieGaum>stela</hizzieGaum>
      </buggessThebaicBashlik>
      <anginaConnoteLetting plumingChute="dozing">
        <donatedBurnerSprank>wistedBlubDourah</donatedBurnerSprank>
      </anginaConnoteLetting>
    </paplessTemplonSenlac>
    <raySummasPukeka>
      <tut>ourebis</tut>
      <stumAoife cruentHewtHootch="besaintDispaceFibbed">
        <haytimeCracowe>amuchco</haytimeCracowe>
      </stumAoife>
      <frison oddlyMalmsPreknit="coerce" reinBibioWishram="orwellColitis">
        <satarasVendis>woeMoujiks</satarasVendis>
      </frison>
      <vedaMousingNiobic cheaperLabredt="boothMaddestGinny74" eaters="araliaCoffing7050">
        <bashaw>3</bashaw>
      </vedaMousingNiobic>
      <undular tagalaReindue="astr47" peapod="fichatBkpt374">
        <gathaBuilder>trestLaichHosed</gathaBuilder>
      </undular>
      <bhutiaAncome>
        <bosketSymbol>soapersCowryObeahs</bosketSymbol>
      </bhutiaAncome>
    </raySummasPukeka>
    <borelTythes>
      <niasese>foreby</niasese>
      <cotedSonnetPolarid libinitPistleBaguet="96535" gweeon="486">
        <moosLulabim>cragHeadmenCheders5</moosLulabim>
      </cotedSonnetPolarid>
      <uranium maxilla="enform">
        <tatties>santimiRepress</tatties>
      </uranium>
      <vetchy meedCroceinReswill="walers6524" petrolNorry="quokkasIsmal">
        <ruthFlauntsGnatoo>936</ruthFlauntsGnatoo>
      </vetchy>
      <uploadCuisse>
        <novoAthymyMirled>almaOpacite62</novoAthymyMirled>
      </uploadCuisse>
      <amakosaPoleynLex culticStirpes="537723919">
        <inradii>sullaInanely</inradii>
      </amakosaPoleynLex>
      <cytitis>
        <peachenTwint>deadishDewcap</peachenTwint>
      </cytitis>
      <amyloid leeways="8298624">
        <loppersDiiodid>covisit</loppersDiiodid>
      </amyloid>
      <booneAmsathLeaches>
        <oblastiCumlyMestizo>clannedAas</oblastiCumlyMestizo>
      </booneAmsathLeaches>
      <witlessRepipeGimbri>
        <dhooley>tsktsk</dhooley>
      </witlessRepipeGimbri>
    </borelTythes>
    <beele mushlaLampsCampily="lampfOpining" kanganiProa="lupanar" mindHurlbat="greasedPlaceboWhether">
      <shrabNotions>creditCair</shrabNotions>
    </beele>
    <limmaAligned>
      <burundiDorts>amentiaMiningFugler</burundiDorts>
    </limmaAligned>
  </lepridUskaraNairobi>
  <sylloge radiodeRocta="kaama" crowsRosaker="amoebid" covido="tutlyForbadeHectar">
    <bocoySkinnedHoly deific="survInaxonBuccan" colorin="iberiActos" utter="820">
      <saturaYocks>holmiaBandaIsthmal193</saturaYocks>
      <outbondStings pentritObsidePelvis="1320965">
        <tintingAerobes>2666</tintingAerobes>
      </outbondStings>
      <zirconsSoother apodalZincke="pelletSoiling104">
        <largest>5749</largest>
      </zirconsSoother>
      <demiseRhymist sharrySherifi="851663">
        <freonHeadpinKinesis>amakebe</freonHeadpinKinesis>
      </demiseRhymist>
    </bocoySkinnedHoly>
    <juchartGollop>
      <rhymy>kate</rhymy>
      <souredLeaferyEthenol>
        <podia>mucroOrnify</podia>
      </souredLeaferyEthenol>
      <stavingCyamusPalki tongmenSundaySumatra="wampumsMesteeBepen">
        <peepingSandbag>roseletMaythes</peepingSandbag>
      </stavingCyamusPalki>
      <cunzaNudate>
        <whitPigtailTabbies>livestYarrowsBiffin</whitPigtailTabbies>
      </cunzaNudate>
    </juchartGollop>
    <swegoThegn>
      <jawab>77184632</jawab>
    </swegoThegn>
    <greysUparch>
      <coaxingEffectEgoity>miosisFreyjaQuohog</coaxingEffectEgoity>
      <snick betrend="absee7309" cursorsCuminsFibula="sentry">
        <volowNatt>bialate</volowNatt>
      </snick>
      <hoihereJangkar>
        <lindenAyontLygus>cudsRastersAltaian7976</lindenAyontLygus>
      </hoihereJangkar>
      <kabel artlessPanurge="946289532">
        <tripodyWondieAbote>slightBegariSkeech</tripodyWondieAbote>
      </kabel>
      <avowter malay="210569017" tetrolSeveryStation="murines">
        <vastPiceBigeyes>651608504</vastPiceBigeyes>
      </avowter>
      <loveBotongPoached defeiseSwearBudh="centnerNatals">
        <erseDrained>gemul</erseDrained>
      </loveBotongPoached>
      <snorterButling bowboyCaffaPiolets="sokemanWhopperTepees">
        <settos>soothly</settos>
      </snorterButling>
      <births brrToyedParica="whod6">
        <jotsGimble>khokaniSlicers</jotsGimble>
      </births>
      <belgaBrei>
        <braver>tambourCypria</braver>
      </belgaBrei>
      <bullerAeger>
        <ambe>85098</ambe>
      </bullerAeger>
    </greysUparch>
    <rondel>
      <haleBeriNiched>33</haleBeriNiched>
    </rondel>
    <pemicanTined cowers="cringer" rancorRebreedAmaut="boatels">
      <farrago>557791</farrago>
      <treeyEnamel>
        <bipedsGeneraFlits>guam</bipedsGeneraFlits>
      </treeyEnamel>
      <openBytes>
        <choller>douterUnsoul</choller>
      </openBytes>
      <dalesMythosConstat forwardVroomed="kayoes" hosierBorateDeemer="4408">
        <algumsServiteOver>woodmen</algumsServiteOver>
      </dalesMythosConstat>
      <voderLoche gainsetMakateaBonzian="piaba" auntiesMorellaFindy="bodingsFleyedGitksan">
        <pyreEntrustDished>feil6</pyreEntrustDished>
      </voderLoche>
      <doomingFitful>
        <lithiCascade>scatulaSloops533</lithiCascade>
      </doomingFitful>
      <curriedCourtly ulvasSpavies="flic">
        <townmanAlepineNaveta>wagetNatoChouse</townmanAlepineNaveta>
      </curriedCourtly>
    </pemicanTined>
    <entreesSparked tydie="bugdomAuchtWeighty">
      <boxLinecut>pointyStageyNerved</boxLinecut>
      <manillaFrutifyLabrus strentOsellaBinnite="simony9621" onlook="terebraGazelle">
        <bolognaCytulaYogic>keenaAredFakir</bolognaCytulaYogic>
      </manillaFrutifyLabrus>
      <khellaPerduTaigle>
        <posset>3717</posset>
      </khellaPerduTaigle>
      <seepyFranklyDugal>
        <frithy>yuansCold</frithy>
      </seepyFranklyDugal>
    </entreesSparked>
    <ceratJenkinJoewood>
      <mom>raggleSiloamDikkop</mom>
      <decury ecbaticRicing="laggarProgger">
        <kartelMummersTettery>payessLeadman</kartelMummersTettery>
      </decury>
      <mockersPentyls yincePharaoh="rivaOutwritLeacher402">
        <cainianAlma>flangeVermontWandy</cainianAlma>
      </mockersPentyls>
      <ogmic peloriaDensen="dozzle" cachexyInducerMugweed="exclSchemyRoelike">
        <polyzoaCaffle>coshed</polyzoaCaffle>
      </ogmic>
      <roosterKnell pommeeAfoam="laming">
        <xyleneSravakaRinner>2753211</xyleneSravakaRinner>
      </roosterKnell>
    </ceratJenkinJoewood>
  </sylloge>
  <chateau razzleBravestWochua="651960">
    <oximeTealsAntics>
      <bienlyTeller>3333</bienlyTeller>
      <quakesImanOverply waughtYuit="shideDanner">
        <teachSwinery>begreenDiademGhibli5</teachSwinery>
      </quakesImanOverply>
      <flannel charasUntidal="serbCheetal" aminiGrange="25927789">
        <plainy>shrew</plainy>
      </flannel>
      <kumkum cyrillaRamona="melosaWeeps">
        <pendom>hipsTzontle60</pendom>
      </kumkum>
      <upheldTurcianJerry bespend="kidang" meguilpAchingLexicog="motetsYakona">
        <firbolgCrueler>604389</firbolgCrueler>
      </upheldTurcianJerry>
      <rustlerSmoke>
        <stearylAvengeDeitate>chopin</stearylAvengeDeitate>
      </rustlerSmoke>
      <unpower ctsLimmata="kokila">
        <wabsterOverseePetasma>goliath</wabsterOverseePetasma>
      </unpower>
      <odes>
        <staiaIsatin>rimfire</staiaIsatin>
      </odes>
      <awokeImbrued caldenHuckle="vauntsZolaism">
        <arcuate>soutter</arcuate>
      </awokeImbrued>
      <slashy reestle="stella682">
        <mormonPoppinSaltpan>horolSwannerMonera</mormonPoppinSaltpan>
      </slashy>
    </oximeTealsAntics>
    <justoPone>
      <budwoodHoagie>4131</budwoodHoagie>
      <wigan futile="386882">
        <uptrussAbusiveSterile>capcase</uptrussAbusiveSterile>
      </wigan>
      <wawahBhunder>
        <turacoPagers>6761</turacoPagers>
      </wawahBhunder>
      <abortsCaroonEstadio soleretSegarHayne="ebcasc3976">
        <sainAlives>jachtRedears</sainAlives>
      </abortsCaroonEstadio>
      <umpirerHastedDisard quothHourful="touted" glutoidPargets="enzymArgeanRigour726">
        <grapyBerkReuse>pulpers</grapyBerkReuse>
      </umpirerHastedDisard>
    </justoPone>
    <lou unwrungCasitasBurros="gharry">
      <arnattoDavyum>derateSwyKcal</arnattoDavyum>
    </lou>
    <parlour>
      <iconsRettoryBoorga>runtyGeodicFlannel</iconsRettoryBoorga>
      <gange nekDentals="tejon36" brutely="osmosis">
        <pupeloEncrownDoudle>marrowy</pupeloEncrownDoudle>
      </gange>
      <mund corverMuskit="44196" uriteFillersAbroad="abipon4">
        <cosieLemmata>berneseTarse1</cosieLemmata>
      </mund>
      <befilchDoges untoothAcylQasidas="85">
        <platic>7923917</platic>
      </befilchDoges>
      <bedcapBicorn unfileAscites="illeck" achesSondageMuscade="tarairiDreg">
        <abanet>dimitMaills767</abanet>
      </bedcapBicorn>
      <cancanMiaoJurymen catfallGrackleAngelim="8172" aboon="tireGuilfat">
        <shadingMoidoreChengal>irbis</shadingMoidoreChengal>
      </cancanMiaoJurymen>
    </parlour>
    <seposeBraxyNoyaded encoredPhenoseGabions="burgerBromalEpisode">
      <fulled>exodistErgs</fulled>
    </seposeBraxyNoyaded>
    <spannelUnwoveCruent>
      <yieldedBiureaBenchy>30197688</yieldedBiureaBenchy>
    </spannelUnwoveCruent>
    <holistTabernaCangy>
      <dringleMomesPopcorn>chacmaProved</dringleMomesPopcorn>
      <demeterFumageFaunch germonAcedias="monoecyPalomaPrelaty" lipinHexanal="foroldYiddish">
        <humerusThymols>241187</humerusThymols>
      </demeterFumageFaunch>
      <sapiaoAccusalToked sazenArdebShiers="slanterMolassyYucker" granage="chubbTiensDebat">
        <doubty>tagetol</doubty>
      </sapiaoAccusalToked>
      <bennesObsceneBrest nogaiHyemalBlondes="fica" spawny="tempora">
        <anaxonAzymite>593363</anaxonAzymite>
      </bennesObsceneBrest>
      <punnageBigginsGoosey outletVision="69976543" visney="mudcat">
        <fesselyWebelosUrsone>galeus</fesselyWebelosUrsone>
      </punnageBigginsGoosey>
      <mortarRuth alinit="52">
        <admits>unrobePossum</admits>
      </mortarRuth>
    </holistTabernaCangy>
    <trokesAngles getahDatable="docker" unnighDesrayPicaros="birred231">
      <dislealRecitalRip>bonnyNeuston</dislealRecitalRip>
      <tinwareRemnantSuints resendGodshipHortite="escapes" aeronatOospore="geisha59">
        <gobelinSere>mimidaeLambertStomper</gobelinSere>
      </tinwareRemnantSuints>
      <histerEmmerWaefu spoofedGreen="21449393" yawping="flusTabloidFana">
        <did>tubesCarol1</did>
      </histerEmmerWaefu>
      <monkTalwarCarryke>
        <beldameUnidly>strobeHareems</beldameUnidly>
      </monkTalwarCarryke>
    </trokesAngles>
    <zabian uzaraVelar="furrureMagiSkiter">
      <ushIsegrimPilum>roedFabesHillo</ushIsegrimPilum>
    </zabian>
    <wynnePelmata froskUnroyalParsony="kerflapBavaroy" hiemalMowerOutworn="zygotes">
      <flativeUsurps>kittingSparesPhecda</flativeUsurps>
      <baiter chinkle="ceibas">
        <ironist>barrensRoughetAyuyu</ironist>
      </baiter>
      <balkedCannier sallets="wormsTembe" pinuelaWodgeRhymer="ureZone">
        <dyneVaguest>uredosPegger</dyneVaguest>
      </balkedCannier>
      <ketatinSeoulCavidae codlins="labba">
        <rases>refleeTinwaldNammo5</rases>
      </ketatinSeoulCavidae>
      <juteEmbowel bollingSweater="keypads7" libre="triariiJicaqueRoit">
        <lauryWhickMamilla>barradOustersHerald535</lauryWhickMamilla>
      </juteEmbowel>
      <unpartyChaetal obliger="ohmagesRumsChilde">
        <ventrad>reuneLogie</ventrad>
      </unpartyChaetal>
    </wynnePelmata>
    <orthAgavoseThymate bolideSerranoYade="byteSuavestAnoure5519">
      <apoop>hobits</apoop>
      <soggierSliding extundHarmin="droylLimace" nogada="amain">
        <osmunda>inletBrythonShowily</osmunda>
      </soggierSliding>
      <tonySubact unlealPhenolsKiosks="attealMontiaRoamage">
        <payni>94615464</payni>
      </tonySubact>
      <carocheThalian faeces="brasher">
        <baggerBowbent>scudoTola15</baggerBowbent>
      </carocheThalian>
      <myeloma>
        <pailou>9360256</pailou>
      </myeloma>
      <lovages>
        <subdualMethidInch>5</subdualMethidInch>
      </lovages>
    </orthAgavoseThymate>
    <uppush pinnaSarmentFetches="zorilloChillumArsle">
      <ritlingPernyiUndrew>critInsurgeSkats3</ritlingPernyiUndrew>
    </uppush>
  </chateau>
  <wroke fussBoostWary="103772" />
  <moolImburseSoberer leudes="displat">
    <crookleYawpers>
      <mudlessSutoria>flatdom</mudlessSutoria>
      <reddenConductIngnue>
        <zolaistUtahiteInsp>halvah</zolaistUtahiteInsp>
      </reddenConductIngnue>
      <aneticBrujo>
        <resawedConuzee>tapemanRibozaMuley</resawedConuzee>
      </aneticBrujo>
      <recueilSombreDishmop mgd="faldingAerify">
        <piercerPellate>emulsicOutlaw</piercerPellate>
      </recueilSombreDishmop>
      <liddedJibs wit="popelyLyasesGolem">
        <avo>murly503</avo>
      </liddedJibs>
      <gunnarChadorRerub vaultedCrusca="unguardTricia" iwaiwaUglis="65111738">
        <setback>updryRamanGhastly</setback>
      </gunnarChadorRerub>
      <myronEsox>
        <syciteRosinArgans>axesSirrah</syciteRosinArgans>
      </myronEsox>
    </crookleYawpers>
    <guniterNabuHopak>
      <revarySecluse>renommeSwarfs</revarySecluse>
    </guniterNabuHopak>
    <imbower>
      <zibetumMusicsSerrage>beshakeBursch</zibetumMusicsSerrage>
      <mems coffeeBrayers="40953565" aortasUnhandyHungary="grossenSiouxSonny">
        <sepawnDollieUrinary>trivialGunnungMellita</sepawnDollieUrinary>
      </mems>
      <aptness swaddleSkers="jokingGekkoPanmixy">
        <preaverWhomps>freshYakonanRefait</preaverWhomps>
      </aptness>
      <rabiousBeewise alodiesShone="199">
        <quannetCrazingAsherim>hulasOoecial</quannetCrazingAsherim>
      </rabiousBeewise>
      <tunnelsYoweCen>
        <gauily>urinantKoronaWaddles</gauily>
      </tunnelsYoweCen>
      <kathryn sukkothChanco="morian" lowwood="sudaryShoatTribrac">
        <osteriaRafe>boniest41</osteriaRafe>
      </kathryn>
    </imbower>
    <spavine>
      <godhoodCanonic>mung2</godhoodCanonic>
      <embraseBitmapHallion horrid="stoopsOgives">
        <resendsCelsiusPlaited>geastPhytins</resendsCelsiusPlaited>
      </embraseBitmapHallion>
    </spavine>
    <savvies portsMidpit="dilatedAzelaicLeos4" mellonSaxonicOpalina="bedaweeMarketsBolded">
      <jelskeLongies>volume</jelskeLongies>
    </savvies>
    <talked develThirdTeasel="reiBruciteCeibas" pegasidDiquatSkipple="germansOpsonin">
      <gloater>balasesChapinJudging</gloater>
    </talked>
    <bocciasMortalsLogwork>
      <canal>gospodaRetry</canal>
      <moneralSieurOmmiad>
        <losingAwebandMayans>safesBolomenPester</losingAwebandMayans>
      </moneralSieurOmmiad>
      <taskerFulvene reninsScooper="ovalizeVendean" mayfairFulveneEpical="9675589">
        <incluse>661292541</incluse>
      </taskerFulvene>
      <gallops>
        <porkmanRaddleDobrao>61425579</porkmanRaddleDobrao>
      </gallops>
      <bionic yode="noreastAuxetic" obit="galliMimp">
        <upgaze>puberalVermuthLabores</upgaze>
      </bionic>
      <java gunnies="75045">
        <mutulesSatiricMeeken>suaveNigrine</mutulesSatiricMeeken>
      </java>
      <nataliaTalonsPorret gabi="tuchun">
        <bugbearTruvat>elhiAcmite</bugbearTruvat>
      </nataliaTalonsPorret>
      <rosetan poaLoofasEleut="crucily9">
        <mutiveCrcaoFrowze>slakerBassets</mutiveCrcaoFrowze>
      </rosetan>
    </bocciasMortalsLogwork>
    <simul axman="43782312">
      <hongsClape>geratedMandapaStick5</hongsClape>
    </simul>
    <amidon>
      <wuzzyBedrelDisfen>glomsOctodon</wuzzyBedrelDisfen>
      <bitPuranaPinders eggersZoonomy="sornArgyll">
        <torchonPycnialHests>sobers</torchonPycnialHests>
      </bitPuranaPinders>
      <biblYadayimBedeman outhear="628">
        <scabies>mujiksGhetto</scabies>
      </biblYadayimBedeman>
      <widowly>
        <qiviutHexanalSlated>relacedMurza</qiviutHexanalSlated>
      </widowly>
      <emcees workmen="7" coproseHny="11">
        <hoovedAnimaLucrine>84</hoovedAnimaLucrine>
      </emcees>
      <dawtiesMarkkaa cyanineConchoFat="37">
        <guayaba>methoPricers</guayaba>
      </dawtiesMarkkaa>
      <ritsuFreath puteleeShmaltz="aethersApogeanEdit">
        <mumsy>jiminySeptula371</mumsy>
      </ritsuFreath>
      <waxworkRolesMoscow ababdehLaminaeIlium="frtKnutty" masonerDickiteSorbed="4942">
        <comusHersallAdorned>2277674</comusHersallAdorned>
      </waxworkRolesMoscow>
    </amidon>
    <kists>
      <oblongSane>98213746</oblongSane>
      <vacoufEffront betPhebe="229352728">
        <wankelEtwee>rebids</wankelEtwee>
      </vacoufEffront>
      <priviesAfritEnvying cosmoidBright="mannedSkyportClams">
        <jugfulZoariumPechan>litanyLongpodAguise2281</jugfulZoariumPechan>
      </priviesAfritEnvying>
      <roscianHaily aphthaThrees="728615" goonie="57983">
        <sutrasMlange>pahiLapsedTuchis7</sutrasMlange>
      </roscianHaily>
      <lugsail>
        <lessensHwyNonomad>splashs</lessensHwyNonomad>
      </lugsail>
      <anserinAbraidSnuggly>
        <longerLinderCentred>tunicCylicesSpinate3</longerLinderCentred>
      </anserinAbraidSnuggly>
      <pilau subsoilProlix="fretumRoridParah">
        <aceticSitar>tailageGongsYack756</aceticSitar>
      </pilau>
      <guazaCloves>
        <main>enisle9282</main>
      </guazaCloves>
      <ouvertBoragesMutts>
        <grazes>avoidTeleutHoodful</grazes>
      </ouvertBoragesMutts>
    </kists>
  </moolImburseSoberer>
</sornerPetaraMilkily>