<?xml version="1.0"?>
<airbill>
  <castletPeonismPeons />
  <kibbler>
    <hafisEduces>
      <suppostFlatedMowable>ebonize</suppostFlatedMowable>
      <rewoundSosoishSink>
        <ampulla>14102429</ampulla>
      </rewoundSosoishSink>
      <beakersTending popolisProwsJiggish="mccoyHusher">
        <gowanedNorie>pshaws</gowanedNorie>
      </beakersTending>
    </hafisEduces>
    <postelKerrite>
      <fictilePunic>plouterCoaxingBurntly</fictilePunic>
    </postelKerrite>
    <hyinglySeaward>
      <glummerCapable>bluejayStonily</glummerCapable>
    </hyinglySeaward>
    <revsHeliconSimpula acinarAngered="palta6">
      <waygateHydroxyLiberia>wappingHopsack</waygateHydroxyLiberia>
    </revsHeliconSimpula>
  </kibbler>
</airbill>