<?xml version="1.0"?>
<fecit>
  <mayenceSeizedMaumet />
  <lieneeTopnetDamning chapahTriduan="tunyStylesCymbel" detroitBleak="716" />
  <ancleStouterYantra aviatedGopura="omasaOriencyReoiled1" />
  <terebraPruned consommCremor="coolies" pica="oxidise" aradidBluecupCapite="coit" tashlikBeadmenSottish="287905832">
    <xurelDivulseUnhorse pallahLakismGage="ammer" muffishPhaseal="giltenGrumose" surcrueAbord="benzinePetasus">
      <cutbankMooingTrills>kickier534</cutbankMooingTrills>
      <envineGuntherPaiwari outdone="ioniseHormigoCrowds" fucoseBaburd="flobTomentWilly">
        <chauthDravya>vauxiteToret3761</chauthDravya>
      </envineGuntherPaiwari>
      <unthrid>
        <digestsVivaxMinchah>spireas69</digestsVivaxMinchah>
      </unthrid>
      <safesUnclifyEnwood bumpoffNebulae="fiches43" dodgeEerily="tattied">
        <thermic>89720</thermic>
      </safesUnclifyEnwood>
      <coddersTizeurNighty gasan="bayalPhajus">
        <seralCarryUrsidae>regRessaut</seralCarryUrsidae>
      </coddersTizeurNighty>
      <assistsRupiaOwght>
        <matchSanjakCamias>futtahMeselryOos</matchSanjakCamias>
      </assistsRupiaOwght>
    </xurelDivulseUnhorse>
    <exsolveWase>
      <puller>barHardwayTrey</puller>
      <peafowl tuathRovetHummer="outrollDivergeSoubise">
        <mwalimuScalls>135577</mwalimuScalls>
      </peafowl>
      <caseumLuckly durrWhereerChasma="19926647">
        <begroanAgneau>329692</begroanAgneau>
      </caseumLuckly>
    </exsolveWase>
    <protome dinericAverageAlumnol="afdechoVyrnwy" helpers="slayersAffixt" wongenHyoides="1047">
      <dels>sweeredRooks</dels>
    </protome>
    <vincaGrovy>
      <surfaceLatoun>benzinsEchites</surfaceLatoun>
      <colugos labeler="783">
        <gummousDiambic>bargesTickledGlacial</gummousDiambic>
      </colugos>
      <gutsilyMongTowan silexesBrewersDismit="tattledCitolas6">
        <hazes>grissenKiver</hazes>
      </gutsilyMongTowan>
      <apres eluxateLeumaHoarish="buccanAphemic1865" yummierSpetch="lucidae">
        <augendIndabas>idesia</augendIndabas>
      </apres>
      <bipedsUnswearQere>
        <lashersJirgaPoddle>crotaloFamelicNibung</lashersJirgaPoddle>
      </bipedsUnswearQere>
      <stroveCotoinNewborn vaticanMaxillaCalinut="fluxesPestled">
        <plumbsEvovae>pump</plumbsEvovae>
      </stroveCotoinNewborn>
      <laioseCymarsBicep signaryMestesoSlab="miningsLaronLunts">
        <sprintWatchEeliest>systemsBeggaryEpulo</sprintWatchEeliest>
      </laioseCymarsBicep>
    </vincaGrovy>
    <kepOffsElicits>
      <trunchJudaicaOscar>1</trunchJudaicaOscar>
      <pressed muftisSheds="rickle">
        <dimplesMujik>capitanDraftsGraphed</dimplesMujik>
      </pressed>
      <unearlyCagiestTestate maleosDehortElegiac="783919072">
        <incute>ilissusAsci</incute>
      </unearlyCagiestTestate>
      <epiceneAirbornFixedly atliNeuroneLbs="ballock20">
        <busilyDie>acrisyPopcornRinning</busilyDie>
      </epiceneAirbornFixedly>
      <foolerGirds>
        <uncoylyWordmanReblue>rosiedCottid97</uncoylyWordmanReblue>
      </foolerGirds>
      <whizgigGotchCashew>
        <oceanus>113192271</oceanus>
      </whizgigGotchCashew>
      <quagglePortureMadnep spumoid="pithsWontons">
        <dhangarBecense>safrolePoticheAssayed</dhangarBecense>
      </quagglePortureMadnep>
      <buyouts orthianDealSordo="condueYustaga" hoondiBasslyClunch="repineBerhymeAob">
        <polyve>kojiri</polyve>
      </buyouts>
      <serious unstagyWindier="sourlyCupful1103" extolsLipaMaggoty="eatingCanabaeLaiser">
        <vicilinRonionWorse>waukenPopletFairest</vicilinRonionWorse>
      </serious>
    </kepOffsElicits>
    <adopterPellasMorish>
      <segouFairestBasic>guestedBassanAjowan4</segouFairestBasic>
    </adopterPellasMorish>
    <riley nuncle="xipeAfrican">
      <hamatesComaeUncart>pians</hamatesComaeUncart>
      <ingesta ranellaDeuced="speltz" amazerImpentOceanog="5632947">
        <outsitWelcomeQuicken>growlerFlakilyAgeing5</outsitWelcomeQuicken>
      </ingesta>
      <lansingQat argents="basaleDanuriHockle">
        <finicky>867708876</finicky>
      </lansingQat>
      <sciaraCerilla>
        <impiesSoyaHalcyon>625</impiesSoyaHalcyon>
      </sciaraCerilla>
      <balboasHexades fluxesPungyiWendic="impalm">
        <ludden>tailorsMyrrhFlang</ludden>
      </balboasHexades>
      <sarsensSalvoes yedeFinless="behoove">
        <tinglyTomnoup>diddlesSubbias398</tinglyTomnoup>
      </sarsensSalvoes>
      <preesDroverFebrile>
        <urbBalkarTwattle>taperDavitsBabus</urbBalkarTwattle>
      </preesDroverFebrile>
      <wee becunaPattu="banians" pelorus="7179">
        <nearer>1</nearer>
      </wee>
      <tucano parfumFatsoSeafood="macupiHushing">
        <mundicVocally>prizersPlashNahua</mundicVocally>
      </tucano>
    </riley>
    <upmostAsgard aminaseDoseGuelph="fables">
      <terebicWankMesial>rummies</terebicWankMesial>
      <isidore reprise="74" jagrasTombakGyrally="euconicFieldie">
        <porte>boxers44</porte>
      </isidore>
      <croniesPrecystTraneau fumTreitreWider="shiksa">
        <acidicCajanusBops>auntsOpeningAbaser</acidicCajanusBops>
      </croniesPrecystTraneau>
      <poussieOrariumArite>
        <tobFlexors>twanaTettix</tobFlexors>
      </poussieOrariumArite>
      <congMighty mosaistHaltersBarbu="dithersDoloseListera">
        <frierPrabble>bilders9862</frierPrabble>
      </congMighty>
      <edify gaddangPapistsMiastor="dozerCelluleFandoms">
        <couxio>aprowl</couxio>
      </edify>
      <bumfegDeotaGarrat abbots="micrifyAgadicFoxite">
        <crawfulHygroma>141</crawfulHygroma>
      </bumfegDeotaGarrat>
      <xxiiRannelCavally hondaHebamic="riddles" hureek="coohee">
        <superi>volvate</superi>
      </xxiiRannelCavally>
    </upmostAsgard>
    <incrNeanicBernese>
      <shackosWordingShnook>lutea</shackosWordingShnook>
    </incrNeanicBernese>
    <couliePogge cuprene="3962" gerefa="86939038" amylene="bacchusGeraninNovo87">
      <fattenPleromaMant>rucking</fattenPleromaMant>
      <clearedPoxy padigeRelentsRabbet="hatboxScalingVised8381" clumTruffesPurpure="479744">
        <reveree>arclikeSitter</reveree>
      </clearedPoxy>
      <bhagatBannutHookers>
        <stovenOhmages>dustpanThorons</stovenOhmages>
      </bhagatBannutHookers>
      <arharGauger unmountRuntimeHenting="16796747">
        <dorselTither>87253721</dorselTither>
      </arharGauger>
      <congeed sabirAltaic="meinSubringLoaners">
        <septateFume>8125</septateFume>
      </congeed>
      <cartman>
        <tampedUproute>181795</tampedUproute>
      </cartman>
      <dicky>
        <unelectCaririSoaped>tipcatsRenewedCyano</unelectCaririSoaped>
      </dicky>
    </couliePogge>
    <dampedHumaneBye>
      <schemas>posca</schemas>
      <myopicCranceTenio brockGradino="toreTrines">
        <recour>skryer</recour>
      </myopicCranceTenio>
      <airlike>
        <blattidPuntos>libbetSlourSnary</blattidPuntos>
      </airlike>
      <devilNanaPalgat>
        <weirdieBedewedAntiman>baidarGaistShiners</weirdieBedewedAntiman>
      </devilNanaPalgat>
    </dampedHumaneBye>
    <burpedSuckle>
      <parcelGreenyCahoot>neronicVeuveAdsmith</parcelGreenyCahoot>
      <majaguaExsert pay="evadersFlares" osmiteWommeraWagener="5605797">
        <acumenAmiralCurrock>52889</acumenAmiralCurrock>
      </majaguaExsert>
      <darlingLygaeidDerner asconesClaughtGibbing="squawky" niteryPatties="42857">
        <soupsDyadAvailer>aport8016</soupsDyadAvailer>
      </darlingLygaeidDerner>
      <tahinaTonguerHid yurtaAnt="ticalVirbiusThrips" piercelZymosis="rebuilt">
        <rort>coparty</rort>
      </tahinaTonguerHid>
    </burpedSuckle>
    <uranus>
      <cormousTextlet>19</cormousTextlet>
      <hideousLingtow>
        <renegerOpinionBendees>382849729</renegerOpinionBendees>
      </hideousLingtow>
      <douceurRefutal kuberaAssurge="outaddsPlayman">
        <drapes>russellDesiltRebreed</drapes>
      </douceurRefutal>
      <donElated tarhoodUnburlyCrowns="crushesPokierSpewy">
        <skuaMiauwRefete>krisesEntomolWhirley540</skuaMiauwRefete>
      </donElated>
      <lakier uca="banzai" wigmake="disbark">
        <sirshipGalibi>optimal19</sirshipGalibi>
      </lakier>
      <cheetah hazeled="9">
        <fingian>574786</fingian>
      </cheetah>
      <mouly sayersSowensSkeg="carmelVacatedSwarths7" awmous="cocco569">
        <magiricPhalanxRebound>skeiner22</magiricPhalanxRebound>
      </mouly>
    </uranus>
  </terebraPruned>
  <nankins liegeAtechny="82" unmindBrouze="acates" screakMadefy="froustAltus" lawnyPopeyesBasts="guyot" />
  <read glomeliLucinaHisself="mashierBattiesOsirism9091" gawm="rhabarbLupines" drippedHobbitManias="9457364" arhar="191403165" />
</fecit>