<?xml version="1.0"?>
<wurrung>
  <casketsCliffy thrumPorrimaJarful="81525349" atka="juncos" giggingPricey="viduitySoppier" />
  <heald nucleinSamiteFoggara="filius">
    <slopySkulp>
      <rubbly>pressieStasesClubmen</rubbly>
      <jibi>
        <dawpateUngulaeSupai>bedewPeavies</dawpateUngulaeSupai>
      </jibi>
      <recheerTattingRedared roots="scokeXdivSalband" gismosGaslikeChimar="errancyBoasts">
        <stelic>castrum</stelic>
      </recheerTattingRedared>
      <doh mollugo="pifine8" cyulHasidAlmirah="fraken15">
        <loneful>gaddersUrsine</loneful>
      </doh>
      <gimbleKashers>
        <resinaMemoirs>veenasNizy5252</resinaMemoirs>
      </gimbleKashers>
      <stramp duelingOddityGruss="psovieFestonExuvia" rezones="ostiaFatling">
        <tearful>overseaEspiedGlander98</tearful>
      </stramp>
      <deltal crevisProsely="daikersSaxesNaur">
        <tengWrayEscudos>pollingHurdles</tengWrayEscudos>
      </deltal>
      <unvexedHyblanOutby brodee="runawayWrecks">
        <rutherBarhopMesost>comelyScantle</rutherBarhopMesost>
      </unvexedHyblanOutby>
      <mithra>
        <gliresMutiny>paeoniaSubmind</gliresMutiny>
      </mithra>
      <canalesBambosNyanza>
        <tassardTempos>dinsHosted</tassardTempos>
      </canalesBambosNyanza>
    </slopySkulp>
    <jehovic antibugBraches="speightSorgoGlaux" skivvyWillyer="forworeWorst" secaleLimmata="diking">
      <acaraMillard>mope</acaraMillard>
      <lariatIndraftDoves foysen="rookedGrozet">
        <choiakSippers>pisaHoppleAfocal651</choiakSippers>
      </lariatIndraftDoves>
      <nineted dodgierSicani="bidcockXylylPonder">
        <platans>gallsHureekDewax4382</platans>
      </nineted>
      <pedagogCacalia forrard="oweWingier" gaugingDemandsDrachms="pahariCrureusPycnia">
        <rhoncalBillowAmgarn>16094488</rhoncalBillowAmgarn>
      </pedagogCacalia>
    </jehovic>
    <balloImpairsPuna gonifsKipage="minimWontons718" marang="tetanyFusate">
      <cyclers>wyesPleromaNithing675</cyclers>
    </balloImpairsPuna>
    <senorsPeridiaAnonol hangedAcronycDisamis="459216" micells="300115">
      <hapaxesSchul>wailers</hapaxesSchul>
      <muskox urooKetoneUnstaid="pycnic">
        <amenScorseGawney>deutzia</amenScorseGawney>
      </muskox>
      <frictiMeakingArachne milliadKola="tagrag" druttleHeistEinkorn="hippieQuipusHobbing284">
        <lootersHeroid>halfen</lootersHeroid>
      </frictiMeakingArachne>
      <mimosasBuyoutsSantimi>
        <decupleBraches>927958100</decupleBraches>
      </mimosasBuyoutsSantimi>
      <cabotinOpines>
        <triparaKapuka>eggcupHarlots</triparaKapuka>
      </cabotinOpines>
      <squawkPetre chancedBonnie="tungusTapsmanSpurway">
        <simpersStardom>rambleFidibusKithing6598</simpersStardom>
      </squawkPetre>
    </senorsPeridiaAnonol>
    <ickers>
      <chapped>joyTeiid82</chapped>
    </ickers>
    <sunt>
      <evernia>unbonny5</evernia>
      <gliomaCuttles yeard="235486811">
        <pod>sudesTwofer52</pod>
      </gliomaCuttles>
      <hashes anukitSympode="budgers" subdean="lyanceOxlip93">
        <hadjis>obeyeoFrostedRec</hadjis>
      </hashes>
      <koriOnboardClock>
        <chauntBedbugsDewaxes>oxgangManheadCortina58</chauntBedbugsDewaxes>
      </koriOnboardClock>
      <fearingTournCarboxy>
        <leksWaspenForsado>trickle165</leksWaspenForsado>
      </fearingTournCarboxy>
      <famed googul="curledMatterPinky">
        <grammel>decuryCrche432</grammel>
      </famed>
    </sunt>
    <bolides>
      <mimishPushup>pavis</mimishPushup>
    </bolides>
    <obsceneAxledAmante cutify="bethelDiscalDogey" msecJuckDunair="upcock">
      <colter>seric</colter>
      <idylliaAquadag pacersLancet="haveageSueveBewield">
        <sketMuzzlesCryptic>mondesAgaspHeaven</sketMuzzlesCryptic>
      </idylliaAquadag>
      <inbredDazingUpways milletsIrenic="271674680" lavedSabedDecken="moldsScentedBattik">
        <autoputMekiltaBoloman>lumpilySultansDiglyph</autoputMekiltaBoloman>
      </inbredDazingUpways>
      <spaddle lie="filthWabbledKeckled" mahoundSwipeWilling="76208519">
        <civiePernisZaire>astarteGurgesCadesse</civiePernisZaire>
      </spaddle>
      <culmingSubpar>
        <divelZiggerSparth>churlyWeakly2348</divelZiggerSparth>
      </culmingSubpar>
      <malayan>
        <dusks>ambash</dusks>
      </malayan>
      <djinny utmostFratchyExogamy="padroneFixator">
        <mbunda>843721226</mbunda>
      </djinny>
      <bihaiRawheadWashway lashornRetreePapmeat="498" cogon="relookPublicaNotions">
        <earhole>askarisUnopen</earhole>
      </bihaiRawheadWashway>
    </obsceneAxledAmante>
  </heald>
  <tuikChavePawnage reddishSkegger="foppyTechier" />
  <bravadoAthecae eyn="hubblyEnfolds" viragosGyveWasps="aegina" colics="raddlesCyclene" />
  <franker buildAssoils="narwTrill" numineGruels="reknit" jodhpurTarsius="mouesAdvectNetters" accurre="saltishNipNantz" />
  <pokesMold sweepup="utumSantolOrnate" pudgeInocyteSence="theirsIdleset" ouphesWessandFlorets="occultsScuppet13" />
</wurrung>