<?xml version="1.0"?>
<greaterReharm>
  <someverTrombaMandrin honingBespew="geonicAnkh" trishnaEagerer="traumasZorilloTrack" lunkBelliteAzoic="43" hyson="bryceChasingMisborn">
    <flavoneDiocoel briner="zygotesPolyKibble">
      <betaSailorsCherup>7426084</betaSailorsCherup>
    </flavoneDiocoel>
    <nitrids>
      <torrGoyana>3673</torrGoyana>
    </nitrids>
    <tykingVirgoCopters>
      <funkiasPrevot>kanwarPhenomsShush21</funkiasPrevot>
      <misputSow uruguayKoruny="layeryOuthearHosen">
        <credoIcily>prewash</credoIcily>
      </misputSow>
      <shooForced urnaePunkest="hugeousPignusYarner96" preconyTroggin="fizzleFinland">
        <pollageDustpanMisdone>futuresDisseatTussle</pollageDustpanMisdone>
      </shooForced>
    </tykingVirgoCopters>
    <tenzoneMitringTalpine bisextPholcusBangash="smirk" peason="suintsSnell" balantLyceeKisses="gracile">
      <favela>rived</favela>
      <prevene>
        <missiveBetrim>bluggy</missiveBetrim>
      </prevene>
      <dulcian>
        <sprues>brigand</sprues>
      </dulcian>
      <reddAplace erotizeHowdahsHoy="comatikSpelderQuanti" unslain="bundtsForrard1">
        <donne>aimoreNeverSunways</donne>
      </reddAplace>
      <divider plussesWhirler="4986">
        <aphemic>4</aphemic>
      </divider>
    </tenzoneMitringTalpine>
    <waufAccourtOddman recoil="rudy">
      <angelicStacksDodded>cyclosFacks</angelicStacksDodded>
    </waufAccourtOddman>
    <swingleCanman>
      <duculaVestsImbiber>appressMintmanHinger</duculaVestsImbiber>
      <avoided muffyWhenNilotic="nourishBaguet" dutcherAlumicGimlety="guichet">
        <burleysPale>fatsoRainfulSynonym</burleysPale>
      </avoided>
      <shrimpiOctopus jacamin="fozierBalmony" carlismPoler="vilaNay">
        <storksFangsHoldout>puffier</storksFangsHoldout>
      </shrimpiOctopus>
      <cubedCouloirSplayed>
        <cimicesDimmed>falafelPiscid</cimicesDimmed>
      </cubedCouloirSplayed>
    </swingleCanman>
    <baterRebrownHoers qualifyAptest="nixy" brodieCorkierManacle="7590">
      <platenElegist>214548625</platenElegist>
      <peachy crupAswarmHashish="sassBetony">
        <stoaeBlaresPegman>yoicks</stoaeBlaresPegman>
      </peachy>
      <kempasDiazid>
        <gannet>aasInlayedShoon87</gannet>
      </kempasDiazid>
    </baterRebrownHoers>
    <adc>
      <gluilyPewyGaits>altererRhinion</gluilyPewyGaits>
      <cottaeLoofa tollmenSaprine="74463337" shakti="wastryRedo">
        <sorters>anilla</sorters>
      </cottaeLoofa>
    </adc>
  </someverTrombaMandrin>
  <hawkeye>
    <nyxis>
      <matzotGuesses>stints66</matzotGuesses>
    </nyxis>
    <negater>
      <abasersJurantsUnsolar>hypnos</abasersJurantsUnsolar>
      <viajacaAllisDiobols pippleAffiantPawing="noyantSoccerPaegel">
        <peels>unmouldLammerReglove</peels>
      </viajacaAllisDiobols>
      <linnsAppelsLoaner>
        <resistsIwaDarzee>taeniteTubed</resistsIwaDarzee>
      </linnsAppelsLoaner>
      <silicoTaichReq>
        <exitsWinoes>subiyaShipCees</exitsWinoes>
      </silicoTaichReq>
      <surigaKrs>
        <tanzibToolboxThyris>4367649</tanzibToolboxThyris>
      </surigaKrs>
      <halogenArgotsTalahib holmos="cru" assortsTrothsDiode="zoeaPoxedGreet">
        <petrosaCanyonsCastile>senatorHaveralMotte</petrosaCanyonsCastile>
      </halogenArgotsTalahib>
      <wons raspierUntamedAncony="gear" laddersKobiSeeress="yaoPleasSlacked424">
        <whifferLazars>59</whifferLazars>
      </wons>
    </negater>
    <sprankSodomy englueMitosesOkoume="reading" cephas="4">
      <picotFootledRestock>6640093</picotFootledRestock>
    </sprankSodomy>
    <herpesJuyasSpooks>
      <quintes>vorageSendeeChewet</quintes>
    </herpesJuyasSpooks>
    <beeway>
      <adatiTussal>diaperyGym</adatiTussal>
    </beeway>
    <tunneyDebars>
      <xicaque>rumness</xicaque>
      <simoomFiggier>
        <inapt>80</inapt>
      </simoomFiggier>
      <dyadic>
        <burnetsEnhuileScripts>8</burnetsEnhuileScripts>
      </dyadic>
      <logionsGripyRoxane shammasPludRaging="cordyl8303">
        <mameyes>cypselaThiazinEdger</mameyes>
      </logionsGripyRoxane>
      <wyte>
        <makukStick>koumiss</makukStick>
      </wyte>
      <piseDovecotUpswept>
        <reluceMoils>leonidBlade</reluceMoils>
      </piseDovecotUpswept>
      <stalinFlairsTrochee>
        <paniskCussosBoloism>nixesPeugeot9</paniskCussosBoloism>
      </stalinFlairsTrochee>
      <leatman>
        <tetterIdlyAmbreic>goldneyJerkies</tetterIdlyAmbreic>
      </leatman>
      <dilemiMils unwaxMatzo="metelWisterCohere">
        <puririJewship>dupersNestler</puririJewship>
      </dilemiMils>
    </tunneyDebars>
    <histoidRap>
      <juralTuttiSkipper>laniardKojikiPunny</juralTuttiSkipper>
    </histoidRap>
    <equinusTits growlLyonese="2" tenioUsurporFagara="8233">
      <vialsNaggerSpatlum>77802383</vialsNaggerSpatlum>
    </equinusTits>
    <tawpies>
      <tausPeineFarers>9650</tausPeineFarers>
    </tawpies>
    <gutlingWampeeToi>
      <bancalStroll>ammineTrinketSphex</bancalStroll>
      <ladronsLlaneroPiqu grander="hypopusAmbiguPoseuse">
        <sketch>tandanSlushMisease</sketch>
      </ladronsLlaneroPiqu>
      <amapa hencoopJuvia="964125086">
        <durries>92480662</durries>
      </amapa>
    </gutlingWampeeToi>
  </hawkeye>
  <tomans ducting="hummelTarandOmega" fertilSiziestElian="wharfsPanisc1042" prizesWhussleFloey="dapped" />
  <webbingVergingNorimon meow="faultsAirlessMoraler" unlamedCookiesDifda="badgerAmbricaEmbiid" ensuredKaabaArider="piefort" mummiesRestudy="ulemasTikurGulose">
    <zuleika upshootMaclibEinkorn="tollageAnodosEnew" vinoOxidase="taggyWaverSproil" wlatfulWizesCaselty="suprEnoch">
      <dobbyTamanuSwy>unvext</dobbyTamanuSwy>
      <tonkQuinetUsurers linkmanHymnerRenvoi="wintunDenials9">
        <chalderCringedCreep>kirmewRillock</chalderCringedCreep>
      </tonkQuinetUsurers>
      <bashful unrungClichedPhase="3" colombo="vestureDuree">
        <donjonResiftChora>fondak</donjonResiftChora>
      </bashful>
      <aramidImmunesCrasis>
        <refloor>6</refloor>
      </aramidImmunesCrasis>
      <blamersGutteryExpire biotronLinieSim="resuitDipsFixage" luvishScaldra="tattles1971">
        <cacaosBlickeySolideo>345237</cacaosBlickeySolideo>
      </blamersGutteryExpire>
      <hailers keryxMinster="601624782">
        <peltishJarina>6567095</peltishJarina>
      </hailers>
      <grislyRecheck>
        <chamarFloatsEaved>graves</chamarFloatsEaved>
      </grislyRecheck>
    </zuleika>
  </webbingVergingNorimon>
  <scurMistal moneth="narwalBurrahWatter">
    <stayerFirsterPenitis oatcakeMedicks="nebularGrontGropple2">
      <guerdonQuachilLernaea>gnaeusDrekDryth</guerdonQuachilLernaea>
      <hirlingRuvid>
        <chindi>padsawMuttons</chindi>
      </hirlingRuvid>
      <boddle>
        <hogwortCogwoodKipage>prehapsUshers295</hogwortCogwoodKipage>
      </boddle>
      <oceansSubdureVex peperekMace="huffilyMtxVendor75">
        <tehseel>3304808</tehseel>
      </oceansSubdureVex>
      <dolliaVintage>
        <dwarferUnnotedTen>butchWolfs7031</dwarferUnnotedTen>
      </dolliaVintage>
      <blackyPukaKainah crisicExtol="elchee">
        <ticeGrandsPunger>regards</ticeGrandsPunger>
      </blackyPukaKainah>
    </stayerFirsterPenitis>
    <zostersNexum canny="966613787">
      <tapnetCrapEsloign>roman</tapnetCrapEsloign>
      <plagueyBuggeryLaurel>
        <waftersDaubsJackrod>kinaseOutrickBekah</waftersDaubsJackrod>
      </plagueyBuggeryLaurel>
      <clayman>
        <guenonGurgles>35</guenonGurgles>
      </clayman>
      <gyriFacette>
        <mamushiGhyllCateye>flioma</mamushiGhyllCateye>
      </gyriFacette>
      <cuna cassena="taeniteLipreadFangs">
        <becuiba>sculshForbareMuskish</becuiba>
      </cuna>
      <cellingOsmite totemicAlaresPaiking="kilp" bisectCouplet="clinahOlchiSmocked6">
        <mootmanScotismChamar>subvolaTickledTraipse</mootmanScotismChamar>
      </cellingOsmite>
    </zostersNexum>
    <volataCyanizeVaadim>
      <luvishTempled>impound</luvishTempled>
    </volataCyanizeVaadim>
    <tirveAgramed munjFratePuruha="78242" toots="yenite">
      <becuibaRevelerRauli>staiver</becuibaRevelerRauli>
      <oolly>
        <warilyBirsleGrosses>nestersBassoon</warilyBirsleGrosses>
      </oolly>
      <chengalRamet incestsBhikshu="53054">
        <bailoutHolerScupper>corralsManidaeBrujos</bailoutHolerScupper>
      </chengalRamet>
      <pilled>
        <regrade>dowcetLucknowPhaedo356</regrade>
      </pilled>
    </tirveAgramed>
    <sagoCelaeno>
      <grubbedGamgia>letterResayAttle</grubbedGamgia>
    </sagoCelaeno>
    <justlesLoudish croakyKilneyeGangan="shaTopped866">
      <asientoGlottidUntrain>ranches</asientoGlottidUntrain>
      <porretDoglegsNebular>
        <atwixt>slaAbysmRamrod</atwixt>
      </porretDoglegsNebular>
      <osmaticAbbrevGrudges trainee="acocotlCatlinsToilets">
        <bulliesSergioKahu>turbotStythe</bulliesSergioKahu>
      </osmaticAbbrevGrudges>
      <outdateOke milleProud="linolinNigglyOuverte">
        <branchiPalaicMoyener>sacqueRaxingLiquify812</branchiPalaicMoyener>
      </outdateOke>
      <tittups outwoodAtloidGrosz="strack" xxii="streckBighted5">
        <fadding>subgensXanthicAvoider3</fadding>
      </tittups>
      <watchedPraamMichiel>
        <inciteStogieAhtena>debtsPyropes</inciteStogieAhtena>
      </watchedPraamMichiel>
    </justlesLoudish>
    <ipseity>
      <profreKabsNunnari>laquei</profreKabsNunnari>
      <betso>
        <conusor>wagersLavrock</conusor>
      </betso>
      <norseRaines libyanProteadOmneity="yohimbeGuyers">
        <llbOcasSkipman>pandanCoucherFrotted</llbOcasSkipman>
      </norseRaines>
      <blowthUbii coenoCrapesHindgut="burke">
        <zamouseCouplesIrving>303</zamouseCouplesIrving>
      </blowthUbii>
      <pernodShammosSquidgy>
        <mauledSpanner>mollify1</mauledSpanner>
      </pernodShammosSquidgy>
    </ipseity>
  </scurMistal>
  <saldid innage="crewed35" />
  <aptoteRunnierBendlet senal="9137946">
    <noxally>
      <muleysDamar>pinangsPledgesFgrid</muleysDamar>
      <topcoat flookanManzilVajra="daftCoesite" tingledUtrum="studdySubdue">
        <roidFlowe>geishaLoris</roidFlowe>
      </topcoat>
      <lowings prodded="kabardPomeloChoiak">
        <glbTyningLivers>extorts</glbTyningLivers>
      </lowings>
      <flywire>
        <unsharp>shopped</unsharp>
      </flywire>
      <epactal chyleGammingUnpeel="rimate">
        <woofingKanaujiValens>39619663</woofingKanaujiValens>
      </epactal>
    </noxally>
    <john>
      <siestaMidriffGuards>kojikiKiaughHarmine</siestaMidriffGuards>
    </john>
    <negatonGrists>
      <wiggishChicer>75183</wiggishChicer>
    </negatonGrists>
    <carabidBengDensely>
      <hawky>precCashes</hawky>
      <jumbieFirsts waffedFopshipTracked="261505">
        <mattaFaunas>phylonDecilesArach</mattaFaunas>
      </jumbieFirsts>
    </carabidBengDensely>
    <topside>
      <finnish>8188</finnish>
      <laboredGayment revealShallotSemises="peakierHabiriMains588">
        <madam>gurkhaApsides</madam>
      </laboredGayment>
      <spuddedEgested insulin="3867374">
        <mesennaAdenia>ashcakeTwiers</mesennaAdenia>
      </spuddedEgested>
      <shools>
        <resultLickety>whalingAbbozzoUnsay</resultLickety>
      </shools>
      <lymphsIdeaful goitresTaulchCalzada="7897044">
        <aigletsAlmonerPuir>kerbedSmeller155</aigletsAlmonerPuir>
      </lymphsIdeaful>
      <zanderSolunar>
        <sherifaPeopletJuvia>leucism</sherifaPeopletJuvia>
      </zanderSolunar>
      <moslem codensSwatted="charre" peonize="morral">
        <tairgeDulcidVarlet>champyKnollCanful</tairgeDulcidVarlet>
      </moslem>
      <goladarLianesLending ictusSieveRetying="khedahsIncend5">
        <gutling>visageMullidTorney</gutling>
      </goladarLianesLending>
      <misticoNiota ensteepDiseursOctyne="rejigStoners4">
        <ostial>taurChickee</ostial>
      </misticoNiota>
      <gutwise heftedBacile="pouchesPensionReheap" defet="likeCoggingUnmist">
        <cockles>89</cockles>
      </gutwise>
    </topside>
  </aptoteRunnierBendlet>
</greaterReharm>