<?xml version="1.0"?>
<hamitesSalue>
  <jangledPannoseBouffe>
    <estuateTettyDories>
      <graveYowls>echoeyBiotypeNailer</graveYowls>
    </estuateTettyDories>
    <drie>
      <crypts>decil</crypts>
    </drie>
    <taroks>
      <twiselMorganaAbbas>ptilota</twiselMorganaAbbas>
      <piscesLances>
        <dodderDozerTruncal>265</dodderDozerTruncal>
      </piscesLances>
      <dashnakPoxes oleoAugetMedimno="piratesBromic">
        <jaranaMopeds>598875112</jaranaMopeds>
      </dashnakPoxes>
      <ureasesGumma>
        <alfalfaPomeroy>wantfulBlagueAlpieu</alfalfaPomeroy>
      </ureasesGumma>
    </taroks>
    <retipAmorosaDogana>
      <kuffieh>611512919</kuffieh>
    </retipAmorosaDogana>
    <lohanaIacchos>
      <goaded>stannoPoustie</goaded>
      <eurytusGoop herniaReawoke="pele" admixtRykesJordan="clungSprungDoeth525">
        <beadeye>3307108</beadeye>
      </eurytusGoop>
      <cooleyFoulageTyken oblateFinksTheeked="emperyOribis">
        <gonerEloinerAlopias>mislaidStobs</gonerEloinerAlopias>
      </cooleyFoulageTyken>
      <unboggySaveloyLucuma carnelPreside="pitted" dashyTriblet="579">
        <cayucaPicnics>cerisePunkaPinbone9</cayucaPicnics>
      </unboggySaveloyLucuma>
      <haftsColletsHeikum snuggly="490563029">
        <corsiteFurlerTunings>truismsClernly</corsiteFurlerTunings>
      </haftsColletsHeikum>
      <pinkeny>
        <craniaBairam>legumesMummia</craniaBairam>
      </pinkeny>
      <taggleOarialDhunchi odorateTyrCivets="593443002">
        <roakAmatiTippled>43572</roakAmatiTippled>
      </taggleOarialDhunchi>
      <antlid crackle="823" cymric="320712">
        <bimahsSperketPua>abraidFausenGeezers</bimahsSperketPua>
      </antlid>
      <unlaxBigotryAssais korait="92055" kordaxInlike="grigrisOutcrop72">
        <gaggles>gratedLoop</gaggles>
      </unlaxBigotryAssais>
      <ramieFacing>
        <huzza>desire</huzza>
      </ramieFacing>
    </lohanaIacchos>
    <riped bram="fatlyGluttei3" bluetitGambaCottars="planArecuna">
      <staphs>ockster</staphs>
    </riped>
    <nilsAddrest doeglic="bemadBasokoBhava5" uncolt="ambonGuddled165" scantedThight="loupsHyeniaUntooth">
      <soothes>gradely</soothes>
      <rivaFagotto owseGaddish="eatageAglaiaPinged" buoysYear="6">
        <mordentMetope>15373</mordentMetope>
      </rivaFagotto>
      <echelle>
        <pimenta>45</pimenta>
      </echelle>
      <oidioidAblins>
        <upways>beton66</upways>
      </oidioidAblins>
      <shintyBetulinCosech eutaxieHaumUnfurls="pudseyMonepic">
        <harbPillars>dictate105</harbPillars>
      </shintyBetulinCosech>
      <tunnagePalatesGreenth frigCalmatoChumulu="canyons">
        <wareful>algeriaSparest</wareful>
      </tunnagePalatesGreenth>
      <audiosDeraysMedidii>
        <snagsNourish>algasEarnerJondla</snagsNourish>
      </audiosDeraysMedidii>
      <sacatra elmiestKerslam="milosPiotrMurids">
        <graillePulleryPurport>mangalShohji</graillePulleryPurport>
      </sacatra>
      <otolith nidor="tipiti">
        <newsies>speteBegash</newsies>
      </otolith>
    </nilsAddrest>
    <fotuiFootled>
      <couped>peopleJobson</couped>
    </fotuiFootled>
    <ragged>
      <carienRadJeepers>571</carienRadJeepers>
    </ragged>
    <ectype>
      <wettedLand>jibs</wettedLand>
    </ectype>
    <oncettaLinnsCholine>
      <inlyBrentQuaighs>telesisManorWales</inlyBrentQuaighs>
      <redesYeaNaevoid darkSexualeVatful="songhaiAuntsMarrowy" reblotGastMacabi="rakesGlossas8422">
        <bridgedRasoir>medullaTuskier769</bridgedRasoir>
      </redesYeaNaevoid>
    </oncettaLinnsCholine>
    <cooriesKanawhaOuteye>
      <dustbox>shammarKoreansLames</dustbox>
      <pinbushRhaphe xcl="391703053">
        <cotonamGotchyApplaud>witheryNuddEyedrop</cotonamGotchyApplaud>
      </pinbushRhaphe>
      <yakanExp>
        <unhoaryShaster>foreranSowtDewbeam</unhoaryShaster>
      </yakanExp>
      <ciscoToshUnpaved scyphaePrimos="prakritKate" rocheThooidEsprit="saultsMans">
        <carom>roseletOttava</carom>
      </ciscoToshUnpaved>
      <tortureLikker oxids="1" talkerYustagaCawk="grinsBernoo">
        <envoy>capperGauferKotuku</envoy>
      </tortureLikker>
      <cretizeSnifterWeanly logosDoglegs="251475" thiasi="9764">
        <datsuns>ammiral</datsuns>
      </cretizeSnifterWeanly>
      <ataraxyOrachRipe gibaroLargerMammets="28" upstood="savageArnoldChicago">
        <earths>hackieUnhairy</earths>
      </ataraxyOrachRipe>
      <heinous aripple="38631">
        <mamUnowing>oxygas27</mamUnowing>
      </heinous>
      <dulcian>
        <nebule>againstSruti</nebule>
      </dulcian>
    </cooriesKanawhaOuteye>
    <slackieRibbandFlew>
      <ghazel>noo85</ghazel>
    </slackieRibbandFlew>
    <emboleOperandSagaman cornuCareme="22" tribletChintzyPetted="psoraApassLoving" culms="lampletThunderDeewans">
      <ilkParanjaTarairi>2619044</ilkParanjaTarairi>
      <parodeOkuariCytode>
        <intents>logwaysBurseraEnnuis</intents>
      </parodeOkuariCytode>
      <carrollBrethelCatechu overegg="cozensLacesTarrily">
        <goopyGrille>tamableOrgeatLouche</goopyGrille>
      </carrollBrethelCatechu>
    </emboleOperandSagaman>
  </jangledPannoseBouffe>
</hamitesSalue>