<?xml version="1.0"?>
<tubbish>
  <raspishKhedahsTaiaha civie="aucanInocyteLatus" skegsUpcity="infangMahatFennici">
    <hoose>
      <budsScrive>scoredVisayan</budsScrive>
    </hoose>
    <banker>
      <moughtNallah>patroleBottlePhytic</moughtNallah>
      <sessileBrist leonist="bhaktis" frowsy="cathetiPersaeMaremma">
        <hesterMessier>986164769</hesterMessier>
      </sessileBrist>
    </banker>
    <crostBehint>
      <taffiasPercoctVulva>sabalBateauxAvocets</taffiasPercoctVulva>
      <ershUlnas>
        <elvisClodletPaas>3977888</elvisClodletPaas>
      </ershUlnas>
    </crostBehint>
    <swoony>
      <bejanPurgery>paiockePecten</bejanPurgery>
    </swoony>
    <grimingNombril kebars="goustie">
      <uro>13</uro>
      <sopranoFielded rhizopi="25" hankleScomfit="suckerUnco">
        <gypsy>macrli</gypsy>
      </sopranoFielded>
      <geekAcarariTabbied gunportHennishToking="talaCalpacOxyopy">
        <wolfram>3</wolfram>
      </geekAcarariTabbied>
      <uncowedStealthPulsion degreeVicomteTob="edificeRejudge" grievesRoupierScarab="cattingSegged">
        <lycealPuddledShaigia>grandly</lycealPuddledShaigia>
      </uncowedStealthPulsion>
      <louiseDummies noucheTiffPedante="10533" caught="rawnie">
        <bangiaPapua>298</bangiaPapua>
      </louiseDummies>
      <chummyHalfer>
        <whse>1</whse>
      </chummyHalfer>
      <yuanCrinelMyoneme mazatec="tatteryScrags">
        <dousingDuntingCosmic>71</dousingDuntingCosmic>
      </yuanCrinelMyoneme>
      <evasionValePackman azured="fennecsGermainScrab5473">
        <peensFeaseUpdived>epoxy</peensFeaseUpdived>
      </evasionValePackman>
      <jubilesMillBandura>
        <whushCologsRechaw>504</whushCologsRechaw>
      </jubilesMillBandura>
    </grimingNombril>
    <ignotusUndiked>
      <cytulaEvisiteNoesis>gushed</cytulaEvisiteNoesis>
      <typhulaIncudes>
        <unbeltsMohel>abomas</unbeltsMohel>
      </typhulaIncudes>
      <antae pavers="pinnetConidae" puredee="catcallAguise">
        <jubhahUnrazed>61391</jubhahUnrazed>
      </antae>
      <edmondCaws awagFreesDuende="roxanaWoldySpary" freudKalon="lamback">
        <poindedWanningPhys>buncePushrodBoreens</poindedWanningPhys>
      </edmondCaws>
    </ignotusUndiked>
    <mickleTumefyLord>
      <bilbiesReget>rhabdom</bilbiesReget>
    </mickleTumefyLord>
    <aerator mousers="678432" finlessGrayest="needler">
      <montagePursuitUpeat>las</montagePursuitUpeat>
    </aerator>
    <becharmHunkersMeloids>
      <spittleQuais>freebieMalms</spittleQuais>
    </becharmHunkersMeloids>
    <cretion wotteth="361384" golillaHadbote="cactoid880" shellerSumps="briared">
      <tussarsGoulan>bargain</tussarsGoulan>
      <liquors oatersCrocineCenizo="8881">
        <plowter>reccoRegma</plowter>
      </liquors>
      <funny zootypeSothoCru="47438808">
        <murkilyGonkSpalt>cronyRehire</murkilyGonkSpalt>
      </funny>
      <umbonicSeudahWithen boatelsLaciest="fettlerImbaubaSpeaned" overaptDougBogydom="stoureSeels">
        <indults>48121</indults>
      </umbonicSeudahWithen>
      <lutes cecityRichterSecque="mouflonInfund" maned="wienersRheas">
        <buffetsAsta>wastersPandalHoisted</buffetsAsta>
      </lutes>
      <masonerFoot>
        <hoorooEfikOutwars>souchet</hoorooEfikOutwars>
      </masonerFoot>
      <pesky daybedsOdsoAmtracs="514273" pedlarXxx="ainalehIntrateCichlid">
        <afocal>skiffleMoorpanSorance</afocal>
      </pesky>
      <engildsOleinesTaoism>
        <hariana>518858398</hariana>
      </engildsOleinesTaoism>
    </cretion>
    <elemQuasarFitches>
      <domusSeabedBowle>awreakHookiesPudical</domusSeabedBowle>
      <oilierWaenessGugglet rigletYaupers="bemazedAdonisHallels" wigeonBlottto="99293061">
        <choralInduceCopus>phospho4</choralInduceCopus>
      </oilierWaenessGugglet>
      <janusBingeys leaGularisKirk="24538">
        <connAccoy>whacksPottaro</connAccoy>
      </janusBingeys>
      <bridlesDemimanProsily>
        <lola>ombersFete</lola>
      </bridlesDemimanProsily>
      <zeeDyerMusica relumes="gamiestCoacted" tonemeEasters="ternarDerry">
        <vernageBunce>36480</vernageBunce>
      </zeeDyerMusica>
      <wilderCoree clawing="9474" winer="hulloosExquireLeets">
        <blawnLancing>inlookWorn</blawnLancing>
      </wilderCoree>
      <proreLooked shortyMorganaPietist="sosoYirth">
        <cateryEluent>bromismAclemon996</cateryEluent>
      </proreLooked>
      <curneysExcels slunge="tietick" hallage="ivywoodBedlidsBitter">
        <rarietyJaukedSurer>burdon2</rarietyJaukedSurer>
      </curneysExcels>
    </elemQuasarFitches>
    <teredosHalluxBarred>
      <oocystFraistHerself>deodand280</oocystFraistHerself>
      <triages balsamsTypicon="162185187" celesta="courant">
        <ahoCloppedMailbag>3</ahoCloppedMailbag>
      </triages>
      <staggieBeglad>
        <idiomEleveErgotin>9</idiomEleveErgotin>
      </staggieBeglad>
      <rewireJass peakilyDiamat="foramEndnote5630" kanoneNils="encomyAnoliKeap">
        <gustDurning>ricinLouting</gustDurning>
      </rewireJass>
      <milksCowanCaleche>
        <damCalixLamplet>bilker858</damCalixLamplet>
      </milksCowanCaleche>
      <goatish>
        <muftiAdoxyMissis>waybungPrussic</muftiAdoxyMissis>
      </goatish>
      <wifieEpinaos assbaaPivotsUnrack="ulsterAlcaliSeemed">
        <bienne>befleckTertio</bienne>
      </wifieEpinaos>
      <habuWhomso reginaeLadBoddle="35">
        <liveryPeyote>adigei</liveryPeyote>
      </habuWhomso>
      <creadChasty piation="lamina1445">
        <flabileArcsinChiding>87</flabileArcsinChiding>
      </creadChasty>
    </teredosHalluxBarred>
    <coroadoBallers pipilo="attest">
      <acrasyApexBarfish>sloteWhidderLyrical</acrasyApexBarfish>
      <osculesOliniaYorlin lawineEtui="sageMethylEucre" cantedSpangly="kiakiTrudgedEluder5843">
        <harking>foxwoodPurging</harking>
      </osculesOliniaYorlin>
      <rampantEnowIdyl>
        <ureterPerisCremes>firepanIacchicParent</ureterPerisCremes>
      </rampantEnowIdyl>
      <noyancePedroNiggra apresAssaltoPeched="867563616">
        <choughs>sanctusSope</choughs>
      </noyancePedroNiggra>
      <tawhaiRyal coulee="graved" unnaivePoindedNowhen="25">
        <rivalry>paviesHiring</rivalry>
      </tawhaiRyal>
    </coroadoBallers>
    <deadsAdibasiColla>
      <teuchitAvis>3159</teuchitAvis>
      <punkaSidler cabfulMaidu="timid" goyimMismet="uucpnetQurushLoather">
        <waur>572245505</waur>
      </punkaSidler>
    </deadsAdibasiColla>
  </raspishKhedahsTaiaha>
  <sunning>
    <heister>
      <bivalveRockatWedges>8</bivalveRockatWedges>
    </heister>
  </sunning>
  <flottenCodexBeggary>
    <surfeitReflew zitherHeptyl="lavecheCheaposCeria" tonightVisnomy="axlike8014" prey="recallColloid">
      <eeliest>58548</eeliest>
    </surfeitReflew>
    <outseenOutdoor>
      <eagersBurys>ruchbahAddenda</eagersBurys>
      <agingsBuistJagath kashaMitzvahYarners="7820">
        <templeIeeeSeepy>epipialFidded</templeIeeeSeepy>
      </agingsBuistJagath>
    </outseenOutdoor>
    <goalingAltify sulphoArgVoluble="41741777" virgate="squushAdustSheugh">
      <waggle>inarms</waggle>
    </goalingAltify>
    <bialys>
      <seminalRugous>testeeRecked</seminalRugous>
      <whetWasheryCestui jerviaWanters="47" dorterFolly="nudityOncosis">
        <mimbarRedueVie>kazoosTeatheOdored77</mimbarRedueVie>
      </whetWasheryCestui>
    </bialys>
    <scallop corvoAtweenDefile="darinUpstate">
      <axitesAutismsOrganon>maiaCaisson</axitesAutismsOrganon>
    </scallop>
    <dolman>
      <snying>shelleySeafolkWarehou</snying>
    </dolman>
    <echtAkeHocky minimal="signalsSouth" marcotFrsSunniah="allenLop">
      <corplWickedChape>45958</corplWickedChape>
    </echtAkeHocky>
    <bladeShedHoecake>
      <upsmite>sedile</upsmite>
      <omphacyCornus mimish="63" umbelapMeatheRises="schnookPentice">
        <narcein>baldedJumboLinings</narcein>
      </omphacyCornus>
      <incaicStrikeMoorn valleyBrocked="pleatedOolakanUphroes">
        <soke>anthryl</soke>
      </incaicStrikeMoorn>
      <swayer>
        <bourn>pall</bourn>
      </swayer>
      <studder hybrisAlgid="36060">
        <alongGustardPiddler>preemptBrinishPilula</alongGustardPiddler>
      </studder>
      <crackly>
        <refsInlard>attidBlowpit3790</refsInlard>
      </crackly>
      <forcesBoutoYohimbe insameCaliph="soddedExuvium" lareJuliottGigback="zigging">
        <celebsRander>kittly</celebsRander>
      </forcesBoutoYohimbe>
      <rechartBawWeesh khet="henismWheelerThriven5792" fylkerBoreas="midironRascals4">
        <solgelBlasterRagwork>koolauCollins</solgelBlasterRagwork>
      </rechartBawWeesh>
      <scupGoladar pohGaurs="viteAthecaeFrolics" broughtMasooka="blankHamlets">
        <jinjaNevomeAheight>befitBiggyDoeuvre</jinjaNevomeAheight>
      </scupGoladar>
    </bladeShedHoecake>
    <teary>
      <showyDawdles>tobeRetreat</showyDawdles>
      <cleanerOmanEncinas>
        <aliency>topicalScyt</aliency>
      </cleanerOmanEncinas>
      <orchil>
        <hinderMoughtPestle>acyloinSinuous4180</hinderMoughtPestle>
      </orchil>
      <playingFoozled herediaCucuyo="615698">
        <dismals>42596</dismals>
      </playingFoozled>
    </teary>
    <peciteCribbleKissage ospreysAnnuleCetonia="3211651">
      <evertedRoueRach>crock</evertedRoueRach>
    </peciteCribbleKissage>
    <mouldedReduces>
      <charily>81998</charily>
      <burbledThalliParegal cosineHarvey="alvanTupelosSchul">
        <gormedDetick>371121549</gormedDetick>
      </burbledThalliParegal>
      <gemulVowing chacoliAeneas="sodPledgor4">
        <morianKraTophe>vannetEuouaeEdema50</morianKraTophe>
      </gemulVowing>
      <pinatas>
        <treader>ignawBoing</treader>
      </pinatas>
      <congreeVacona wainsPeered="vernant">
        <yukkelDoffing>beamingZithern1742</yukkelDoffing>
      </congreeVacona>
      <blatantCalque bespokeSunnierTele="petosMuffed49" eleveJungianWynd="453302">
        <snickleAtropaUridine>arachicVermin</snickleAtropaUridine>
      </blatantCalque>
      <yarning smewEstadoLours="kickersFatwoodTamal" crutterSeelily="fucus">
        <hueLogan>geodesy</hueLogan>
      </yarning>
      <tuartBewraptVibex termLeveler="pasulPumpsThecia">
        <bylined>79777786</bylined>
      </tuartBewraptVibex>
    </mouldedReduces>
  </flottenCodexBeggary>
  <muslimAlsoon tangueHubbiteRadman="idlemanVaguest" snagrelYarnedMythize="cowpokeUnhoard" />
  <lowboys>
    <porc>
      <zoomedThaneKebab>rocketDually</zoomedThaneKebab>
    </porc>
    <knickerUnactedThuya naifsStygialPoorer="snugify1226">
      <rabatoPiratyShrine>praesesKerbsNifties</rabatoPiratyShrine>
      <tumbek spryest="cools" stewpotMesquin="enfelonCathroAlbainn3">
        <teererNitpick>arthelOpuscleElishah</teererNitpick>
      </tumbek>
      <unicumSavvyArzan lyophilHazellyWakeman="shoughStoraxEnmass2">
        <halsEstusPoundal>semichaApyrase</halsEstusPoundal>
      </unicumSavvyArzan>
      <nahumMennon snatchEllwand="aotus">
        <lyreLycheeShewing>advowee78</lyreLycheeShewing>
      </nahumMennon>
    </knickerUnactedThuya>
    <rigol spinierWindy="98700">
      <reheel>3</reheel>
    </rigol>
    <ladanumThamusUnmaze>
      <agrestTrucingBeliing>proximoEthene9</agrestTrucingBeliing>
    </ladanumThamusUnmaze>
    <cole>
      <wises>mayor</wises>
    </cole>
    <sleyerBeesHattock>
      <margayHetman>spyboatResetSpooled9</margayHetman>
    </sleyerBeesHattock>
    <anselmBidet pongoDalkChigoe="cerrero" hornitoKakke="68783" brewers="villagy">
      <mistypeMyricinBarnful>corageLazeThump</mistypeMyricinBarnful>
    </anselmBidet>
    <cuneiCollet>
      <certose>hawkeySighter</certose>
      <danubeAxemenEhrman>
        <loculiKippurBesague>foozlerLoavesSlaggy959</loculiKippurBesague>
      </danubeAxemenEhrman>
      <manbriaZanily>
        <acmeIricize>tendre</acmeIricize>
      </manbriaZanily>
      <meta biology="5390550">
        <tackPicaeHerbage>gragersBearZinc</tackPicaeHerbage>
      </meta>
    </cuneiCollet>
    <advowry mignonsPomada="runed">
      <lobsUmiacPimenta>faenaRockies</lobsUmiacPimenta>
    </advowry>
  </lowboys>
</tubbish>