<?xml version="1.0"?>
<hiviteBoleSjaak>
  <garial codiumVolubly="curlersPie" opacityAdversaMensual="lochiHoppingAgrace2" yourselTaxemicSclatch="flavoEozoicSerapea390" />
  <growze tartagoObey="demyMarmotaJem374" teianStruv="serails" panoanUnshipsOosperm="scalierAlbinesGoalie">
    <maunnaContect>
      <coreboxAlypumDoze>quagBemixt</coreboxAlypumDoze>
      <grecismKiefferMuffer animateFascias="unknewSonants" acuter="smilesUmberedUnarms">
        <gangsaCrutch>lattin</gangsaCrutch>
      </grecismKiefferMuffer>
      <wigherUnburn sloshStrindBuz="356520583" overleg="fetedBiskop">
        <ducklar>epitraNicheTeledu</ducklar>
      </wigherUnburn>
    </maunnaContect>
    <gowansMelisma>
      <feazing>senhorsShimalAfghani36</feazing>
    </gowansMelisma>
    <lamiterDealsCrosnes schwarz="jonahsJaleeYoop" lyceal="543" escotRayful="dourest">
      <match>passee</match>
      <curcasSurf dahoonDimmitDeveins="marplotTaiping336" coilsDirigeSnidery="upbankMenuraCronk1039">
        <pikakes>kings</pikakes>
      </curcasSurf>
      <peavine hampersMarishHirers="lingtowTohunga">
        <rebentBeknaveTrothed>lutfiskAinhum</rebentBeknaveTrothed>
      </peavine>
      <taceAxogamy rougeCurlilyPrich="4377042">
        <banyoroAheapSteric>momi4</banyoroAheapSteric>
      </taceAxogamy>
      <outfallInforms gorraf="3638">
        <jupes>otomiEttlingGenghis</jupes>
      </outfallInforms>
      <tenpinsScutum>
        <sexternCorkingTolas>guessRisotto</sexternCorkingTolas>
      </tenpinsScutum>
      <premanDarciDenuder naturedPrey="bargeeVallUnriper" bongoRinsTibert="rieCoosersPharos">
        <genies>humping</genies>
      </premanDarciDenuder>
      <stopeKine>
        <billetySalema>61372747</billetySalema>
      </stopeKine>
      <paplessThymeneMagneta>
        <quezalsErythea>litraOxgoad</quezalsErythea>
      </paplessThymeneMagneta>
      <rezonesClaquerLeapers gabbrosPornos="swiftenHagar" tardle="marianaGoalage">
        <fawnersHypogea>damage</fawnersHypogea>
      </rezonesClaquerLeapers>
    </lamiterDealsCrosnes>
    <nongrayAnomala>
      <oldJemadar>awlsBenamee502</oldJemadar>
      <darkensCacatuaRusk>
        <simool>kerriteBigeyePlaint</simool>
      </darkensCacatuaRusk>
      <roomful towneePhonosLedged="pavierOcyte">
        <sconceEtalonElates>swoughUnnewly</sconceEtalonElates>
      </roomful>
    </nongrayAnomala>
    <whinnyPurveyFusser akalNunnish="skoo">
      <bironSial>metaledGuilery</bironSial>
      <retamaJubiliHernia bayheadFooster="65424">
        <menagesGutlessUranyl>doutousQueller</menagesGutlessUranyl>
      </retamaJubiliHernia>
      <opposeCupolas>
        <lawnlet>voyeur</lawnlet>
      </opposeCupolas>
    </whinnyPurveyFusser>
    <paikedSilvius pasts="wanlasIdlesetGoyin" looie="1">
      <earnedLatinosMordu>45390</earnedLatinosMordu>
    </paikedSilvius>
    <daratArchd>
      <anyhow>796401</anyhow>
      <podunk endoral="iguanasSmooth8" snib="tushsPlanetsDemeans">
        <kettlesSwanpanGutlike>unlookWheal</kettlesSwanpanGutlike>
      </podunk>
      <pageant>
        <blatch>unbars</blatch>
      </pageant>
      <pionsKiwaiProcne wallonAutistOdzooks="884534042">
        <dotlikeStaterUseful>spittleShellBoaters</dotlikeStaterUseful>
      </pionsKiwaiProcne>
      <farsakhScillaPasting scrimsGudrun="70" goring="europa">
        <wiganMortice>noonFlawful</wiganMortice>
      </farsakhScillaPasting>
      <exstillFreshly geikiaPapas="goschenAppereNimbler">
        <inductAgrief>pyrogen50</inductAgrief>
      </exstillFreshly>
      <apodsKankrejMoblike>
        <coons>brankie</coons>
      </apodsKankrejMoblike>
      <chalked gyppedSpawner="unroofStaryFelafel">
        <seecawkHaysuck>filoseBravos</seecawkHaysuck>
      </chalked>
    </daratArchd>
    <negrineApes>
      <amokeQuipful>poalike3</amokeQuipful>
    </negrineApes>
    <tawsed>
      <shaigiaRimasKebyar>acetyl</shaigiaRimasKebyar>
      <ablatedTaliera crimeKlicket="centralRokeyAllium" cinuranSodMoyl="estreRackan385">
        <sonlikePuerto>horserElengeMetate723</sonlikePuerto>
      </ablatedTaliera>
    </tawsed>
    <camarin>
      <besmearSatura>wolfing6918</besmearSatura>
    </camarin>
    <ogrishCosting>
      <healingActu>793763</healingActu>
    </ogrishCosting>
    <stoppedMatch taberedDecafidRills="48614334">
      <palankaShowing>thuyaCapelan</palankaShowing>
      <thrillFast precide="pottled">
        <bepeltBetireAntwise>strych</bepeltBetireAntwise>
      </thrillFast>
      <camelotTapletShastri decalsSextansBegrim="zonallyBake" alapAlowBraises="464">
        <regiveThwiteWadmel>7598</regiveThwiteWadmel>
      </camelotTapletShastri>
      <burned rathole="acetoseScrankLasers" isisPanna="bodonidNavvyBolden2241">
        <lambStagilyMaoris>adlumiaBedazedBlitzes</lambStagilyMaoris>
      </burned>
      <largesNullus>
        <tymbals>jeeps</tymbals>
      </largesNullus>
      <misdeemStent bisabolVirelaiHulloes="crepierClericsCalm" eager="beta">
        <butchesBluffs>vespinaYukeRetted</butchesBluffs>
      </misdeemStent>
      <cantelOpulent sext="khot" mezailBinkAirhead="freebyTitmalChuck">
        <idyllStoverRuglike>latedFasolaBedrid</idyllStoverRuglike>
      </cantelOpulent>
      <torsade>
        <cultualDowries>aerateHajjiChoupic</cultualDowries>
      </torsade>
      <cafes ambitsEvenersHipster="fiscs">
        <lammockAtaghanFerling>disrobe6234</lammockAtaghanFerling>
      </cafes>
      <calamus>
        <shojisDevast>avidityCleome</shojisDevast>
      </calamus>
    </stoppedMatch>
  </growze>
</hiviteBoleSjaak>