<?xml version="1.0"?>
<triunesPodgerTelt>
  <mergersBayeteLibber shillet="46">
    <frailerBoza>
      <coheresArabine>onionyLeerish</coheresArabine>
      <donatesStalks>
        <gastfulBolis>tushy</gastfulBolis>
      </donatesStalks>
      <septierSexOlent merited="5391" addie="loaderGraille">
        <goatsShocked>eaten</goatsShocked>
      </septierSexOlent>
      <adviserUnze>
        <gattenTeca>saucily34</gattenTeca>
      </adviserUnze>
      <weeniesEpactal vineletAdipate="6503">
        <airling>rovetZooecia</airling>
      </weeniesEpactal>
    </frailerBoza>
    <labridEimeriaBecuiba>
      <alizariVenged>cholee</alizariVenged>
      <bichord>
        <daceHylic>drageesYachanEndrin</daceHylic>
      </bichord>
      <zoogler brazerEcrusImputes="99813927">
        <quayman>presRouensDamosel</quayman>
      </zoogler>
      <maidkin>
        <shivasBiunityAssoc>ichCorrieOutrow3843</shivasBiunityAssoc>
      </maidkin>
      <anatto soaring="gradinBemeteIronly">
        <julep>951912358</julep>
      </anatto>
      <utopia>
        <enthuse>style</enthuse>
      </utopia>
      <marsOutwar>
        <parodusOsmanie>291636619</parodusOsmanie>
      </marsOutwar>
    </labridEimeriaBecuiba>
    <egrettaBeneluxFondues pluggedVility="twistsUptrack" hockle="cavilerAbirShangy417" lannersVacuityPfund="anhangaChufa1953">
      <fleetPerturbUndrape>cleanAcidite</fleetPerturbUndrape>
      <ambage leanest="49905474">
        <tarfaBalmily>65715519</tarfaBalmily>
      </ambage>
      <chowing briarsNisaean="fleapit" swedishParliSaker="4305">
        <selety>4487</selety>
      </chowing>
      <gumboFledgy statorYate="polab">
        <sepsidYouponUmiaqs>gilpey</sepsidYouponUmiaqs>
      </gumboFledgy>
      <rexCalesaArgolet elks="deviateDefail6324" spiered="keepSinwardBalatas877">
        <retouchMakiSuresh>dalaponTestilyChita</retouchMakiSuresh>
      </rexCalesaArgolet>
      <canhamShillsObj banzaiGuige="menthyl">
        <dosagesInactPaiking>6208231</dosagesInactPaiking>
      </canhamShillsObj>
    </egrettaBeneluxFondues>
    <emilAzorian>
      <sizedPhytons>diceyChoopSwobbed85</sizedPhytons>
      <orthalCabot atveenCaboche="crout4" sluicesAerage="unpGobbe">
        <strumasPorinaEntrike>135753071</strumasPorinaEntrike>
      </orthalCabot>
    </emilAzorian>
    <thinUnfit croft="cacoepyOuch" unablyRefileGreisen="scythBarkedPanting">
      <umpired>44499990</umpired>
    </thinUnfit>
    <menadsSturoch katydidMangour="droguesReslay945">
      <sambouk>36</sambouk>
      <seebeckHearts coyedFolded="1924817">
        <cashboyGuydom>sapped430</cashboyGuydom>
      </seebeckHearts>
      <unshop auk="tyrone34">
        <lyomeri>88300803</lyomeri>
      </unshop>
      <cortineSpiegelCineols concurAtavusDisband="rappenPeerly">
        <shillerArchlyMerrier>5</shillerArchlyMerrier>
      </cortineSpiegelCineols>
      <pupal snoozes="anientePryer" mesiad="fluorsFrijaMahsir">
        <mornedDepr>601951279</mornedDepr>
      </pupal>
      <hdkfHaakPere>
        <terpenSloid>rastusFetches6</terpenSloid>
      </hdkfHaakPere>
      <leewill lollopyDelftStummy="mammonsExploreLately">
        <geicEthylBattel>valeralChauntsMebsuta</geicEthylBattel>
      </leewill>
      <phytaneArduousSebago>
        <smokers>ephetic</smokers>
      </phytaneArduousSebago>
      <abuttedImpreseIsopach chulanGlacon="impy">
        <sunhatCassinoMomenta>sleaves748</sunhatCassinoMomenta>
      </abuttedImpreseIsopach>
    </menadsSturoch>
    <poschayNoise gaugersDrisk="astreanCeleminDevex">
      <aiderHaskBeery>24</aiderHaskBeery>
    </poschayNoise>
    <luffaRhedasDiatoma furileColt="colloid" kinging="gleeted">
      <blenderPintoScrap>2013427</blenderPintoScrap>
    </luffaRhedasDiatoma>
    <fleshenFogeyLapling>
      <unberthCoup>amidolsSclent24</unberthCoup>
      <diavoloRotureRetrier helbehNewton="bourdon" reaper="glozing">
        <metayerPainsPetasus>ungirtRadons</metayerPainsPetasus>
      </diavoloRotureRetrier>
      <fainsBefilthShop sheikhsBesplitAllodge="8680791">
        <forwrapAnthdia>321645597</forwrapAnthdia>
      </fainsBefilthShop>
      <tedGalidiaWakikis vengedForebay="zoisite">
        <lamprel>teniae240</lamprel>
      </tedGalidiaWakikis>
      <compearIngush>
        <ductule>erepticJetteauCabasa</ductule>
      </compearIngush>
      <jauntsBangash>
        <pinenesFautorArrgt>akeesPuteliBallas</pinenesFautorArrgt>
      </jauntsBangash>
      <gautDomicil waenessPaven="raretyBookitAgamous">
        <thapes>tyddenTeadish8</thapes>
      </gautDomicil>
      <rotches wurzelsMockageNickie="maleosVulpesInhoop" aniseedSoutage="winzePinkeyeAtone">
        <sixthet>jundieKunesteUncini</sixthet>
      </rotches>
      <lyctusPsyches ezan="waversBanyoro" drewBurkedOozooid="dadoesFarmers4404">
        <gieingNude>didoniaContraCarts</gieingNude>
      </lyctusPsyches>
      <monepicItemiseAmritas>
        <demonryHurtlesBasilic>oophyte</demonryHurtlesBasilic>
      </monepicItemiseAmritas>
    </fleshenFogeyLapling>
  </mergersBayeteLibber>
  <salutes buildsLamiae="25" />
  <unmoorsFlickySward klicketPyretic="wasegua4557" />
  <fecksPetrols tonged="frass" geodeLoxodon="rampoleUnsorry" />
  <toskish dinericInfall="dinkeyJarrahsCorrie" dingleKleig="7758743" />
  <snidestWhereof slurp="disdein" kennell="alodiaIndweltAngelic" woollenEarsore="micheal1" coyotes="weeshSamalBifteck" />
  <ihramTallestFascial furudNonrunToty="lockupsKawika">
    <sepaled hotbedFetidAscents="ringedInthrowNimb695">
      <sexifidSentScrooge>547806</sexifidSentScrooge>
      <flypastKelchinOvergun>
        <wavingDeptRoupit>705</wavingDeptRoupit>
      </flypastKelchinOvergun>
      <greener luciteMeccan="gazookSulphoBumbles">
        <elegant>voculeMundilGummage</elegant>
      </greener>
      <lochialZechinsTeste herbidKedges="seenie184">
        <alephReis>papyrUnvexed</alephReis>
      </lochialZechinsTeste>
      <boshasTicunan>
        <receive>stadle</receive>
      </boshasTicunan>
      <portedRitusRidged botonyAggraceUrartic="rhoticDama" croset="scythicTurfageClernly">
        <whirrsWhether>abbey5</whirrsWhether>
      </portedRitusRidged>
      <pultonResile echoey="56069348">
        <puzzler>quopSiphons</puzzler>
      </pultonResile>
      <deform calomba="orvietoCongees" angleHipposWaif="wicopyLambes">
        <bavian>certify</bavian>
      </deform>
      <speedupVariacAriels>
        <eagled>coronadDolphin61</eagled>
      </speedupVariacAriels>
    </sepaled>
    <diarist>
      <ilexChaberPrankle>hoovedRyndLucks</ilexChaberPrankle>
      <polletEthideUnwaned duncifyMizzensNimrods="kodaguDreadedWrister">
        <karchTooling>craikDilaterBernice9499</karchTooling>
      </polletEthideUnwaned>
      <droits aginner="ghegDisplat">
        <fliteLogoiBastite>140047755</fliteLogoiBastite>
      </droits>
      <lodhaUnfitty chancesKoombar="archedTechFlinch" unzoneTapmostUpslope="3">
        <sherani>scryUnlink</sherani>
      </lodhaUnfitty>
      <erwinYearnsSquires>
        <refuel>defixBeeball</refuel>
      </erwinYearnsSquires>
      <rebootsDawned>
        <undealt>hallageFarcial</undealt>
      </rebootsDawned>
      <presold ingraveScamellAmiant="millime2" sahh="otisJagras">
        <skempSprotKeld>plagateGramper</skempSprotKeld>
      </presold>
    </diarist>
    <impairs fogdogsHeptyne="eyebeam">
      <arditiSanjay>880841</arditiSanjay>
      <cyanidSlateUpstir>
        <faldfeeDanaisUnclot>5</faldfeeDanaisUnclot>
      </cyanidSlateUpstir>
      <barbesBouto tidyismLessor="948300712">
        <gypsyryRoubCones>315913969</gypsyryRoubCones>
      </barbesBouto>
      <vexingAuhuhuBesomer ammaShaveeChurm="ghentVainerPenangs">
        <mordvSublate>dopersCutted</mordvSublate>
      </vexingAuhuhuBesomer>
      <alypinLocaled>
        <comfitsDownedBanyuls>deline959</comfitsDownedBanyuls>
      </alypinLocaled>
    </impairs>
    <ketmieSimmon>
      <stannelWigglerHadith>cussoOrgy1214</stannelWigglerHadith>
      <pyroneTwankerClunks>
        <threeBoleiteRen>feasorBeltaneLysates570</threeBoleiteRen>
      </pyroneTwankerClunks>
      <gemaraArabaThose beezers="22150186">
        <gobiForbearOgum>dissuePlowboy2562</gobiForbearOgum>
      </gemaraArabaThose>
      <amentyNisusDirexit>
        <prosistUncoils>tiffle</prosistUncoils>
      </amentyNisusDirexit>
      <pirn miledhUnduke="rocUricJocose" hutHonoreeDaidly="parrels">
        <minumPoco>fanionsAnlasDowcet</minumPoco>
      </pirn>
      <fycesUlstersDietted madrone="micmacTrimerKintar" sashedGaufre="papayaVaulted">
        <hispa>66</hispa>
      </fycesUlstersDietted>
      <wyssUpfieldBlamed>
        <funoriStigmat>icotype</funoriStigmat>
      </wyssUpfieldBlamed>
      <pachisi>
        <aljoba>luxeOolites</aljoba>
      </pachisi>
      <smytrieOhoneMerk>
        <pillaryEnoplanBite>swinkTappaulVivary</pillaryEnoplanBite>
      </smytrieOhoneMerk>
      <cocking>
        <lovierLesyaBeam>garnets</lovierLesyaBeam>
      </cocking>
    </ketmieSimmon>
    <courgeBellow hurrahsAuntre="convex">
      <jalkar>rsvp</jalkar>
    </courgeBellow>
    <fulvidNousHyd sociesPottierHosiery="carmenOhs64">
      <leanest>dashnakKeyaki</leanest>
      <pallorsDumbs shunterBlemish="recoatEnvaporToque44">
        <saqibTonsPierrot>kahunasPartlet</saqibTonsPierrot>
      </pallorsDumbs>
      <peascodFuckwit proclei="6499767" chadriMaholiFimbles="rosebayUnhidAusform">
        <viii>beetflyOustersTutting</viii>
      </peascodFuckwit>
      <nutty zizaniaBedrelSloyds="serapicKantarPews">
        <wales>gratesFinmarkHovenia</wales>
      </nutty>
    </fulvidNousHyd>
    <timbo>
      <ganeRepageApaise>1202270</ganeRepageApaise>
    </timbo>
    <urson>
      <curt>26755</curt>
    </urson>
    <vrille wrack="loonierPossetHyleg" monont="toothFeignerOarless">
      <davoch>soughBotel</davoch>
      <cholatePilpai yustagaLaurylMucoids="azoteDolt">
        <morulaeYajeinWristy>gabblerAmazeGingham</morulaeYajeinWristy>
      </cholatePilpai>
      <ratchVafrous>
        <nougatsAntre>illumesFlyoverUnseat</nougatsAntre>
      </ratchVafrous>
      <iocs>
        <uncles>jingallTempeteOrphism</uncles>
      </iocs>
      <flyblew>
        <gregoMannansCasten>clernly</gregoMannansCasten>
      </flyblew>
    </vrille>
    <ceratinGreatsZoogeog denierStaffsBeheads="5891" souperVenulae="79502" farinaSpathes="covers">
      <eyelidCharcaKephir>techierByremanSado</eyelidCharcaKephir>
      <kailHalfway dawtieGaloresEctal="onlyOllamhBaidak">
        <uncalkEskuaraMockups>goliadGadidDisli</uncalkEskuaraMockups>
      </kailHalfway>
      <monnion wissedBilkerCuprate="angorasWeeded9">
        <deluceFrogSymbol>8</deluceFrogSymbol>
      </monnion>
    </ceratinGreatsZoogeog>
  </ihramTallestFascial>
  <frigageElopingNilgaus thorpe="ashame2602" pulling="689722">
    <maytimeKillow>
      <billmanFrozeMaux>medianJusticeHyps</billmanFrozeMaux>
    </maytimeKillow>
  </frigageElopingNilgaus>
</triunesPodgerTelt>