<?xml version="1.0"?>
<tedium>
  <flaneurLituite redboneSomasSherri="woolmenWhoosy5" trigHewSugan="834" hechTreys="9751861" rumblyOcoteaSepta="sleuthPinnock397" />
  <mayorLegits anendKrithiaAurora="jacht40" biflexKiaat="mythicChadriBeefer" sissiesBayongManada="abosAsweat8523" eledoneDewretAgla="schloss">
    <smutterLags>
      <meredAmebous>serpigoKorzec</meredAmebous>
      <udaler sklater="bepunMetus">
        <becallBuzz>kinemasSpendsBrats</becallBuzz>
      </udaler>
      <jennetWooedBrember>
        <malthasHexylsHerries>furdle</malthasHexylsHerries>
      </jennetWooedBrember>
      <accupyTetany plectreDeepens="estuantBiotins" flummoxHypogyn="955590">
        <outholdUnsuit>bellies3</outholdUnsuit>
      </accupyTetany>
      <unrungBuddlerKingrow>
        <dowdiesMaxiEuodic>naiskosClod</dowdiesMaxiEuodic>
      </unrungBuddlerKingrow>
      <newsfulSantarCrevet branialDietine="bourder" awakeMassif="cocasIncisal">
        <parapodAedine>resweatTorsileMoiley</parapodAedine>
      </newsfulSantarCrevet>
    </smutterLags>
  </mayorLegits>
  <loopySolsFlour />
  <enclogNoachicPhotons physcia="german" cpus="moler" aratiTalipotColfox="debugsSencioMollify5">
    <learierGlarry greeksRenette="gadlingLentousHazzans">
      <ablerMyodesTriaene>detiMumnessAntipot3760</ablerMyodesTriaene>
    </learierGlarry>
    <lequearCameistSires isodrin="twattleKookie981" malthaEppes="orpinsJasp87">
      <surfyAzuresLivings>senatesVireHols</surfyAzuresLivings>
      <miserSlogsGauping pomonic="isbasSelahs">
        <scoopedLingcod>myosinsWarsaw</scoopedLingcod>
      </miserSlogsGauping>
      <julidanDevot>
        <unveilDudleyMaggot>versionOnyxis</unveilDudleyMaggot>
      </julidanDevot>
      <weaklyBrowst sma="18831119" saeter="cahill">
        <bebaitMesivta>9614</bebaitMesivta>
      </weaklyBrowst>
      <buntsTalcing girtedUnwomb="tchapan">
        <silipanGrummerReddock>eternalOhv</silipanGrummerReddock>
      </buntsTalcing>
      <briefsUnrowSadh>
        <parquetOutsets>8143216</parquetOutsets>
      </briefsUnrowSadh>
      <aeonist puriri="chador" russNubbinCumol="671">
        <unsiegeBaggiesBlanche>acedyDhobiSkewing</unsiegeBaggiesBlanche>
      </aeonist>
      <kesse devasBoostsOutkept="fusulaeAntwerpSooted" obscure="bultellErythea">
        <noshed>buglossRebosa</noshed>
      </kesse>
      <mahicanPallaCurnie>
        <backseyCorkishLustred>toea2765</backseyCorkishLustred>
      </mahicanPallaCurnie>
    </lequearCameistSires>
    <maserAljamia hardie="jato" doorboy="dinkeyFuelsObolus242">
      <tomiaThubanPoult>pifflesHogbackChebel</tomiaThubanPoult>
      <cainiteDarksumModulus jiboa="redlineAudiosOkta">
        <octopedDried>inks</octopedDried>
      </cainiteDarksumModulus>
      <cocin hurliesChewyMarid="2393831" stanzasTuladiEmporia="markaz">
        <unwax>nycteaCicadidHealed</unwax>
      </cocin>
      <wades undraws="limbi" alpieuNafPeiping="swerves">
        <towbarGorra>923072523</towbarGorra>
      </wades>
      <honesIguania expedeMeddled="pilauTychitePepped76" seizinsSlowGalchic="hasterAments">
        <drosky>gimelsCymraegTorydom</drosky>
      </honesIguania>
      <crimmer batletBardo="turbotsEuscaroMorelle" recurveBecurstFlanes="timorBocksWoan">
        <obeah>pygalDozenExtreme</obeah>
      </crimmer>
      <zinganiBinzuru ordealsRandingBolting="spandex" elkdom="646645187">
        <blaugas>hydroidRoofersRomans</blaugas>
      </zinganiBinzuru>
      <libitumThruAntiars finnocGorgetSistent="alida">
        <ausform>unwrungMidgety14</ausform>
      </libitumThruAntiars>
      <tiesShowilyCordal>
        <niueRebeset>3843005</niueRebeset>
      </tiesShowilyCordal>
    </maserAljamia>
    <areasonPerrie>
      <dedo>layedAbbrev</dedo>
      <cosech>
        <kedgy>deked</kedgy>
      </cosech>
      <wuzzleDevolve prooOogonia="trebledTripeTcheka">
        <refrozeDecurve>rowerRuttishMesh</refrozeDecurve>
      </wuzzleDevolve>
      <strassTundishAsqueal slidderDiscerpCasabe="63666961">
        <epigeicRhizoid>lainerTinlike</epigeicRhizoid>
      </strassTundishAsqueal>
      <porterNozzler etnasCineol="42355397">
        <looked>3</looked>
      </porterNozzler>
      <boccaro>
        <dauphinAediles>stadialBoydom</dauphinAediles>
      </boccaro>
      <nonsineAbsurdsBetrend fannell="regimen" shahidiFalcade="69213184">
        <leonisCymarsRooftop>bilsted</leonisCymarsRooftop>
      </nonsineAbsurdsBetrend>
      <inhumes saifySpeederConics="nipple">
        <oke>bonRepleatMoil</oke>
      </inhumes>
    </areasonPerrie>
    <tumefyDisgust>
      <kahunaDeanerCutset>laborBunglerMirza</kahunaDeanerCutset>
    </tumefyDisgust>
  </enclogNoachicPhotons>
  <bretonsParsleyEncreel angekok="697710" jargonChowPyrene="sahiwalYasnaPecked2" gotosPenney="18568" cupulae="sloosh" />
  <cafenehCohosts stokedOxbloodOltunna="coteauxDaynetMikveh" mundle="sulciQuarts" turtosaHadeanExedrae="tweaks" phallusOutface="evanNecksGularis" />
</tedium>