<?xml version="1.0"?>
<bursal>
  <pokersGlazerBigotry tunneySpissus="volAdoninDet">
    <technicAtavist>
      <shapyDimmetSud>vodum</shapyDimmetSud>
      <favelSabers>
        <decatylLilialGibby>begift4822</decatylLilialGibby>
      </favelSabers>
    </technicAtavist>
    <naivest>
      <marquesDulat>candide1</marquesDulat>
      <gaster mocksPeddled="yeaomanWheki">
        <chinwagCarumHallock>hipness</chinwagCarumHallock>
      </gaster>
      <masonsRhaphaeSeat dullityWristsSlayed="wingbow">
        <feuterNailer>codersHousyAxile</feuterNailer>
      </masonsRhaphaeSeat>
      <reachyBracken pyoses="momentLousedReseda" roddenTuteleAgnean="adjoust">
        <khotanaUpgradeXoanona>1093273</khotanaUpgradeXoanona>
      </reachyBracken>
      <outpityPoliter sliestPippenAdmass="breiAmutter" etatistWaughy="toned2900">
        <firrySteedsTeasels>rodster</firrySteedsTeasels>
      </outpityPoliter>
      <ponja spiroPantingLispund="dcorDeceiveAins" lerotWrasse="96">
        <atingaPrierGipping>416</atingaPrierGipping>
      </ponja>
    </naivest>
    <burnets lealtyGames="boyship" morglayLynn="bingeysPabalum52">
      <vendersSlewWosbird>9914</vendersSlewWosbird>
      <gothLant incudes="jerkinsNichil">
        <sunstarSicks>outbrayMash</sunstarSicks>
      </gothLant>
      <bouvier>
        <afflateTurksObeyed>brumbeeDismaysChelide4</afflateTurksObeyed>
      </bouvier>
      <trowths choppedDitoneAvionic="enointSquawsKnitted">
        <kalends>rooteryMatrassKetoses</kalends>
      </trowths>
      <moksha britain="onsFusains">
        <fairlyDicot>353</fairlyDicot>
      </moksha>
      <chimbeBezoar listredArose="sudDrollyTimaeus" frisado="74536445">
        <quallyPetalLupous>incage</quallyPetalLupous>
      </chimbeBezoar>
      <alertedGalagos salty="31447924">
        <weirsCopying>7724</weirsCopying>
      </alertedGalagos>
      <abigeusHast savours="tabelBatfowlBusera" wisseDaubed="6995922">
        <kaliCinclis>veilerLatakiaFirk</kaliCinclis>
      </abigeusHast>
    </burnets>
    <pyrrolsYarnedEtched>
      <pixiesConvoysAngwich>5318</pixiesConvoysAngwich>
      <tuboidParges frankly="bargeer">
        <eciton>forcersWigdom</eciton>
      </tuboidParges>
      <craftedWorsted trothsMurexidRaffish="myself" benzenePrelaty="7862">
        <nanitic>rigs</nanitic>
      </craftedWorsted>
      <telsonKilij foamsRabfak="cert">
        <amicousRechal>peliom</amicousRechal>
      </telsonKilij>
      <asst landsDisegno="tzentalTenture">
        <gappingAbakas>bogard</gappingAbakas>
      </asst>
      <oilcoatTakeout kip="45203" paucalSantol="prosierNimshiModeled">
        <crummie>lureWetchet</crummie>
      </oilcoatTakeout>
      <ayapanaPestled chirper="50502772" aigletsCompt="ductureTjenkal">
        <readoptStoat>iresineHuntsPelican6</readoptStoat>
      </ayapanaPestled>
      <clat civileGlyphicBarcan="crakeHemal" viduityCongees="logia">
        <sneerSalamo>dottel282</sneerSalamo>
      </clat>
    </pyrrolsYarnedEtched>
    <hefted pyalla="pebaBuffoon" claggy="rueAspiresTandy9297">
      <mansard>rangier</mansard>
      <jumped horridGobiesBoches="cajaputSilages654" swamisPoroseHollers="for">
        <reamendSydneyElegits>taxied</reamendSydneyElegits>
      </jumped>
      <ruchbahChirked hausseEnodate="fidleysGigsman">
        <pinfoldTiffany>242451</pinfoldTiffany>
      </ruchbahChirked>
      <sotieEnvault keatsGewgawsSamh="buskyGazebosRadulae" tritorWattage="apoplexTubae8">
        <coifedRicherTron>988</coifedRicherTron>
      </sotieEnvault>
      <gumlyKnee cuppa="opacify">
        <parureKaddish>possySpeleanHafnia</parureKaddish>
      </gumlyKnee>
      <ectype hyetalBesselKnack="topcastDaoPolster">
        <naveledRefuses>embrace</naveledRefuses>
      </ectype>
      <murkishBaseSubsets lasFormlyStardom="joan">
        <dhooleyForrard>lockoutPlashSsort</dhooleyForrard>
      </murkishBaseSubsets>
      <kopeckMoulin catjangFiascoCooling="luteciaYawnfulSarge" proberBaning="nasardMousoniGangwa">
        <caxiriLuce>zebubSkedge227</caxiriLuce>
      </kopeckMoulin>
      <passoHalersFraming larariaChiningShire="319598096">
        <dauntonFetidlyOutsail>lated</dauntonFetidlyOutsail>
      </passoHalersFraming>
    </hefted>
    <shonaRippetLegging>
      <armrackCorses>repinerEndentWeedful9781</armrackCorses>
      <muguetGambiaHammaid>
        <seelingUpbrastIsidia>kinkled</seelingUpbrastIsidia>
      </muguetGambiaHammaid>
      <juga heezingOoidBogwood="busboysGasperUndrawn" virent="ficheBoltelSaltbox">
        <marlyPeasantGrasset>otelloAhuChasmed</marlyPeasantGrasset>
      </juga>
      <ibadite spulyieOgressLeprous="peroxylOthmany" todeaWithiesAlgums="wovokaSalpidSnob">
        <monadesEmboleYochel>matzoon54</monadesEmboleYochel>
      </ibadite>
      <greable cumularOrtsMurmurs="5366876">
        <sabrasArabicaMeharis>2372686</sabrasArabicaMeharis>
      </greable>
      <amazedDuskily pryFasolaLiquid="chordaConviveUnangry" arabismArrArthel="youward">
        <tankful>pilule</tankful>
      </amazedDuskily>
      <goosish>
        <monsia>felling</monsia>
      </goosish>
      <persesEquine biblessPoryNumbat="hydromeChazanTheatry" hadithsBowheadFetid="safelyArchySchriks">
        <iberismTaffies>amazonNapkinUncrib</iberismTaffies>
      </persesEquine>
      <objectMekongRamal hutchesMiscallGaming="klismosSridhar">
        <tudorFatlike>embers5</tudorFatlike>
      </objectMekongRamal>
      <leavedEludeDuskish dockerKusanVirls="repeal" predoom="flake52">
        <extypalPhiltraRiling>bawl</extypalPhiltraRiling>
      </leavedEludeDuskish>
    </shonaRippetLegging>
    <boreenClicky ascitesCrayon="subtextDentins" keruingBaccateShirley="chilverCraningBratty">
      <oxidantCrucisCundum>fugal</oxidantCrucisCundum>
    </boreenClicky>
    <throne>
      <boucanBaruchDiaper>aflowKiaughs</boucanBaruchDiaper>
      <rideredStyldia gut="13592809">
        <analogs>terence</analogs>
      </rideredStyldia>
      <brutalCreaker fallacy="passionPenup" malcolmPhenene="40909">
        <autreGlyph>boaedon</autreGlyph>
      </brutalCreaker>
      <shelyakEttlingGnatty lunierCoccinKearn="800949">
        <doggie>33619079</doggie>
      </shelyakEttlingGnatty>
    </throne>
    <alaiPointUphhove butyrylCumarin="bisterUredine" boatage="19432159" aspalax="nertzSauve">
      <moultedBissoWetted>502709388</moultedBissoWetted>
    </alaiPointUphhove>
    <stupefy>
      <vintaSmugJagras>korecHibitoSavoys</vintaSmugJagras>
      <goldinEpiceneAnnelid arryishSickieArchine="roomily" swardMamry="196787623">
        <warmfulWaghCantina>reduncaOunds</warmfulWaghCantina>
      </goldinEpiceneAnnelid>
      <clarityObolet>
        <cravensSechium>quiapoLignumsLvalue</cravensSechium>
      </clarityObolet>
      <ltr>
        <owerby>457427</owerby>
      </ltr>
      <konjakMeeds>
        <hikersTarocAviso>gutless</hikersTarocAviso>
      </konjakMeeds>
      <agreingRecederCanines>
        <saw>pinjane</saw>
      </agreingRecederCanines>
      <pechaySorgho>
        <uller>pawnedCluedUreter</uller>
      </pechaySorgho>
      <eskimosLidsBoonies dullard="cabletsVamoose4004">
        <floursVizirs>dwiningGascon</floursVizirs>
      </eskimosLidsBoonies>
    </stupefy>
    <gloomth>
      <inshoot>belton</inshoot>
    </gloomth>
    <glovingCheveeEnfelon>
      <censedMadrier>unhouse</censedMadrier>
      <pottaroPartedKeeve>
        <pitwoodKaratto>muzzlerWinedConfr</pitwoodKaratto>
      </pottaroPartedKeeve>
      <grovels bwanasGrallae="58" anabolyJungianHoopoes="lemansBharti">
        <porrima>carnsArcade</porrima>
      </grovels>
      <ingangs>
        <peckful>851</peckful>
      </ingangs>
    </glovingCheveeEnfelon>
    <orihonSlowestStond>
      <invadesRegluesDerecho>deflowTriageFell</invadesRegluesDerecho>
    </orihonSlowestStond>
  </pokersGlazerBigotry>
  <gearmanAlbinic>
    <inialTwolingBream>
      <puritan>strungNomadeThakur</puritan>
      <lacrymAveOverall yangtzeDalasis="brediThatd">
        <browzer>88</browzer>
      </lacrymAveOverall>
    </inialTwolingBream>
    <garblesKat>
      <insepSpinoidOlivean>698308768</insepSpinoidOlivean>
    </garblesKat>
    <boreiadPahariMyrtal hopeful="209673178" holmicSnogGewgawy="quarmenHornie" puppy="howfingSyzygy">
      <outffed>frayingQuernalAmmites</outffed>
      <junoniaMorning wuzzled="pyemiasCiter">
        <mautShraf>7998</mautShraf>
      </junoniaMorning>
    </boreiadPahariMyrtal>
    <ductuleGos>
      <ovens>tega</ovens>
      <spivvyAloeticPentit essenceMoner="stateThundLugger" scytalePortentChukka="eruditeStetted">
        <belli>parkish48</belli>
      </spivvyAloeticPentit>
      <devisal arborer="sizzler" stripBasesReduced="miliolaTriable">
        <foraneManship>pleckWystyDodding</foraneManship>
      </devisal>
    </ductuleGos>
    <messrs alcippe="swab">
      <thrawIta>233181256</thrawIta>
    </messrs>
    <laeticStirsMaliki>
      <islam>pebblesAdamicHiren</islam>
    </laeticStirsMaliki>
    <haceksAdmitsJocoque elliceInstr="7" winkelMenkindExtacie="unhelp">
      <dabblesAdmiral>volcanKhanum</dabblesAdmiral>
    </haceksAdmitsJocoque>
    <debusedCypseli>
      <cranialRanches>943706</cranialRanches>
      <cajun>
        <ascettaLatvian>muntjacCarvels5</ascettaLatvian>
      </cajun>
      <ramming>
        <termedCongasParpend>alum</termedCongasParpend>
      </ramming>
      <alnicoHoodie reavedJowlishLakist="ribzubaBurge41">
        <belindaSneaped>209669</belindaSneaped>
      </alnicoHoodie>
      <scarer>
        <kiefsAnbaPedate>462551494</kiefsAnbaPedate>
      </scarer>
    </debusedCypseli>
    <morceau>
      <servantCaddishHostile>spatedLimemanForworn</servantCaddishHostile>
      <hirings scry="147">
        <unipart>645155156</unipart>
      </hirings>
      <dourlyCometic>
        <bunion>jumanaBadinerZitzith3778</bunion>
      </dourlyCometic>
      <hingCurat>
        <songoiKenyanTimbals>imposal</songoiKenyanTimbals>
      </hingCurat>
      <greggleScyphaFits corning="studier8395">
        <ferisonQuinet>scuzzyEpsomMisses</ferisonQuinet>
      </greggleScyphaFits>
      <sejoinGirted>
        <dapper>alltud</dapper>
      </sejoinGirted>
      <trytEmbuiaMadder toupee="86723" mopusesMoutheOblate="shoatsPombo">
        <sarksFaki>rotundoVivresTarte</sarksFaki>
      </trytEmbuiaMadder>
    </morceau>
    <muskegsRealsOvarial>
      <tawers>sapa</tawers>
    </muskegsRealsOvarial>
    <keckledConatusDiffer started="garbillCrithTenebra" vomitusHagsCarbone="direrVirallyBlanque5">
      <hauPangsEsodic>babiismPeckledKatogle80</hauPangsEsodic>
    </keckledConatusDiffer>
    <gamilyGenoms topmanPineryWharves="setwise">
      <tiesEbonsWorth>warsaw</tiesEbonsWorth>
      <bratty amildar="replaysPursersAnosia520" wharfeCalomba="oxskinRedroop">
        <tammy>434</tammy>
      </bratty>
      <cokerTholos heathen="helvingKolami" salmaCatstep="abolishPilaf">
        <bellyer>5</bellyer>
      </cokerTholos>
      <beatee comarca="reddersMensk">
        <devanceRoarBravura>manque</devanceRoarBravura>
      </beatee>
    </gamilyGenoms>
  </gearmanAlbinic>
  <buddageCytons>
    <godsons>
      <kodagu>lossfulFrails</kodagu>
    </godsons>
    <unbraceGershonDigits>
      <obduceLignins>gladierRevivalUrger</obduceLignins>
    </unbraceGershonDigits>
    <weldersUrazine>
      <lyceum>biontSewery</lyceum>
      <cataria aidedColeur="operas529">
        <assbaaYaksTzaam>neurone</assbaaYaksTzaam>
      </cataria>
    </weldersUrazine>
    <civicalRaun pinkieHakkaHark="7920" layover="636826543" simoomMyosesBelight="208317165">
      <waded>yarrySolates</waded>
      <wumman grannam="tafiaUpdartsEugenia">
        <rapineTituliMustify>348</rapineTituliMustify>
      </wumman>
      <slightAffyingGrange geishasYeggsSenates="tythes" sweatyLiang="567">
        <lacierReaversSenaah>635</lacierReaversSenaah>
      </slightAffyingGrange>
      <lamden mashedInvadesRaiyat="678886">
        <choseJger>tackles</choseJger>
      </lamden>
      <fellateOminate>
        <sagittaVeniresSanggil>barongaBogus</sagittaVeniresSanggil>
      </fellateOminate>
      <juliaSensu>
        <yoven>thripSpankFatness739</yoven>
      </juliaSensu>
      <lanoseIanusOasis>
        <outslid>unbruteAwn</outslid>
      </lanoseIanusOasis>
      <reliveSnitchAtabek>
        <chopas>curtain13</chopas>
      </reliveSnitchAtabek>
      <shnook leafit="evanishAlkylAprocta2962">
        <chainBionicCoronas>71549456</chainBionicCoronas>
      </shnook>
      <agroundTroths oilseedBacony="doriesBewhore">
        <nomial>manlierJowar</nomial>
      </agroundTroths>
    </civicalRaun>
  </buddageCytons>
  <eyespot miffDev="9" terrifyPanisicKeramic="scutterTuyers" pruntedPismireStilled="ceinte" prizes="taberCleeks">
    <unsneckRelotIncord>
      <asokaTesuqueSkated>811065</asokaTesuqueSkated>
      <chirker piproidIsadoraLegua="astrier">
        <kamassEnglyns>chimuYeggman</kamassEnglyns>
      </chirker>
      <droukedCacajao>
        <sartorsJetes>hoofer</sartorsJetes>
      </droukedCacajao>
      <eleidin troakedLamiidMidtap="vick25" unfalse="enrobeGloms">
        <pyoceleSuccade>scaloni</pyoceleSuccade>
      </eleidin>
      <crinchAscidiaOlpes praseRooed="pearlinChylesYakker" clivZoeformFraid="revetoCannatGibed">
        <cambiaMissionTunas>lavecheGravida</cambiaMissionTunas>
      </crinchAscidiaOlpes>
      <pedionZan existedPalmDunger="seudahDawks60" toadierSugh="foroldDaunchSemiorb">
        <birdsLanista>doeskinEncloakSharker42</birdsLanista>
      </pedionZan>
      <waggyFurnage>
        <pounder>jingals</pounder>
      </waggyFurnage>
      <prangQanat>
        <chawersThurlBarky>kauriesPacersEntally515</chawersThurlBarky>
      </prangQanat>
    </unsneckRelotIncord>
    <edgiest>
      <zygionSquashy>otozoumHogglerEmbeds</zygionSquashy>
      <monase>
        <strave>yarestTopo721</strave>
      </monase>
      <exiesPangium bundhSamucanBoris="incaseCriedAirted">
        <tilingsCzardomTaily>twiRooseWrithe</tilingsCzardomTaily>
      </exiesPangium>
      <nusGranula greasy="fudger52" rounded="lockjawAbilaoChewink">
        <belar>toxaminTamps5</belar>
      </nusGranula>
      <frightBurlierFaulty knickerScupSmeeky="hoopman" eolianTarre="faughSiberic">
        <occult>4179833</occult>
      </frightBurlierFaulty>
      <ulyssesElixirSimpson ficesColkWakanda="baddishPilonDomed9">
        <filed>oreJudah1</filed>
      </ulyssesElixirSimpson>
      <unwireSwisser>
        <atropicOpened>gumpusLinsey</atropicOpened>
      </unwireSwisser>
      <lenaeumEmerit>
        <liroth>hoopers</liroth>
      </lenaeumEmerit>
    </edgiest>
    <dilemma>
      <kintyreBitchesKabars>comaPipile447</kintyreBitchesKabars>
      <dewlike>
        <iraterAbulia>glueingSpewer896</iraterAbulia>
      </dewlike>
      <whopHunker sauriaHedgierMetron="wagConciteFuckwit">
        <sorexEneuch>shovalTableauSkaldic</sorexEneuch>
      </whopHunker>
      <annie>
        <monofil>ditingCeePinken</monofil>
      </annie>
      <autere saladinPardyBroads="140280736" diddest="tinkleDampy">
        <smokehoGlommox>rettedBroadRiff</smokehoGlommox>
      </autere>
      <zealandDitaliChimb serpens="crizzel" dorado="homagerOaritis">
        <walapaiPivoterSwarthy>bier</walapaiPivoterSwarthy>
      </zealandDitaliChimb>
      <ope champer="cushaws3312">
        <daunNovTutors>merlins</daunNovTutors>
      </ope>
      <dantaCaramelSommite theyveBraize="flasherSeacockBarbera">
        <corton>nyetCoteen</corton>
      </dantaCaramelSommite>
      <ambay nevadaBelady="basin7214">
        <moolahBronzedValue>anodineHuanaco2</moolahBronzedValue>
      </ambay>
    </dilemma>
    <offerTogaAlif>
      <minesLaglastLambent>portals</minesLaglastLambent>
    </offerTogaAlif>
    <healful mango="penounOmitis">
      <carrion>palateBummockCites</carrion>
    </healful>
    <talcCortez>
      <suinaSlovens>brushBoucher</suinaSlovens>
    </talcCortez>
  </eyespot>
  <skibob usqueCimlinePasture="wirrahRheidae" />
  <riataUpstood hugestPoikileHookish="furlaneTrimeraUntruck214" silDamsiteAnsel="rootiGalahadSandier" genep="17201" gutted="hoarier7286">
    <crenicRuffler>
      <porchedGiedDompt>cisele</porchedGiedDompt>
      <bortShowish lucrineSures="5">
        <smalti>bacinGroughDozenth869</smalti>
      </bortShowish>
      <dindonNumbers>
        <talleroAlinota>airbagsFrameae</talleroAlinota>
      </dindonNumbers>
      <rumness>
        <egally>891935237</egally>
      </rumness>
      <botonnyJourney pennate="78791">
        <acanthaCutchDensen>doater</acanthaCutchDensen>
      </botonnyJourney>
      <juvenalLastreDaggar thiamid="flankedSediliaDid" thionic="makateaRecokeGibus3767">
        <doubled>girlsUpeygan</doubled>
      </juvenalLastreDaggar>
      <lustful>
        <oleana>likenedProband3863</oleana>
      </lustful>
      <unbusyMiroHeeding mixtureDewittArcana="halalahRelatch" steely="poolyBassan">
        <motmot>mislive</motmot>
      </unbusyMiroHeeding>
      <uranyls unlovedRunnerCocoa="jaildom773">
        <strivyTammanyGoy>illoyalDaglock2</strivyTammanyGoy>
      </uranyls>
      <calming amicesTriste="amenageUrodele" soverty="pilawEfik">
        <glyoxim>kelpy</glyoxim>
      </calming>
    </crenicRuffler>
    <tyste>
      <aletrisUngulae>resinkEcclPaltry</aletrisUngulae>
      <topasBowtie sookGlopPloys="beerierBisexedScarph" sulfone="touaregFractalIxodic">
        <sedgyEleminYoga>yese</sedgyEleminYoga>
      </topasBowtie>
      <metoacEnwindsBonnet tresselFairly="corvine3676">
        <cudgelPoses>rinsEngineBehang202</cudgelPoses>
      </metoacEnwindsBonnet>
      <shirlGimbri baratoSieving="diiodo">
        <padresBudgies>pondoUnbeget</padresBudgies>
      </shirlGimbri>
      <diploid>
        <hoecakeOpinion>smallenTariricByward</hoecakeOpinion>
      </diploid>
      <cravatsAboma bairnsShynessBlucher="7" pitirri="dhoulFurcae861">
        <funestCawneyJessed>turcism</funestCawneyJessed>
      </cravatsAboma>
      <rivage fuzzesFonduGallus="avoidedRattel" coalaActiniaCentile="5978216">
        <hashiyaIrregTrewel>trammerGaboon</hashiyaIrregTrewel>
      </rivage>
    </tyste>
    <beigeUntipt>
      <graded>simplum</graded>
    </beigeUntipt>
    <hoodle>
      <cactalRaneeMunia>199347702</cactalRaneeMunia>
      <mailingGeraeraMadiga unhook="owenMoorageWreaker">
        <asmilePickaxe>tempeanTarliesUnethic92</asmilePickaxe>
      </mailingGeraeraMadiga>
      <pinuelaIslandySibby>
        <cautelGut>ponceBilaanPhoebus</cautelGut>
      </pinuelaIslandySibby>
    </hoodle>
    <unsaltyHentsPiraty sajouSofar="roven" marsesDurbar="merlingSootishSottery" phragmaPasskey="repine">
      <shuln>ripoffsPaydays</shuln>
    </unsaltyHentsPiraty>
    <ternsLynMatres triliumColoursSedged="marcosVaguish" lillVentureNotate="alaska" parries="unrollsCankery">
      <shakosJaguars>vaurien</shakosJaguars>
    </ternsLynMatres>
    <infirmFitzHarrage atinga="beachiePotty">
      <izzy>2456601</izzy>
    </infirmFitzHarrage>
    <hugestBimongApitong>
      <delete>9164</delete>
    </hugestBimongApitong>
    <camailMotto>
      <gaywayUngilt>sekaneItalPerigon</gaywayUngilt>
    </camailMotto>
    <picaeTummyKanap presageTzontleHeehaws="truesMajestaUncream">
      <outpassAraneae>moetBafaro134</outpassAraneae>
    </picaeTummyKanap>
    <bakers>
      <isogonFrown>5656</isogonFrown>
      <hopbushWantage>
        <ignamePacinkoCrany>upsupTritorPurview</ignamePacinkoCrany>
      </hopbushWantage>
      <imprevuDoodles paho="margeryJoulOrdures" aetherPeakily="popode">
        <aladdinCaulk>79</aladdinCaulk>
      </imprevuDoodles>
      <rumblesHissersRescues>
        <smudderZincReese>pigman</smudderZincReese>
      </rumblesHissersRescues>
      <vibrio lastexChelaSphacel="holgate">
        <dornicFagger>ungueal6540</dornicFagger>
      </vibrio>
      <amidstGrivet nuzzlerFreenDigenic="3890">
        <earsore>charBrandon</earsore>
      </amidstGrivet>
      <fumeuse miniardStaigsAlmners="planner" stomaCourser="lycopod1579">
        <blooms>jettiesWheengeDugs2435</blooms>
      </fumeuse>
    </bakers>
  </riataUpstood>
  <laotianExcheat dumbsPastour="shegets" adjutor="6489660" douches="haemony" blazing="champakLood">
    <chevaux>
      <allwork>shivs</allwork>
      <yelling>
        <tritaphJiving>9</tritaphJiving>
      </yelling>
    </chevaux>
    <juhaBranderStewpan>
      <uritePadding>canelaBahoo</uritePadding>
    </juhaBranderStewpan>
    <empearl smerkedKnuckly="freshSlavesBekick" gleams="osazoneMealed">
      <mazuma>upgrade</mazuma>
      <waversJobmenCensed gavels="bewaredShiningOozed" ungiantSymtabAmity="slokenDraught">
        <gleeksBigottySayette>domalUnmownPhasm</gleeksBigottySayette>
      </waversJobmenCensed>
      <fuelled>
        <amidate>dannerSizzlerGrucche</amidate>
      </fuelled>
    </empearl>
    <inshellFrailsJilters>
      <bint>755597887</bint>
      <demes canariScopineRenames="palki">
        <vitro>treronGlaucin8</vitro>
      </demes>
      <diptera trog="cheeterChurada5" ferriteVeiled="penmenUpeatCmdg">
        <enhuileSosoishHelps>4038232</enhuileSosoishHelps>
      </diptera>
      <adnoun zunianBaronyChem="reluct">
        <fragor>kloof676</fragor>
      </adnoun>
      <moundsSlaker weazenBandbox="distale" trewageRambongPolster="markisStaplfJoutes">
        <appalsYowlsNimmed>vannusPeaches</appalsYowlsNimmed>
      </moundsSlaker>
      <chidra gnarredAviculaHarness="sceatShuttenKrelos">
        <cuttled>132681</cuttled>
      </chidra>
      <glug bagmenVanner="frouzePizzazz" ecarte="skibobs">
        <miaower>ignitesWhicker7</miaower>
      </glug>
      <sandies heelcapConge="plonks">
        <isinaiHinges>evoeArvalDelapse</isinaiHinges>
      </sandies>
    </inshellFrailsJilters>
    <swayingTressed idaean="806496">
      <misaddsKrithia>remergeRoyalet</misaddsKrithia>
    </swayingTressed>
    <chacate>
      <straHexaxon>sottingYepely</straHexaxon>
    </chacate>
    <tssMadameNusakan>
      <asfast>403571624</asfast>
      <vrbaiteBarecaCebid>
        <dappedStoachCorol>podsolsRedunca</dappedStoachCorol>
      </vrbaiteBarecaCebid>
      <levelVimfulSlog swithDrovers="58094607" shabbleEnsteelScabine="pried">
        <langretCocoon>3</langretCocoon>
      </levelVimfulSlog>
      <bieldy embole="supinesJoanna5" pucaMerk="bajury">
        <felis>19943</felis>
      </bieldy>
      <eveningDuiAvalon margot="jarfulsAletheaVss156">
        <ear>mercifySuranalOollies</ear>
      </eveningDuiAvalon>
    </tssMadameNusakan>
    <lairman>
      <apliteWheezes>upcreekLarvateUphill2</apliteWheezes>
    </lairman>
    <nothalPakehaSegetal>
      <talkyCoiler>tetty</talkyCoiler>
    </nothalPakehaSegetal>
    <pairleTokoAssacu receded="untidalSloughsMultics" unnest="182485642" stuartBiddersOutgone="cryptsLevinYuppie1249">
      <rhodian>milkedFilletLisk6101</rhodian>
    </pairleTokoAssacu>
    <feedersWahhabi>
      <inaptBulbose>problemReburnCopulas</inaptBulbose>
      <uredemaReloanReigner>
        <pschentRishisTithes>anyway</pschentRishisTithes>
      </uredemaReloanReigner>
      <prigs humbo="lotiumShyersTibet">
        <adossed>5077</adossed>
      </prigs>
      <rizzleHelotIsochor petreaOltonde="817496305">
        <cocotteGynecic>lampingSteward</cocotteGynecic>
      </rizzleHelotIsochor>
      <beleaveCreeker>
        <dickeyForbledAcidity>4023</dickeyForbledAcidity>
      </beleaveCreeker>
    </feedersWahhabi>
    <ajugaFarand>
      <campsThirst>wahines</campsThirst>
      <impedeMobedOhmage maddedLumbangAdmit="44573084" founderBifer="gumtreeWasty">
        <nyala>sentiStroudsBleeds</nyala>
      </impedeMobedOhmage>
      <campy finlandAbogado="waipiroWhooperSuppage">
        <hashedDuopodCorrupt>331097</hashedDuopodCorrupt>
      </campy>
      <gliosisUnearedArrack lairage="colmose">
        <emagram>ferfetSaverExrx</emagram>
      </gliosisUnearedArrack>
      <platterKari huffyAclu="peewitsPlutterSoueef">
        <wrote>nonagonFaggyCybele453</wrote>
      </platterKari>
      <hoistedCruiserImbarge matinalViduousFadged="nongold">
        <sunbowSumdum>696</sunbowSumdum>
      </hoistedCruiserImbarge>
      <adripBeys ensuerVouchorReadl="elliot">
        <ediyaTarriedAngust>parbateSinopie4280</ediyaTarriedAngust>
      </adripBeys>
      <filmCzaristHelloes foggy="peltaAbbest">
        <privPlyerBengali>palar</privPlyerBengali>
      </filmCzaristHelloes>
    </ajugaFarand>
    <scuttaFugientUnhardy>
      <belveFoullySkreel>gonapodIouSnort</belveFoullySkreel>
    </scuttaFugientUnhardy>
    <pangiumLeeserSorty vikingSangars="heeler" heronryScalz="laiChevies" deleteAncones="rieversGummingTwiller">
      <voltaBathic>twankayMacron</voltaBathic>
      <gut croisee="ikon7488" tugriks="dakhiniSlaked">
        <spinoffAgonReave>fondStaid</spinoffAgonReave>
      </gut>
      <jaygees>
        <stylet>peery</stylet>
      </jaygees>
      <coryManismMeninx castes="ovulaPeroba">
        <spunkMerfolk>numbatSkep</spunkMerfolk>
      </coryManismMeninx>
      <bosquesFluoridBinful whirroo="rosters">
        <mycosisLieferMoseys>3949</mycosisLieferMoseys>
      </bosquesFluoridBinful>
      <mothersColureOperose rehonor="libyansCaesarVaned">
        <khvatSnickGrunts>298601189</khvatSnickGrunts>
      </mothersColureOperose>
      <flatmen cocle="728045101" eagersKumbiMalign="4274916">
        <cuneusRancerLowered>wrestedVariola1</cuneusRancerLowered>
      </flatmen>
      <sahmeChirkedCres marrers="offhandImbuteEntered">
        <upstampPushupsFantasm>stagerOctoped</upstampPushupsFantasm>
      </sahmeChirkedCres>
      <mystery>
        <pulv>zattareCroftSimoons</pulv>
      </mystery>
      <earock attribAloidScandix="predefyAeolist" chippyShadoofHeydey="unspeak">
        <beach>nedderSunniah60</beach>
      </earock>
    </pangiumLeeserSorty>
  </laotianExcheat>
  <creek>
    <kitanWhirret>
      <founInpush>49912324</founInpush>
    </kitanWhirret>
    <jampani bowyers="dradgeBallet430" forlanaSpratDropsy="rumpsFoxwood">
      <hutchie>crojiks</hutchie>
      <mimus coelataUnshoed="scaffieMewerCobwork" miffy="6742261">
        <batting>spheryPolewig</batting>
      </mimus>
      <pastasNeepGingall sinopicAshman="9378" scafferLocableSugared="kirksRestock">
        <huastec>lagettoYawnfulStyles</huastec>
      </pastasNeepGingall>
    </jampani>
    <loralAraceCloured>
      <land>1</land>
    </loralAraceCloured>
    <ohoneLituolaGanev>
      <rittockCarapusSinward>fluvioVaguityMiscues</rittockCarapusSinward>
    </ohoneLituolaGanev>
    <kathalPintado>
      <sanedFraggedSpunk>pyrexia</sanedFraggedSpunk>
    </kathalPintado>
    <oscules awolZooty="165727">
      <pontalGamy>receiptDecreteSagiest</pontalGamy>
      <disterWascoEquinox>
        <pussesChoilIloko>nails</pussesChoilIloko>
      </disterWascoEquinox>
      <chittedPiraya mappistFencingMotey="tappaulTroozGust">
        <tyne>pimaGrotianPepping520</tyne>
      </chittedPiraya>
      <inedita>
        <fibs>datisca</fibs>
      </inedita>
      <openBarton slashedOvermix="363014374" agaritaSixth="heaveTlaco">
        <rodwoodBotcherExtolls>elopes</rodwoodBotcherExtolls>
      </openBarton>
    </oscules>
    <dioniseSocked savageSoroban="slugs" ungrid="uncoat" adrue="previseGup">
      <epilobeShewingJellib>4079</epilobeShewingJellib>
    </dioniseSocked>
  </creek>
</bursal>