<?xml version="1.0"?>
<venustQuintes>
  <belatCyton keepRemakes="909342660" pewitsWarsCapelan="85262418">
    <kiekieEarlish>
      <terreneCalistaInducer>unfightOuphishCathari</terreneCalistaInducer>
      <santirStoning>
        <caseic>heroineCarved</caseic>
      </santirStoning>
      <rulyForcer mudiria="narc" scrapesPlushed="aramuOuthiss">
        <perreiaGeodes>pinworm</perreiaGeodes>
      </rulyForcer>
      <kaif curatMuskish="5" hyalinVales="zoeform">
        <remeantDahoonWorsted>smarmyMassageNouveau</remeantDahoonWorsted>
      </kaif>
      <putonBulletsJokes>
        <savaraBlankyPico>6</savaraBlankyPico>
      </putonBulletsJokes>
      <jorumsSperketDbl elysia="pyaemic" churredThalli="venerer">
        <piloseKlootchRitzier>cithersIrrisor</piloseKlootchRitzier>
      </jorumsSperketDbl>
    </kiekieEarlish>
    <appal>
      <illfareSansaraDingbat>boolies</illfareSansaraDingbat>
      <keftiFerlingSoignee deponed="clubdom">
        <undureAlidadaBrumous>moeble</undureAlidadaBrumous>
      </keftiFerlingSoignee>
      <joblotsBauxite unstagy="rehead959" endgameAbrades="karyonSinopicHayer">
        <peoplesManurer>bendees</peoplesManurer>
      </joblotsBauxite>
      <wholelyCaseic goodmen="spedLacoca4719">
        <nunbirdReluct>oddness</nunbirdReluct>
      </wholelyCaseic>
      <nubaBouilliAchafe>
        <brechanDisleaf>stacketFourierSubtype</brechanDisleaf>
      </nubaBouilliAchafe>
    </appal>
    <upbolt>
      <quiredCabasaAcutish>lynxesBallotsReclad</quiredCabasaAcutish>
    </upbolt>
    <isotach>
      <macros>8715</macros>
      <trialsEthrogsCrile>
        <replodClunchEnwiden>25574</replodClunchEnwiden>
      </trialsEthrogsCrile>
      <corneasRainout>
        <amucksGogletsNotitia>ruddsParale</amucksGogletsNotitia>
      </corneasRainout>
      <somewhyTurbosHafnyl pearlet="pentritBortzes" laundExingAlloted="hideHexacidEcotype">
        <somaticDengue>43</somaticDengue>
      </somewhyTurbosHafnyl>
      <cartoon norah="rasonGoomaRegrows">
        <sourdYvonneNichil>daurna</sourdYvonneNichil>
      </cartoon>
      <evernia cyclingKhatri="fliesLitvakRonion5117" palmusEucreOromo="restemOffish">
        <frigate>jokeBleaterTuna</frigate>
      </evernia>
      <eslabonKuli>
        <kylix>4218974</kylix>
      </eslabonKuli>
    </isotach>
  </belatCyton>
  <siennasOctineTaximan hoboesStave="retractWomanGaleas" museistLaftTrid="gapperi" />
  <nudityZingelTurves neeleExtimaBensail="4">
    <hedersBousyTombed>
      <scuttaTorret>blasiaUpleapWoning</scuttaTorret>
    </hedersBousyTombed>
    <cedrusDerSewage>
      <ibericCharer>piquant</ibericCharer>
    </cedrusDerSewage>
    <weeshee saga="squaryRealarm180">
      <ardeaePrissy>advect</ardeaePrissy>
      <keaTorcel unshookHaed="serian">
        <inaxonWhankStite>blowzedHeedfulNumeric</inaxonWhankStite>
      </keaTorcel>
    </weeshee>
    <safavi>
      <sultane>946040445</sultane>
    </safavi>
    <ashaOfferorAhead galegaLowdah="woolseyThooid" defleshCurate="92" paviour="octapla">
      <matreedDiem>sipers5684</matreedDiem>
    </ashaOfferorAhead>
    <urnalWoady>
      <melsFerdiadNesokia>tattier</melsFerdiadNesokia>
      <prosedSaices mimeoDiscoidLingual="82">
        <uneagerGanodusOlof>larikin</uneagerGanodusOlof>
      </prosedSaices>
      <gussetTumRuinate>
        <usersIrked>perfumeKameSlurb</usersIrked>
      </gussetTumRuinate>
      <glandConjon rumpot="biose" deleble="1902">
        <sneadCookdomPock>grayflySeventh</sneadCookdomPock>
      </glandConjon>
    </urnalWoady>
    <aurums>
      <patsKarstFeasor>sotadic6</patsKarstFeasor>
      <subcoatPoaEnrib somewayPerisKnelled="4" apiliCorvedWourali="moha2144">
        <cameryGaurian>kicky</cameryGaurian>
      </subcoatPoaEnrib>
      <admiredBulbelsNinon>
        <ailingPrimineLuwian>walnutsQueme</ailingPrimineLuwian>
      </admiredBulbelsNinon>
      <gristsEyeflap>
        <scribesGestesAblest>manhuntShuler</scribesGestesAblest>
      </gristsEyeflap>
      <match varanusAgouaraHant="vitallyDoddyRefried">
        <evanish>jackingGrayout2</evanish>
      </match>
      <cutchWhereisDint baybushTootFoehns="8" erratum="sleevesExcisedFibra12">
        <flatlyBowla>cocoach5</flatlyBowla>
      </cutchWhereisDint>
      <cankersSikh subdualInternePlasmon="tirlingBeglads43">
        <browst>cayenneUpriverScrat</browst>
      </cankersSikh>
      <cornealCapsize planity="wolfedJudge" untacksGermina="beetlesGabblerPalikar">
        <snakingHamoseCroose>poetsFeinterGenep638</snakingHamoseCroose>
      </cornealCapsize>
      <zealousInjellyHutzpas>
        <ephraim>startup</ephraim>
      </zealousInjellyHutzpas>
    </aurums>
    <jamnia fascistSafelyGimps="9">
      <piaroaLoessal>sharraFarrierTry</piaroaLoessal>
      <uplickHamelt bourreCorpsyToggle="newtonsBenjy">
        <scowder>bangers</scowder>
      </uplickHamelt>
      <equoidSippy>
        <shadedScyphiOviform>6191207</shadedScyphiOviform>
      </equoidSippy>
      <duffles>
        <sweetlyAxes>skiftAltarsBesoin</sweetlyAxes>
      </duffles>
    </jamnia>
    <gownedHubbleReadier>
      <fainlyTiroTonight>sedumRubelle</fainlyTiroTonight>
      <realmsHelium carvistWanrufe="bisectsBahai" oilyNetcha="5">
        <suluanIodic>hirple</suluanIodic>
      </realmsHelium>
      <redbudsBaptism boullesErgs="unpin482">
        <jackrod>viduateYucked4</jackrod>
      </redbudsBaptism>
      <frittedInsects egadsCutters="leastKotyleTapises" offence="gaywing">
        <saxonProves>biblismExacum</saxonProves>
      </frittedInsects>
      <estabOarial>
        <balak>26873669</balak>
      </estabOarial>
      <grazieChisCtenii hookyDaggerPaha="226">
        <dyable>purerFeh</dyable>
      </grazieChisCtenii>
      <newsmenNumdahGule guergalSaman="carara" spumoid="shadowsFowlAndaqui">
        <pyrrolSynapseCaracoa>abloomPitocinCauld</pyrrolSynapseCaracoa>
      </newsmenNumdahGule>
      <oughtnt unslingCasqueOfftake="557549697">
        <rognonBeatiMindful>fidleys7</rognonBeatiMindful>
      </oughtnt>
      <leuch clite="7104368" kramaSalamo="pelvicEthine">
        <filler>zlotychOswaldEnd5999</filler>
      </leuch>
      <hault>
        <lividlyBritsBanco>recroonBoweledJacatoo9339</lividlyBritsBanco>
      </hault>
    </gownedHubbleReadier>
    <maghiChitak>
      <rclameWiningMixible>gentianMahdianFise789</rclameWiningMixible>
    </maghiChitak>
    <zitherExalterAnodal kerriaTanrecsUpcard="aludraDiluvy" forheed="699" hazanimHonersLee="swifterMarronsTerek">
      <devisee>66059066</devisee>
    </zitherExalterAnodal>
  </nudityZingelTurves>
</venustQuintes>