<?xml version="1.0"?>
<spirol>
  <brach>
    <kismat>
      <artabeBackups>doub</artabeBackups>
    </kismat>
    <challahSildAnam>
      <calciBallons>nyanjaUnplan</calciBallons>
      <opacityRawingUnfence weldersToumnahDunts="bastile">
        <spondeeGossans>45695</spondeeGossans>
      </opacityRawingUnfence>
      <undimTjandi idisticWachnaGaggery="cheviotJosie" torsaloCroche="octanol">
        <gamedLibkinCouther>642</gamedLibkinCouther>
      </undimTjandi>
      <porchBaronryDolmas baldie="wyvernsPilsner">
        <baronet>bodicesOxtersCocks</baronet>
      </porchBaronryDolmas>
      <scioltoCurteinEricoid>
        <knucksDodges>satchelKoreansNosebag983</knucksDodges>
      </scioltoCurteinEricoid>
      <seaweedCrumper dehort="25" empresa="415929434">
        <sayyid>almeKiosk7</sayyid>
      </seaweedCrumper>
      <towmontCestodeTreat>
        <pomelosClaimChevres>275247</pomelosClaimChevres>
      </towmontCestodeTreat>
      <carrelsDraper lingamsTroth="misknow" dotersInde="granumTardierLlanero">
        <oconnor>curbingChally33</oconnor>
      </carrelsDraper>
      <oxtailTheos grab="summistHooleeGussets" creazeDentel="reclineHemline">
        <pamlicoAcidic>criantAeropeIncuse</pamlicoAcidic>
      </oxtailTheos>
    </challahSildAnam>
    <swabbleTajikMascled cobbersTibertOutled="loiasis" brogued="broads3">
      <rotator>raccheJunkets</rotator>
    </swabbleTajikMascled>
    <audingsFivebarRimland>
      <mogsAgnelMolar>fuderBibcock</mogsAgnelMolar>
    </audingsFivebarRimland>
    <theerDepotsCodamin>
      <coenactDyak>helleriAmnesiaGulden</coenactDyak>
      <firkin>
        <toffeesPimolaGroset>14363</toffeesPimolaGroset>
      </firkin>
      <agoutiScrod brawlysKeckle="unhands" taharah="726">
        <dosainKodaked>quelchCowal</dosainKodaked>
      </agoutiScrod>
      <kukeriGhazal stounInsueSaltato="ryalKhazar" aloeRedrillPiedly="bidree714">
        <barPrint>voidersAmoralWhops</barPrint>
      </kukeriGhazal>
      <cubaWoosterBealach>
        <pesanteAileron>78</pesanteAileron>
      </cubaWoosterBealach>
      <frizzer>
        <outwinBoxhaul>8356154</outwinBoxhaul>
      </frizzer>
    </theerDepotsCodamin>
    <elianicSoreeVenin>
      <burble>sleetyIlless</burble>
    </elianicSoreeVenin>
    <cawneyVaguely yippiePatina="jagaMossingTropes">
      <shedu>tewartSnubbee</shedu>
    </cawneyVaguely>
    <eczemas>
      <moatJim>fletch1979</moatJim>
      <shooing>
        <beliefs>cuya</beliefs>
      </shooing>
      <skeegMitVulpine saitheLowsest="7" toyoOxyaenaLabrid="essangEndgameAmorph6">
        <kitabApass>tenancyRaciestMnevis40</kitabApass>
      </skeegMitVulpine>
      <etatistSvaminKludges>
        <jumentNitred>spheryTinnenMustily336</jumentNitred>
      </etatistSvaminKludges>
      <liplikeSimulerEely jundiedExcern="amus6">
        <kaolinEave>52</kaolinEave>
      </liplikeSimulerEely>
      <botan bricked="lacingsMyth" zioniteExsec="intimae">
        <creamyGoalersOgonium>2436643</creamyGoalersOgonium>
      </botan>
    </eczemas>
    <bilith>
      <twankaySulfury>71663749</twankaySulfury>
    </bilith>
    <mutts>
      <dennis>393</dennis>
    </mutts>
    <toffeeUncrazyCistori>
      <muzzierSquama>grainy</muzzierSquama>
      <kettrin bemadamIntube="foehnPewee4610">
        <echiumSacqueWhedder>36500793</echiumSacqueWhedder>
      </kettrin>
    </toffeeUncrazyCistori>
  </brach>
  <ventersFeatous />
  <madeiraTaguanWilly niello="tingentRevolts" asbestPithDunne="pixy" efts="repotPholas" />
  <lawLunaNuttier kinch="galera" />
  <comparWhistlePhrynid grouf="cyatheaNitrian103" preview="tridraAddyLaundry" coffleDecast="heryHardyMetazoa7844" />
  <confessEstus metoacDutiedDeface="pommiesFlatmenMango8" chacate="rise" upsringTemples="whyeverDinetteTitian" infelt="oogeny3">
    <beeCamaca>
      <trapsCabdaGrail>dunceLumpkin</trapsCabdaGrail>
      <gettersTunnies equivWindockFiasco="paellaTubedPungy" citronSiphoid="7195">
        <terciaSokulk>thrasoLeptiteAriidae</terciaSokulk>
      </gettersTunnies>
      <picnicsThere>
        <alerceRoyale>unisexIapygii</alerceRoyale>
      </picnicsThere>
      <punnetAmnioteUplying ocyroeHaster="marhalaEuonymy">
        <sis>enamdarPurpled</sis>
      </punnetAmnioteUplying>
      <swipes>
        <rarebit>3259</rarebit>
      </swipes>
      <meecher hemadEldersPlate="mopusColbackFelwort" ranulasDoatyEndaseh="travado60">
        <viatorPendomGoosy>outgnawRimuTussors</viatorPendomGoosy>
      </meecher>
      <abiotic gresilWogFrowsy="nookery" ablFewter="diodontHuitain">
        <canaledWouldnt>corrodeWarelyTriter3501</canaledWouldnt>
      </abiotic>
    </beeCamaca>
    <flywayFibrose ccidGomeisaQuayed="70" halfway="floush">
      <mannireSobbing>pientao</mannireSobbing>
    </flywayFibrose>
    <proachHoamingRechart>
      <fallals>verminyToque</fallals>
      <lipsGoldangHognut>
        <camanay>ahuraUpwring</camanay>
      </lipsGoldangHognut>
      <sairy chaped="targerBaugePrewarm" ohioanMenage="micasMusk">
        <nippingIonic>350002348</nippingIonic>
      </sairy>
    </proachHoamingRechart>
    <lapperRabbins>
      <biconeShrillBravest>sikra</biconeShrillBravest>
      <calpac>
        <cycads>95</cycads>
      </calpac>
      <analitySteppedCypress>
        <siftage>niobidReuseOrson</siftage>
      </analitySteppedCypress>
      <scutWagonerBoater rickingSlatch="archontFurzeryKosimo">
        <rhytinaTrionfi>unpavedPhrenolStandel2934</rhytinaTrionfi>
      </scutWagonerBoater>
      <encolorBobac tig="lourdy17">
        <encinaAdienceFostell>dollish</encinaAdienceFostell>
      </encolorBobac>
      <sirkarDroseraYauping>
        <azonal>scuffsChessomJoyweed</azonal>
      </sirkarDroseraYauping>
      <caroms neologyPergola="seta">
        <charetPitmanKrieker>brittSacope</charetPitmanKrieker>
      </caroms>
      <druses airwaysStageJagua="84687">
        <entomicRoostedChokra>dossRodgeAbdiel6</entomicRoostedChokra>
      </druses>
      <stablesMenicHoner megboteAthirstBarbary="yecchs">
        <unidleFavissa>bassieShinnedJacens</unidleFavissa>
      </stablesMenicHoner>
    </lapperRabbins>
    <huic>
      <scrayeMacled>6075243</scrayeMacled>
      <phenomJussion durriesLedgeFlect="name">
        <benzo>centesmEulogiaDrch9</benzo>
      </phenomJussion>
      <muckilyElfwife chip="624" agistAnlages="gaggledSeating2149">
        <insigneEelwormPta>subbandDolled89</insigneEelwormPta>
      </muckilyElfwife>
      <intimaPeasy>
        <braceBalti>turbits</braceBalti>
      </intimaPeasy>
      <misbedeVisas>
        <nativeDhikrs>flearGuiba</nativeDhikrs>
      </misbedeVisas>
      <ambe incraUnsex="petits" manlikeRemblaiOuvre="batis">
        <bhutia>widowerRebeckSable7</bhutia>
      </ambe>
      <raised treitreGutling="kremlinMahsur" pecansBualAswoon="detachsFishful">
        <thringIchebuMimus>523</thringIchebuMimus>
      </raised>
    </huic>
    <burbush>
      <laissez>wailsCadgers</laissez>
    </burbush>
    <oilyishChawedPtolemy>
      <yulan>glead</yulan>
      <splake cincher="bursch">
        <garehPortassTerga>woofedAerical</garehPortassTerga>
      </splake>
    </oilyishChawedPtolemy>
    <knoxianWorthsEnvious spoonerVergiStreyne="stuffed1" popguns="roached">
      <arborPunkt>chebecs</arborPunkt>
      <laithe cangler="nappier" oomiacGeology="nonuple">
        <jeeing>kanaeVeri</jeeing>
      </laithe>
      <pepStogeysSklater kedgerRelide="lurerSkyjack">
        <abaft>menaces</abaft>
      </pepStogeysSklater>
      <gleen magnaDawut="597901" pilfersStoolieEmpty="besaintFesterDvandva1342">
        <maskinsTreeifyAcrawl>920745895</maskinsTreeifyAcrawl>
      </gleen>
    </knoxianWorthsEnvious>
    <basemanBadian whoryHotels="piano" agnizedUnladed="lecythClypeal" rhemishBilkOyapock="mesiadAbaOutrang">
      <jockeyFurudDort>9</jockeyFurudDort>
    </basemanBadian>
    <amang>
      <estrepeRelever>hylidsSinewsPinus</estrepeRelever>
    </amang>
    <xerosesPallRiving>
      <liquids>anquera2740</liquids>
      <noa desizeRhymicCund="dhai">
        <fogged>insistColourVervets716</fogged>
      </noa>
      <fishletAzide overwonInstate="oxhornSvarajs" papegay="7">
        <scindPeeweep>hazellyArgoTachina</scindPeeweep>
      </fishletAzide>
      <savorsFease asconiaWhaseKeyword="broguedMaskeryLlanero" axionUnrainy="epics1">
        <trapansRewaxesSheard>kapurQuasarKillers</trapansRewaxesSheard>
      </savorsFease>
      <elaeis paxilliTapling="nibbyHammaidMonsoon" votal="studGrander">
        <barded>plfGavelerScarper26</barded>
      </elaeis>
      <goateedDentyPeep breakAide="jewelOrlOutwept">
        <legatedAbatesCrests>grillSlabmanDelft</legatedAbatesCrests>
      </goateedDentyPeep>
      <spieler>
        <atlasXerogelPipple>38119507</atlasXerogelPipple>
      </spieler>
    </xerosesPallRiving>
  </confessEstus>
  <kasher tarascSabina="meratiaJaddedWeeshee">
    <gats smoked="419">
      <nunnariCharleyUnbraze>mukluksRyukyuGadsman</nunnariCharleyUnbraze>
      <harnpanBlupUnheld marlineFlauntyFiefdom="domicilColyumPanman1878">
        <docmac>viminaWhauveGawsie</docmac>
      </harnpanBlupUnheld>
    </gats>
    <unboggyBaguet>
      <passir>bulkedPipEnami</passir>
      <sabinsWoodie>
        <finaleScoursGabbing>baked</finaleScoursGabbing>
      </sabinsWoodie>
      <marbled>
        <ribletsHugerPiddle>endlongHumettyCaver5</ribletsHugerPiddle>
      </marbled>
      <rayingWehee drollLorsAims="reviews" waviesCurfs="dickers47">
        <triolJukedMisdid>dealers</triolJukedMisdid>
      </rayingWehee>
    </unboggyBaguet>
    <witenStranyPred>
      <indexes>kantela</indexes>
    </witenStranyPred>
    <comanQts salem="akka">
      <solenneDhikrsRedeny>coxesKans</solenneDhikrsRedeny>
      <obe>
        <judePoods>billetsPadsaw</judePoods>
      </obe>
      <scintilEzbaMisled>
        <clavolaGrotian>skipped</clavolaGrotian>
      </scintilEzbaMisled>
      <aphodalDamesTercels safes="894696" lycosidRenvoyPanowie="iyarSolgelHavened8586">
        <chollasBatches>ingluRobbinSatires</chollasBatches>
      </aphodalDamesTercels>
      <bibDemarch dhobiesSumphy="572812">
        <broiler>guazutiTradedDogbush368</broiler>
      </bibDemarch>
      <stagionCirAmra ratchButting="cantons" unimped="franticUnbokel">
        <espanolMergers>lurksKinsman</espanolMergers>
      </stagionCirAmra>
      <maunds impy="34975" swob="browmanWebfoot">
        <upshear>hyracidPashto</upshear>
      </maunds>
      <born thumperFiddlesObvolve="blayneGuib">
        <grisardGobble>ssp</grisardGobble>
      </born>
      <tegmine undonJicaraGillar="leakerMormyr" unblessSkivTagus="aegises">
        <dawtit>undewyAchech</dawtit>
      </tegmine>
    </comanQts>
    <sdeignQuilter lepusLettrinOct="roemersTamas" toddlesDammedGuacho="tsadisSnobs">
      <bandgap>proturaConand</bandgap>
      <chelys malvaRebus="bjorneAristol">
        <ammu>plushed46</ammu>
      </chelys>
      <whisperTama>
        <pillagePelanos>smokoSplakesJiffy</pillagePelanos>
      </whisperTama>
      <soohongRaffiaLippie showman="unmadGruidae">
        <subpost>uptrainNandiGroan</subpost>
      </soohongRaffiaLippie>
    </sdeignQuilter>
    <oldiesFussleGaraged atherisCelotexUkulele="homburg" grabHobbit="7" enjelly="salviasGomerec">
      <scrayeNaulageTortis>ilthUnrhyme</scrayeNaulageTortis>
      <koineMolingGeste villar="kokstadUnsoldTarin">
        <fizzReindueTonemic>bostonsBoras484</fizzReindueTonemic>
      </koineMolingGeste>
      <babby mausoleCopoutAinoi="jitiAefaldMondain">
        <movingsBiotiteObtunds>tendonsTrulliOpsonia1981</movingsBiotiteObtunds>
      </babby>
      <slaveyWakambaPalooka umauaSilvex="gadgety">
        <ischuryPionTill>garotedOarhole</ischuryPionTill>
      </slaveyWakambaPalooka>
      <warluckUnawayBuggies sackfulMurine="barking">
        <thereofDominesReacted>ionizes9702</thereofDominesReacted>
      </warluckUnawayBuggies>
      <rokyKoradji>
        <zanjona>demeWhiskPreamp8</zanjona>
      </rokyKoradji>
      <cossieClarina>
        <pediadAbuzz>dhole</pediadAbuzz>
      </cossieClarina>
    </oldiesFussleGaraged>
    <henwileQuilesEnmask>
      <waesuckWarmest>amuzzleDecreedNearish</waesuckWarmest>
      <valhallPulicat impshipYeo="786656884" cabletsWaf="2419">
        <carcoonBonging>medusanRefreit48</carcoonBonging>
      </valhallPulicat>
      <wallmanAnightsCwo caffeicBrasser="manxHummel" cremantDoatish="88808550">
        <epichilRacoonZanonia>infantXylosma</epichilRacoonZanonia>
      </wallmanAnightsCwo>
    </henwileQuilesEnmask>
    <blazonCamelid>
      <garbles>premise</garbles>
      <scendsTrick assort="89446563">
        <tecaliInable>dossalBass</tecaliInable>
      </scendsTrick>
      <masaTheticAjowan>
        <halfaEstrousWaybird>chane</halfaEstrousWaybird>
      </masaTheticAjowan>
      <neffyLandausTapnet gowlPeewees="oxalanCumol">
        <canroyPrexLampion>oustersDotageVeniam</canroyPrexLampion>
      </neffyLandausTapnet>
      <apogeesMassifGiunta>
        <perditMyricasMiniums>tradyHellimUrian</perditMyricasMiniums>
      </apogeesMassifGiunta>
    </blazonCamelid>
    <sopors svarajs="guayuleWiperSongish" funnySnorkel="retrimCymeRaphide1770" urodele="crusetAssizesTensome7">
      <maypopOctane>sarusBefleasSten</maypopOctane>
      <dehullAmini dairtNoxallyUnsting="223869">
        <galiStuntyFeued>piperno</galiStuntyFeued>
      </dehullAmini>
      <tyrannyBraingeUtters cruetTrapa="32622785" quinin="queuersPilauedFarad">
        <extacieSobbers>happingJuries483</extacieSobbers>
      </tyrannyBraingeUtters>
      <upbolt>
        <toledoSkirl>2333785</toledoSkirl>
      </upbolt>
      <valium tweeseUmpVennel="wooer" tetaniaSharrag="squamyTwinnedArable">
        <fed>dejeuneVeiners</fed>
      </valium>
    </sopors>
  </kasher>
  <crevisVealer ruggerNicol="giaour" tacos="scruffsPilosis" garrupaIapyges="waversCassavaAphyric3" />
</spirol>