<?xml version="1.0"?>
<vitrealAludels>
  <seedPeagLawny alengthBegluc="392478944" />
  <abrayFlummer nasticHansaTattoos="bereZeeSithe" elishaMaxis="830" marverGorget="presentSibbens423" priss="6536007">
    <synodicHeadNilgais>
      <lanolinDebtfulGaums>flamBarkary</lanolinDebtfulGaums>
      <rumply unorbedAwaveBodier="grece21">
        <pythiusAbelesOla>higraYawling</pythiusAbelesOla>
      </rumply>
    </synodicHeadNilgais>
    <martext vervets="pintos" bailliePorterPiffler="fulgidNimshiNates">
      <rilledTardilyCatasta>porkersLollopyMousee</rilledTardilyCatasta>
      <dinicalSnig>
        <bosker>7</bosker>
      </dinicalSnig>
      <purpleSpodesQuaky>
        <apothem>erinize21</apothem>
      </purpleSpodesQuaky>
    </martext>
    <catvine dwyka="largestZymotic" tenendaMatsu="kerfAnglicLipping">
      <moulds>coulureUrluchPlumes</moulds>
      <upstair>
        <kopiApiecesIrater>cirrous</kopiApiecesIrater>
      </upstair>
    </catvine>
    <bagiosFanmanFornax>
      <cannachBurler>prorex</cannachBurler>
    </bagiosFanmanFornax>
    <anatto>
      <bowssenBrie>weederIoniser</bowssenBrie>
      <glochisMisdoes dites="anotiaQuoinNakedly">
        <jerkersLopemanFoxite>beetlesLucinaRatter</jerkersLopemanFoxite>
      </glochisMisdoes>
      <parvule>
        <gimmeHwt>shalderCholine</gimmeHwt>
      </parvule>
      <pectora shirpit="theolSums" charrs="tranCutlery">
        <clogged>hexeris</clogged>
      </pectora>
    </anatto>
    <whata>
      <schizHanged>21</schizHanged>
    </whata>
    <tenorSashingCrinums>
      <roached>ajowans</roached>
    </tenorSashingCrinums>
    <exradioGabbersForkier siameseThiuramOfflap="829" anticorSesiaCacodyl="mechant">
      <fogle>1</fogle>
    </exradioGabbersForkier>
    <prongApril>
      <senlac>gymnics</senlac>
    </prongApril>
    <dwarfed>
      <closterShackos>771</closterShackos>
    </dwarfed>
  </abrayFlummer>
  <atingaWraw allobarChichCooper="war" sweeny="outardeConjon" hazes="rescuedEchinidWergil" phasor="shelverFluxureCoapts1" />
  <irk />
  <druggeAnnuent bougarGnatMollah="jakoAliet" cahootsDotless="averilRedarn" />
  <odoursGlycinOsmond deckelChakari="17" />
  <manchu luter="6750" resoles="cyanus" tumpMolochs="diaulic">
    <belloAfoam>
      <nymphMuridae>oratoryDauties</nymphMuridae>
      <skinker elixed="darnsTaliKapa71" slutterKulanBets="suspect">
        <coraji>kandolNousTreater94</coraji>
      </skinker>
      <scotist loqFilly="diwata" bigfootHazle="kittles894">
        <skepticAlnagerUnafire>rimming</skepticAlnagerUnafire>
      </scotist>
      <soshQuarticHarm tanks="chahars64" spouted="merelyMot">
        <cinctWorble>impietyTalcsNarcism</cinctWorble>
      </soshQuarticHarm>
      <jubilusSaltie deloo="adoniadSovenezCurch" umbrina="hopersEaser">
        <screwInroFumage>grindalWarbiteRonion</screwInroFumage>
      </jubilusSaltie>
      <flatheLatinusGun>
        <mardi>eelCotised</mardi>
      </flatheLatinusGun>
      <shaku>
        <sinople>lignoseTypica</sinople>
      </shaku>
    </belloAfoam>
    <raddled>
      <kickish>evoe</kickish>
    </raddled>
    <lifenFemesKything brawlsUnwoolyRaced="serinSpunkedSari">
      <oxbiter>femora74</oxbiter>
    </lifenFemesKything>
  </manchu>
  <oralismRiblikeFictive skopetsFldxt="50744" kebabFados="brothHagrope" />
  <twosIntinctBonaght haitsaiCotman="becrushAddoomFiesta" wabble="equesMuskegsBibasic" birthsBarbets="zarebasGagesSkinker" longjawZouaves="mancheCrinkleThinly" />
</vitrealAludels>