<?xml version="1.0"?>
<bourdonBurundiCarrie>
  <confit resojet="scarpaCuproseCoupe" colcineCarcakePommery="jarrahThicky">
    <decodesOrnis>
      <ogonium>corriveKrepiLindsey6</ogonium>
    </decodesOrnis>
    <kraIllumesWeapons>
      <dormerNims>arefy</dormerNims>
      <baggaraCelery>
        <invokeYodlers>rematchSorbet</invokeYodlers>
      </baggaraCelery>
      <fates>
        <sortitaBalkedDemits>abakaDioxids</sortitaBalkedDemits>
      </fates>
      <cretifyStomateAreally>
        <cameras>hackyRubefyShrape2723</cameras>
      </cretifyStomateAreally>
      <paintsWikiupStirks>
        <export>cymeForever110</export>
      </paintsWikiupStirks>
      <pumpman blackMatacoFulmar="herlsMahomet">
        <karroosTilburyUlmate>apprendBeche</karroosTilburyUlmate>
      </pumpman>
      <woodsTurgor yovenSupinesBarred="skhian" nighsPuppyMetring="bayLeithFolious">
        <equinesByth>vittate</equinesByth>
      </woodsTurgor>
    </kraIllumesWeapons>
    <somdielOvistic ramageAttackDent="lockups" parpalSaravanDecades="832507971" unavianStingo="kieran">
      <sechium>tanningExcipleUhlans</sechium>
      <genalWornLabiose bowerlyZelantAkroter="menurae" lookerColdongSerioso="herdess">
        <fiumara>fplot</fiumara>
      </genalWornLabiose>
      <fdnameIceberg anguriaPsykterOftness="fikieStoonSwipper">
        <oratory>kyanite</oratory>
      </fdnameIceberg>
      <delebleLagenaManie>
        <canelSiloing>pulvJiggerUnaflow713</canelSiloing>
      </delebleLagenaManie>
      <poesie>
        <flakeSailage>innerTropia</flakeSailage>
      </poesie>
    </somdielOvistic>
    <bosunSultansCelaeno furzierGrovels="bemailNaywardAnomie" restart="unlined">
      <geon>beader</geon>
    </bosunSultansCelaeno>
    <tahua>
      <wearer>opalCrapple</wearer>
      <tittupsDoricalMicher>
        <dikastFigured>toucansBarnmen</dikastFigured>
      </tittupsDoricalMicher>
      <sawpitToldoAwest campusYes="mileage" drakeLogoesAchter="41648766">
        <plexorMalisonSnowish>ooplastBoskage</plexorMalisonSnowish>
      </sawpitToldoAwest>
      <tjenkalMlxSurds roseous="trionyxBistreEpidemy">
        <wongHaras>alansTheave</wongHaras>
      </tjenkalMlxSurds>
      <orantesRhabarbMachan austric="cobbledCaplockJouking">
        <adpao>embryoMorvinPeanuts</adpao>
      </orantesRhabarbMachan>
      <wartierAzolesCoughed tatting="edemaClicket">
        <trotty>wallahCarols</trotty>
      </wartierAzolesCoughed>
      <rigletElains>
        <sticksLamper>hatterKepis9</sticksLamper>
      </rigletElains>
      <chamianTrellisMhg dashers="papeSeling">
        <tempeanProtendAdamas>hyphaBuzzleWiglet</tempeanProtendAdamas>
      </chamianTrellisMhg>
      <sanggauPud>
        <pinxterTeredos>curio</pinxterTeredos>
      </sanggauPud>
      <mouilleTrocar>
        <kumariFastus>matresPastierJoll</kumariFastus>
      </mouilleTrocar>
    </tahua>
    <trojanLemmusGravat>
      <skeeingRegidor>cainishLaudesMilice478</skeeingRegidor>
    </trojanLemmusGravat>
    <codPrestly>
      <unitedOxyazo>74016</unitedOxyazo>
    </codPrestly>
    <dowsetsSimagreEdplot>
      <fuscAbed>deul6</fuscAbed>
      <donatorBiznagaCarlot botherAmazuluSidings="ronnel">
        <muntinsCharetCutty>acctSnobolOutbore</muntinsCharetCutty>
      </donatorBiznagaCarlot>
      <oldestDrailPerdie hatCuneusRageful="scalierPresses789" nabs="cyath">
        <eliBenzil>ooziestHallos</eliBenzil>
      </oldestDrailPerdie>
      <panade forril="2">
        <grazedOcker>289691977</grazedOcker>
      </panade>
      <shawingLob retallyBaobabsRepeals="elapsesWimbled" lienorAnonang="fourthCosechEthene">
        <andreTaxiingClubmen>bonumStowingJubilar</andreTaxiingClubmen>
      </shawingLob>
      <cymbaloImpi>
        <krullerReshookGrovel>mesode30</krullerReshookGrovel>
      </cymbaloImpi>
      <pierageSponges>
        <slopsCoisns>bopyridBotulinRefiled8136</slopsCoisns>
      </pierageSponges>
      <appete mesenna="tinwaldLunkers" fittit="testaeClachEzba69">
        <esopgi>18</esopgi>
      </appete>
    </dowsetsSimagreEdplot>
    <distnCotoro>
      <mutistLamasAbadejo>stumour</mutistLamasAbadejo>
      <codgersEnglEither>
        <bedewsDawson>aflatus</bedewsDawson>
      </codgersEnglEither>
      <bancus pouffHatched="adaize">
        <cutinRenig>gifola</cutinRenig>
      </bancus>
      <oddishPurser itelmesBewithHemol="pikelet">
        <simmonsOse>66</simmonsOse>
      </oddishPurser>
      <saker robberBobbies="29055">
        <egbaWouraliGirshes>pavenKaliana</egbaWouraliGirshes>
      </saker>
      <epochs>
        <indene>jaglaSilenic</indene>
      </epochs>
      <slingLomta emptivePomCodal="gowanedEnzymicQuillai" eleuin="elapoidRitHybrids">
        <dossalSpalaxFlaws>wraitlyClaesLisps</dossalSpalaxFlaws>
      </slingLomta>
    </distnCotoro>
    <kunwariMuffled>
      <fucoidsMuds>starverPaized</fucoidsMuds>
      <swimsSpines>
        <salutedNoodleLiftoff>wishingDougBouse</salutedNoodleLiftoff>
      </swimsSpines>
    </kunwariMuffled>
    <nocuousConte pasewaAunts="lammasGluteal">
      <gromiaBerendProbang>sodding</gromiaBerendProbang>
    </nocuousConte>
    <stounFossedShrifts genomicYestAlconde="vile2411" wirraGirosol="anightTumps3" gajBathyl="ferthSmewsObscure4">
      <waffleSucre>7001</waffleSucre>
    </stounFossedShrifts>
    <parillaCedarnFibbing impshipGallowsHookah="chindiBrowsedEnalid3492" tiffingPucelle="botonnMillardSerpari">
      <tall>etacistPeiningNoel51</tall>
    </parillaCedarnFibbing>
    <bandanaMammock guaraniFastusGonadal="susumuTendersZippy">
      <biophor>barrow</biophor>
      <rasgadoLasherSplinty>
        <leerierFinletSunbake>remixtForcetScowed</leerierFinletSunbake>
      </rasgadoLasherSplinty>
      <xylinaSabora damalicFullest="916487" jellilyDiplois="tokelau">
        <adoralWaup>atonalStraletLumpet</adoralWaup>
      </xylinaSabora>
      <typonymAccDurzee balmier="candledProferGoon">
        <baluchOrtalid>927</baluchOrtalid>
      </typonymAccDurzee>
      <lobiped>
        <ureticSkunCanker>codfish</ureticSkunCanker>
      </lobiped>
      <milers helodesEelware="encl">
        <ockster>undoingVariag</ockster>
      </milers>
      <resend metrizeApinoidGermier="3" reclamaNimbed="bahmaniAngioma">
        <stroll>behavedSpilt</stroll>
      </resend>
      <phasemy>
        <apanageLuxatedLeasers>pondyEstuantCaroli</apanageLuxatedLeasers>
      </phasemy>
    </bandanaMammock>
  </confit>
  <narcose />
  <zoned maorisUnwormy="mandapa" woppishApronSkeen="missyUncinusJuliana" roscianSnifter="arglesRamrodsSkited" />
  <rumble salweyPachisi="birota" cowbind="wonnerShreeve5001" quahogManage="383826" />
  <tinklesTuttiesOutflue ipecacsPantedHammer="9" />
  <remicle hamletMbubaNis="laibachSpurwayFurlane" hegiraDoth="ungkaPrivacy">
    <halebiElativeParangs>
      <cahierSuegee>2177305</cahierSuegee>
    </halebiElativeParangs>
    <outspitShadier>
      <inro>wadsetOrganza</inro>
    </outspitShadier>
    <hydriaInlier twaite="sunnaDitched">
      <seek>willowyCareensApology</seek>
    </hydriaInlier>
    <william phobiacGaw="159288095" senaiteHinokiLenify="38">
      <sachetHadrome>dimeranMarxian818</sachetHadrome>
    </william>
    <cholent>
      <mitresUpswingProwled>acoasmaRockerMislies</mitresUpswingProwled>
      <hydrusFurzeryBibbed>
        <poromaBalboasFieri>gookyHunch</poromaBalboasFieri>
      </hydrusFurzeryBibbed>
    </cholent>
  </remicle>
  <laudianPygmiesClink computeReproveSned="sloidBletMolding" agrufeUrogram="guisingYoksAper" pianetaHymenicMuset="mojoMisharaUnsadly" pileupsFlatusMacague="cawkerXylyls">
    <tacked>
      <peatmanGioRiveled>41</peatmanGioRiveled>
    </tacked>
    <beltis>
      <ragazzeSuccory>cementsFelonry</ragazzeSuccory>
      <parrots credalHalferSudsers="acervalMuth10">
        <dyewood>dolciKaloAshot</dyewood>
      </parrots>
      <euphues negros="pixels">
        <gyppedBilbiesSippio>364914420</gyppedBilbiesSippio>
      </euphues>
      <limailReisterHubert carny="ferisonAchras">
        <bossdom>410025067</bossdom>
      </limailReisterHubert>
      <bubba tickey="fifes" nickingAxonicForbade="styanKroneVog689">
        <hobbies>682458666</hobbies>
      </bubba>
      <estadoDislimb>
        <sockmenGratingEardrop>91635</sockmenGratingEardrop>
      </estadoDislimb>
    </beltis>
    <ezanRibesPerjink>
      <tiptoedWindjam>gyrus</tiptoedWindjam>
    </ezanRibesPerjink>
    <ellenPronounPinxit enemataGoondieMatchy="28432657">
      <ruggerJuliana>wagwag</ruggerJuliana>
    </ellenPronounPinxit>
    <redelayMassy>
      <pudsy>humusesTurkenClast</pudsy>
      <gradesDimericVelo lyophil="farmedGolfingBuncal6">
        <mistion>900565</mistion>
      </gradesDimericVelo>
      <galiotTaggingBram>
        <melenaBotoyanPotlach>biddy</melenaBotoyanPotlach>
      </galiotTaggingBram>
      <deckle>
        <gemmaryStumor>skilletOveningStaired</gemmaryStumor>
      </deckle>
      <roosersLoppy ringletTabour="gatCirrus">
        <googolUnnPhlegma>3</googolUnnPhlegma>
      </roosersLoppy>
      <fitmentSenioryTepals>
        <selles>donnAlmonds</selles>
      </fitmentSenioryTepals>
    </redelayMassy>
    <cessorScelpLoathes>
      <bafflesHartakeTatter>15683</bafflesHartakeTatter>
    </cessorScelpLoathes>
    <wipeoutGooeyBatussi tabbis="calami23" debts="91784">
      <spivsBawdyApolog>clangorAludel</spivsBawdyApolog>
    </wipeoutGooeyBatussi>
    <bagger shruffArith="899000" synagog="resingFeta">
      <jellib>cercal</jellib>
      <routsBubbies>
        <tytheScrolls>jawy</tytheScrolls>
      </routsBubbies>
      <molaGoblinsCoaxal>
        <primps>cloacae</primps>
      </molaGoblinsCoaxal>
      <hallAmphoraWalach smutty="1344">
        <hopplesEnarmeRubato>dos</hopplesEnarmeRubato>
      </hallAmphoraWalach>
      <lesyaSidings lambaleAlsikes="sickerBimbo" angelFleuretMidspan="meguilpDwarves">
        <primalRebuses>pithilyVibioid</primalRebuses>
      </lesyaSidings>
      <precast eldestYukiLollup="diphyes" alfetSawney="oturiaAuding">
        <ungirt>booties</ungirt>
      </precast>
      <nonpaidAmunamCrenels akepiroYferrePoddia="finkelGoetyTassies">
        <saktismRacketsGainset>bulbil</saktismRacketsGainset>
      </nonpaidAmunamCrenels>
      <antigodObsign myeloid="neurite3781">
        <retyped>uncorks</retyped>
      </antigodObsign>
      <artsmanVinculo linoPilpayGlutton="markup27">
        <tackilyDimatis>54</tackilyDimatis>
      </artsmanVinculo>
      <fussier ditchesThripidBestuck="pork2907" goutily="stannumFremtReladen">
        <parelleKaes>tetaniaGumiSemang</parelleKaes>
      </fussier>
    </bagger>
    <conflowDud>
      <maycockNooses>blinUngainOutgnaw3</maycockNooses>
    </conflowDud>
    <vespers>
      <butyrinPacayChivey>unsexed</butyrinPacayChivey>
    </vespers>
  </laudianPygmiesClink>
</bourdonBurundiCarrie>