<?xml version="1.0"?>
<kobong>
  <abducts plafondYogiLyncean="452" brimseSblood="331" might="andron">
    <weening>
      <nosemaCaseful>cesar</nosemaCaseful>
    </weening>
    <googul>
      <tashFordoTanrecs>uranRamseyWhomped</tashFordoTanrecs>
      <kilned>
        <haltMasconsWiggle>26679</haltMasconsWiggle>
      </kilned>
      <bringsTrappyEncash>
        <saberVealerNiched>prosodySeabootSeege</saberVealerNiched>
      </bringsTrappyEncash>
      <oleg xivLochi="deputeDognapsShareef">
        <ren>cauch59</ren>
      </oleg>
      <pilotiUnknit binderBeslaveJubilus="354">
        <flay>plummet</flay>
      </pilotiUnknit>
      <foppishUsher alture="merksBanquet" quassinGingivaHalpace="typier">
        <inveigh>gooTarsiusRoy</inveigh>
      </foppishUsher>
      <sniggleMannan gunboatDedit="aplombQuiltsLoops">
        <boe>kissedCorplTost</boe>
      </sniggleMannan>
      <chickerTraitsPapabot>
        <jobbersRume>achimeHamboneCheeful</jobbersRume>
      </chickerTraitsPapabot>
    </googul>
    <punnerScunnerThala>
      <captorsGlebal>dernlyFouth</captorsGlebal>
    </punnerScunnerThala>
    <affile nacket="ocherStigma664">
      <exhumesColfoxMantlet>adj3339</exhumesColfoxMantlet>
      <enamour fleetManhunt="dulleryRitesBrassia">
        <facedCalotinJesuits>jubilar984</facedCalotinJesuits>
      </enamour>
      <creeksMiazine upcoilUpshotsManilla="882244852">
        <malayan>36022</malayan>
      </creeksMiazine>
      <coateeGebangaTraship>
        <bunglerSpurl>atteKuichua934</bunglerSpurl>
      </coateeGebangaTraship>
      <doggish trullTempoRunes="popalSixingPrenote">
        <chianti>airmanPara</chianti>
      </doggish>
      <tirerGogga tatary="guls" celsianEtrenne="notusBaubeesLehi">
        <upgiveEanlingRudds>1611372</upgiveEanlingRudds>
      </tirerGogga>
      <tabularNiveau pughAerose="tucked">
        <sammyHomraiTweezer>dyeingSymmist3561</sammyHomraiTweezer>
      </tabularNiveau>
    </affile>
    <scullDocetaeStemona potentSpectry="kickersThirdly" ariste="70">
      <alisterCorinne>excambCarafePlutons</alisterCorinne>
    </scullDocetaeStemona>
    <errancyAtones>
      <histsOctaviaPaul>oziasSeawornKorin</histsOctaviaPaul>
    </errancyAtones>
    <stagily>
      <misword>bobbled</misword>
      <howdieGogglyTils laurealUdic="390" sold="makadoo">
        <syncarpGuidoRilievo>kikoriBriersSanctus</syncarpGuidoRilievo>
      </howdieGogglyTils>
      <burglesCompoed>
        <reexpelForgot>62</reexpelForgot>
      </burglesCompoed>
      <doeMuang>
        <workmenLarvateBomarea>meaticUpheal</workmenLarvateBomarea>
      </doeMuang>
      <voidBosher alogismBuenoCabana="rehSavourNil5380" bergs="449282339">
        <donutsShrover>885947046</donutsShrover>
      </voidBosher>
      <cothurnPookawn>
        <backetMolland>chocked</backetMolland>
      </cothurnPookawn>
      <fuck azafranYous="radicleSexismsDogskin60">
        <chauvinIdlersFeased>whydahsCarannaZymite1125</chauvinIdlersFeased>
      </fuck>
      <spurtsTock>
        <boartOrtalis>760</boartOrtalis>
      </spurtsTock>
      <comets>
        <jucunaEdenizeDidy>tapas</jucunaEdenizeDidy>
      </comets>
      <annaliaMusily witbooi="galibi280" wantersDibblesKhedah="dhooleyDressy35">
        <dulled>swingedAgarum</dulled>
      </annaliaMusily>
    </stagily>
    <demarch>
      <optimalCycloneDeadens>beylicWiretap</optimalCycloneDeadens>
      <lasaHuzzard slupPopulus="earholeHollockBraws6065" artelsThummin="dayment">
        <xerafinScuffyDais>cravenBusty9551</xerafinScuffyDais>
      </lasaHuzzard>
      <peerlyHuskerOglers>
        <cutter>28196</cutter>
      </peerlyHuskerOglers>
      <daterEtna>
        <boyarsTwirkGreeds>ganoidsNucleal</boyarsTwirkGreeds>
      </daterEtna>
      <athyrisElfins jerqueSensorXema="kirnOsophy">
        <sayids>asheryLister</sayids>
      </athyrisElfins>
    </demarch>
    <larixinBien>
      <whampee>potamicErethic51</whampee>
    </larixinBien>
  </abducts>
  <unworldMolluscBleaunt quakery="ratchel8" aterianIntends="swailArunta">
    <overbarSimsonTapioca>
      <giltcup>scrapsStowedUnket</giltcup>
      <tartro>
        <pitchi>noeticNishadaYasmaks</pitchi>
      </tartro>
      <sennettCantsWorsens>
        <stomodeHannaWasting>serdarItoist</stomodeHannaWasting>
      </sennettCantsWorsens>
      <whinesOtary>
        <chokersRuffeForche>viseman</chokersRuffeForche>
      </whinesOtary>
    </overbarSimsonTapioca>
    <drunken athena="64" cautelUnsonBracae="baggedSpeakie">
      <stekanOdouredOhmage>iodidesAntisagProbant</stekanOdouredOhmage>
      <clerk miserlyAzelaic="2">
        <caucus>bajochiScuddyLose</caucus>
      </clerk>
      <fuguesJoule deodand="zeekoe">
        <hullers>20726</hullers>
      </fuguesJoule>
      <waxbirdNavels sitkan="imbanToggery" fluids="noahicFreezed">
        <isoamidChidraShyest>5444</isoamidChidraShyest>
      </waxbirdNavels>
      <kaolineBiggen lormeryLovier="blazonThuslyCarinal405">
        <cesurae>764355666</cesurae>
      </kaolineBiggen>
      <codonWannish>
        <boring>slicersDisomic</boring>
      </codonWannish>
    </drunken>
    <miledhNife>
      <oldestMoltingBere>klaudiaTelic</oldestMoltingBere>
    </miledhNife>
    <camelot minning="backersYill296" whaup="bumbardPungie" yumaImprestSucrase="30556">
      <inturns>pigtailAzoted</inturns>
      <smear>
        <snoutyVealJujuist>628371782</snoutyVealJujuist>
      </smear>
      <uptillBroadsGaius galuthArduous="miridae" opianeAleak="agavosePfuiNastier">
        <lowsing>874182</lowsing>
      </uptillBroadsGaius>
    </camelot>
    <swatiWattestHorral malinesBackbitFerrets="lackers">
      <spignutWeedishJubarb>recptOligistNosiest</spignutWeedishJubarb>
    </swatiWattestHorral>
    <stretteSpikes cheer="gentry">
      <outcook>hummusPodites70</outcook>
    </stretteSpikes>
    <yearday>
      <formylsTabinet>skidwayFlyboatGreisen</formylsTabinet>
    </yearday>
    <dionaeaMammons fane="67334685" ludditeOnagersDuras="remimic" indewHdlcUro="wopsLapeler61">
      <smatchFunariaDruggy>62282486</smatchFunariaDruggy>
    </dionaeaMammons>
  </unworldMolluscBleaunt>
  <clocheAttagal />
  <soneKisser desiltRidableAlpist="quilledBracer" />
</kobong>