<?xml version="1.0"?>
<takinsMixtion>
  <midlegConfactChemizo pioneryBatz="direx">
    <songful>
      <nuculaTouristBornyl>corinna</nuculaTouristBornyl>
    </songful>
    <detachs>
      <kadisUnstick>daredGaeaOversay</kadisUnstick>
      <womera purdahs="bavianStreaksOronoko">
        <froughyRadicesBearish>zaffarOrient</froughyRadicesBearish>
      </womera>
      <tektos cururoAllseed="muttonsRialto">
        <triadCordal>spockShauled</triadCordal>
      </tektos>
    </detachs>
    <fuzeesAbductsDtset>
      <gelsThemsel>unrestsPorchesBhistie</gelsThemsel>
    </fuzeesAbductsDtset>
    <tonousCamballSuine>
      <augiteAftosaDauphin>yis</augiteAftosaDauphin>
    </tonousCamballSuine>
  </midlegConfactChemizo>
</takinsMixtion>