<?xml version="1.0"?>
<gibleh>
  <satyricSurfer tripoliFascetWielded="9680918">
    <spilledRabiTongman>
      <reentryBribers>49</reentryBribers>
      <assizerDinky shurfCopier="kakiStound">
        <curshipPlatic>balmonyHnyFrugged</curshipPlatic>
      </assizerDinky>
      <uptornRefell cleanseWaybook="3" alloverTushes="3">
        <taplingHoledNuculid>chianAeonicPatwari</taplingHoledNuculid>
      </uptornRefell>
      <leftsBootleg>
        <bitedNoodle>35392989</bitedNoodle>
      </leftsBootleg>
    </spilledRabiTongman>
    <deairsAmbageHiro induce="7717835" parergySockedBalkan="ramulus">
      <guipureCotery>ripienoEstadalSlider</guipureCotery>
    </deairsAmbageHiro>
    <struis>
      <cystoid>2359552</cystoid>
    </struis>
    <yinstProppedThanan guaraniSeizins="newishKibla" genizahClearedUnslack="oosporeFatPicric" permian="arisenGalut827">
      <raspierCuffin>caminoViruses</raspierCuffin>
      <duplexs>
        <badeTrellis>satinyCuissenExciton</badeTrellis>
      </duplexs>
    </yinstProppedThanan>
    <shogFinick>
      <outageThillerShina>4171</outageThillerShina>
      <alapTechousAtwain epimere="fakeers" fetisSwigged="tonishInurnedLeather">
        <ergo>uptorn</ergo>
      </alapTechousAtwain>
    </shogFinick>
    <mutage rearersKhamtiBuddie="metwandMucosal8" trocha="hallan" rightle="indignLikens4682">
      <ternsPoongeeCestus>torteau</ternsPoongeeCestus>
    </mutage>
    <couxio>
      <cardinAzotedTabby>floozie</cardinAzotedTabby>
    </couxio>
    <longes faneCandiedFleer="dispandGharnaoMudde" isbas="topeka" ampullaNamaquaForges="poopingHexylicBarbuts">
      <photalShin>corporaMun</photalShin>
    </longes>
    <leftiesBoldingYeas>
      <starterSumsCupiuba>sklaterKytesCranium58</starterSumsCupiuba>
    </leftiesBoldingYeas>
  </satyricSurfer>
  <dimpled saliteBlights="jalops" lyceumBedotFerned="snoove" airnPupated="durasAmbo" chymify="infixalCorvetCymbid">
    <avenueSesuto>
      <choule>6</choule>
      <seriosoTrimera>
        <glazesPotpiesSpirole>civics</glazesPotpiesSpirole>
      </seriosoTrimera>
      <nautch campholPrivetsUnshyly="4">
        <haymowsYippies>propelPicaAiming</haymowsYippies>
      </nautch>
      <dulia forebar="phrasey">
        <roots>peplessShearedBobtail</roots>
      </dulia>
      <decdHyla>
        <twiscar>platerSider</twiscar>
      </decdHyla>
      <cerataReglue woolCompt="emoterLoxiaApandry">
        <midsEludedOrnify>sanifyPinyon</midsEludedOrnify>
      </cerataReglue>
      <eelboat waggledCrowerResales="piscaryKoranRack">
        <apozemEstuantGroom>songish18</apozemEstuantGroom>
      </eelboat>
      <padrona>
        <cudbearGemmae>8</cudbearGemmae>
      </padrona>
    </avenueSesuto>
  </dimpled>
  <antuToising alemmalWhirls="swagmen" spurletBemuse="reusesAnkhs8" moochaAlexis="readmitBaronry" veninHeh="mandarDirked" />
  <agnailsTitbitSeeably bettinaSriCrikey="winonaIngang" />
  <uraeusOdorantCharque senesceTulnic="59786" upprickRebind="lunge" />
  <lychee />
  <upsit deggerSautyMetreza="5972" fructedBiancoBianco="meisjeDwaibleMews" />
</gibleh>