<?xml version="1.0"?>
<leuMongols>
  <scringeEtym blindlyDeddPreburn="fearers" origamiMphOzonify="horses" snaggerUnpaper="68">
    <blanch paizingScops="gerald">
      <lemonLeetCeromez>reeksVenterLoom</lemonLeetCeromez>
      <istle engladIronmen="amber" cretism="cosmineCracoweBuriels79">
        <voluteInfans>87757</voluteInfans>
      </istle>
      <jesuate amerism="rescindWeather" jismRecoalsAmidol="oughtedOverlax">
        <kosos>gleir</kosos>
      </jesuate>
      <dialogsAlvahBrock>
        <tweeseStoneyThecla>406213275</tweeseStoneyThecla>
      </dialogsAlvahBrock>
      <possums>
        <darnexErasingCarline>thatdPowwowsDiamb868</darnexErasingCarline>
      </possums>
      <gonia>
        <turfyWaltzerOmar>963586</turfyWaltzerOmar>
      </gonia>
      <peacedPahouinBrows>
        <vassosBancha>banians</vassosBancha>
      </peacedPahouinBrows>
      <gibusesSidemanBeround>
        <eleanorCierzo>69300</eleanorCierzo>
      </gibusesSidemanBeround>
    </blanch>
    <manit>
      <gonifsRubbing>aedesBrasser</gonifsRubbing>
      <jamboolKulang>
        <lateranDeils>orbific</lateranDeils>
      </jamboolKulang>
      <rereeWasel branned="nearby" duranceWarmthsGymnura="2758">
        <michingLagered>aureoleAtonerSketch</michingLagered>
      </rereeWasel>
      <lagunesHastati tonsileCavate="guillem">
        <thicklyVodunBedtime>2670211</thicklyVodunBedtime>
      </lagunesHastati>
    </manit>
    <slackerStigmai>
      <polacreDermsGalgal>shammarGaloot</polacreDermsGalgal>
    </slackerStigmai>
    <rancidThereinScorers>
      <titianWallies>fronds</titianWallies>
    </rancidThereinScorers>
    <prodScrimsComamie droppyCurneysBengola="tramfulJenny39" mitosesUpperBruiter="13491" frecketTeasesTeat="plummyAdamite">
      <yogurt>boggartIglusStartsy</yogurt>
      <daultSapsapPockily cedulasWiten="silkenBaptPerukes7">
        <feruledFlocks>rabicPhrensy</feruledFlocks>
      </daultSapsapPockily>
    </prodScrimsComamie>
    <lazary buddlerDiscosCapias="lictor" ingoing="jazzily">
      <baring>slinkThebainPilum5560</baring>
    </lazary>
    <holmium>
      <attagenTeras>furyOtolith</attagenTeras>
      <kindleSassanCorder benzoyl="potholeCacaosYilt14">
        <zoqueHyetalEdifice>778</zoqueHyetalEdifice>
      </kindleSassanCorder>
      <tayrona russetsAbiderBobcoat="meioticMiscuesBeglad6484">
        <gauchosHypingBop>quartZarnecBisects11</gauchosHypingBop>
      </tayrona>
    </holmium>
    <spadedGleed>
      <thyroidRepunchLissom>ducatsGerefa</thyroidRepunchLissom>
    </spadedGleed>
    <dilemmaBeguessSool>
      <muridaeGudgetPizzazz>retunedGiglio</muridaeGudgetPizzazz>
      <mimish>
        <semipedVeigleDyewood>pansideCairds6</semipedVeigleDyewood>
      </mimish>
      <coppetMyth ablockDipyreUnicum="befall" sowl="beepingFondWrager">
        <rancerCripplyGlobous>catskin</rancerCripplyGlobous>
      </coppetMyth>
      <handbow>
        <expendCattilyDict>tanjib4761</expendCattilyDict>
      </handbow>
      <emeersAcetifyBetorn equipAnomalTacso="footerDairt" woadsButchMeline="ranatraExhortApprox">
        <pieman>retip556</pieman>
      </emeersAcetifyBetorn>
      <teucrin kammeuBefilth="raftersSlidage" egglessKenyteBasing="75">
        <geolTwankayRankle>comicalCinclus</geolTwankayRankle>
      </teucrin>
    </dilemmaBeguessSool>
  </scringeEtym>
  <cartoonAlecs glakyElaidicLappers="56051" />
  <pachisiRelendsProp adios="froskBrasher" napererRanidCassias="yaplyAliet204" grussEildReacher="alogy" baghlaRessala="slitsManagesLisses" />
</leuMongols>