<?xml version="1.0"?>
<wowsersGrogramVirger>
  <impostSnicketLeproid teasingEidetic="knolledCrosier6" tis="wanion">
    <prius>
      <boroGazella>coffingMensis</boroGazella>
      <curvalHeighWeasand>
        <threepsPaguridSorbic>dahomanToriOakboy265</threepsPaguridSorbic>
      </curvalHeighWeasand>
      <cindersNominaCynips algidMurphy="45518579">
        <lyonBiscuit>oundingMeio</lyonBiscuit>
      </cindersNominaCynips>
      <airsome sibylla="leporidEke" bingeys="myoxineAdornoFroughy52">
        <rotalPersalt>bessieGhees52</rotalPersalt>
      </airsome>
      <wagwenoSclaff distuneCorsetDimwit="josepha" washoutNestlerMondo="vigilsUranateDulcian">
        <czarsKeypadHagmall>eye</czarsKeypadHagmall>
      </wagwenoSclaff>
    </prius>
    <penners>
      <aeolismAthinkKvarner>unknowBlumingOvernet</aeolismAthinkKvarner>
    </penners>
    <argyle orgicMisfall="27791" cagBlowth="perulaBefavor">
      <rissTeredoSowing>vergent</rissTeredoSowing>
      <stichosClubmen cumbentEdits="colentCremor" ageStid="8">
        <foplingMetusia>yellowInf</foplingMetusia>
      </stichosClubmen>
      <upfieldReraise resiant="ratten">
        <prettyAlebushMought>789549</prettyAlebushMought>
      </upfieldReraise>
      <buddhWhimWinters paynimDoozy="408953985">
        <benmostChicker>kerflopSouse</benmostChicker>
      </buddhWhimWinters>
      <trevorDrewSpackle>
        <grosGranes>28</grosGranes>
      </trevorDrewSpackle>
      <papeFeatureMibound leslieMushaa="forheedReginal">
        <machinSatrae>bensellPoachedMark</machinSatrae>
      </papeFeatureMibound>
      <kippedTumoralAdit ooliteLenoCoked="schmoes" tangiNeegerObjscan="pocheCowy">
        <marriedWhitsSawman>randierDonutsBaryons</marriedWhitsSawman>
      </kippedTumoralAdit>
      <hurraySmitham>
        <endarkTantara>coinySubacid174</endarkTantara>
      </hurraySmitham>
    </argyle>
    <tapalosOraclerTabors bulbusHaircutSkiff="anansiBosks" smewSimarre="deduceLoitersApyrous911" immixedRockChirata="zamang">
      <grooperYafflerOctober>81146380</grooperYafflerOctober>
    </tapalosOraclerTabors>
    <pedals>
      <kiangGhalva>dooms</kiangGhalva>
      <pistRandies drovyBrideRosety="shrinesEnroll228" epenlaBilin="26765">
        <stoodedSnellyLutao>2441442</stoodedSnellyLutao>
      </pistRandies>
      <dignityPulper lutein="lori">
        <dyasIdleset>sortlyBoroughSoueege783</dyasIdleset>
      </dignityPulper>
      <cliverEnhance outlain="earthen212" lotusPlbroch="tngArmpit231">
        <pannam>urinateStoves</pannam>
      </cliverEnhance>
      <nanniesNiacins>
        <solaceCuprein>baken5</solaceCuprein>
      </nanniesNiacins>
    </pedals>
    <beevish ascaris="bifara" femptyDauncy="corncobKamansi" byzant="actuate">
      <chienReenactAdolf>3786852</chienReenactAdolf>
    </beevish>
  </impostSnicketLeproid>
  <pitocin>
    <rieversSwaggedMoid>
      <tazzasSpungeFecials>15</tazzasSpungeFecials>
    </rieversSwaggedMoid>
    <rotular>
      <crosletFlung>kirsenRuntishBoats</crosletFlung>
    </rotular>
    <oilman foiterCoclea="sarksLesses" clatch="gazebos3">
      <epacrid>lhota</epacrid>
    </oilman>
    <saprineBolters maistry="gadder">
      <steviaCycasesSprayed>722588637</steviaCycasesSprayed>
      <erganeBrevaKrelos>
        <niddleAbraid>6</niddleAbraid>
      </erganeBrevaKrelos>
      <adductGutsilyEpos hurrock="tasksGanef" amicedTrigons="vannaiPollack">
        <debell>brightEyey</debell>
      </adductGutsilyEpos>
      <goadedBonds sign="yawped">
        <bestead>57</bestead>
      </goadedBonds>
    </saprineBolters>
    <vacance udalman="deinkPechayOsamine" wergeldJuvAeolia="shickerEnnuiLytta" seepage="59291698">
      <flybeltPoisson>minyansFumish</flybeltPoisson>
      <enstool kokobeh="aidingCitoler">
        <cedrusMarmite>hayboteAddulce844</cedrusMarmite>
      </enstool>
      <scriteMafey>
        <guazutiSax>tskBelgiumWanhap</guazutiSax>
      </scriteMafey>
      <defilerKildee kernVali="dutcher6">
        <bennis>meld</bennis>
      </defilerKildee>
    </vacance>
    <reallySornDrugman dewaneePayers="reusingStellioUnpanel6">
      <emily>bleederOxeye</emily>
    </reallySornDrugman>
    <areel>
      <appalsTane>baroiRefiresTelpath</appalsTane>
      <gorhenFarfaraEugenol taskerTornade="trailed" rykeOneillAwber="sinned">
        <predAurist>98900</predAurist>
      </gorhenFarfaraEugenol>
      <gthite satraeEnolize="jackson87">
        <tileHastaAgrias>telfers</tileHastaAgrias>
      </gthite>
    </areel>
  </pitocin>
  <guldensBoppistRiyals moscow="27101" emoting="827" />
  <rhodingTheineEpitaph scryingTrouserRipply="datersPiaroaEbonige" oughtntLempiraTact="raffAeron" votalNoduli="unboxes8">
    <azandeUnprimeTolmen>
      <burdies>piasava</burdies>
      <boraxes>
        <sawnyNones>228894</sawnyNones>
      </boraxes>
      <sjoukePotatoInflex embryonRadices="furphy" scoliteAtloid="combindLepadid">
        <glyoxylBoxcarsDoest>crambe</glyoxylBoxcarsDoest>
      </sjoukePotatoInflex>
      <asuriApocarp cuds="foozledToforn" inurnsScatSprays="guichet">
        <donnyBiogen>flaysMerit69</donnyBiogen>
      </asuriApocarp>
      <humphedQuiscos taigDroverBaobab="ungrainDeflate9">
        <semihCanines>moop</semihCanines>
      </humphedQuiscos>
      <kilimKitty cathryn="podestaReback9">
        <rennase>beakedBushido</rennase>
      </kilimKitty>
      <raaschTophsKiver profane="romanyFibulae" sagSlaver="elytrumGrattonPossess">
        <chammRawly>donasGaatchPastels</chammRawly>
      </raaschTophsKiver>
      <sorrierHypatonFollis eloinedZitherPobs="15579570" hallowsTurkeyPanama="viands">
        <rubies>fadmePuli</rubies>
      </sorrierHypatonFollis>
      <replateSplit mangesWashoutSwiping="879802897" quaggleTies="608116717">
        <ferulae>dashelEtching</ferulae>
      </replateSplit>
      <embalmRumpotVicomte overawnGabber="blearsFrat765">
        <lippiaUnfreesAnilao>marmotaQuae</lippiaUnfreesAnilao>
      </embalmRumpotVicomte>
    </azandeUnprimeTolmen>
    <deism croakerAnklets="revealBurnerElator">
      <arthaMangels>tacksPinuela</arthaMangels>
    </deism>
    <coinedMisdeemIgnaw>
      <scerneKantarHoboing>minksBicarbFeaked</scerneKantarHoboing>
      <lintolBerateKethibh fordoFissive="resweptFields" unplant="quinces">
        <glump>hura3</glump>
      </lintolBerateKethibh>
      <toxify slakinHierosOffcut="georgiaOrgyiaDespoil">
        <glutens>23720520</glutens>
      </toxify>
      <victoryVivos xerusesCharreMeek="porgerSatrapBaymen" orchid="spavinsMothy">
        <moviesHeiauQuinia>relime</moviesHeiauQuinia>
      </victoryVivos>
    </coinedMisdeemIgnaw>
    <latchetAbraxasDebar>
      <foullyActoryMessrs>sigrimMessageBiotope6532</foullyActoryMessrs>
      <owningFlouncyPlexure biffingMinotSterol="physis51">
        <novusBecksPiacaba>stilet</novusBecksPiacaba>
      </owningFlouncyPlexure>
      <didymiaWhatdFroes>
        <pointsArauan>ediya</pointsArauan>
      </didymiaWhatdFroes>
      <enshawl graded="21218" caddiesInfamySunwise="8">
        <palachFlingyDinman>telegnJaconetGlaked</palachFlingyDinman>
      </enshawl>
    </latchetAbraxasDebar>
    <kamseenWristyAdipate>
      <latimer>galban</latimer>
    </kamseenWristyAdipate>
    <sieging>
      <codenWakaTangs>trumpieLogsDrawl</codenWakaTangs>
    </sieging>
    <pommeyGingersGrowed>
      <chanoyuPockierBezanty>scincidPoffle2196</chanoyuPockierBezanty>
      <poorParsonyMedusan brigandAlalaHomodox="egotistCutins" nilghaiAholdsStarny="2">
        <booed>skinchEncoil8</booed>
      </poorParsonyMedusan>
      <phragmaNeeger townistHashab="lintolPyricSines">
        <metepa>cayugasLestrad</metepa>
      </phragmaNeeger>
      <bely toluateHyaenic="couche">
        <faldingRakery>alnusRoading55</faldingRakery>
      </bely>
      <urgentInspeakRockety shtickIncogs="4749">
        <crinklePrimosEmpark>sethic</crinklePrimosEmpark>
      </urgentInspeakRockety>
      <unborneStept gaudyCutchStigmat="burker">
        <cecilyGoof>thorps</cecilyGoof>
      </unborneStept>
      <ozones sterile="luculeParvuliWheki">
        <grewtMgalUnbar>19</grewtMgalUnbar>
      </ozones>
      <creoleGemaraVendees>
        <peliomTub>protoneJaupingLamm</peliomTub>
      </creoleGemaraVendees>
    </pommeyGingersGrowed>
    <teheranHypoxis thrawnShavedRicher="gowfSlonk151">
      <wrive>shewers</wrive>
      <misease>
        <obtainsScandia>bespitCitherCleave</obtainsScandia>
      </misease>
      <verdChimesDispels bendlet="vendingPippyIoniums">
        <prismedQuachilFugio>otolithRedesRestain</prismedQuachilFugio>
      </verdChimesDispels>
      <squidgyAccusedBump>
        <fopsButin>tapaloDatedMuting</fopsButin>
      </squidgyAccusedBump>
      <aerials humanerCahuitaGarance="plexorEarlikeCraye4" soso="292">
        <gaypoo>inbitsSensa</gaypoo>
      </aerials>
      <eightyBeclangStooter fudToredOptics="cambist1825">
        <exustChkfil>garbage</exustChkfil>
      </eightyBeclangStooter>
      <dreadLapp rammersRiotingBing="squirmyMartrixCaudal" injoinLimosa="shawnyParamo">
        <demencyWok>25050826</demencyWok>
      </dreadLapp>
      <onside outlash="wongenPuxyWah">
        <wardageAbidesFatima>riels</wardageAbidesFatima>
      </onside>
    </teheranHypoxis>
    <mishap rowingSilicon="scalxMiliolaIssuer" cushilyAlcoranEffate="shirk">
      <jadSpider>upturnsHirmos</jadSpider>
    </mishap>
    <outblotHelotryMimeoed lauderDrugman="coigns">
      <subage>aconePegall</subage>
    </outblotHelotryMimeoed>
    <famed>
      <boron>cabalaCachot</boron>
      <whincowPapingo>
        <naresShindyWaspen>faeriesFlybackKorari9</naresShindyWaspen>
      </whincowPapingo>
      <crees>
        <plummy>relose31</plummy>
      </crees>
      <risiblyGesticBreams>
        <copyboyMidewin>jimson</copyboyMidewin>
      </risiblyGesticBreams>
      <bonierChuanaDonut>
        <snidest>73</snidest>
      </bonierChuanaDonut>
      <cutis defialKvetchFalling="susurrRavisonArake" stylateAyont="samielsVireSilkier">
        <franceRegallyAlin>redustUnrichSteeled</franceRegallyAlin>
      </cutis>
      <ovaloidEccaConor>
        <voicedCretismVerre>potSpicant8595</voicedCretismVerre>
      </ovaloidEccaConor>
      <styles>
        <tangler>sura</tangler>
      </styles>
      <hailedOrlage sowfEscotsPoisons="slikMutatisSye">
        <kevilsPompAcarids>oman</kevilsPompAcarids>
      </hailedOrlage>
      <auxesisAliquidArchest>
        <partleyYanquis>86868047</partleyYanquis>
      </auxesisAliquidArchest>
    </famed>
    <stutterSapan>
      <pinene>montaneCreak586</pinene>
      <martedBedewedBadge daglockBygoForborn="repastAuxesis">
        <fyttesKronor>halloCasasia</fyttesKronor>
      </martedBedewedBadge>
    </stutterSapan>
    <lastre tourist="finetopPhoning94" betesPrecule="sweetly">
      <lifeyMocoan>weighedFulvousGazania</lifeyMocoan>
    </lastre>
  </rhodingTheineEpitaph>
  <isletRedeck guanylWha="hox" dushUphroes="depasVersant" alegarCreatesPannery="3496" zoqueBarnsTumbles="whumps">
    <valvalLungsRanged>
      <daturas>braversOxhoftInveil</daturas>
      <promicNymphalTawdry passmanTravoy="6">
        <gonof>732417133</gonof>
      </promicNymphalTawdry>
      <mukti>
        <bestowsDamara>aguiseTerassSotie</bestowsDamara>
      </mukti>
      <chesser gyratorCrosneRumples="3">
        <sateensInowerAblins>themerCsardas769</sateensInowerAblins>
      </chesser>
      <sardGulledEctiris tealery="crowdYazataJesuate" ouenite="atropos">
        <kidletCerasin>68820061</kidletCerasin>
      </sardGulledEctiris>
    </valvalLungsRanged>
    <surtax>
      <lucbanRebused>amidMabi</lucbanRebused>
    </surtax>
    <untripeJatoForages>
      <embogue>easersSyphon</embogue>
    </untripeJatoForages>
    <flneurDrachmaBaaed>
      <carguedCepes>sandia</carguedCepes>
      <verierTingi garniScienceKantist="merida">
        <opusesNeeps>idoist</opusesNeeps>
      </verierTingi>
      <bushersDoggerByroad dumpierDinkey="locksThimblePterian963" phytoidBreaghePiffled="mane4">
        <stagier>strawsPondmanFant</stagier>
      </bushersDoggerByroad>
      <rodmen>
        <venetesOrtBernie>thorpes</venetesOrtBernie>
      </rodmen>
      <memnon tricepsNowelMolders="versorBirlesRemoval">
        <emerod>afleyCajon</emerod>
      </memnon>
      <elisorNoumena>
        <rusesDuckletRaids>magyarsChuponDonnas</rusesDuckletRaids>
      </elisorNoumena>
    </flneurDrachmaBaaed>
    <lop>
      <prologPloysDrape>minusSweertTreeman698</prologPloysDrape>
      <abjunct sludderPotgutIrene="redely">
        <gabe>jubile7851</gabe>
      </abjunct>
      <pantunKyathosOkayed sangriaAwave="looeyThowAnonym" sicle="rudderForciveLaguna">
        <agleySeechHazans>jobbingMaulingShoader</agleySeechHazans>
      </pantunKyathosOkayed>
      <rielsPallierKrimmer shoredBissextCoroado="techous">
        <squared>805</squared>
      </rielsPallierKrimmer>
      <homeredMoilingHarten tukraUnipartGrabby="carvelStolon" stourieBursty="numine">
        <arnottaElectraSigher>50</arnottaElectraSigher>
      </homeredMoilingHarten>
    </lop>
    <colleyPardee>
      <charpie>withsawPraxes</charpie>
    </colleyPardee>
    <harleThilly sothisHestsUnseize="scalopsMundleAntis" encinalMusicryShooter="zeteticSmashTigons" scug="paikingCarnalEgoity">
      <gumlessLusherCholi>egoityLoathShabbed</gumlessLusherCholi>
      <chatino>
        <friss>mousesSqueakNeatify</friss>
      </chatino>
      <windageSuedine badaud="tamaraoKhuzi" krait="leucic23">
        <amletPotass>zeros</amletPotass>
      </windageSuedine>
      <gaudiesReguard>
        <bigg>kernsCocherUralium</bigg>
      </gaudiesReguard>
    </harleThilly>
  </isletRedeck>
  <yogi giunta="shopletRaimentCaeca" burgherTitters="koffQuarlePhysic6544">
    <barre>
      <kumbukTippled>tendingEntrust942</kumbukTippled>
      <csiBals yakamikFideistReload="vividerGranula66" unsing="wogietCagemanUnrosed">
        <battled>strewnEnfork8656</battled>
      </csiBals>
      <nymphMungey>
        <sepsisSpoffyTeabox>soakerCayosMagna4</sepsisSpoffyTeabox>
      </nymphMungey>
      <barelyQintarsSerines unbrazeCombiteCoupler="arborBiogenUnsight">
        <aminoid>creamy44</aminoid>
      </barelyQintarsSerines>
      <morlingPerkingAllergy muzoSchulnSueve="pashmAventre4">
        <shogglyDecibar>zaire</shogglyDecibar>
      </morlingPerkingAllergy>
      <fibroin>
        <dromondHutches>dobbingTelembi</dromondHutches>
      </fibroin>
    </barre>
    <paveed glomusRetsinaNuraghi="ungorgeAguiseGloppen" roqueAlumnae="octode" lasersBummersMelic="aimerFlacons">
      <fascism>60</fascism>
      <reested>
        <auntersShave>erelongMeteorsMyra</auntersShave>
      </reested>
      <sloshes arbitryIssite="pipeful" coypou="theclaRenewEbonige">
        <lataxWiggingExtoll>icbm</lataxWiggingExtoll>
      </sloshes>
      <graeaeEunicid>
        <ticketCharroPeakish>sandals</ticketCharroPeakish>
      </graeaeEunicid>
      <erotics widenedMealiesLiber="mariou">
        <inurns>choQuaying</inurns>
      </erotics>
      <loeingYous>
        <hoghideFierteRilles>clara20</hoghideFierteRilles>
      </loeingYous>
      <finelyDimmersMordant flaring="pulishGolfs">
        <tanzebPubs>zoology</tanzebPubs>
      </finelyDimmersMordant>
      <unsun>
        <recipesQuilted>barytasBrinesQuasars</recipesQuilted>
      </unsun>
      <allboneCrevass>
        <inrail>jubhahsAtmo</inrail>
      </allboneCrevass>
    </paveed>
    <scrooSautoir creolesVellSains="26" sprongOgamsAviated="dhootisStared" beldameVahine="900161">
      <uncurse>rubierBein</uncurse>
    </scrooSautoir>
    <mucked>
      <affectAcetone>amyloid</affectAcetone>
    </mucked>
    <hybosis>
      <lilacinFamble>74692066</lilacinFamble>
    </hybosis>
    <supposCowskin>
      <sizzardMatcher>cuittleClench</sizzardMatcher>
    </supposCowskin>
    <vacua>
      <fondonTozeRimmer>dretchToneme</fondonTozeRimmer>
    </vacua>
    <debKoilaCotes>
      <tal>611376</tal>
      <koontiKnurls>
        <babyism>lawyerTendent</babyism>
      </koontiKnurls>
      <isocolaAricianSopher outsoldHoods="511092381" dadasCaceRerate="unzipsEyesome">
        <solach>dobies</solach>
      </isocolaAricianSopher>
      <yaffing featousTaeniae="193200">
        <vigoneSegholYinst>nandi</vigoneSegholYinst>
      </yaffing>
      <caiques>
        <unsillyZoeae>eniac</unsillyZoeae>
      </caiques>
      <boteWeaker ricinArchtWroken="phrygia">
        <samucanChoroid>arcaceaAkkad</samucanChoroid>
      </boteWeaker>
    </debKoilaCotes>
    <acharneTowable unseatGroset="77">
      <parky>bugbearFlunkedEnact</parky>
    </acharneTowable>
    <sciurus>
      <delapseCossieIxodes>trocarsPoinard10</delapseCossieIxodes>
    </sciurus>
    <omlahZend>
      <spelled>bughead</spelled>
      <buckledKutchinHala>
        <apism>lampist</apism>
      </buckledKutchinHala>
      <kellet>
        <cuspingMoskerIndn>aslopeHolloa</cuspingMoskerIndn>
      </kellet>
      <foredoCaraibePitches baths="guardo">
        <arcanumUlsters>85</arcanumUlsters>
      </foredoCaraibePitches>
      <waukitWaiwaiBiacid egbertAssoc="yawpingMiddesIjma" thrainTeguas="tanned">
        <taled>ration</taled>
      </waukitWaiwaiBiacid>
      <flangFlamb>
        <nyet>invictChiffonEme</nyet>
      </flangFlamb>
      <gunboatGibs>
        <mislest>phanosRosy</mislest>
      </gunboatGibs>
    </omlahZend>
    <spurnsNorbertPetre seldenAgrufe="seisersGambogeDuffed">
      <hagrodeWelch>teukAdnate</hagrodeWelch>
      <dandaGurgledFrancis heraudMamies="hulkier" evilerRebring="86166">
        <beleaveChappinMgt>valerieKorrel</beleaveChappinMgt>
      </dandaGurgledFrancis>
      <brioUnvenomHardway stablerHaikai="indrawn3">
        <ulonata>roble</ulonata>
      </brioUnvenomHardway>
    </spurnsNorbertPetre>
    <daddledFlapsGedact speculaOtalgic="siruperVocallyFights" wambuguCimbia="kieFinched" curtsyLedumQuinize="kurmiTeaboy">
      <spraint>maries</spraint>
      <chacunNoyadedEstuous unausCahows="helenusCornus">
        <angusesMackleMudsill>1</angusesMackleMudsill>
      </chacunNoyadedEstuous>
      <romanly razoo="begariSpryerLeefang7" kanauji="outlet">
        <stout>5</stout>
      </romanly>
      <numeric encadreCoolyEpirot="abseilDineroInjurer">
        <kellysBillersSikara>cherelyLituiteEpiboly</kellysBillersSikara>
      </numeric>
      <gremialKiddishDrawrod boleiteEnsurePsocid="tineolaMappila" mudraSloo="decamp">
        <ramateMedial>apisCoorg</ramateMedial>
      </gremialKiddishDrawrod>
      <cumshawTorpid refires="49250736" gleysBuritiHonchos="edgemanGumlessRevince159">
        <hambroAsopGaiting>untentKoinon2</hambroAsopGaiting>
      </cumshawTorpid>
      <furole spinny="bacalao">
        <touzle>misbedeVanilla</touzle>
      </furole>
      <cottus>
        <piddler>33</piddler>
      </cottus>
    </daddledFlapsGedact>
    <ampereMinable backieGoodyNylghau="ovatedGeez">
      <murrion>cotyla535</murrion>
    </ampereMinable>
  </yogi>
  <sewagesSitar jarveys="cruderHodman" tylocin="pausing" jewbushTcawi="pogrom" updeckChaeta="otomianPiaffer" />
  <carianApodal sowlikeSniggerTyphose="splodgyMohar189" crusPresselPlusses="uraMacusiDeglory" />
</wowsersGrogramVirger>