<?xml version="1.0"?>
<palay>
  <aissorMalice peccaryPadreWastage="14532952" exasperIliauAchate="11" manito="814845" />
  <xeres roughlySollarOccur="walingAntuBeprose" trifledAftosas="132715" wifesVodum="nasalsMonuronChiders" nitresDertrum="goura">
    <bioliteReshThierry ditaliGrouses="glomsBibbler" ripplesAtopiesAlcaide="83" akerSplitHematal="pygmyBurlapsPogey20">
      <hostFaade>1</hostFaade>
      <woldes citess="zunyite">
        <karmasDruggetCuke>ripgut8</karmasDruggetCuke>
      </woldes>
      <bivious warmishMorwSold="slaviLampong" canned="obesely79">
        <islingBurseed>866633968</islingBurseed>
      </bivious>
      <ditty decoded="5659" benamed="barbasRacy">
        <range>1149967</range>
      </ditty>
      <gyroseKikki ovisRevival="hogyard" margay="satdScotal">
        <becrimeMameysGrivois>byrniesMaundsBattuta</becrimeMameysGrivois>
      </gyroseKikki>
      <hypoedGougesPolygam>
        <lase>disbarsAdages</lase>
      </hypoedGougesPolygam>
      <hyaenasKluck scallsPotfuls="96041" elopsIrkingKhat="sarin">
        <twingesTukulerNormals>gillersDerider3814</twingesTukulerNormals>
      </hyaenasKluck>
      <parrots parsiBroadsPlounce="87895">
        <ninetyKairos>haggerRegalo</ninetyKairos>
      </parrots>
    </bioliteReshThierry>
    <weir pinesEyelessOutwove="necked">
      <unnakedWifedom>39445</unnakedWifedom>
      <eyliadLost>
        <snifterNadirsFirker>wechtGoumierTalions</snifterNadirsFirker>
      </eyliadLost>
      <gaslikeDouc ghast="gambiaeAvysLevity">
        <oakmoss>catena</oakmoss>
      </gaslikeDouc>
      <homburgUntinPuget>
        <moiety>talckyMossersOocysts</moiety>
      </homburgUntinPuget>
      <mbira jokiestArras="iodolsYummyLilt" gummageIsort="lyrurusSpaedomBoxy">
        <dintPlunk>boogiesSitu</dintPlunk>
      </mbira>
    </weir>
    <glozing>
      <terbiumTintsOverwin>2</terbiumTintsOverwin>
    </glozing>
    <wagersHormone hissedCaptureNowder="347715" scarabAmbitusZamenis="chubbAlmsOubliet" silphidTenutiSpecie="hikerDodkinRelic1003">
      <trickle>4369</trickle>
    </wagersHormone>
    <gesten>
      <aponiaSetpfx>menyGuttateNavete</aponiaSetpfx>
    </gesten>
    <aroynt rimous="shareefScowls" hatter="kokowaiDismawPhasing" filicicAlgesis="trisomyWahabitConfute">
      <meantesRommany>78250</meantesRommany>
    </aroynt>
    <plexVeiling>
      <anconadEboeAnodal>96</anconadEboeAnodal>
    </plexVeiling>
  </xeres>
  <imprese loggishDieties="nounal" pileata="899221457" click="turtosaEmbaysBackare" />
</palay>