<?xml version="1.0"?>
<pridyCsnet>
  <voltes deafBurelPandura="danicCurtein" crimini="8" rances="966" />
  <preaverWheedle catydidOrnaHeader="egretsSpiremsFrison" refroidOrariumSubsets="69698">
    <abiuretAminoid>
      <scroyleLacks>knobberKorunyBemired</scroyleLacks>
    </abiuretAminoid>
    <dampest ingnue="doomful">
      <wooedOps>astrerSpain</wooedOps>
    </dampest>
    <christyMuskoxHamzahs>
      <signist>roodLapping</signist>
      <petioliKokoona>
        <gaulNode>resignsDalarUmbos</gaulNode>
      </petioliKokoona>
    </christyMuskoxHamzahs>
  </preaverWheedle>
</pridyCsnet>