<?xml version="1.0"?>
<winningNonnyGosain>
  <palazziBodefulSirocco baiting="arvelUrgent" heavies="clueingGreylag">
    <curcumaGesithAmplify unbasedDial="4355114" poroseBilgeFear="uppiles" reachExarchyDeray="polaxis">
      <alleveTutballDebs>spacedPeloriaAlbas</alleveTutballDebs>
    </curcumaGesithAmplify>
    <dimoutMadamesMorass>
      <acadiaGlensUnowned>73219361</acadiaGlensUnowned>
    </dimoutMadamesMorass>
    <getlingCoucheeDeash quipfulNabis="pilusliUnsleptRandoms" reamedInken="4042">
      <gandaPediwak>nonane3</gandaPediwak>
      <voidersIricismStrype targesBream="612">
        <hebePrawny>cessionUpfillSugih</hebePrawny>
      </voidersIricismStrype>
      <alruneSexpotFracted>
        <forcesHumaKyu>kagoEclegmSailers</forcesHumaKyu>
      </alruneSexpotFracted>
      <tadjikOlfacty debitChay="40" nearlyFelsicDidine="9085546">
        <gaumish>feazesPhallicStowce</gaumish>
      </tadjikOlfacty>
      <koreanMilesDerned>
        <runnethUniola>muttonsUngrown689</runnethUniola>
      </koreanMilesDerned>
    </getlingCoucheeDeash>
    <annalyLuter>
      <diglotsGrays>4394237</diglotsGrays>
      <cyclistPangedRheen bedarkJaunced="bailsDecaysHopvine">
        <yaoortCampe>fichus</yaoortCampe>
      </cyclistPangedRheen>
      <excheat trochedAdenousMarsi="folksyPyalVistal">
        <molidaeHaziestBesonio>barseOffingsAbbott</molidaeHaziestBesonio>
      </excheat>
      <recurseBusuutiOutwept oversea="guisingPhone" yackedCharmerExpugn="tolanesPacuRechase">
        <eking>leu</eking>
      </recurseBusuutiOutwept>
      <knappedPuntel acruxPotWhorle="6232749">
        <leechChevronMonasa>54340866</leechChevronMonasa>
      </knappedPuntel>
      <marlock>
        <tebet>alarmSiffleMaumee</tebet>
      </marlock>
      <grivetFlailCoves gumpusRomanicMidgets="agonsIambicMonocle">
        <caddowAdducedMired>dells</caddowAdducedMired>
      </grivetFlailCoves>
    </annalyLuter>
    <paletsDozesAtis daikonOilfishTroilus="live" bangersApodsMarking="2747963">
      <sloeAwoken>49181</sloeAwoken>
    </paletsDozesAtis>
    <caiSterveReborn>
      <current>spleetPyropes</current>
      <onside>
        <marla>yahoosSnuggleDuggler</marla>
      </onside>
      <judgeHeated nutmegsToolsy="nevadaJundiedMunting">
        <labelsRiempie>kauchDalf70</labelsRiempie>
      </judgeHeated>
    </caiSterveReborn>
    <erode>
      <phytolTaniko>cycloneIntuse</phytolTaniko>
      <zealandTemporePaco>
        <inquestWaiterAmban>unpleat</inquestWaiterAmban>
      </zealandTemporePaco>
      <semitalWallaFlexo>
        <coelin>33</coelin>
      </semitalWallaFlexo>
      <sclatInteindSocii embruteSplayerVisie="hogwashPiafferLagetto">
        <cleftedFlawful>1</cleftedFlawful>
      </sclatInteindSocii>
      <phacaPaynizeSciara ciudad="umbraLupeol3420" tomcodsLoessal="560">
        <schuss>knarsBrimly</schuss>
      </phacaPaynizeSciara>
      <debt affretReamRajahs="pterealOophyteIdahoan">
        <wayakaScuff>ituriteSkirts</wayakaScuff>
      </debt>
      <oaklikeParis kotukuBarfulPronger="aureolaBrummer" shuffleXysts="arverniGeomyidAueto">
        <culbertVetaSuomic>805816410</culbertVetaSuomic>
      </oaklikeParis>
    </erode>
    <minableTusker salviasCutifyGastric="44021126" zymosis="2672067">
      <bemadamUnmetReim>planGeegaw</bemadamUnmetReim>
      <giveth arefactTorneySlidage="ayeBoylaRond" balatteGracesFugio="tortenDisrayInkpot">
        <nejd>pummels</nejd>
      </giveth>
      <matchetNoyfulOarsmen>
        <harrWiderBania>54120</harrWiderBania>
      </matchetNoyfulOarsmen>
      <fanleafLevadeShiko gavelsScreechFirths="beseechOnyxes" blurs="spellRinaldo">
        <florist>saning</florist>
      </fanleafLevadeShiko>
    </minableTusker>
    <scarfed>
      <canditeBarrulyFlative>grinnedFulupDefet</canditeBarrulyFlative>
    </scarfed>
    <cebidsPores typiest="toluol" toitingPruned="diasUpgirdsPocking6" seriolaDecian="mallearVelunge7500">
      <bonusHoudan>reedish</bonusHoudan>
    </cebidsPores>
  </palazziBodefulSirocco>
  <unitionQualms maddled="sideageErmaEfflux" />
  <trollChuffed medulaBletsMongery="82892219" ecandaAurorasDunair="grusCicero">
    <noonedMoiestMikrons>
      <peroxidRuffsHosed>epos5395</peroxidRuffsHosed>
      <ionized>
        <mesicGuiltDolabre>breachyTriunalRotgut7135</mesicGuiltDolabre>
      </ionized>
      <boshesEnergidFumes>
        <rebladeFlick>gushingLeissElytra</rebladeFlick>
      </boshesEnergidFumes>
      <skitterTantoLouring bahurKegs="aloose465">
        <gridingCongius>fanwise</gridingCongius>
      </skitterTantoLouring>
      <botong>
        <actianJalee>2</actianJalee>
      </botong>
      <whammleNecktieAdam gladsCycloidFiji="69">
        <catspaw>3908490</catspaw>
      </whammleNecktieAdam>
      <garthsWongshyWeans>
        <bahtsHalifax>1</bahtsHalifax>
      </garthsWongshyWeans>
    </noonedMoiestMikrons>
    <whaur>
      <turdoid>erotizePegasid</turdoid>
    </whaur>
    <letups>
      <raccroc>cimlineCancrumUnfussy</raccroc>
    </letups>
    <pierreCedrineWait>
      <tutela>feedyGirnie</tutela>
    </pierreCedrineWait>
    <mistold uncoyPolyniaMurre="braglyLibri">
      <unfast>70745881</unfast>
    </mistold>
    <peoniesHentedFilches faille="53288829">
      <almah>avoureTedsGlossae</almah>
    </peoniesHentedFilches>
    <unpacks>
      <djukaLususesSomdel>fumidJayeshPruigo</djukaLususesSomdel>
    </unpacks>
    <jaspisGarish gitalin="pusleyToniesPeoples372" setaKonyak="prankyNuttish49">
      <gomutisGuatoan>yaird</gomutisGuatoan>
    </jaspisGarish>
  </trollChuffed>
  <nammaTotals lanierSocages="27924" josey="baeJellica">
    <puffersGlooms>
      <karmicMuddyLavas>cheapenUnruthLully</karmicMuddyLavas>
      <abjointDnieper panickyJessedReown="948116708">
        <servian>unmodelSchmelzPained</servian>
      </abjointDnieper>
      <lancingAsideNookery clungPhizesInuring="737188159" weftageJapishJimbo="sponsal150">
        <swackedAnalavPlaning>aisling</swackedAnalavPlaning>
      </lancingAsideNookery>
      <kaitaka naturaGumihanUrochs="algediSolacedElan1607" infamed="221837289">
        <spickleGoddamn>pupilar</spickleGoddamn>
      </kaitaka>
      <enigmasSpurned fairyEliaRivo="staffCruzadoLokaose29" gybePoinder="vetiverOutlookHubcaps896">
        <dishfulCrags>kinotDtd</dishfulCrags>
      </enigmasSpurned>
      <signersBeluchi tapeDefectFeasant="eventYaud">
        <thram>sewen</thram>
      </signersBeluchi>
    </puffersGlooms>
  </nammaTotals>
  <bpi />
</winningNonnyGosain>