<?xml version="1.0"?>
<agarita>
  <frizeLoutsWeensy reseaux="oneyerMirrorsCadmic" />
  <astartTernal courted="tizziesQuark" didst="lexicaDouane" glueingDiocoel="keltieHighRansack" lagerPregame="479015">
    <oryzaPereia rawboneSteamy="2" auxeticUvverRamule="tuberinAccedeHubbed" trommelJakos="valsoid">
      <gravingPrepaysRicinic>9</gravingPrepaysRicinic>
    </oryzaPereia>
    <pangiCoelder strange="eluentsSamkaraWastine" morocco="kussosSalianAshanti">
      <libeleeSexpotSob>hagada9</libeleeSexpotSob>
      <puckish cornixMassed="chanduyFrocks">
        <corer>973395</corer>
      </puckish>
      <sequela>
        <idylsResigh>4</idylsResigh>
      </sequela>
      <indiums fledLamaistBarfs="47937">
        <vauntyGuemul>fogeys</vauntyGuemul>
      </indiums>
      <schermRosaria esurineStummerAnstoss="98963168" eleuinWowing="cen417">
        <stocksUrbify>medusalPegasusSpines</stocksUrbify>
      </schermRosaria>
      <hydrazo flugel="malakon">
        <libardMurker>unnail2260</libardMurker>
      </hydrazo>
      <ricineBodkin>
        <pluteanKerasin>wekas</pluteanKerasin>
      </ricineBodkin>
      <schnitzValensGoose hornify="708009" agrHaycock="oroide">
        <khutbah>hyalineTalarsCatenae</khutbah>
      </schnitzValensGoose>
    </pangiCoelder>
    <scopola haymishLst="adieusPrixSeizors" cognatiMauves="emoteNummiPetrea" revisalDot="sunset">
      <tututniHoove>oliviaPitman</tututniHoove>
    </scopola>
    <elleck>
      <laurieHugerRantan>haploidIncult</laurieHugerRantan>
      <spinuleChenarByrl>
        <mildred>clysisSprong53</mildred>
      </spinuleChenarByrl>
      <brewisHemippe doniaSuzanne="ashkokoDuffies8240">
        <taenialCornier>laterad</taenialCornier>
      </brewisHemippe>
      <woughViron riperTorsade="viewyNamableNixes">
        <rigadig>kisanBlarinaFrazil</rigadig>
      </woughViron>
      <municWhelpedPlinths>
        <lociVittledWhsle>9118272</lociVittledWhsle>
      </municWhelpedPlinths>
      <canstYorkishSpuming linieAlgist="bradley" revertsAquose="pobsSig">
        <royena>phyllisTwaDings</royena>
      </canstYorkishSpuming>
      <degustsEnrootRigours biopsicGirasol="867310">
        <stimiesRetrims>lochlin</stimiesRetrims>
      </degustsEnrootRigours>
      <bhadon wryMeatierAbreid="grushJumartNiggra">
        <congii>palazzoExurbiaTnt</congii>
      </bhadon>
      <biotiteWisket jubilar="6" sokes="myopeHolmosBifid84">
        <travesPayenyCurchy>mockage</travesPayenyCurchy>
      </biotiteWisket>
    </elleck>
    <sprunk terbias="inveilBlonds" idlemanIambus="tutressGenomesRowlet">
      <fortletSoviet>solpugaOutlook918</fortletSoviet>
      <bathBlea>
        <bursera>teaseTell</bursera>
      </bathBlea>
      <hottleToquetPranker mbori="ailurusGluckVisita">
        <bhakti>funtElegy630</bhakti>
      </hottleToquetPranker>
    </sprunk>
  </astartTernal>
  <doomerPurlingAlisos seeably="papulaHistoneGlaceed" unboggyPulisBacach="nonwarUptrailVibrios" swish="cuppy">
    <igad>
      <gurusAsimenAdze>whanVarvesMewls</gurusAsimenAdze>
    </igad>
    <cookersFleabag>
      <joyedGalilei>820051</joyedGalilei>
    </cookersFleabag>
    <placusHackees>
      <ameersShegetsGhetti>euphoryByronicXanthin</ameersShegetsGhetti>
      <arlessWugg ova="95939">
        <grignetIrian>aroundBoucleMormal</grignetIrian>
      </arlessWugg>
      <troneGalet>
        <simplyGloomy>garcon</simplyGloomy>
      </troneGalet>
      <sori skeat="headrig" luffer="resinol">
        <immuteAndrena>grafterArachicInfame2621</immuteAndrena>
      </sori>
    </placusHackees>
    <peltastAssishParoli huffsStumourLovee="cultistRazored" blentBulgur="bleauntMinimumHatreds4781">
      <dunfishQuoters>making</dunfishQuoters>
      <sisel>
        <stalled>181464272</stalled>
      </sisel>
      <alifeSojournVersal>
        <shambleFudgingTrey>gagerBlypeOthers</shambleFudgingTrey>
      </alifeSojournVersal>
      <mudlarkCalabar warmersDemesne="pyesValliesDovelet" cannach="trajetFalcatePalila660">
        <river>entwistOutact</river>
      </mudlarkCalabar>
    </peltastAssishParoli>
  </doomerPurlingAlisos>
  <seisedMittenNist sandboyTannestEtnas="aix26" rubible="dithiol" uratesCampusBarbera="inlawRindsBowboy">
    <secondsAmytal>
      <monksIzardAlma>97</monksIzardAlma>
    </secondsAmytal>
    <fluency tabbingOhioansBlarnid="98132152" limbicAna="noted">
      <godlikeWhorageTanger>wailingJacanasPariah</godlikeWhorageTanger>
    </fluency>
    <scotomy>
      <noosedKneepan>refaitAmoks58</noosedKneepan>
    </scotomy>
    <earl dvandvaAmritKuhnia="tsimmes">
      <immunesGlinseCowedly>rifflePoesy</immunesGlinseCowedly>
    </earl>
    <barkersAdept>
      <sylvicDobrasWholism>pakawaWomera</sylvicDobrasWholism>
      <upfloatMultics>
        <daniFlopped>unwonRamal</daniFlopped>
      </upfloatMultics>
      <gobia escapedShaming="dollingGurneysAmphi">
        <mangersDibbleTran>13158</mangersDibbleTran>
      </gobia>
      <oakums servalSoyotMeubles="tobymen13">
        <atonicsAnearedDakoit>81</atonicsAnearedDakoit>
      </oakums>
      <disring ptinoidMestenoPedal="bralessOmanKyu">
        <menuraRambong>labrumsRabbiesAirward</menuraRambong>
      </disring>
    </barkersAdept>
    <pactionGrowing>
      <peitrelSurphulCalming>begobsBeweeps</peitrelSurphulCalming>
    </pactionGrowing>
    <wanhap>
      <azoth>1</azoth>
      <tweetsPokeout lamutFally="koller">
        <enif>khepeshBantamsBoxty48</enif>
      </tweetsPokeout>
      <sizablyKinone bieldedPudsTroth="megilphRefresh" ethosesAkerite="calili">
        <jina>smaltiSymptom</jina>
      </sizablyKinone>
      <succent>
        <brastMoariaUnturf>holcadEggnogsPlumach</brastMoariaUnturf>
      </succent>
      <reisnerBoluses dodger="8917063" nandowCtgTurm="ashotCringer">
        <sermo>bardedPanna</sermo>
      </reisnerBoluses>
    </wanhap>
    <dialistHin>
      <exoticsMarry>opcode</exoticsMarry>
    </dialistHin>
  </seisedMittenNist>
</agarita>