<?xml version="1.0"?>
<sitesProofed>
  <beleapsOutpaceRhyton sopitedHumid="merinosStomachBoxfish" jackpot="cliffsPochoteYerk811" untwirlDudism="mysostsCedrolHaught" unplumeSwiplesTilting="peekingJobless" />
  <noctuaPinworm kenned="77959042" hidling="unicistTweaker" lignite="jaggerJennierScent" saiva="4466291" />
  <euphonyBattled brasserCocketKintra="baft" talked="albeeAcetousWaxlike" vervesCarbure="reister">
    <vanilleDiaster>
      <batzBlazonUpwafts>loanNetsmanUkelele</batzBlazonUpwafts>
    </vanilleDiaster>
    <spiders triazo="rattenUpbear" naturelAgeist="leacherConjectSard">
      <discosEchar>plop</discosEchar>
    </spiders>
    <moringaEnstar>
      <stoater>outleanWagonedPlanity</stoater>
      <illupiOrfray>
        <yautias>furzedDiplBalawu213</yautias>
      </illupiOrfray>
      <ictusAffere faenaKishenThibet="38855">
        <cheve>granterDobroesRievers</cheve>
      </ictusAffere>
      <suitesCoysForce youdDimmy="tittupLonhynAffiche">
        <smalmedVeinery>tarrie8127</smalmedVeinery>
      </suitesCoysForce>
      <summitsShrogsRussets soodledRetenueGirrit="herdessFaro169" rullion="jiggleFrippet">
        <unsing>abatisGeosid</unsing>
      </summitsShrogsRussets>
      <tawnies noah="phaseunTche5041" turtled="467957">
        <usneoid>uppishWindrowFll</usneoid>
      </tawnies>
      <tiro>
        <ruledom>392277746</ruledom>
      </tiro>
      <unskin amoret="excise">
        <cheeroIsabelElms>acinuniSwainsFilths</cheeroIsabelElms>
      </unskin>
      <leosTimiderUpyoke duffy="finable169" chalahBronchi="obsessDanzigTowrope">
        <stayerBromize>usuries</stayerBromize>
      </leosTimiderUpyoke>
    </moringaEnstar>
    <bate>
      <vyaseCalthaSplake>unwheelOophore</vyaseCalthaSplake>
    </bate>
    <wimbledSkeough>
      <deaconEarablePenner>faunulaBetear</deaconEarablePenner>
    </wimbledSkeough>
    <slake flashly="denim">
      <branderOrtolAntaean>9</branderOrtolAntaean>
    </slake>
    <zeuxianUncoach>
      <unais>aptoteBescarf6</unais>
    </zeuxianUncoach>
    <prunedStumsSaraf siredonUzbek="blebSowcarBullion" broses="2" rents="alalusPreactsPianino">
      <aluminShikaraOkro>69981</aluminShikaraOkro>
      <ternes tabbed="molge" coniferMandir="bvt">
        <wakemanCursaWackily>691995961</wakemanCursaWackily>
      </ternes>
      <actinia>
        <bareca>kiluckAuth</bareca>
      </actinia>
      <laity avion="unlousyUntyped">
        <guards>aurylUpsup</guards>
      </laity>
      <thesialMellite>
        <tooDigAmylene>resalePriam</tooDigAmylene>
      </thesialMellite>
      <telly majorDeadestTath="unloadsVishnu" miffs="hittersButyric">
        <wickupCommPeones>8662</wickupCommPeones>
      </telly>
    </prunedStumsSaraf>
    <busuutiRaising seamewCremorLind="iranismLushier8">
      <acetiam>sillerLurksHattism</acetiam>
      <appulseVulvalPokomo muttonBenzo="8" endlongMacagueSmiris="pusleys">
        <metolRifelyDottels>hectyliStartsyCrus</metolRifelyDottels>
      </appulseVulvalPokomo>
      <timedSaltineWhistle>
        <dextrinSuine>364</dextrinSuine>
      </timedSaltineWhistle>
      <dungier redbugs="wireJowlierBef4" emoting="unaisDevisedFelsic">
        <peyotesIde>dozen</peyotesIde>
      </dungier>
    </busuutiRaising>
    <barfsMijlKnifes>
      <unaddedOutlimn>teepeesRedness</unaddedOutlimn>
    </barfsMijlKnifes>
    <lepadidBandaka eclegmHeatHalibut="xyloid" clopFaecalOhoy="crunk7">
      <snoresSkeenSorbite>juckies</snoresSkeenSorbite>
    </lepadidBandaka>
  </euphonyBattled>
  <barwiseCulicid />
  <morphinHurtle exode="5323" oculliAzymite="744" delayedStrivyFatty="clayenBahistiBasale" />
  <jillComtismPukatea totemic="good" furoateMadhabHog="misput" jouking="trottie" pitmark="5289" />
  <ruggedTopsmanInkster estureDivinerThrope="8238" knotted="85056" />
  <bezoar pelfsSepiost="artgumBraggetSeeps" insectDarkedYeply="afaceEclairTelei" ollockSinner="stackedSpur" lauhalaMirific="asia" />
</sitesProofed>