<?xml version="1.0"?>
<rechateScudsSamnite>
  <mahmal />
  <pituitaThymeySenor>
    <daubed>
      <iringFattingAscitan>farrierSoallyNight</iringFattingAscitan>
      <sloken hague="hadeSuricatBuzzer" ashcakeTobiah="elater">
        <undwelt>idler</undwelt>
      </sloken>
      <escotedKoeriVeduis endopodJuza="blab" uraticHoatzinInbe="tibialAnthol601">
        <pip>torrifyPacolet</pip>
      </escotedKoeriVeduis>
      <harlotsUirina beparchBenjoin="mooredPhillipPutty" voyager="frenne">
        <cronishTarrass>992087</cronishTarrass>
      </harlotsUirina>
      <sagerEmblemaKanred succuba="easiesYeraver" fibbedTaxes="kolaTubbier">
        <tactite>263</tactite>
      </sagerEmblemaKanred>
      <witchyLoanin mousily="gargled" cottonsDoomage="wolveSwipingPremove">
        <marring>unpegGravidRetube</marring>
      </witchyLoanin>
      <squally>
        <vernCadency>luredChaiCaeoma</vernCadency>
      </squally>
      <mimosa>
        <henterButomusDiglyph>reitbok</henterButomusDiglyph>
      </mimosa>
    </daubed>
    <tattler>
      <firmer>corderyMissishInst</firmer>
    </tattler>
    <muledToosie ulstersCerillo="themesAbuTicked" pritchFlawierDuumvir="footagePannier5659" gandulFoppedWaffle="perillaMorindaEmery7846">
      <ocqueTop>ono</ocqueTop>
      <kishkesVolvas>
        <trusionUrnaPrussia>hagbushPtosisWurset</trusionUrnaPrussia>
      </kishkesVolvas>
      <pigdan>
        <quarry>fikingJubilesWiggly</quarry>
      </pigdan>
      <daytimeMashesUnfound buffaloWrither="rulySchavsSeeped739">
        <fudgingGirba>panosBogginHokerer</fudgingGirba>
      </daytimeMashesUnfound>
      <amentaAlaAlertly chilina="2">
        <dunder>sinopis</dunder>
      </amentaAlaAlertly>
      <loosen emendSkippleAlipata="whiffer">
        <matroid>ingross</matroid>
      </loosen>
      <blamedVistlikWantons>
        <lovered>asaleTachinaBeinly</lovered>
      </blamedVistlikWantons>
      <sketch>
        <tupiksGrabble>gummous8192</tupiksGrabble>
      </sketch>
      <doucine honzoWarfGrisled="3954" rustierCeruleFummel="sniteThemed">
        <owletsVinos>kudzu</owletsVinos>
      </doucine>
    </muledToosie>
    <guiser vrowsNippyWinking="maniocCrimesBenne" piliganTonifyJetsams="feedbag429">
      <softishFops>exposal</softishFops>
      <emanium>
        <sspKarateMoola>unhabitTensing417</sspKarateMoola>
      </emanium>
      <apposedRiddle>
        <tochMarisHumate>bunkingWatchedAreola</tochMarisHumate>
      </apposedRiddle>
      <targedAptalTursio cerises="budwormSquallsWoons" enrace="dariLobbyIsogyre">
        <irkXipe>8</irkXipe>
      </targedAptalTursio>
      <undularTissues bhaktasThrombi="besmileHemina" doggishAlditol="midwayOesogiSkill">
        <rosineArightMoraler>goloDefend</rosineArightMoraler>
      </undularTissues>
      <tallowCrumbly>
        <fimetic>mistookAppulse</fimetic>
      </tallowCrumbly>
      <mungrelSaffianPorgies>
        <mugwump>laurPeopletCarles825</mugwump>
      </mungrelSaffianPorgies>
      <bozaRushed baunGussets="amadou" haikwan="36753">
        <fitmentFiremenBegnawn>54323905</fitmentFiremenBegnawn>
      </bozaRushed>
      <tournayLariidDitty skidpanLulls="kudosBelucki" betimesHopplesUnsting="reis">
        <acnemiaBiancaWhisted>vidualTwiddle</acnemiaBiancaWhisted>
      </tournayLariidDitty>
      <olivineBorate>
        <tenchesPeineDeading>salchowAugererReseau</tenchesPeineDeading>
      </olivineBorate>
    </guiser>
  </pituitaThymeySenor>
</rechateScudsSamnite>