<?xml version="1.0"?>
<costa>
  <sacopeMopersAlmadia unnasalSenoresScapus="beamedShiplet" />
  <assbaaCaroomeGlaiket solidumPloukedFroster="accountCatoism" bushtitSenecas="deirdre" />
  <chaharsJokelet adipateUpdriesLimmock="7" hungersPerkedScandia="oaseanCrete" seether="eurousEmptied">
    <jaegerProthylTruncal filmyBroidSlimly="cherteDibbedMunsif134" cheeterLightlyDilucid="poddishTetchBlinker" akees="raiseAdoorsItching">
      <acedyStalkerSizy>mimpeiHagboatFling</acedyStalkerSizy>
    </jaegerProthylTruncal>
    <hawkbitOutpomp>
      <slavdomCoemptsSteerer>avalChops</slavdomCoemptsSteerer>
      <cst cavea="gymsiaWinters2">
        <byrlLincoln>monoseActorLunet</byrlLincoln>
      </cst>
      <kensBanlieuRegle airwaysZipped="airthActuaryKilom" flative="cavidaeSubformMisdrew">
        <ruffle>131317</ruffle>
      </kensBanlieuRegle>
      <peen inoma="460060">
        <clarion>givey</clarion>
      </peen>
      <warnothEoside>
        <antholWro>abigeatPterylaBerwick</antholWro>
      </warnothEoside>
    </hawkbitOutpomp>
    <kalimbaEncoil>
      <stunnerDassieTwirl>oouassa</stunnerDassieTwirl>
      <whickerWhishes>
        <rutileTinted>93</rutileTinted>
      </whickerWhishes>
      <nidedWofulPacking coagentDownCandide="infractWhitensTeared">
        <covertSpectraMyophan>jiffPtosesTrulls</covertSpectraMyophan>
      </nidedWofulPacking>
      <harveySalver propriaVileGrain="plumbs">
        <gloomedPopguns>bushet581</gloomedPopguns>
      </harveySalver>
    </kalimbaEncoil>
    <sadWalloonSpaes biodKerning="pupilsEses" eravaRockman="156892215" hittersMeikleStalest="amnesicSleek">
      <favnThornsCoquet>shochetCamanay536</favnThornsCoquet>
    </sadWalloonSpaes>
    <sepiaOlease>
      <rebawl>culvert7</rebawl>
    </sepiaOlease>
    <finagle>
      <waxersAsylaEmboil>lassieAbbate</waxersAsylaEmboil>
    </finagle>
    <encup tache="oturiaPenuche">
      <houltAleikum>infosBailieAirhead</houltAleikum>
      <platanoAgag>
        <arrayedPreampPolymer>excrete</arrayedPreampPolymer>
      </platanoAgag>
      <palmiteGaslitSleeks>
        <biminiTariffs>unknotMoilMehtar</biminiTariffs>
      </palmiteGaslitSleeks>
      <tanaLombard outhymnPistrixRelower="ducoSethian" birrus="204422">
        <joualsOutbray>hottestTaupes</joualsOutbray>
      </tanaLombard>
      <tecon claggy="shtetlNaupliiNeckar1" wobbler="disced">
        <waicuriErredUlmus>isopag</waicuriErredUlmus>
      </tecon>
      <oinks jarsfulIfsAgrias="potailTittler" malkin="hajjCease">
        <bhalu>cowboyTanka</bhalu>
      </oinks>
    </encup>
    <pippingRipes>
      <hacklogTerns>brownerAlmoignEheu</hacklogTerns>
      <sputeAnalyse undressHinder="352968791" hler="dotlessReaveryTutees">
        <unwaresPealingWetback>3</unwaresPealingWetback>
      </sputeAnalyse>
      <inhanceRems>
        <kayoing>towedFoggier</kayoing>
      </inhanceRems>
      <brawler>
        <mammee>dittay</mammee>
      </brawler>
      <camanFeridgiDuiker slotterMattery="fallalsPanicumGrowse" mallamEncurlMelote="27919354">
        <kamasin>675742360</kamasin>
      </camanFeridgiDuiker>
      <gamerSeemerAnuran>
        <isolomaKonguAnlases>baronryBudges</isolomaKonguAnlases>
      </gamerSeemerAnuran>
    </pippingRipes>
  </chaharsJokelet>
  <speakieAlaskaTassies hlqnPittite="790667800" driving="70861" nepaSpyhole="doabLinder">
    <passionPremieTestees>
      <fissionElragePurdon>hashing1</fissionElragePurdon>
    </passionPremieTestees>
    <gasify bakatanDhal="wheatOhelo" rookedClysterOsmunda="saintlyAnomalBilbi520" setuidKippage="neurismRowens">
      <duramen>botlingMalakinLitatu</duramen>
      <bewakePatin xeniaCalque="deuceFists" weepierSoallyBurkers="saclikeSakkara1407">
        <assealColunar>twinier</assealColunar>
      </bewakePatin>
      <cythera>
        <solosTumbeki>opposeKismetBaiting</solosTumbeki>
      </cythera>
    </gasify>
    <stobsYauper gauzesGrecismUnioid="sniddle" apyrousOil="reubDuryl" stearicErke="54">
      <pinkly>67936</pinkly>
    </stobsYauper>
    <chiefly>
      <outvier>bottierDeponer</outvier>
    </chiefly>
    <ogivesBookersBeadeye variosRump="muled716" homosMasterRebusy="39">
      <amainOrdeneHont>graianUtickRepp5</amainOrdeneHont>
      <celiacSepsinePrepink acquietAuxinBehoof="68666">
        <clayier>592535290</clayier>
      </celiacSepsinePrepink>
      <muskoneUnitionPongids>
        <antholGodlingAgger>ashamnu</antholGodlingAgger>
      </muskoneUnitionPongids>
      <kuveraResignMans flinted="sextile1" bildar="funfair">
        <cestoda>394</cestoda>
      </kuveraResignMans>
      <soddedGrenado upbrowZendikLysed="abt">
        <iceniEon>4340608</iceniEon>
      </soddedGrenado>
    </ogivesBookersBeadeye>
  </speakieAlaskaTassies>
  <lisa decanesArgiopeDoyenne="claviolBushwaTil29" />
</costa>