<?xml version="1.0"?>
<sweltySkites>
  <inwind />
  <vowellySuent lotahs="crippleApteriaSuity926" janner="joseiteWottethPostie">
    <overallCulpae ragglesIpecacRakan="4">
      <dashersPlbroch>76160</dashersPlbroch>
    </overallCulpae>
    <sudsedSaltier>
      <muckedSleepy>rampingKawikaUnclub8020</muckedSleepy>
    </sudsedSaltier>
    <juke>
      <guzulTarmac>mosaicCudden81</guzulTarmac>
    </juke>
    <demob hakims="756194757">
      <jumbyPithfulEcb>cracklyJaildom7</jumbyPithfulEcb>
      <puli operons="4382052" staplf="borityPlasome">
        <morenaSheaths>tersestHunchet</morenaSheaths>
      </puli>
      <badly urges="swarbie6232">
        <nedDiastemMosses>zippier</nedDiastemMosses>
      </badly>
      <laders deniersNieces="depositUredia6999" davisChettikMush="33648924">
        <fiatClitter>acinus</fiatClitter>
      </laders>
      <zymases killeenColasPapoose="intreat4054" kidling="pawerRenewal">
        <decd>2862</decd>
      </zymases>
    </demob>
    <pontoon dibbedCatwort="deutonDryerLushes220" thulias="5063" braws="annealsCuspOinomel">
      <charter>ebbed</charter>
      <porosBobcats tealessGratton="leon1130" eonismWarsles="oneism">
        <skeensGassierCitolas>18023</skeensGassierCitolas>
      </porosBobcats>
      <demiseDikastMammati>
        <chokeSkivies>charley</chokeSkivies>
      </demiseDikastMammati>
      <iztleBreekPrattly bagheliFinest="5671" hicateeSangars="ouselCollyrAlaster">
        <gaucho>6908</gaucho>
      </iztleBreekPrattly>
      <judaistSvarajs sargoEolith="70" yees="glueyAbated">
        <entitleSeptave>919</entitleSeptave>
      </judaistSvarajs>
      <suaedaHazers atretic="2327982">
        <orology>shockCansful</orology>
      </suaedaHazers>
    </pontoon>
    <burdockAbdom glubHybrids="sovkhosNabobryPhobiac" bonity="ragerEnrollGallach4">
      <redeemLamedhLawned>frons</redeemLamedhLawned>
    </burdockAbdom>
    <gluish queysExcelClavel="52533">
      <spurts>wacoAdhered</spurts>
      <ordines dehornPhobism="sestia">
        <zindiqRefuteRetries>autem</zindiqRefuteRetries>
      </ordines>
      <amides>
        <asquintKnoppyReships>chulhaLeisterOctad</asquintKnoppyReships>
      </amides>
      <vastyRibaldRaying>
        <pax>dudgeonAcocotlRevival</pax>
      </vastyRibaldRaying>
      <kedgyKosimo>
        <unclog>zincize49</unclog>
      </kedgyKosimo>
      <deckingMojos cheatsGhazismBouk="8">
        <calvityLuserWrite>tushs</calvityLuserWrite>
      </deckingMojos>
      <berths obiterRosied="dippedAlumnaEncloud" kandeStaler="1165">
        <sneer>bodken</sneer>
      </berths>
    </gluish>
    <dreamtCimeter>
      <willesIzba>2</willesIzba>
    </dreamtCimeter>
  </vowellySuent>
  <oafs />
  <fougueAjoure galliFinch="riksmalZingare" />
  <sornersEpimerChiasm steenieBespice="ramps" bauckie="anukitOdeStraka">
    <peroxid>
      <refloor>7332</refloor>
      <mamluksTruckleIsopyre>
        <partageForfar>propyl</partageForfar>
      </mamluksTruckleIsopyre>
      <creticDuan kerbsMasserAdeona="mordentRedowasCogweel">
        <pacoletMossery>restuffGytrashRosaria495</pacoletMossery>
      </creticDuan>
      <daimioTasting>
        <talusesEnringAnalgic>alveoleToothedDignify</talusesEnringAnalgic>
      </daimioTasting>
      <abraumSpouseMediary>
        <tenaiHinney>2</tenaiHinney>
      </abraumSpouseMediary>
      <sudoric>
        <pudic>neonFratsHaps</pudic>
      </sudoric>
      <beastlyBanduraStilled laurae="chianti614">
        <corneaAquoBrisky>yipeBeparseAlum</corneaAquoBrisky>
      </beastlyBanduraStilled>
      <unlivesCherte korecImprasaVernal="nickum">
        <vicinalCarom>phialae</vicinalCarom>
      </unlivesCherte>
      <arcana throbs="lammed" gnomist="skulpPraus">
        <lispsPresee>atveenCresolsCrotons</lispsPresee>
      </arcana>
    </peroxid>
    <atholdHuff>
      <strollsSubbeau>neuk346</strollsSubbeau>
    </atholdHuff>
    <morris oxskinCub="veauNingle502">
      <landwayVolutaBuyer>antalOldishBaetuli5</landwayVolutaBuyer>
      <pagingForestBows>
        <twinkly>retourHarmoot</twinkly>
      </pagingForestBows>
      <cepter>
        <baltiTurdus>6207</baltiTurdus>
      </cepter>
    </morris>
    <axons>
      <mules>econOrexinGaggers</mules>
      <comalsDipolar eprise="5682198">
        <amotion>algates</amotion>
      </comalsDipolar>
      <nankins ihleite="parsed" rebbes="amentaStressAmate876">
        <azoic>7</azoic>
      </nankins>
      <kharwaInfamiaOki>
        <nicestMinosTasbih>6</nicestMinosTasbih>
      </kharwaInfamiaOki>
      <kroonBandageBarded bumpingPyocystSheathy="stoothPointal">
        <nanaimoLinchBetters>gargledJibbersPast</nanaimoLinchBetters>
      </kroonBandageBarded>
    </axons>
    <laversElegiesMerks>
      <dietedTizwinNoels>goaleeCapedWuff52</dietedTizwinNoels>
      <scrabeGliffyMuses hogged="twingle57">
        <nibbingTangoedProsify>lostMet</nibbingTangoedProsify>
      </scrabeGliffyMuses>
      <piercer>
        <lerret>roundlyIceFerial</lerret>
      </piercer>
    </laversElegiesMerks>
    <reapply vandalDumkyRibble="959">
      <daboyaTaipi>bldgStoaIph53</daboyaTaipi>
      <fondledShivaHopers icemenPoopsieSelter="odored6817">
        <mojarraWipersAlanin>soueefYellochWisted</mojarraWipersAlanin>
      </fondledShivaHopers>
      <ashame ninepinRiggersBedims="slide">
        <tanquenUlla>6</tanquenUlla>
      </ashame>
      <guranSlartBifidly pschent="924" dhyana="hylicInsol">
        <cliches>931442833</cliches>
      </guranSlartBifidly>
      <obeliacClosen>
        <atheous>pennaNepaliDietics</atheous>
      </obeliacClosen>
      <stairs noosedHeynne="gassedAmire">
        <fiorded>melior</fiorded>
      </stairs>
      <cowdie bugsPandava="yawrootGrippal">
        <krinaGashest>27</krinaGashest>
      </cowdie>
      <bimodalQuadrum shilly="catmintLamiasStriken" epeiricFeroniaHaisla="oxgateDioecy1">
        <sawbuck>kiersMixingBlotchy</sawbuck>
      </bimodalQuadrum>
    </reapply>
    <swirdKollastEumenid>
      <nines>lawnedEthnogPalmer</nines>
    </swirdKollastEumenid>
    <stechCongoBoxtops>
      <linhaPodsolsDarogah>begirdsTolmenDims</linhaPodsolsDarogah>
      <schuhSciageUphang>
        <habnabAdightDuckery>647040314</habnabAdightDuckery>
      </schuhSciageUphang>
      <mens>
        <ailweedLethalsSicer>loliumPisote17</ailweedLethalsSicer>
      </mens>
      <balabosKnudsenCountys catingAffaiteBehaved="86567095">
        <discalStilly>sault</discalStilly>
      </balabosKnudsenCountys>
      <batzOutflyPrexes>
        <nisusCalaluUpcurve>freedom</nisusCalaluUpcurve>
      </batzOutflyPrexes>
      <taivertUphoveSikkim noemiAnilidYoop="bosomCooerZeugmas">
        <uranist>95430</uranist>
      </taivertUphoveSikkim>
    </stechCongoBoxtops>
    <wipers drchCapouchMantapa="hasTrammon2191" apts="tercesBurkesGassier20" bogong="zenonic">
      <bengPlotch>deathinWiggen</bengPlotch>
    </wipers>
    <scepticSistrum>
      <quidditLatrate>cruth</quidditLatrate>
    </scepticSistrum>
    <prissesDagassa privatePariti="vivres" sprightIdylistMahout="dealingCrocuta991" tempora="onlook150">
      <dyadCalceusApozema>pulpar</dyadCalceusApozema>
      <ocularCoiningSkoal>
        <tane>4582403</tane>
      </ocularCoiningSkoal>
      <steekedDiaWottest gargilMislinBolled="5374" myriare="depthen">
        <sporoidGomuti>9546</sporoidGomuti>
      </steekedDiaWottest>
      <intruso gradateCitrins="lesserEffrontKilning" pacoFrecken="routing">
        <miacisToxotesMindly>graysby6</miacisToxotesMindly>
      </intruso>
    </prissesDagassa>
  </sornersEpimerChiasm>
  <arionScuffly todaRacialEnticed="dustingYeom" trout="pongeeTulchin923" rapidlyLuciliaUncaped="palmusSterad896" />
  <outflux jauncedZogan="slatherCounts75" ecstasyBanjara="covet" pufferDeblockCompar="want" />
  <heartyArsheenMdse courie="37" deesMorraPunters="pitiedEmoting" sylvins="mussesDilucid" />
  <fablingPenfoldAmidid viceroyPhylon="whipsFormbyOrthic" kirksScamsCarhop="numQueenedWheep">
    <cotty>
      <tompionLancer>394458205</tompionLancer>
    </cotty>
    <oxcheekAeraria>
      <ensilesPronaoi>132</ensilesPronaoi>
    </oxcheekAeraria>
    <drukpaBecuibaWernard wrast="hoodPivotal" unhornyTuskierSuffice="scun" undigneBleated="dillierEcize117">
      <choribiCannaNewline>loom</choribiCannaNewline>
    </drukpaBecuibaWernard>
    <forthgoInstill>
      <duplon>makeGandhi</duplon>
    </forthgoInstill>
    <troperChambulGreater airflowCapel="badawiWiddles" fellBuckerEpitoke="370" sprags="cnidaeMullers">
      <styptic>igorotChessetSamal</styptic>
      <vetsVantage mima="tecuma3">
        <yardSlavery>ameneOccultsStriola</yardSlavery>
      </vetsVantage>
      <impubicYiltAtwain zippedAshlersPaopao="smyth" gigotsGroves="dorbugsBiformUnmoral">
        <mhoWildlyDudism>abideMisseat</mhoWildlyDudism>
      </impubicYiltAtwain>
      <varvedGlave swoonSallied="fab">
        <dosaEnwoodUnriped>ichorGridded</dosaEnwoodUnriped>
      </varvedGlave>
    </troperChambulGreater>
    <kouprey quellsAppere="koineNitrify">
      <bruscha>tooChayote</bruscha>
      <tinnockUpbrookClearly triodiaLegion="hassingShowyCoupons">
        <gatewayReests>toft</gatewayReests>
      </tinnockUpbrookClearly>
      <neatsBushi poutersUrticalBarrer="bunniesSwindleEuconic69">
        <replumBasan>stylineWraxled</replumBasan>
      </neatsBushi>
    </kouprey>
  </fablingPenfoldAmidid>
</sweltySkites>