<?xml version="1.0"?>
<chimblySpitbox>
  <goitralOogamySiloed scoops="liturgy5404" hawkishPhylonJinjili="jumbosTotoUnsafe">
    <bikes>
      <batakanCranely>kalpak</batakanCranely>
      <tillmanDozzledSullied>
        <trenailCloughsBelgas>whinnelNepal</trenailCloughsBelgas>
      </tillmanDozzledSullied>
      <calvousGabbleEndrins jamniaKinElixir="apprise">
        <openerDrooled>heiiLucks</openerDrooled>
      </calvousGabbleEndrins>
    </bikes>
    <barongs exuvialReaward="jinja81">
      <trf>257</trf>
      <doling howsSixfoil="vigiaTithesBougies">
        <skean>trunkMyricasLiny</skean>
      </doling>
      <testsMarkkaa>
        <futtock>dkl3054</futtock>
      </testsMarkkaa>
      <belteneRibwortBeadmen>
        <mousleLoadagePastes>suaver</mousleLoadagePastes>
      </belteneRibwortBeadmen>
      <montureUnfatedDopa hipsPigyardKaitaka="fumEventFructed">
        <misputLogics>fumyRilling</misputLogics>
      </montureUnfatedDopa>
    </barongs>
    <gibbol>
      <sayidsZibet>73586773</sayidsZibet>
    </gibbol>
    <nakedlyRosined jimpestMoid="919424710" undyingHostageWinch="17">
      <psalisCabber>unveilsHeumite</psalisCabber>
      <romanosChaga minnowsFeignNicher="799" ratchesCromIsonymy="fernierChequer">
        <recit>reglowsMird</recit>
      </romanosChaga>
    </nakedlyRosined>
    <screelWarkedSixing croochPrender="meeEjecteeMidden" slitchParleyCourage="42386" gedact="281797">
      <conciteZeed>4682</conciteZeed>
    </screelWarkedSixing>
  </goitralOogamySiloed>
  <abromaXerarch>
    <incoupJapery mansoStettedEidolic="nonegosUdaler487" aouad="lion" merleContinSwape="epikeiaSewlessCrinch">
      <pika>pookawnReplaitEdictum</pika>
    </incoupJapery>
    <sextusFlus>
      <zilch>cubages</zilch>
    </sextusFlus>
    <munster>
      <sapsagoAflowerPres>579</sapsagoAflowerPres>
      <amigoJosserPerfuse franksFocus="visiteNach992" pigmanRohan="poudret">
        <melisma>evejar3490</melisma>
      </amigoJosserPerfuse>
      <cine>
        <hoggerAlloxanLwp>manilioTronc</hoggerAlloxanLwp>
      </cine>
      <assailCustos commitsEponym="fcompTuillesUgliest">
        <fuck>seamrogBeatae</fuck>
      </assailCustos>
      <arpanetJerm pabbleMurzaSpald="716" owlheadBohorokMeasure="reboteDolingMalmed">
        <sasteanGaleass>faailkJonInmates</sasteanGaleass>
      </arpanetJerm>
      <fantailNytrilTanbur>
        <calvus>rageesAvarWhirred6</calvus>
      </fantailNytrilTanbur>
      <encodesRoles>
        <nangerAnorchiWeaning>teraticRecalk8340</nangerAnorchiWeaning>
      </encodesRoles>
    </munster>
    <tweedleCordiesMelene>
      <quiaDenies>812019</quiaDenies>
      <attalidEbbed haulmy="esseneDeviser">
        <fraseraAdnounAcacias>unstuckPretaUnterse</fraseraAdnounAcacias>
      </attalidEbbed>
      <yonSnout skippet="sheughs" cuprousBalun="esuCoxyMoric">
        <graf>vend1</graf>
      </yonSnout>
      <nigget dicingClubbedDundee="kam" aphemiaForwornTackles="bisesAerage">
        <deismsJamokeGraben>pawnsFarleyKnown</deismsJamokeGraben>
      </nigget>
      <temseOrgeatPrese spinelKidBloke="84172804" donnertEclogueWisdoms="tahgookClunistQuop">
        <yankees>brumbie</yankees>
      </temseOrgeatPrese>
    </tweedleCordiesMelene>
    <gutty axonostBeigelOwhere="7392353" zeuxiteSturnus="dullardOwhere">
      <dimoutEtacist>upswarmCapelinAbacus</dimoutEtacist>
    </gutty>
    <atterrBesirenCancrid>
      <silybumNyaya>6</silybumNyaya>
    </atterrBesirenCancrid>
    <dirhemSouther venturiTarsal="jazzerGeikiaProxime" plantCollarsJur="tramel">
      <kamsinsLileSeeping>reforce</kamsinsLileSeeping>
    </dirhemSouther>
    <pedagog>
      <gorry>6223</gorry>
      <withesSibbensBebat>
        <copseLabarumSnarls>rumbasHalerConned</copseLabarumSnarls>
      </withesSibbensBebat>
      <scolbVealers stapleIffy="86957">
        <cattishTabaxir>lamSimeVialed</cattishTabaxir>
      </scolbVealers>
      <errantBabismYadava>
        <beatingBedawee>whapperTossyCronied6270</beatingBedawee>
      </errantBabismYadava>
      <ochButled turkeysHypnody="umbraCoonierWhite" yttriasBuckingUnique="tookenBuffet">
        <straws>whaledBarbal</straws>
      </ochButled>
      <likest boreenMadigaExiled="chabuks87" medulaKinkingBlowups="enfantsLanced621">
        <unlook>sceneEnwombsSalably3</unlook>
      </likest>
      <messman wheki="unstaid41">
        <earnestTeopans>3479</earnestTeopans>
      </messman>
      <tampala urheenMorcoteLowdown="dulcoseIrisher">
        <choise>bindery</choise>
      </tampala>
    </pedagog>
  </abromaXerarch>
  <wauchle margauxRecutSubdean="26139563" salicHatty="fusiblyPiazineTinne3093">
    <arecunaKiku>
      <dunger>tuateraBaldedUmiac</dunger>
    </arecunaKiku>
    <sagelyCarapMaius abrLuxury="solvend" ridgyGrey="babbled6">
      <outsumBrachia>lambdasSurgeonInfidel</outsumBrachia>
      <pixy crimes="stalkyJiffies80" pierisSubedit="balkilyFilatorNewel">
        <fleecy>woofer</fleecy>
      </pixy>
      <rudas bureaux="maries">
        <bietle>alew</bietle>
      </rudas>
      <tummockCatchIou quinta="bangiaMeantesHymnal4">
        <bairdiCutlips>streenSnell576</bairdiCutlips>
      </tummockCatchIou>
      <bookCsnet oolite="corridaFumierCheers57">
        <kebobsAsthmaEfforce>sumageSmallerJibbing</kebobsAsthmaEfforce>
      </bookCsnet>
      <cyaninUpbuild>
        <cardecu>incitedHelbehDindled</cardecu>
      </cyaninUpbuild>
      <nibPupulo>
        <yarned>flanned591</yarned>
      </nibPupulo>
      <guajiraBedaub>
        <taurylEmerize>pathicDingus59</taurylEmerize>
      </guajiraBedaub>
    </sagelyCarapMaius>
    <joshedIngates unfrockParcae="woughLupanarRhedas" reprobeDetect="6610" wadersSkailPintail="517389">
      <coraciiUnionSanjak>saughEntrant27</coraciiUnionSanjak>
    </joshedIngates>
    <taringTeuchMousle waker="bordragWhutterBatteau" swamiesTortiveEpirote="25781597">
      <xenicusMeeredDiplois>suganImbathe</xenicusMeeredDiplois>
      <boys pingMousmee="actual">
        <amisUnnasal>cissingBiforinToluol</amisUnnasal>
      </boys>
    </taringTeuchMousle>
    <abarisDout ternsYakutat="moults" citingPledgorAzoths="99">
      <remixt>465660</remixt>
      <senza slubberPieless="9">
        <skimpyDauberyFayal>14008</skimpyDauberyFayal>
      </senza>
    </abarisDout>
  </wauchle>
  <abatingMishit drupalMopoke="quaggasSwarve" />
</chimblySpitbox>