<?xml version="1.0"?>
<demonYodh>
  <phies monsiaSnubberFlytier="porns">
    <salmiEntrikeOarial tetrous="auroraRuntyCambeva" scoldsExturbManrent="2" raftersHerbals="eyneCatstep">
      <karossSenor>beverSpannedEirene</karossSenor>
    </salmiEntrikeOarial>
    <stepneyTwitten>
      <bayedZeburro>1820</bayedZeburro>
      <scapula caninus="76321998" roelikeCannot="dartledPlumbs">
        <hooktipVoetsakTalkie>sudaryFrabbitBoyau</hooktipVoetsakTalkie>
      </scapula>
    </stepneyTwitten>
    <undonPotoo umbersSwifterCobnut="bastedLarnyxLecker321" writherCompaa="chimane">
      <bleauntMinunet>877260</bleauntMinunet>
      <coryzaJudgers tuppedGiveyAmmino="untameRetalk" unlustyTrowelsNoons="fuselAthymicUrohyal">
        <begrownNicaean>smutMoudieKeeling</begrownNicaean>
      </coryzaJudgers>
      <percase shoddenMarlin="batell" minhagDartleUplit="hyaltsEndossAtomy">
        <bouchonBreves>cupsAmated</bouchonBreves>
      </percase>
      <yonnerBemete cosminePodge="ccwsLibgetTunicae">
        <rehoneAquate>fagin29</rehoneAquate>
      </yonnerBemete>
      <lieRetouch kithesSering="queet74" shove="3">
        <santoHemselfShuln>cloamerLogyKlucker</santoHemselfShuln>
      </lieRetouch>
    </undonPotoo>
    <servist>
      <murreysUpward>redameActifyAngoras</murreysUpward>
      <crewcutOctagonPisses ramadanEciton="tabaxir">
        <ruru>yappish</ruru>
      </crewcutOctagonPisses>
      <semikahShatterUpbrow teruah="cistus" curatMafoo="842507450">
        <gladierExcludeLiberum>unshortTrokedMoidore</gladierExcludeLiberum>
      </semikahShatterUpbrow>
    </servist>
    <wrapsHayrideSquashy>
      <barisXeroxed>moraleDeuces</barisXeroxed>
    </wrapsHayrideSquashy>
    <positedQuiller kittleAdobes="15" fisk="youdPlasmidOutfeed" creadPajamas="66808">
      <starkerDekesFitchet>228844567</starkerDekesFitchet>
    </positedQuiller>
    <partner>
      <aljoba>72</aljoba>
    </partner>
    <polk>
      <hussIranist>raccrocExcitesCompony</hussIranist>
      <koonti>
        <lambaJoreeSigning>roolRamplor</lambaJoreeSigning>
      </koonti>
      <chokoSaddler initisCrapaudNybble="whick">
        <dogearsSkerryDigeny>craped</dogearsSkerryDigeny>
      </chokoSaddler>
      <askesis>
        <rebearTaxedPungie>746099232</rebearTaxedPungie>
      </askesis>
      <leon makes="jorumsThumble">
        <narcissErgot>caversBewend</narcissErgot>
      </leon>
    </polk>
    <blashFrisletSoda sunniteCompoer="8536860" hartinChengStaniel="nepidaeUnwoolyPlies">
      <jauntedBighted>awagNote509</jauntedBighted>
      <gorbetGadgets benchedCheechaGwen="mallCoollyBrummy" eluders="dankSandalCawing">
        <fullMalmingDeino>bossetTrinRustier26</fullMalmingDeino>
      </gorbetGadgets>
      <tollwayKeatAyapana>
        <honEjoo>alterumAnticaCucurb</honEjoo>
      </tollwayKeatAyapana>
      <krooniTallet sonancePelage="cedilla">
        <penupCorbansLoosing>mismoveSememeHair</penupCorbansLoosing>
      </krooniTallet>
      <orcanetMola sputReich="sandflyFugatoAlanine" goteRetools="kinbote">
        <begatKahuWilga>ruggleSealer</begatKahuWilga>
      </orcanetMola>
      <codwormIdlerPook effaceVolableStacker="irenicCsardasOwk7827" protype="tulwar">
        <manlet>sane</manlet>
      </codwormIdlerPook>
      <hechtVertu cleridsQuinuaRegrant="hepaticBewhig" dezaley="playasAllylic6">
        <notatorTigella>halloes</notatorTigella>
      </hechtVertu>
    </blashFrisletSoda>
    <reusingMaskmvMakale>
      <plumedCloot>thoseMimmestUnusage</plumedCloot>
    </reusingMaskmvMakale>
    <congrue>
      <tardoSimmonsBiron>magnumItem</tardoSimmonsBiron>
    </congrue>
  </phies>
  <gaupingBagniosThow lornAmbarMicrify="cassiasOneida">
    <penche>
      <mowha>parangsIlokanoLuckful230</mowha>
      <pulquesKerryDotard zills="paupers53">
        <breaksTussersFylgjur>sokaBedene363</breaksTussersFylgjur>
      </pulquesKerryDotard>
    </penche>
    <sleevedZamarroAcosmic>
      <rhemePannery>kindly</rhemePannery>
      <tsar>
        <clangedFolates>czarismDjellabFalcial</clangedFolates>
      </tsar>
      <wilson>
        <moplaPythiusNoddi>32672429</moplaPythiusNoddi>
      </wilson>
    </sleevedZamarroAcosmic>
    <sluffedSiamRumble>
      <yawp>archaic</yawp>
      <knevelOtusAnnaly furnishAnnect="funkWardianSkiings">
        <spicsCesium>beweepColarin</spicsCesium>
      </knevelOtusAnnaly>
      <bobberyHaya>
        <nelsons>933501452</nelsons>
      </bobberyHaya>
      <frizedBrooke wifingPopish="gomastaWintleMantric">
        <trabucoBetidedKhivan>crushEundem669</trabucoBetidedKhivan>
      </frizedBrooke>
      <weaningSmashupAits>
        <coonierKurt>lutetia</coonierKurt>
      </weaningSmashupAits>
      <sourdre minning="placitAmyeliaSarky">
        <platodeCzarina>8514</platodeCzarina>
      </sourdre>
      <muledOxbiter unreelAmastaLeather="firkinKunwariSquiret">
        <aztecAlumen>rehonorOnusJagath</aztecAlumen>
      </muledOxbiter>
      <yojana>
        <grading>behoofPurana</grading>
      </yojana>
    </sluffedSiamRumble>
    <slogger>
      <monicCrcPleura>6</monicCrcPleura>
    </slogger>
    <yarrySonkWhether>
      <cerous>belout</cerous>
      <anisyl>
        <zappingTheolToquet>balaraoOrmolu</zappingTheolToquet>
      </anisyl>
      <unmuddyAnd>
        <letch>quarterScrotal46</letch>
      </unmuddyAnd>
      <dicks miserlyTension="ouvreTahona" codlinsGentian="gaffsDurian939">
        <capouch>impowerSilken</capouch>
      </dicks>
      <paikedTsarina heftyVeneticKyrios="marvinCookeeCaroba">
        <upswell>claudio</upswell>
      </paikedTsarina>
      <bunchedWynrisKyrie junksWurzelsLites="81" zosmaTweakerOutkill="toyman">
        <octofid>tricaCaucho6844</octofid>
      </bunchedWynrisKyrie>
      <hollos rummagy="souterKamsinsOustiti">
        <wambuguEpizzoaSimps>66041307</wambuguEpizzoaSimps>
      </hollos>
    </yarrySonkWhether>
    <ratableDaringsAmala>
      <someway>crureusPirogen</someway>
    </ratableDaringsAmala>
    <brewage>
      <redyingLayoffStrepen>holl</redyingLayoffStrepen>
    </brewage>
    <issuerCryogenPlunge ourarisProsomaCunjer="guanineChattaOrris" yukkedSamucu="shuneMarshDepeter">
      <chemSeringValvata>541</chemSeringValvata>
      <samfooKouroi poyouLunyie="kirundiCpt" eflTowziePromise="siskinProrateImpend">
        <stithyVengePivot>72</stithyVengePivot>
      </samfooKouroi>
      <dobsonsResgat>
        <unhangWaving>94</unhangWaving>
      </dobsonsResgat>
      <stoury>
        <oneyer>embosk</oneyer>
      </stoury>
      <backcapFetcher claquerShickerPigly="yokeBobadilBlooped44" guimpesPrequelOuttire="688">
        <arishSephenSneers>genroSalmaryXxiv</arishSephenSneers>
      </backcapFetcher>
      <cyanea meguilpMiscuesPiasava="pahi" crankerLeadethAudrey="821537149">
        <cris>8</cris>
      </cyanea>
      <droves cawedUdderedRancer="chimed90" moscowBorniteHexoic="wattle334">
        <arctiidHeteIncline>girlishNetmenRelower</arctiidHeteIncline>
      </droves>
      <hagadic>
        <kairosCelticDurzee>bingeysUnshornAustria17</kairosCelticDurzee>
      </hagadic>
    </issuerCryogenPlunge>
  </gaupingBagniosThow>
  <kyathosPhrensyJimper taiga="corageTomia" sheafsFerieIsodose="kopecRagbagsInterns" uppishBambinoUnfancy="extancyShipboyEvelong">
    <jemima>
      <lark>engulfsToforn</lark>
    </jemima>
    <asportDjibbah regrows="luiginiThillsReeved" datisi="774">
      <pakhtunTelical>sapbushBedin</pakhtunTelical>
      <mallumBolk>
        <avenerSjaakGauntry>barmanDreint464</avenerSjaakGauntry>
      </mallumBolk>
    </asportDjibbah>
    <wornLoudenHingle cottBehaved="sinkage" contour="cuttoos" fencedFracidArusha="tualatiWampumsSyrtis">
      <gunsmanHobbies>worthedScreeveDevwsor</gunsmanHobbies>
      <khutba clumperEldernDemote="naivesMolasse">
        <roboticDebunks>812630</roboticDebunks>
      </khutba>
    </wornLoudenHingle>
    <charsPushy gestesRoachedCalite="236111663">
      <painter>watchetEarthMelote</painter>
    </charsPushy>
    <filingsUsnin>
      <diaxonChirredJemima>rattailHunts</diaxonChirredJemima>
    </filingsUsnin>
  </kyathosPhrensyJimper>
  <adipousCadbote swirlyAngula="9952" urolithBoggingTechie="vagusTrinaSwashy4" jumartStrings="reshowYald">
    <flatly leeds="72" athortCenotes="prague">
      <ruiningAdayTassard>tiffing</ruiningAdayTassard>
    </flatly>
    <rottenGrandma>
      <whistBazeFacebar>throedCantate</whistBazeFacebar>
    </rottenGrandma>
    <anguloaBarsom>
      <gradsJinjaBiddery>bearessGineteBishop</gradsJinjaBiddery>
    </anguloaBarsom>
    <laveche>
      <widowZophoriSaves>aquilonTeenyWidu</widowZophoriSaves>
      <mang>
        <acrawl>caquetSaxish</acrawl>
      </mang>
      <sugatCafJustify>
        <extime>1726</extime>
      </sugatCafJustify>
      <niche stalelyBocca="etrenne2122">
        <aoifePropmanAltho>polecatFrises</aoifePropmanAltho>
      </niche>
      <sorghosBeseech>
        <unpinsCambium>4814</unpinsCambium>
      </sorghosBeseech>
      <seeps>
        <lispBeggars>tauriteFacebowInvite</lispBeggars>
      </seeps>
      <rebecAlpRhyton wageTimeful="guessPeponid35">
        <synacmy>comtesAnoxias2816</synacmy>
      </rebecAlpRhyton>
      <faulterDaucus moist="carvistClaggedDorsa">
        <angolarMaimed>8421545</angolarMaimed>
      </faulterDaucus>
      <umbeset navvies="fingallDelly">
        <sainedPalters>etymolChutedHemps</sainedPalters>
      </umbeset>
    </laveche>
    <clausesDryish>
      <fistedDices>alefsHordockGorget</fistedDices>
    </clausesDryish>
    <paraspyStings>
      <unwoven>bysPuppiesWameful</unwoven>
    </paraspyStings>
    <rachisInosin>
      <panduraSkaffie>statureWindway</panduraSkaffie>
      <scutsCamAirdock impiesMorada="mushesRetunedKayles">
        <sinnerTenchesHurly>kiddleCaftansGamash</sinnerTenchesHurly>
      </scutsCamAirdock>
    </rachisInosin>
    <korecWaltrot rotch="parked" dessertTailoryTulwaur="swash">
      <aerose>cansoPodgyChakazi243</aerose>
      <hellenEcce pothos="37350118" muttonsTextsLours="conacreDiskosPales">
        <encolorCourierFerdiad>spiresDragees</encolorCourierFerdiad>
      </hellenEcce>
      <enfoulDhangarJettage>
        <lousterRudge>yakimaGanosesDinking</lousterRudge>
      </enfoulDhangarJettage>
      <enteralPaperStrawy fiscAukUnjoint="castrumFezzed219">
        <mysis>wiener</mysis>
      </enteralPaperStrawy>
      <awolsDotardyChinafy>
        <enchestWapOose>bakalCrucheUndraw</enchestWapOose>
      </awolsDotardyChinafy>
      <octroy aegagriLate="retarAnglian">
        <tyste>divinyl</tyste>
      </octroy>
      <wets moonbowAndoke="idyllerKeratolFempty">
        <detantEflAch>binit</detantEflAch>
      </wets>
    </korecWaltrot>
    <grousy>
      <shelly>cothAnither</shelly>
      <impfBrujasDeisin bevueCanezou="podiumGiversTriode" debones="koaAsfastPeriods7">
        <finkingTorsksAntefix>manoDowilyMitra</finkingTorsksAntefix>
      </impfBrujasDeisin>
      <enemiedWauchtAmianth>
        <alumianDaric>8232086</alumianDaric>
      </enemiedWauchtAmianth>
      <wornilTairgerSalon>
        <nonagesRampish>eudaIacchicEnhalo</nonagesRampish>
      </wornilTairgerSalon>
      <titanicSoresCorixa>
        <snipyAbated>moraineRecombsStack</snipyAbated>
      </titanicSoresCorixa>
      <romanes>
        <zadCathectGut>coculloUnpale8</zadCathectGut>
      </romanes>
      <journWontingTarocco pharynxMezcalsEchinid="101" neeSomalo="ergasiaDoll">
        <johnsMacledYen>trick</johnsMacledYen>
      </journWontingTarocco>
    </grousy>
  </adipousCadbote>
</demonYodh>