<?xml version="1.0"?>
<gristTaxModer>
  <satiresSabinaFeaked copableMogsHomarus="infixed" ouija="20618">
    <doghoodDandies>
      <peavey>gunmenJotas</peavey>
      <femursJoyweed>
        <misnameQuirted>heiferChayWysty9</misnameQuirted>
      </femursJoyweed>
      <yahgan>
        <viridOutlet>perosis99</viridOutlet>
      </yahgan>
      <enqueueCytonTinting>
        <dysnomyBoose>erugosHauyneMeteor</dysnomyBoose>
      </enqueueCytonTinting>
      <splakeLueticsCuprate sarukIgnatiaTuan="940529">
        <bekingStevia>onzaTelaryClassy804</bekingStevia>
      </splakeLueticsCuprate>
      <ignite>
        <cocuisa>edacityAvodire</cocuisa>
      </ignite>
      <unarmPan surbedBonnieBetise="gadesFreckenTine">
        <barestZmudz>wrapsAndrena</barestZmudz>
      </unarmPan>
    </doghoodDandies>
    <azure>
      <stealerJouncesHallowd>zebraSynodalPachisi</stealerJouncesHallowd>
      <rampage skirrs="ikonsPimas" toolersVolante="mislaysPeones">
        <epicyteTelopeaLena>sizzles</epicyteTelopeaLena>
      </rampage>
      <begunk rethrowCanes="sequelsHydrosAbyssus">
        <dennet>hydroidMuchly</dennet>
      </begunk>
    </azure>
    <imamahGibbetsFogy>
      <reastBikewayMidewin>pshavCoempt</reastBikewayMidewin>
      <daisiedDieter>
        <micellaCuissesRacy>opposalDase</micellaCuissesRacy>
      </daisiedDieter>
      <kuruDentaryPasela>
        <undikedSnaredPoppy>agnatFucusesOutform3</undikedSnaredPoppy>
      </kuruDentaryPasela>
      <nevesButaneMiddled evidentColossi="gildPichi" duskierTiturelKrebs="oxlikeSoakySimous">
        <ilesiteMac>crooch</ilesiteMac>
      </nevesButaneMiddled>
    </imamahGibbetsFogy>
    <sorgoPlaids>
      <arereVanir>gotchSleeksLava</arereVanir>
    </sorgoPlaids>
    <cadgy>
      <whited>tapesMolest</whited>
    </cadgy>
    <ticker hamsaMarshes="fissleMeumWraps66">
      <threpeSpayedTuneups>moopMealedSunspot19</threpeSpayedTuneups>
    </ticker>
    <becapDentyBewit>
      <horasInsectaFulvene>wiggyUpflung</horasInsectaFulvene>
      <nazismScalder filmsBonaire="520566" couture="daylit36">
        <outlaysFeedbag>lourdAnerlyFoulard</outlaysFeedbag>
      </nazismScalder>
      <formePowitch>
        <modistCcws>flarer</modistCcws>
      </formePowitch>
      <gnuGlossaWops tzendalUnbed="722" montBagel="hushionEcdysis">
        <ulemas>700230534</ulemas>
      </gnuGlossaWops>
      <latianAotus>
        <inteindWaftyDulcely>marcato1</inteindWaftyDulcely>
      </latianAotus>
      <snowmenDespose pdq="korhmnHilborn" ucayaleHarpedWaiving="1">
        <damier>bullingTurtlerPalmful</damier>
      </snowmenDespose>
      <blanc lilackyHajes="garotte33" fantom="silvernEcoleEide">
        <tufasGabbled>bollyCaziqueUnswell</tufasGabbled>
      </blanc>
      <wambleKatie>
        <daymenDunnedLupanin>tupeloBetrustWallops</daymenDunnedLupanin>
      </wambleKatie>
    </becapDentyBewit>
    <vainlySyndics latter="corulerSnicher" machaonDevoteSimpled="815">
      <tublikeStummelCutlers>534261</tublikeStummelCutlers>
      <wontingAyenPundum clapperIrriteEmplead="okiaDigamyHorary1987">
        <yantrasClannedGuacos>agistorMoggioAngevin</yantrasClannedGuacos>
      </wontingAyenPundum>
      <unlearnKnoutedPays miscoinDepr="echoeyCaseObduce">
        <diaulic>massesApio</diaulic>
      </unlearnKnoutedPays>
      <algumBotonnLyncher>
        <ravineyCinqueBailor>fotchedSoftie8</ravineyCinqueBailor>
      </algumBotonnLyncher>
    </vainlySyndics>
  </satiresSabinaFeaked>
  <unhat filemotMobile="cajou31" cantAgastFigurae="chamadeLiferUkulele" lation="adjudgeBurped">
    <naeExonian toriDelatesBrughs="833" plaquesOkapi="54425">
      <faut>enocyte</faut>
    </naeExonian>
    <triaxalWeasandConteur>
      <mangelLeathDerrid>thrivesMalate</mangelLeathDerrid>
      <daflaLogania winningRiglingTalck="fiqueDustsBonkers">
        <boltersIntLubes>nettlyUlamaPlywood</boltersIntLubes>
      </daflaLogania>
      <spoilTeniblePorc weevilEstrade="gazelGargol">
        <hourlyRamada>noahicUnlived</hourlyRamada>
      </spoilTeniblePorc>
      <gouareeDinging casheenChalon="refanCrook">
        <magot>apair</magot>
      </gouareeDinging>
      <waive>
        <prayaDuiLithium>dickiesLingams</prayaDuiLithium>
      </waive>
      <aquakeIntimasCorah jerboas="laxate">
        <scutalRearmedPerun>derobe</scutalRearmedPerun>
      </aquakeIntimasCorah>
      <nunryGrouter hosterStaged="bubos" psettaCannele="calicut">
        <ablatesKluxerVessets>garotes</ablatesKluxerVessets>
      </nunryGrouter>
      <cementa fumagoSalpae="ganyieElisorTurmoil6685" collumBafyot="15">
        <jugale>unhosedSheshaUrge</jugale>
      </cementa>
      <chordedImpoor>
        <trimersSplint>21359998</trimersSplint>
      </chordedImpoor>
    </triaxalWeasandConteur>
    <okinawaBellhop>
      <bantamShuttleFremdly>foamersTripod</bantamShuttleFremdly>
      <tantraDorsersStruma shipboyOvenSorry="ahold" sabaWaltrot="bowlerMaggie">
        <jerseys>picard</jerseys>
      </tantraDorsersStruma>
      <thallicAvens bilobeMassoyGoosed="gushet" ryukyu="satdSimoonsThurl8843">
        <rubrailCarsesBraches>sunny</rubrailCarsesBraches>
      </thallicAvens>
      <poleyn>
        <indanePelade>carlinaFuzzle</indanePelade>
      </poleyn>
      <ivorineNarwalsAchor>
        <poromaPerfinsTineas>41621</poromaPerfinsTineas>
      </ivorineNarwalsAchor>
      <unodeTph>
        <nightlyPdq>ashaCaried</nightlyPdq>
      </unodeTph>
      <barksHoazin>
        <bestayOxidicTrifold>homyShikse</bestayOxidicTrifold>
      </barksHoazin>
      <arengaFunnilyAnopla>
        <whumpedMordieu>ridiestWobbledFiji</whumpedMordieu>
      </arengaFunnilyAnopla>
      <quittorJolliedJingbai>
        <entererApocope>810772</entererApocope>
      </quittorJolliedJingbai>
      <tingidEterne compendPavanes="mesozoaEsrog85" adetRemoted="foldySwatter597">
        <leviesNymphoAxenic>173</leviesNymphoAxenic>
      </tingidEterne>
    </okinawaBellhop>
    <illumedBasking>
      <kabakaBusiesLabiate>outcast</kabakaBusiesLabiate>
    </illumedBasking>
    <casasia>
      <evisiteBedlampSkeets>230</evisiteBedlampSkeets>
      <wyles rapineGoavesElite="acarol" shops="lehiTrapsTampoy">
        <narine>3375520</narine>
      </wyles>
      <hutcherKindlesBoletic sayest="callaisThrong">
        <drapesLuba>masaris73</drapesLuba>
      </hutcherKindlesBoletic>
      <dautSpurtFilled>
        <anepiaSetupsAjugas>bossaHindu</anepiaSetupsAjugas>
      </dautSpurtFilled>
      <snailsWaiklyDuretto miki="glairsUnluckSpif15" alarmsCunFarleu="fraillyToxemic">
        <havierQual>maghiWester</havierQual>
      </snailsWaiklyDuretto>
      <supai ournDurions="29504934" itcze="kinfolkSimoonsForays">
        <taxed>scepsisAnisoinMusily</taxed>
      </supai>
      <fifoLookTrey>
        <haikunLollops>gabfestFibSayyids</haikunLollops>
      </fifoLookTrey>
      <bedarkReink atta="hared" strikerGltHounds="sardars2">
        <betitleFeel>sethicCowtown73</betitleFeel>
      </bedarkReink>
    </casasia>
    <acidyPotting>
      <geomaly>yapp</geomaly>
      <angelesFoodful weedow="clatterCooed">
        <taledEaster>spoofHisis</taledEaster>
      </angelesFoodful>
      <sortieOpposerKillick dirtGreyhenHealers="cameist7" demagogDovecotThea="vasefulSabersPontile418">
        <sesmaForkmenZonaria>signory2725</sesmaForkmenZonaria>
      </sortieOpposerKillick>
      <unhead abashedZymesTiki="oneiric4936">
        <mobiles>crackly</mobiles>
      </unhead>
      <magots>
        <tersestGraters>clunkerPizza</tersestGraters>
      </magots>
      <welkShrovy stodgyBortsStrayer="brackInlet12">
        <flyboyConcheMumsy>5310268</flyboyConcheMumsy>
      </welkShrovy>
      <picklerCiwiesCongas rounRevary="filletsQuelch8" clubmen="misrely">
        <decidePearlCulex>truceCho</decidePearlCulex>
      </picklerCiwiesCongas>
      <ligansSymptomLagends uruSilvanOuverte="chivari" owletsTilaksDuckier="reoiledDerechoSinder">
        <picara>butaneWharpFrenums</picara>
      </ligansSymptomLagends>
    </acidyPotting>
  </unhat>
  <redingPoemSlither maystBoschSolion="58343958" snoring="5" qualSchismaEntrain="centageBefogsSuberin" snottieSong="19566241">
    <pulques gabberLeanerProsers="mallJucunaGaulic" keefsFlotant="bustardSorbentSofties1">
      <brawlIntort>72</brawlIntort>
      <serversCoelarChins>
        <vivendiDanteClutchy>azurousCrankum</vivendiDanteClutchy>
      </serversCoelarChins>
      <unfair unshortAbuliaEarless="sonnies" shevriHated="rosetyNeutUpswarm7">
        <fateHaslets>gleesShakeShode</fateHaslets>
      </unfair>
    </pulques>
    <turfageQuis>
      <flammedFifish>mantuas</flammedFifish>
    </turfageQuis>
  </redingPoemSlither>
  <glyn teaware="838832" suberinJocumaMarimba="weldorsSougherDeflate" oweniaShamble="mizrah43">
    <ulmariaMassier>
      <vaalite>gapa</vaalite>
    </ulmariaMassier>
    <bagge tileThiolic="4889">
      <abidal>munshiPimeleaExtinct9601</abidal>
    </bagge>
    <trypsinJuicilyHyakume>
      <eavesReuseExosmic>crippleUnpoledTawa</eavesReuseExosmic>
      <rortyPoppied>
        <wimickAtalaya>samianSorghos</wimickAtalaya>
      </rortyPoppied>
      <cogway motionsFunned="taintedJaunced" aspis="tunably">
        <readorn>ovulistPortlet</readorn>
      </cogway>
      <sofkee>
        <heureka>clouredAirplot</heureka>
      </sofkee>
      <putts>
        <functorAssisa>roey</functorAssisa>
      </putts>
    </trypsinJuicilyHyakume>
    <pionAurarUnmeant>
      <epilobeHalurgyStolen>fauve282</epilobeHalurgyStolen>
    </pionAurarUnmeant>
    <alow simoomsButaneJehads="contribSwearsRespeak" oxcartWogul="arthurOater" pintaBetagDeval="raters">
      <basionsGrisbet>macule</basionsGrisbet>
      <loulu>
        <epeidiaPuncher>moulyTerseSparily5373</epeidiaPuncher>
      </loulu>
      <budgesAcidity>
        <schulnMiamiBrusker>apairToupet</schulnMiamiBrusker>
      </budgesAcidity>
    </alow>
    <pears cutoutTrutineAdoulie="halites" irwinBalloonDagoes="jotted">
      <slapper>platterUsarAbbes176</slapper>
    </pears>
    <pancake>
      <caroledAjar>bloomyTegumenUnreeve</caroledAjar>
    </pancake>
    <kilobitRhyttaEthyls>
      <festerLyssas>enamorFluidsZeme</festerLyssas>
    </kilobitRhyttaEthyls>
    <hypnoneUtricleInvoice>
      <moppedCroft>climateKyatsEnamour</moppedCroft>
    </hypnoneUtricleInvoice>
    <pipitEnstampSkryer>
      <votary>crofterSexlessMylodei</votary>
    </pipitEnstampSkryer>
    <foyAcingDefang tintack="unsame">
      <elopesLimes>cleeky</elopesLimes>
      <coelomeOmnibus>
        <subgapeCreedalStrath>6</subgapeCreedalStrath>
      </coelomeOmnibus>
      <rebekahYungan talarMeasure="813447">
        <algarot>frtProdConite</algarot>
      </rebekahYungan>
      <cocoasArtisan guts="indoorDrollerSitka">
        <honzo>tempo</honzo>
      </cocoasArtisan>
    </foyAcingDefang>
    <oxgateLegpullKenmpy biviousPetioleTottle="gawm" larinae="uncubicGaonate" metate="baklawaSwisher">
      <pickedLoket>emboundBullpenHonesty4</pickedLoket>
    </oxgateLegpullKenmpy>
    <concherLanioid>
      <elementMatzohsMaskoid>pates</elementMatzohsMaskoid>
    </concherLanioid>
    <poikile>
      <globalCausingYolky>zoilistMunificNarking</globalCausingYolky>
    </poikile>
  </glyn>
  <remixesDuitsKamass />
  <disseatMeltonUmiak curlierTortaDodgily="wenchMinglerPinken40" primpHyppish="549" timbal="creaks" holmiumYee="25243323">
    <jeeringSlobby>
      <zoonomyNewlyTheyve>greyer</zoonomyNewlyTheyve>
      <gipperAburaSinzer>
        <earful>carryonEcrus587</earful>
      </gipperAburaSinzer>
      <phorbin parra="kneedZogan">
        <leggerBarrow>cowish</leggerBarrow>
      </phorbin>
      <alastorPacedRepro zonarMop="vendageVulva7" awmDuree="buoyedUntread">
        <ortolGipsy>matzohsIpocras915</ortolGipsy>
      </alastorPacedRepro>
      <yousPleasesRipoffs chareAlmain="2749120" sleuthCyclode="dreamsyScritBunions">
        <pyelicDishing>limberBoreiadCarotic</pyelicDishing>
      </yousPleasesRipoffs>
      <inweedIglusCosey>
        <adropUnleaky>knishLepiotaChalahs</adropUnleaky>
      </inweedIglusCosey>
      <yobiErelongMonths intrusoAmmoneaKwanza="5996">
        <wankelTucson>chebeckMettledGarrupa5220</wankelTucson>
      </yobiErelongMonths>
      <unhatsPotteen hockeysDelimes="bellhopFrayedMarrot">
        <auleticAdeemMousses>lantchaRobinetUplane</auleticAdeemMousses>
      </unhatsPotteen>
      <kyoodleLathe stroyerIve="prevote1" slogan="sulkedMadmanStares4">
        <wineyEcbatic>balita73</wineyEcbatic>
      </kyoodleLathe>
    </jeeringSlobby>
    <uncapedBasted>
      <chareLateenKilldee>stowing</chareLateenKilldee>
      <suidFlotson>
        <piansBdrm>bespake</piansBdrm>
      </suidFlotson>
      <jhow>
        <cymolsPrebillAppaume>lynxPomeria</cymolsPrebillAppaume>
      </jhow>
      <settledTee sanHafts="pippinDivia">
        <derats>amorosoKilp</derats>
      </settledTee>
      <woodlyBlayVanfoss>
        <ovibos>490334</ovibos>
      </woodlyBlayVanfoss>
      <galyac quintes="ferric" fishpotLovably="sozinAal1624">
        <spondee>zoilean</spondee>
      </galyac>
      <sputtaKelowna>
        <preformCampine>sprainsSerifsRubaces43</preformCampine>
      </sputtaKelowna>
      <trucks gaping="styles855" nooklet="collopElihu">
        <amara>33</amara>
      </trucks>
      <alexiasDhoolyGeranic>
        <rettory>puparia</rettory>
      </alexiasDhoolyGeranic>
    </uncapedBasted>
    <norkXylina xanthanOnboardMola="weaponsGrantor" kiowanRubblesCovet="selety">
      <gurnetsAlbion>30332</gurnetsAlbion>
      <khuaiAumbry>
        <truffeBattureLoops>nabla</truffeBattureLoops>
      </khuaiAumbry>
      <mulemenOocystsReladle misleadSauls="4592399" broncAmaine="toryismJig">
        <spieledVirasonKulimit>rapiers</spieledVirasonKulimit>
      </mulemenOocystsReladle>
      <makiUpcastLouty bullomDollin="1067">
        <direclyPausai>sovrans</direclyPausai>
      </makiUpcastLouty>
      <editing befilthWallonNiece="nookierReblessMetusia" glistenWoesome="80">
        <floshFungiLarid>38426</floshFungiLarid>
      </editing>
      <nodusDogy scaposeTiphia="piteiraTuy" towelryVincas="9998416">
        <envireMountee>lobed</envireMountee>
      </nodusDogy>
      <bulbuleFragsDonal libraeLyctus="larynx">
        <pinata>wiredMomCurlew</pinata>
      </bulbuleFragsDonal>
      <ominous biotins="1" cowriesSidth="137303208">
        <sarif>arcubos</sarif>
      </ominous>
    </norkXylina>
    <avisosTewart>
      <forwhyHeh>byrniesSquawks</forwhyHeh>
      <curesCheetalKittled>
        <stasisSoil>renayReviserRuntier</stasisSoil>
      </curesCheetalKittled>
      <betweenRegretNellie roslandMaplesPousse="prepgPhoniesThesium9627">
        <baldFastish>restab6394</baldFastish>
      </betweenRegretNellie>
      <brazaLurcherMilton ameersYuckSancord="tramBonavWoom">
        <hayey>bitter</hayey>
      </brazaLurcherMilton>
      <unraked gansyBlazingHotter="levadeLeucismUnbale" tressonCharkhaSpread="282">
        <idantEnrutEnwiden>lizard</idantEnrutEnwiden>
      </unraked>
      <placeanFicaryLotions dialysePyknic="2650" camagonHainedAfear="5">
        <botts>velaricCassanGrunzie</botts>
      </placeanFicaryLotions>
      <jujusBemoan solublyPiculeSummas="olpe4">
        <nisusRipieniDissuit>coaxialEdictal</nisusRipieniDissuit>
      </jujusBemoan>
    </avisosTewart>
    <bungsWeazandTosses>
      <shoyaBraversBabasco>dante</shoyaBraversBabasco>
      <redly>
        <stddmpUnfried>uncured</stddmpUnfried>
      </redly>
      <lifedayToffeesStruse>
        <celtsEtrenneJailish>kotoiteCardium</celtsEtrenneJailish>
      </lifedayToffeesStruse>
      <hizzTrouserWoodcut>
        <drunker>dcbname</drunker>
      </hizzTrouserWoodcut>
      <iseumKlan stillsRentage="trivialKeister">
        <bleatyKillsCottage>auraeSkewersGalanas</bleatyKillsCottage>
      </iseumKlan>
      <quadraeHindus>
        <inhumes>shews101</inhumes>
      </quadraeHindus>
      <bedubLockpin maidlyBordmanGilguy="goumierDuryl" sandbugCichlidKlepht="tuantKioeaSoxhlet">
        <coenuriIsomersShereef>5</coenuriIsomersShereef>
      </bedubLockpin>
      <adoptee boardyMallets="7" framedZooliteFilmish="notalia">
        <agrote>blesserTacticRehair828</agrote>
      </adoptee>
      <senaahTopes>
        <zapateoBarsac>everyKubongKogasin</zapateoBarsac>
      </senaahTopes>
    </bungsWeazandTosses>
    <komatikBedbugs>
      <weetedJisheng>thinnerSheilaVagnera</weetedJisheng>
      <ottawaLucida mossfulPistilsFiggier="wungee" jitters="opianicSpaheesBacchae66">
        <tribble>601846572</tribble>
      </ottawaLucida>
      <aguara>
        <getupStapled>irfan</getupStapled>
      </aguara>
      <iberianQuantumNyoro kialkeeWhacker="creekerRedleg">
        <elytrin>relookArjun</elytrin>
      </iberianQuantumNyoro>
      <tameOrcFowlery>
        <propmen>earlMuntin73</propmen>
      </tameOrcFowlery>
    </komatikBedbugs>
    <occults>
      <hacklog>526247837</hacklog>
    </occults>
    <faujdarComatik>
      <probangAmendeGratia>carvylOrleanGests</probangAmendeGratia>
    </faujdarComatik>
    <unvotedFoxingDeflea>
      <enwriteMarianaCentrum>codium</enwriteMarianaCentrum>
      <beardSalmiac subactPeakedGroan="tamasicStrips" wedsetWetbirdAttend="iroko">
        <sparrerNohowPatwari>coconut</sparrerNohowPatwari>
      </beardSalmiac>
      <tora chiggakIncomer="lyristsTulle" melon="shebatChilledFunorin">
        <doater>musingUalis</doater>
      </tora>
      <sparmModioli>
        <gravingAnimals>uphelya</gravingAnimals>
      </sparmModioli>
      <myopes lanioidPsocid="neifEnaenaEggroll66">
        <kotowedCeleste>pttsSelvageAvions</kotowedCeleste>
      </myopes>
      <fusible sequin="treader226" neepTabberCastice="nurseAngled204">
        <nymssTepals>almique3196</nymssTepals>
      </fusible>
      <areolaManksHerries goralogCetylic="condoleChamoixSaccus3580" hlerForlieRerun="chakraTummels">
        <roed>tweelDattockBeguess</roed>
      </areolaManksHerries>
      <dummy dyeweedMiranha="norsel" townsBisonSheel="spriestReplodObiter">
        <safe>batboys</safe>
      </dummy>
      <roridPagedom unaloneAcolhua="wristsNoance">
        <tauntExsectOrangey>dusty</tauntExsectOrangey>
      </roridPagedom>
    </unvotedFoxingDeflea>
    <impugnSubletCollaud moansGonersCartes="gunniesBehalfFumes">
      <steropeDirtiedGatling>ghisRepatch</steropeDirtiedGatling>
    </impugnSubletCollaud>
    <papreg omalgiaShakudo="dailyChaka" unvoteKists="spreath" elusiveTreater="turkdom">
      <retuneCarsickDuckpin>lignum</retuneCarsickDuckpin>
    </papreg>
    <cargued>
      <phraseSpyingWealful>ephebea8</phraseSpyingWealful>
    </cargued>
    <marrysPixes>
      <solvesYikeAbatis>osmondLotuko</solvesYikeAbatis>
    </marrysPixes>
    <dazes>
      <mediumsBassesCalpac>blinderAsitiaUnpiece9516</mediumsBassesCalpac>
    </dazes>
  </disseatMeltonUmiak>
  <soils>
    <cimbriUnsnaps mintakaVulgarsTropes="hankyTeughly2" owherePeckish="quinina">
      <hansTannish>swerdFurlan</hansTannish>
      <kalmiaCranial wawHavanaThanan="6157249">
        <prism>spongyPuccoonNonself2722</prism>
      </kalmiaCranial>
      <gracerBarway floreta="telembiBungedOvermix">
        <skates>sutures</skates>
      </gracerBarway>
      <kaftan veilSturty="spinals" churredTreaclyHexagyn="71548918">
        <tektosiRizzle>dormin</tektosiRizzle>
      </kaftan>
      <foxtailBuzz storeysAnklungOcht="yallockOmers">
        <birkDialin>mucoids</birkDialin>
      </foxtailBuzz>
      <pirootSteepen ustTuzlaBotfly="nonsuchSnoopsRepro">
        <suretteAmuck>violins</suretteAmuck>
      </pirootSteepen>
    </cimbriUnsnaps>
    <rejoneoDocsMuzarab>
      <bonbonDovenedJellab>mansionLanceBlighia</bonbonDovenedJellab>
      <vattingKonigaCrusily>
        <whingerBattsKedjave>scamble</whingerBattsKedjave>
      </vattingKonigaCrusily>
      <theyaouNoltDrabs mongol="afflict" kenafZapasAxillar="74536">
        <hiddenYanWhorls>brigueUpstir663</hiddenYanWhorls>
      </theyaouNoltDrabs>
      <ophrysLimier waspilyGladifyBellies="utahansMfd">
        <haughAuscultRoky>3200</haughAuscultRoky>
      </ophrysLimier>
      <fledgeSericeaLesche radulaStreeks="735">
        <flecken>283395585</flecken>
      </fledgeSericeaLesche>
      <pillageZorro coilers="16" smugger="neck894">
        <clotsEagererGermane>undarkTrink</clotsEagererGermane>
      </pillageZorro>
      <davochCuerpoTay theclaRandomUnplaid="diddle" beearnHessite="fondsBebop704">
        <zetetic>koeriEngarb611</zetetic>
      </davochCuerpoTay>
      <hacklogCeleryArle>
        <garbsViolety>2204595</garbsViolety>
      </hacklogCeleryArle>
    </rejoneoDocsMuzarab>
    <shovingCimbiaGreyhen>
      <cyclianRyepeckCuif>473</cyclianRyepeckCuif>
    </shovingCimbiaGreyhen>
    <duiVaginal persia="focuses">
      <trona>5722</trona>
    </duiVaginal>
    <mandOotwithBalks forfarAtredeSongbag="ditaFleet" chop="punctus">
      <kildeeBugi>retellsAdoors</kildeeBugi>
      <peopleBoceIcebone tuffsPutlogsHutcher="alleysLearntSekani9" nonsuch="gyrose">
        <hoosierCotter>ansarieSisel</hoosierCotter>
      </peopleBoceIcebone>
      <trojansEgger caulk="emerods" thebMuscat="palponSprawlDumper">
        <sexipedLarkierMendi>7</sexipedLarkierMendi>
      </trojansEgger>
      <sprig>
        <spuggyParadedPertain>tempehVisie6</spuggyParadedPertain>
      </sprig>
      <peytrelGazoz kininsTransZouaves="feuteHearses" niantic="keysDhurna18">
        <zizel>byreTroue</zizel>
      </peytrelGazoz>
      <middled>
        <brazas>leadoutMitral</brazas>
      </middled>
    </mandOotwithBalks>
    <cuminicCheery>
      <hardsetHooey>doucetForeact</hardsetHooey>
    </cuminicCheery>
    <vicinal>
      <sloat>31361783</sloat>
    </vicinal>
    <ganof capered="reekyGemulKegler">
      <bollies>albNarwalExpt</bollies>
    </ganof>
    <huskilyGreys oannesSpawlNails="faqirsProlog">
      <yetlin>1957388</yetlin>
      <merch caickleTaxesBarrels="talentsShojoGiansar">
        <telopeaGarsStudded>saline</telopeaGarsStudded>
      </merch>
      <azimene>
        <modredPeddler>caraway</modredPeddler>
      </azimene>
      <fathomRecurse>
        <gamerMarkhorCalusar>unbearDumber</gamerMarkhorCalusar>
      </fathomRecurse>
      <turfiteErnes>
        <shackedIngenioBeds>toshlyTryste33</shackedIngenioBeds>
      </turfiteErnes>
    </huskilyGreys>
    <queSmirkle>
      <wride>daymarkSirkar</wride>
    </queSmirkle>
    <myelins>
      <satinsCir>acieralLurdanHoicked</satinsCir>
    </myelins>
    <saloonFroskDomer eff="upalong">
      <ogmic>397881</ogmic>
    </saloonFroskDomer>
    <natchAzuriteSeducee fantasmAud="governs794">
      <postboy>reignsBiskopWhacky</postboy>
      <egoist ablautPitocinDoria="352528313" wigwagsGrapeWonegan="hillingAmplify59">
        <tsungtuDjehad>skirrehHominid</tsungtuDjehad>
      </egoist>
      <bumickyLonguesTythed leglikeUnsealCigale="nothing" unsoncyBicone="60817688">
        <tela>56768256</tela>
      </bumickyLonguesTythed>
    </natchAzuriteSeducee>
  </soils>
  <greetRawheadCastle silagesHegiras="ferias99">
    <roofmanMolucca>
      <quakyRiverly>bilbosVioletsLowmen</quakyRiverly>
    </roofmanMolucca>
    <embassy jolting="bucklesWellishUnclad">
      <fullfilInfl>rifartAtoxyl8</fullfilInfl>
    </embassy>
    <cresylSudden dankerLiking="jetonRhoticClivias" sawer="listels" sheughsSenorIghly="habenalHebrew">
      <isdnConsulsJumart>467</isdnConsulsJumart>
      <sippingJerker tartly="rudesbyGlue">
        <impall>kickySulcar20</impall>
      </sippingJerker>
      <civillyDronesHardway>
        <aphasic>trokesSoling9</aphasic>
      </civillyDronesHardway>
      <forked toters="cowpokeMesteePomonal">
        <chereGumdropScorns>1</chereGumdropScorns>
      </forked>
      <comboyHotshotDicycle>
        <weest>shafiiMinisubHyloist</weest>
      </comboyHotshotDicycle>
      <unidealThyineGranthi>
        <topassLiver>keat</topassLiver>
      </unidealThyineGranthi>
      <gnarMoric ptolemyBeluchi="9586">
        <beefilyGlenn>osminRonionTrunnel</beefilyGlenn>
      </gnarMoric>
      <dromonsRipenTermly unangryMalitia="timingsOrpinc" pricy="alfredTableauCursor">
        <hornist>ribandNarrowy</hornist>
      </dromonsRipenTermly>
      <wagglesEssoins kyloeBlanket="tarpon">
        <fannell>locatio</fannell>
      </wagglesEssoins>
      <quetzalMudflowPoxy>
        <coirTuftyOrig>leguan8</coirTuftyOrig>
      </quetzalMudflowPoxy>
    </cresylSudden>
    <quicks>
      <nutteryEducive>lurchedTermerKernos34</nutteryEducive>
      <mollandScarySawers>
        <zionist>dolleyClimes6</zionist>
      </mollandScarySawers>
      <denuded chocksApersSadhe="khakis">
        <ecus>longa</ecus>
      </denuded>
      <iring educeToyersFugued="7686322" riser="316">
        <greyer>bobberNeopineReavery</greyer>
      </iring>
      <dumplerPsfCerises chelpApronQts="lagurusPilaffWoodine" travado="xintShoderSafar943">
        <slirt>hexadd</slirt>
      </dumplerPsfCerises>
      <sedum>
        <ginkgoTortoni>sparredRescore</ginkgoTortoni>
      </sedum>
      <blah bulbuleFirthHcf="incipitBoatmenHails">
        <clutchy>fleechBertatMeantes</clutchy>
      </blah>
    </quicks>
    <orblessBrazeeSadaqat>
      <dentinIva>3</dentinIva>
    </orblessBrazeeSadaqat>
    <wongshyOmits>
      <kainBensil>fulminaCollegeSumage</kainBensil>
    </wongshyOmits>
    <phlomis burgallRatanyIritis="cruises839" senoufo="torula" arcSld="661084">
      <dorize>pinyRclameHydrus</dorize>
      <gooldeHallboy vests="bawsint">
        <barerScuz>oatland</barerScuz>
      </gooldeHallboy>
    </phlomis>
    <elaidicMillet bistro="adrueGrilseNonbusy14" totemLarn="6436">
      <lefsel>minaeanOpesHeedful</lefsel>
      <ortalisMoitherKogia dauphinTrough="monica" peelismRarerUnnoted="devastScrogs">
        <garaRuchingAmesite>kibbledBecked</garaRuchingAmesite>
      </ortalisMoitherKogia>
      <prigger josserBhdUnhewn="caffisoHysons">
        <atren>983804</atren>
      </prigger>
      <hauteur hecco="sicyosMisdidIschium811" arrishDirian="beganiNonepic">
        <civitanSlatifyMmfd>836519</civitanSlatifyMmfd>
      </hauteur>
      <artgumAcaciasSeech stiltOases="2644836" bensilLeskeaDraffy="50201232">
        <nonicTeasingDadding>tuedianGoalers</nonicTeasingDadding>
      </artgumAcaciasSeech>
      <inpoursTabuleVeps reink="coolyTreats4921" malicRhabdusSage="lustlyCack">
        <neatifySproty>roosaFoolify</neatifySproty>
      </inpoursTabuleVeps>
      <jakey>
        <ribald>1984040</ribald>
      </jakey>
    </elaidicMillet>
    <strettoNydiaEurymus>
      <salep>iffierSqualls</salep>
      <subsea cacaTejanoDadaist="boxfulNovelty" bututsCosetGeast="jointSacketPurohit">
        <warrin>stannerWimplerBocci</warrin>
      </subsea>
      <turnAmrelle caveats="thawier">
        <oghamPopularIjmaa>eyresThreave</oghamPopularIjmaa>
      </turnAmrelle>
      <bobbish diverse="maggedAerMonte187" caddishLeipzig="anywaysWaughyCorf">
        <hurdle>lashSancheCachila</hurdle>
      </bobbish>
      <joroposBasella outjazz="kowtowShivers">
        <amboinaMohur>apehood</amboinaMohur>
      </joroposBasella>
      <jupes deciare="cymasGaia17">
        <wakas>guloKerrie</wakas>
      </jupes>
    </strettoNydiaEurymus>
    <tungsGawkVinata leysingCabiric="bellboyDishingHottest" usualsApneal="838699">
      <anal>heists</anal>
    </tungsGawkVinata>
  </greetRawheadCastle>
</gristTaxModer>