<?xml version="1.0"?>
<soudan>
  <teazlesSorema />
  <aboteCurded raspis="torney" />
  <odinicMulsifySpical fickly="44475" roofing="papallySinkerRenail281" rouelleAvensesBabish="6504511" />
  <gillotHaiks ronions="shaiva8">
    <headbox>
      <unilobe>4332</unilobe>
      <gnarl carolynRockatAdjured="rounAhir">
        <iowanLassiky>rompuChirped</iowanLassiky>
      </gnarl>
      <ramblesOtolith filmierWraithEmicant="trapaZachun">
        <humphsMilieusLoofs>idant</humphsMilieusLoofs>
      </ramblesOtolith>
      <emprimeTirling>
        <penest>unreadTempe51</penest>
      </emprimeTirling>
    </headbox>
    <apsidesCanzonaYukon fangleAbluentOdds="gauntAskileCeased7" caponsSnaggle="621185" plusesThetinPross="67758791">
      <alexis>aferDecnetSyndet</alexis>
    </apsidesCanzonaYukon>
    <lairdieOxyl halver="13725617" pieridShantWhelked="2">
      <tintist>pappyriGroomFitful</tintist>
    </lairdieOxyl>
    <unsaltyPappousTeart>
      <maranonRelieve>akkadPankinAppoint534</maranonRelieve>
      <hetericRudish addnl="7242480" zubrThrowst="boolyaYeaned">
        <kismets>outpityTricesSundae</kismets>
      </hetericRudish>
      <loimicCosmicBetes>
        <curtaxeSwashed>talkingAjowansOutstep</curtaxeSwashed>
      </loimicCosmicBetes>
      <pinonicScryLibbet>
        <xerotesSynacmeCod>scribe20</xerotesSynacmeCod>
      </pinonicScryLibbet>
      <alkoran surfman="elastic">
        <beglewHosted>molto</beglewHosted>
      </alkoran>
      <ecorchMoolum inark="brinieSeidel">
        <whirsEnframe>scamlesHaggada</whirsEnframe>
      </ecorchMoolum>
      <clapnetCessedRunts unavianTrophonEntad="rimpleTwarlyUnplow">
        <cruzadoRason>samoansSmilyFuze</cruzadoRason>
      </clapnetCessedRunts>
      <winnowBagdadTucano>
        <brakes>trains</brakes>
      </winnowBagdadTucano>
      <uncrateVerre>
        <recuseAbbotDecayed>79876206</recuseAbbotDecayed>
      </uncrateVerre>
    </unsaltyPappousTeart>
    <krill weepierGrasped="dudley">
      <taprootOozoaBarque>satiric</taprootOozoaBarque>
    </krill>
    <scarperJinnyMuseful>
      <arowTsking>crownsMemory</arowTsking>
    </scarperJinnyMuseful>
    <spanglyImbrued firmers="aquilonElias" lynchTokyo="mailbox">
      <denyingDresserTehee>russeHeater</denyingDresserTehee>
    </spanglyImbrued>
    <tyloticMonal>
      <allegeDucat>4</allegeDucat>
      <arboral casing="looeysSalix" aspsDioecyTutting="trachle">
        <treaded>740</treaded>
      </arboral>
    </tyloticMonal>
    <airsickRedeckGlims>
      <liquorsErrorSmutted>tabbies</liquorsErrorSmutted>
    </airsickRedeckGlims>
  </gillotHaiks>
  <gravestYacare barkySabred="116" afreshCycleMuscot="scrotalSimool" willful="12" mamma="neshSabia">
    <reversoDorjeRei>
      <gutteeVerayPericu>disbindLabarum</gutteeVerayPericu>
    </reversoDorjeRei>
    <yaud aflightScotsMuscats="crawlieArchilsLichen" embarge="apepsyBenthicSpireas">
      <aghori>claxons</aghori>
      <lothlyGowksTrapish absinthJapanJouks="pommelJaipuriNatick" herdmenSistineTatsman="nane">
        <gandulCantripHandout>ensouls</gandulCantripHandout>
      </lothlyGowksTrapish>
      <oilcupsBiviousPhyllin eathlyEnstoreGoyana="8">
        <muth>unrigs3</muth>
      </oilcupsBiviousPhyllin>
      <canetteSeaworn itsBeckon="11226837" trichiaGlore="62621">
        <mullaLakerAlation>diiodidDefraysSuberin56</mullaLakerAlation>
      </canetteSeaworn>
      <cosetsEmulsor>
        <turgoidKosalan>ulemasHabCeston</turgoidKosalan>
      </cosetsEmulsor>
      <epizoanHeaters pinealUpbeatUnblown="rippitScaleBluecap">
        <trades>ploteSummit</trades>
      </epizoanHeaters>
      <vively chiotNatusRefine="thiasosSamvat">
        <grafter>taxi</grafter>
      </vively>
    </yaud>
    <leskeaMounts bourageDewax="41" reefierNymphaeOthman="6">
      <lightlyAzafranSiamang>bubba7</lightlyAzafranSiamang>
    </leskeaMounts>
    <zaqqumLannerMorrhua>
      <inseaTurrUpgully>quienalSurmise85</inseaTurrUpgully>
    </zaqqumLannerMorrhua>
    <reland>
      <tortieRummierHoptree>6088</tortieRummierHoptree>
      <ringing dottrel="849861">
        <scomfitCeders>64456974</scomfitCeders>
      </ringing>
      <gummaMyraZincize>
        <oleaTakahesAvouch>dacron</oleaTakahesAvouch>
      </gummaMyraZincize>
      <funori pettleCoypus="2159" carpalHumpyKoosin="mahsirMaltase">
        <unheavyBroma>skeifNombrilGorgia</unheavyBroma>
      </funori>
    </reland>
    <upspew linable="acetylsJanglyJhool3116">
      <doormanAntis>yoxSpeltz</doormanAntis>
    </upspew>
  </gravestYacare>
</soudan>