<?xml version="1.0"?>
<scaulLansingSanton>
  <suriana avoidedBugganePersons="loons" sorgos="jobberyProtoHenwife" razzes="septate">
    <rutiles>
      <diastem>sheikh</diastem>
      <servos uncrib="nargileWondieExilian">
        <nosey>tocherCabled</nosey>
      </servos>
      <sunbowsNitre>
        <inaptlyMamma>970363542</inaptlyMamma>
      </sunbowsNitre>
      <cleek wacsNosilyCryable="putoutFinchedFume" gullerAlnage="plutonsImpasto">
        <zoa>teda</zoa>
      </cleek>
      <ropers knatte="upases">
        <tawyerBabiteNimbed>usterBotete</tawyerBabiteNimbed>
      </ropers>
      <pitylus sturdy="groins">
        <araba>randan</araba>
      </pitylus>
      <slav setula="fifiePanicalRegion" hominyRetoldStroot="29">
        <phoenixPotableNigori>adrop</phoenixPotableNigori>
      </slav>
      <panioloCossid tonify="sossleNineSub">
        <tasked>gruffsWiny6</tasked>
      </panioloCossid>
    </rutiles>
    <manlilyPeer leucoma="beg">
      <rutteeHeptyneIhs>pilosinOstomy</rutteeHeptyneIhs>
      <hamaldClashy maza="naceCassySomnus" fused="linalylJives2631">
        <nafFurbish>redsearDun13</nafFurbish>
      </hamaldClashy>
    </manlilyPeer>
  </suriana>
  <curnies bodkinsCardiaGondite="larvaLiefestUnshiny" eludePreanalDaunts="78122497" scabridLambdaConoy="italics">
    <romerosBorable hamadanNeoza="juftiFrostedFleshly6">
      <befretsRenames>uplaidLessensEjected79</befretsRenames>
      <hotbox urled="hoorayBeton">
        <prowlsChiefer>513</prowlsChiefer>
      </hotbox>
      <swingerZanza bandits="jervineMecumsFatimid">
        <conliTissues>plenityTawpi</conliTissues>
      </swingerZanza>
      <guinde amvisNever="17" agamiWrinkle="tripalRameTwinges">
        <arcanalTaftKhokani>844463</arcanalTaftKhokani>
      </guinde>
      <adventsOilmenRugose dowlInorbClimber="jeribMottoes" blateGraphy="lifey">
        <ghibli>settimoRimbase</ghibli>
      </adventsOilmenRugose>
      <quitchNellie>
        <foyboatJoneses>oufAnergy453</foyboatJoneses>
      </quitchNellie>
      <reluceExacumPepsi achenLesserDetd="3269517" lygeumAttrapCoronis="lehay">
        <grouter>skivedIdler241</grouter>
      </reluceExacumPepsi>
      <seelyMorelle>
        <tola>woody</tola>
      </seelyMorelle>
      <pellageSoning ageusicDaysmanSaviour="58">
        <rivellInst>1336162</rivellInst>
      </pellageSoning>
      <godlyScopedDiorama yowes="unlumpyAgitant1" immoteEstmarkFerring="whoseForevowEating">
        <workedWadset>5627569</workedWadset>
      </godlyScopedDiorama>
    </romerosBorable>
    <marrow phragmaTapeMyricas="109" wailer="jowlsMobsIntimas" hydeZowie="4038662">
      <ruggerOvisMuzhiks>620572374</ruggerOvisMuzhiks>
      <oots yummiesPompionGemlich="hadadaIserineUnhit" samsaraSkryer="panisicMatsue">
        <woodsyTunkerLatigos>betailParodoiDook26</woodsyTunkerLatigos>
      </oots>
      <gutturGemmaryTramper retwistToluateFrieze="33331452">
        <saltcatHateButcha>psalmBliautInvent5</saltcatHateButcha>
      </gutturGemmaryTramper>
      <tartanPhrasalBoruca cod="19" brazingOometry="quarry">
        <proteid>relyEimak</proteid>
      </tartanPhrasalBoruca>
    </marrow>
    <upglean>
      <upvomitFenksCoaxal>48993</upvomitFenksCoaxal>
    </upglean>
    <limaxMessy>
      <chawlSluerPales>maybird</chawlSluerPales>
      <atavismLutetiaCircuit>
        <umpireElation>masonsGoad1614</umpireElation>
      </atavismLutetiaCircuit>
      <heliast daceGularisWahahe="armlockTenuis" stabbedLimsy="nepoticAfacing6469">
        <musca>bessieWrecksJuans</musca>
      </heliast>
      <radionReprune mammeeSlimierDawdle="ceriumsAshore">
        <sectionLymnaea>poybirdPreyedSollar581</sectionLymnaea>
      </radionReprune>
      <panjabi boucleGrebes="brecia" boxtop="areally686">
        <passelFraplerBaboot>granageEndrin</passelFraplerBaboot>
      </panjabi>
    </limaxMessy>
    <tunderSylvaRaggies>
      <greenthFleshenBuncher>balawaBaraniSoled</greenthFleshenBuncher>
    </tunderSylvaRaggies>
    <blurryPekan>
      <hexineGybes>liquor</hexineGybes>
    </blurryPekan>
    <mtx>
      <hodadGlisky>93666419</hodadGlisky>
      <renvoisLimesHoeing subfixExsolve="lyncineKomeWhets95">
        <screaksRectoIrchin>8</screaksRectoIrchin>
      </renvoisLimesHoeing>
      <parkerPinocleImelle bootboy="kpuesi">
        <lioncelPimples>begnawRiffiEplot</lioncelPimples>
      </parkerPinocleImelle>
      <sabreThuja>
        <quottPapyrinCorse>pan</quottPapyrinCorse>
      </sabreThuja>
      <prositIntradoSkunked kibitzTextus="kaylesKnublet" diambColmarsCly="erminesAdelingCertosa1">
        <imputedPocill>blawedCrumply</imputedPocill>
      </prositIntradoSkunked>
      <camanayAbrege>
        <ureaRoamerVoiding>drownedDrawlyDiverts</ureaRoamerVoiding>
      </camanayAbrege>
      <ajoure hade="9106">
        <orangy>330987144</orangy>
      </ajoure>
      <coccin>
        <pagumaVenine>stereom</pagumaVenine>
      </coccin>
      <mfrTussiveTubba wattmen="fermentCundumReaware">
        <spencerLineateCyanize>ceibaNonstopTarps</spencerLineateCyanize>
      </mfrTussiveTubba>
    </mtx>
    <togsHerneNudged stimuliPhasesRumor="haikhCaudaeBurble3">
      <luteousTootedNumbed>gizzern</luteousTootedNumbed>
    </togsHerneNudged>
  </curnies>
  <angelimDisbarkStager xemaPalled="relishyDikage" kook="bowpinOodles" papioFurify="frondsChelate521" spiceryEblisGimel="95097">
    <gisarmeKamalas>
      <bummery>nepidaeSerosae</bummery>
      <tibetan>
        <lhiamba>finds</lhiamba>
      </tibetan>
      <oedema>
        <strette>887</strette>
      </oedema>
    </gisarmeKamalas>
    <burden>
      <naos>enamiBeeherd</naos>
      <intortPitlikePhageda>
        <siegerRipperAmici>loresPacsBlunge2951</siegerRipperAmici>
      </intortPitlikePhageda>
    </burden>
    <fescue>
      <peaceSteamieGuiding>jason</peaceSteamieGuiding>
    </fescue>
  </angelimDisbarkStager>
</scaulLansingSanton>