<?xml version="1.0"?>
<creeds>
  <robertPuntout stormedChange="8709" syboticUbertySkryer="teskere" crowdle="outpeepDangledPilaued" cheeker="mermaidSegos" />
  <redwoodDepayse deathly="cheneyTiltGerb9" partsAreas="pooncePrittle" />
  <saadCongeedSubcell timaliaZendo="witcher11" />
  <chromoDup timbers="323760">
    <blestSolonicJibmen outlays="trichiUnkinShako" overtopResue="cyul">
      <bathkolUnsweptHerd>lucombeNarco</bathkolUnsweptHerd>
    </blestSolonicJibmen>
    <siplingUprouse nope="aerials" trochusShaptin="ozenaZymicKoi">
      <paradeTanquam>alantinAdnateCosines4588</paradeTanquam>
    </siplingUprouse>
    <pish peeweesCalRepin="isiacalMenura" vervetsAcidity="nugatorMaltha">
      <coitusVeldsBlighia>relevy</coitusVeldsBlighia>
    </pish>
    <bookfulShamansRealia>
      <birleAdieu>breeksBoosiesAcerbic</birleAdieu>
      <paisasCuckoosFoxfeet palelyTariff="bassieRebraid">
        <wedgesNantsJus>coverupDeemer40</wedgesNantsJus>
      </paisasCuckoosFoxfeet>
      <unfaint>
        <grano>mammals362</grano>
      </unfaint>
      <petards ingluBego="985253" scryerWhams="dhava">
        <toskCalden>6901215</toskCalden>
      </petards>
      <janeiro foehnMeaningDawt="unniceKinkhab">
        <sixsomeKoilStenton>sloshyGeoticTrample</sixsomeKoilStenton>
      </janeiro>
      <anconal exomionWagBurleys="spetchJassidCutover" slupHirundoWabbled="rave">
        <damianaKnots>dazesStibial</damianaKnots>
      </anconal>
      <idolGis ghatBlain="211" lodgesAdoxyDition="arointLeacher">
        <dibbledReused>satTew</dibbledReused>
      </idolGis>
      <tingle scratchTrisazoLend="debateAnglos">
        <gaysomeAside>chauriAuxGuttule</gaysomeAside>
      </tingle>
    </bookfulShamansRealia>
    <flitedTewelCaecias puts="801594">
      <snacked>blebbyCalcesCabob</snacked>
      <chastyAtaigal kuba="sappedPoshPiquet">
        <ratifyUracil>xenia691</ratifyUracil>
      </chastyAtaigal>
    </flitedTewelCaecias>
    <malesLambdaHew lorica="stikineBenabRelast" rabalFerrugo="sired97" cauma="silanesVisages">
      <subgumCompter>keftiuAnchor</subgumCompter>
      <adureAhimsaArchine iberianShevaGlycol="streeKoranic" gympieMisfits="delatedCrissFeuage">
        <plumulaZooglerObli>deliberPith241</plumulaZooglerObli>
      </adureAhimsaArchine>
      <cometicTimelyShoggly>
        <cissing>glidder</cissing>
      </cometicTimelyShoggly>
      <fussingCamisProd fayedPiscineJama="thriftsApodeme7437">
        <gaywayEauHooking>933</gaywayEauHooking>
      </fussingCamisProd>
      <scartedSixain crom="oidia">
        <pattle>cuestas</pattle>
      </scartedSixain>
      <buggyAblings inspireHospita="gripeAcrook">
        <unlays>chikara641</unlays>
      </buggyAblings>
      <massel lockyerCanopid="carocheOleous">
        <tronk>spasmus</tronk>
      </massel>
    </malesLambdaHew>
    <intactVireosFlytes>
      <jagong>7754184</jagong>
      <squirmAcaroid suspect="besugo">
        <gauffre>9657874</gauffre>
      </squirmAcaroid>
      <comoxBender evertsShoop="85661073">
        <knospedArales>deducesManurerBouffes</knospedArales>
      </comoxBender>
      <soritic>
        <abac>tawery</abac>
      </soritic>
      <wrightSyrBade rehonedMolyBenegro="6" birkie="eliotPottur">
        <dryadSilybum>holcusAnticly</dryadSilybum>
      </wrightSyrBade>
      <scotalNurslePrimp>
        <essangSquelch>36171</essangSquelch>
      </scotalNurslePrimp>
      <sinsyne blitterSoign="skyHeliaea">
        <rebias>flossieAttinge</rebias>
      </sinsyne>
    </intactVireosFlytes>
    <chordaEscalan>
      <revokesPantheaStagger>hummockThwartsBriary</revokesPantheaStagger>
      <soakGrayest laggers="9578">
        <weekday>theroidTilyerJap</weekday>
      </soakGrayest>
      <xylitolGrooty ischialTilaks="ravedGirnySnaked19" rejerkRodsman="exarateLoweredTubful">
        <yelpedShola>rhenicFagoty</yelpedShola>
      </xylitolGrooty>
      <refacedOraryTindalo orsJiffleSludger="emery">
        <granzaPunkins>71</granzaPunkins>
      </refacedOraryTindalo>
      <aswarmTawnieZoysia disgulfPindersDobsons="botoneHeiredTazeea" cowgateKolami="probangProrsaYills11">
        <chantsApace>stowPneumasTipsily</chantsApace>
      </aswarmTawnieZoysia>
      <adwardAwols scouthsMetusBobbles="keltieAumrieEstive" leeway="99">
        <emailedTunoLoomed>5</emailedTunoLoomed>
      </adwardAwols>
      <narthexCumenylPouser pepperyTushs="olfactEpicalBuyer" crestal="fracasLinkerWants">
        <kumshawTailye>obconicLemnad</kumshawTailye>
      </narthexCumenylPouser>
      <iserine intl="bratinaDetnRinsing">
        <catenaSpignelBusti>outglowOpineDogman</catenaSpignelBusti>
      </iserine>
      <regreetTheelol grayedTetrylsGraysby="54055">
        <felid>conicsAstirGnide</felid>
      </regreetTheelol>
      <closetTeleran cibols="787149" whinnelCarrotyNymphos="creosolCaamingPioned">
        <ogivalVatic>8607</ogivalVatic>
      </closetTeleran>
    </chordaEscalan>
    <unblushOrbs>
      <encBidentSweden>yaguaSecern</encBidentSweden>
    </unblushOrbs>
    <gusleeYoweKnar orbyTest="hasnJaipuri2" polecat="waired" pullerButchEvicke="anginal">
      <rooked>60176</rooked>
      <manniePenises>
        <galiKerfed>airdropHornful</galiKerfed>
      </manniePenises>
      <scillasBuffy>
        <donkey>furAfacing</donkey>
      </scillasBuffy>
      <cibolaIdling>
        <mescalAhchoo>axillasHalestNonaid8</mescalAhchoo>
      </cibolaIdling>
      <affixerIambicQualms sieging="helvine1179">
        <diverb>puisneUnwaged</diverb>
      </affixerIambicQualms>
      <arvejon>
        <palisTourneeBumbo>outwordTerrineDolous</palisTourneeBumbo>
      </arvejon>
      <includeLavanga>
        <motivoRunny>ramiPron237</motivoRunny>
      </includeLavanga>
      <unelectSooloos gumbo="audadMethsThatd" cosenPeckierCloudy="crumple">
        <sitellaDungy>sigmate2200</sitellaDungy>
      </unelectSooloos>
      <butlers swasher="nichevoUnbench1720">
        <staddaTrumpieMadeira>7656714</staddaTrumpieMadeira>
      </butlers>
      <axialBaluchiBewpers gobangsCajeta="kommosAncilia" finificHogan="fairies">
        <cascromProvide>untypedQuisby</cascromProvide>
      </axialBaluchiBewpers>
    </gusleeYoweKnar>
    <seamenCrumbyUnquit>
      <polecat>9073</polecat>
      <innerveSputnik fouled="khasaAlebion" flack="milcher">
        <puruSemisesNiduses>chilverPiquingSetpfx416</puruSemisesNiduses>
      </innerveSputnik>
      <badnessHipboneMararie>
        <jehovah>retabloGinkJolters</jehovah>
      </badnessHipboneMararie>
      <rooved siruper="leftish992">
        <nitric>soclesAgynaryIllect</nitric>
      </rooved>
    </seamenCrumbyUnquit>
  </chromoDup>
  <taiseRedwardVolutae bimebyBarytesBonnily="coryphaMappistErgate" wimeMattaro="feelingProach">
    <hybrisRefroze>
      <pibrochLateranTsun>bumfMilkmen</pibrochLateranTsun>
      <neighedRadials thuanIringSubact="332500">
        <jacamarPlea>auto3</jacamarPlea>
      </neighedRadials>
      <malax chuggedSeamAccur="islandyCooeysPinenes">
        <abuttalWinning>vole</abuttalWinning>
      </malax>
      <rindeVeldt>
        <brinjalSummity>prodderFurzyMahican</brinjalSummity>
      </rindeVeldt>
      <avocet poolyRajpoot="66">
        <mandeAdnoun>swingedAlmsmenKeen</mandeAdnoun>
      </avocet>
      <ogamsRee crawlFluxure="irons620">
        <vastityTagger>paterae</vastityTagger>
      </ogamsRee>
      <disseat airmassKeltic="colibriStaggedOlchi92" tactoid="clerisyTromba936">
        <hosemanCoronerPicotee>expose</hosemanCoronerPicotee>
      </disseat>
    </hybrisRefroze>
    <mammalVeronaGery>
      <estralGang>200</estralGang>
    </mammalVeronaGery>
    <wadmel>
      <hoveniaYawed>swilkieGyralAlidada</hoveniaYawed>
    </wadmel>
    <surmiseBorneolTexas citternBeflumGtd="sharkedAblush92">
      <cornInfreeSubgoal>pursesBedpans</cornInfreeSubgoal>
    </surmiseBorneolTexas>
    <dogbushJecorin>
      <sunnBuzzyPodding>60136</sunnBuzzyPodding>
      <chytroi>
        <dindonPerceptYabber>448234</dindonPerceptYabber>
      </chytroi>
      <cusser manhunt="25">
        <sherdShelved>raucidOxcart19</sherdShelved>
      </cusser>
      <howfsNearby>
        <monadicResentsOverfat>sleekit</monadicResentsOverfat>
      </howfsNearby>
      <caranx serousSklents="2" resnubRumorer="9722331">
        <chorookDenims>aphodi</chorookDenims>
      </caranx>
    </dogbushJecorin>
    <adelingTerminPredraw ochered="refoundPorker" vase="ashaBarringOshea" curitesKhvat="drecks">
      <purserIodineVara>polloiScritBacca</purserIodineVara>
    </adelingTerminPredraw>
    <vacates>
      <eboniseTenser>remainsIrenics</eboniseTenser>
    </vacates>
    <cyclist upbrookDemote="furtiveSweepup342" ottomanRiderGrand="nonsale" echevin="sneckRagusyeWhf">
      <easersSauna>huntleyQuintes</easersSauna>
    </cyclist>
  </taiseRedwardVolutae>
  <morfondGonagraFerijee waesuckBlate="brairo">
    <charelyDrench kiyas="grouted" overcupTabula="loxing">
      <boites>snellConred</boites>
      <slipwayDirls spelt="lashers" cavallaPossumsToolers="wrybillBordunVistlik55">
        <vagitus>ellaOxidize</vagitus>
      </slipwayDirls>
      <backbit>
        <gezDarkyFraken>gassier</gezDarkyFraken>
      </backbit>
      <floria reginasLissHolier="moneysSoupy" toyoGoalaPhocid="blaseGuild">
        <broiden>poised</broiden>
      </floria>
      <minyans jauntSequaHents="stubbleLampfulAlvar">
        <podsOgling>553</podsOgling>
      </minyans>
      <wran>
        <rablinEmbalmsWarrior>oleoyl315</rablinEmbalmsWarrior>
      </wran>
      <depotConred galopedNylghaiGarston="2">
        <acceded>unweptPashPearter</acceded>
      </depotConred>
      <resizes>
        <paiockeVeldman>guglio</paiockeVeldman>
      </resizes>
      <unmaidShrewRobbery bauds="conningBoucherNatator" buffosBurhShaws="accloy">
        <unsneckCostal>shamalo</unsneckCostal>
      </unmaidShrewRobbery>
    </charelyDrench>
    <sergioAlbumsUlpan amalettGarawi="paleronOverfee" sumsMarramsChorial="bepewedCorby">
      <skeif>gaspar</skeif>
      <mildews chal="alsoonSteponyUnburst" huskily="165978370">
        <peixereLimbedConjoin>unitive</peixereLimbedConjoin>
      </mildews>
      <braggyTethers wogTollingToecap="cusecEndlong" wastsRobiniaSuffers="8421421">
        <graineHonoredEssee>ferashOophorePolack</graineHonoredEssee>
      </braggyTethers>
      <lawksKuneste agetIncusStereom="adcraftSnubs">
        <parc>downier</parc>
      </lawksKuneste>
      <ticken storesStrongSatyrs="fiscal48" crystEpilSipers="bandidoTyphia816">
        <outsangVenlinPrevues>mahajan</outsangVenlinPrevues>
      </ticken>
      <knitsJoshes setlingPigmies="cessesZig">
        <tendo>hyenine</tendo>
      </knitsJoshes>
      <ferriedHammedJapes>
        <heistAlchimyHerbs>lambedCogitos</heistAlchimyHerbs>
      </ferriedHammedJapes>
      <kuficDweebleUpway elemiChoffer="oschealAsiaHeezie">
        <bkprCoxingDeludes>solvusStond</bkprCoxingDeludes>
      </kuficDweebleUpway>
    </sergioAlbumsUlpan>
    <gudgeon lepal="abseils" rauli="outsuckGodship">
      <strow>bettingKnelledHencote</strow>
    </gudgeon>
    <marchetSkeaneGalyac cosetLeahMervail="conamedAidantGeaster" peebeen="mopsy7500" okerWeen="revilesRougeauBobbled">
      <ajangleTackerReputed>beprideSclimbMammer593</ajangleTackerReputed>
      <omnificHekteus>
        <babysatDrammFunfest>croy</babysatDrammFunfest>
      </omnificHekteus>
      <celli>
        <mischio>creadEcphory</mischio>
      </celli>
      <outpay>
        <victor>whorishNawtNonetto</victor>
      </outpay>
    </marchetSkeaneGalyac>
  </morfondGonagraFerijee>
  <fannelQuiraKismats clutter="minoSoled" brills="glomeli" wests="pinkerAbatesAlazor">
    <serineFoamed halest="8223769" mammonJackpot="hapteneGrassieNoam" chouseAutosAbsciss="spencer">
      <quiinaFadeout>shipletCrechesPiete</quiinaFadeout>
    </serineFoamed>
    <coelectRunrigMammoth>
      <chimedYirdsImpave>tallyAmaine</chimedYirdsImpave>
      <loofahsMesses>
        <puddleBatton>pelotonUmiacs</puddleBatton>
      </loofahsMesses>
      <sepult amarity="muffing7">
        <naebodyPublice>20738971</naebodyPublice>
      </sepult>
      <lifers>
        <overlipManumitDidn>draftsSparry72</overlipManumitDidn>
      </lifers>
      <coman>
        <aletheaViolInhance>304856</aletheaViolInhance>
      </coman>
      <lineasCytosin>
        <kithingStippenProcess>miskeptPrudyFastish</kithingStippenProcess>
      </lineasCytosin>
      <daterBiotopeFraught>
        <cunit>babicheDerivalYali</cunit>
      </daterBiotopeFraught>
    </coelectRunrigMammoth>
    <roupOdorize>
      <belardAppear>fliskCudbearFol</belardAppear>
      <unkin>
        <nayNominaBuzzing>oratingFattierNeep</nayNominaBuzzing>
      </unkin>
      <spargedLaccaFaxing mittentGrush="jokeyEavesTornote" rhedas="tursio">
        <stickly>unreinVanilleOinking</stickly>
      </spargedLaccaFaxing>
      <maytimeJazzing>
        <backersSpondyl>5432948</backersSpondyl>
      </maytimeJazzing>
      <ravenedStouth>
        <poleyDuettedLabeler>serape</poleyDuettedLabeler>
      </ravenedStouth>
      <whumpsPicaros collied="pilisDoldrumRebunch81">
        <aulderIllanun>tackledLigas8052</aulderIllanun>
      </whumpsPicaros>
      <caged>
        <asperly>decriesRump</asperly>
      </caged>
    </roupOdorize>
    <cameSpilth hurlies="dumbingSnickTimbale" forebyeCovesCounted="bistredFlotsanCoots" bensallJesusZaffer="infersCuculusSputum">
      <dogsledApadanaHala>lockerDegommeAdenous</dogsledApadanaHala>
      <ransomsMoveVector>
        <liningWaxweed>97596</liningWaxweed>
      </ransomsMoveVector>
      <iodalFarOutpass nephron="cankery" nacheTraiky="alabama">
        <feagueToitedPermits>bowetSand</feagueToitedPermits>
      </iodalFarOutpass>
      <mias fdubSestineOsset="362" faustTestone="tangsSwithe">
        <unsawnDechlogHive>258876</unsawnDechlogHive>
      </mias>
      <cookeysPyknics xixSlain="muff">
        <popdockHussiesOrating>tuyers</popdockHussiesOrating>
      </cookeysPyknics>
      <rutaEssex bhishti="cfdVintry" apopyleElenchi="hebenonHigh">
        <gymLogJunc>fusillyTitbitsMinos</gymLogJunc>
      </rutaEssex>
      <debile mickery="cochin">
        <tuningVicunasCoulee>laughyTornadaTerrane</tuningVicunasCoulee>
      </debile>
      <codices nailrodGoutily="driskAmnios" asaphidLegongCorcass="moocahHomedCormous">
        <lca>greably</lca>
      </codices>
      <sadhika>
        <banyans>bluggyRolfJaup</banyans>
      </sadhika>
      <editingMouly>
        <yetlin>1968731</yetlin>
      </editingMouly>
    </cameSpilth>
  </fannelQuiraKismats>
</creeds>