<?xml version="1.0"?>
<apieceSleetyServile>
  <redsGondi karpasRauriciExpire="oppida">
    <tapetiUrheen>
      <manky>643</manky>
      <chittakKacha outrootOctavesEstral="croceicGillies" tambor="3062">
        <maysinSclimGym>cuifEmmiesOutgang</maysinSclimGym>
      </chittakKacha>
    </tapetiUrheen>
    <jumpoff rheenPukyBaxter="wyke">
      <vaivodeSurly>grocersDartoic</vaivodeSurly>
      <umbrereRewonAmellus kamesMannan="waniandTalOrigin" verdoy="sublidKeroDezinc">
        <outbade>moneral</outbade>
      </umbrereRewonAmellus>
    </jumpoff>
    <proddleAmeban>
      <busierTidedHamzah>baugeCoelia</busierTidedHamzah>
    </proddleAmeban>
    <indraft>
      <jochenNoricTirr>nogginGroten</jochenNoricTirr>
    </indraft>
    <sannups>
      <varietyGuhaClotho>tilletCutWagner</varietyGuhaClotho>
      <smarmy araraSootManward="uptrail2364" apnoeicTalma="733">
        <cullaBobecheSorance>leashed</cullaBobecheSorance>
      </smarmy>
      <torquerWaiters>
        <haute>309453</haute>
      </torquerWaiters>
    </sannups>
  </redsGondi>
  <fettingArses linkupsThorpMarla="1757537" bubalisOxamideSnakier="maulana">
    <ticket culletsRegurgeSchorly="breachZizzledShem">
      <estadelMussal>19870</estadelMussal>
    </ticket>
    <faquirs filleulDirt="saulieAidmanZanza">
      <toaSwathes>spsMulishAeolic</toaSwathes>
    </faquirs>
    <somnusPorkishEschews rabbets="deslime659" huskersHavance="layoutBouto9427" planerPagodaTalkie="whinersTidiesArgas">
      <terzoWarmthsCicale>eched</terzoWarmthsCicale>
    </somnusPorkishEschews>
    <replOtalgia>
      <emotingDestuffHoral>angstBennies</emotingDestuffHoral>
    </replOtalgia>
    <haemonyFigObscura>
      <luxusKurdish>pintos</luxusKurdish>
    </haemonyFigObscura>
    <lyridBuxom>
      <upfield>prepaid</upfield>
      <dooliesKittool catkins="outdonePadda" crozesCyathiaCerises="apiecesSwitherOtalgy138">
        <elishahClavateChequer>geogenyRaisin</elishahClavateChequer>
      </dooliesKittool>
      <gomeisaIgname>
        <scammel>neigh</scammel>
      </gomeisaIgname>
      <sarsars begraveCosted="676020" lucrify="ornifyLetchesJesses">
        <zenonicSouterLeant>lispsPulldooCash</zenonicSouterLeant>
      </sarsars>
    </lyridBuxom>
    <poleArcherCatches>
      <hygeianEscuelaDotant>viversCackled</hygeianEscuelaDotant>
    </poleArcherCatches>
    <marcor wildcatMampara="lothly">
      <gouareeSprenge>hamzaJorist</gouareeSprenge>
    </marcor>
    <selvaMunchetJesuits>
      <hardockTrewage>citrulHypoHeroic6260</hardockTrewage>
      <stifle psoaeKeepers="potusKhaPltano">
        <kwazokuJinx>466</kwazokuJinx>
      </stifle>
      <trifledVives>
        <kitish>savory96</kitish>
      </trifledVives>
      <leashed>
        <entifyCorers>pycheTazeea</entifyCorers>
      </leashed>
    </selvaMunchetJesuits>
  </fettingArses>
  <incutBrawerBochur veldYaud="nork" cacti="pronityMartinWhun">
    <pithingAquarid>
      <nodus>berakotScarsPoesy6</nodus>
      <vomitedSmew hewed="3" wearyPacota="halosCrocket">
        <ramistAsylumsAssizer>swaggyLime32</ramistAsylumsAssizer>
      </vomitedSmew>
      <cloopNadaGlads ahurewaGetupsDigged="sudsed" prakritPawed="rarietyCucaSwains731">
        <cytoneAdreadMellah>182620</cytoneAdreadMellah>
      </cloopNadaGlads>
      <diabaseFatals>
        <thurioVugh>cloacasVolata1632</thurioVugh>
      </diabaseFatals>
    </pithingAquarid>
    <queleaLetting>
      <khisTicchen>misterIntl</khisTicchen>
      <june swearerChirosInby="rascetaDosa1">
        <unpotBianca>sabino</unpotBianca>
      </june>
      <coixPargoSepn>
        <colzasGaub>uvularsCoitFetlow7</colzasGaub>
      </coixPargoSepn>
      <lineman hugeliaPhippe="arbitryHermoMadoqua" firmer="sterin">
        <yamelItching>45496</yamelItching>
      </lineman>
      <errancy fakir="ostyakShroudyCusser1" betrapBinder="shape">
        <cutwal>unburyOrgana</cutwal>
      </errancy>
      <septetsBetwixtMuktar beseam="59951258">
        <perunSoapyRemarry>50913284</perunSoapyRemarry>
      </septetsBetwixtMuktar>
      <macacoAblesseAmbitus tedderBrown="risings">
        <deliesTeepeeRubbler>valvarMize</deliesTeepeeRubbler>
      </macacoAblesseAmbitus>
    </queleaLetting>
    <queuingAttristUnduke>
      <doatyCapucheGoglet>quotersUproot</doatyCapucheGoglet>
      <snoozesPyrexia uruguayTamoneaKnatch="slavesDeepest" waffie="babying">
        <effulgeSheerer>inlayerYanksIconism</effulgeSheerer>
      </snoozesPyrexia>
      <grawlsWoodenyAmaut amadouSackenEjusdem="indianGoogolsHaloing" oweltyCimbricBrothe="alevins">
        <paegle>sorer</paegle>
      </grawlsWoodenyAmaut>
      <lintelDodsChive plagueTonguyAnilide="hadjee1" rollerBlenny="cambionProrateHoodmen9671">
        <wrenchBezantRyania>croupRationHedgy9148</wrenchBezantRyania>
      </lintelDodsChive>
      <amorosoFumaryl>
        <strobesDhowReadept>dullsLizary</strobesDhowReadept>
      </amorosoFumaryl>
      <begarArglePort viverra="wauner" oscarFloeTaryard="700844">
        <almuceSterlet>vivo274</almuceSterlet>
      </begarArglePort>
      <braised rizzar="mandrin" ibo="fila">
        <pyxiesOres>minimumGurniad</pyxiesOres>
      </braised>
      <aff>
        <wadesGaietyPapuans>liminaSeqedBeshag</wadesGaietyPapuans>
      </aff>
      <glochid>
        <dohterPricyFabes>gook</dohterPricyFabes>
      </glochid>
    </queuingAttristUnduke>
    <ham retearDailyPaisas="gownletEparchsMappila" lemon="pinworkSyces">
      <chimersOxgate>machaon1742</chimersOxgate>
      <pattuFumy picoteeWhifferCloff="griefReacted6">
        <nangerNovator>louisTholusJemima</nangerNovator>
      </pattuFumy>
    </ham>
    <chastenInwith>
      <seinedToddledLittery>platDoliumMashing</seinedToddledLittery>
    </chastenInwith>
  </incutBrawerBochur>
  <tmesesFumerel />
</apieceSleetyServile>