<?xml version="1.0"?>
<huntingVox>
  <diauJohns />
  <poemet>
    <cmdrCardiacSkrike armsfulVarioBrute="ronyonsDemiowl" riflery="cobossMashmanGamed">
      <bisyncStroam>xixRinkiteRevives53</bisyncStroam>
    </cmdrCardiacSkrike>
    <misrateUpblast unwet="52699374" gliders="mist">
      <buttesFramerArticle>maulerPpr</buttesFramerArticle>
      <biblism>
        <gemmilyAchras>squallyPioneer</gemmilyAchras>
      </biblism>
      <tigerlyAdustNumber bousingKilledDicier="62001345" naphthoApargiaPeching="782">
        <feeFifties>pettilyRowleyLaithly</feeFifties>
      </tigerlyAdustNumber>
      <rolltop>
        <saxishResewnSalic>shivers</saxishResewnSalic>
      </rolltop>
      <renigUnseals meteorRaukleAveny="porkery" clintyJogtrot="unpured">
        <blouseWocasPasskey>pockedCanmanMosan</blouseWocasPasskey>
      </renigUnseals>
      <alterDesylAskaris>
        <pavanneStrewed>bowsesAllwork</pavanneStrewed>
      </alterDesylAskaris>
      <scutum lurk="2669">
        <smokiesPinwingUnhoard>minionIrishly</smokiesPinwingUnhoard>
      </scutum>
    </misrateUpblast>
    <cartesSlewedHalling>
      <spockLady>jibersAdcons</spockLady>
      <scrollsPayaguaGrue>
        <titular>ecbasisSisternEthize</titular>
      </scrollsPayaguaGrue>
      <zestfulMinicarDustuck nemineCaseinPilotry="visnomyLacunarClunker97" bees="iridinPaguridArcuses">
        <addu>souserRapport18</addu>
      </zestfulMinicarDustuck>
      <perronDoricalObongo>
        <sinicDimorphDeciare>7086</sinicDimorphDeciare>
      </perronDoricalObongo>
      <fictile pinlock="longfinTrinode18">
        <regularSpoffle>mousesForhalePoplars69</regularSpoffle>
      </fictile>
      <silphid cupfulDeaf="walkerScants" chiripaGoldneySmouse="sublong">
        <engrPluffy>mudflow</engrPluffy>
      </silphid>
      <century scapheElfinsMacer="outringBriards" unhoistPratey="1488">
        <snakesJossEmerse>summon</snakesJossEmerse>
      </century>
      <gladifyExinePrompts>
        <diewise>161193138</diewise>
      </gladifyExinePrompts>
    </cartesSlewedHalling>
    <finalsConoidGasbag>
      <notherThai>tinklerParma</notherThai>
      <ninons reassayFilariaQuondam="erastusBugeye" jinchaoDouce="goobersTurkism794">
        <drosserFullery>goddingDoitDissent</drosserFullery>
      </ninons>
      <vacouaReaumurUrban pain="define" covingTurnedClangor="oologyLoulu">
        <noeticHardingSilages>mallamCerago</noeticHardingSilages>
      </vacouaReaumurUrban>
      <maists moleism="jaguey" alerion="buswayDodderAblest">
        <upfleeEducand>23</upfleeEducand>
      </maists>
      <spelman untrussHeadway="tythes60">
        <hones>6506</hones>
      </spelman>
      <paganicIncusedAbomasa nachoRafted="388692">
        <zaddickGlobe>scrimYenning</zaddickGlobe>
      </paganicIncusedAbomasa>
    </finalsConoidGasbag>
    <calorDhutiMorton>
      <adermia>idistPiskunBikers6997</adermia>
    </calorDhutiMorton>
    <bde>
      <hein>ban</hein>
    </bde>
    <humanOatseedImpalas grippitAwareDaphnia="abollaDraffsHummock" shed="crudeQuinize4">
      <flutina>washerAnonad9</flutina>
    </humanOatseedImpalas>
    <lichtUigurWangala>
      <burgallMulattaBvt>channelNeurope</burgallMulattaBvt>
      <injellyVeepeesTrave>
        <besugo>heinous</besugo>
      </injellyVeepeesTrave>
      <pengoAssertsMyosis curinPoustieUntumid="eyebreeBemiresOilhole">
        <absitWinesCubics>elapses</absitWinesCubics>
      </pengoAssertsMyosis>
      <shweboEquablySamel hirstieForeby="unburst" gowfUpflee="darnixUprouteCyril">
        <niece>piuGalliumLefsen</niece>
      </shweboEquablySamel>
      <beganiPolypConteck simmons="brassia">
        <hetaeryReblame>autereDeboite204</hetaeryReblame>
      </beganiPolypConteck>
      <deadingStormedPigface aspicsIndowQuicks="360272520" lough="bedressDislipCarlins">
        <volcanoPregainSwedish>tomtitNegaraWerther</volcanoPregainSwedish>
      </deadingStormedPigface>
      <limliKoyanLongies>
        <gunniesGeldedYuke>islamic</gunniesGeldedYuke>
      </limliKoyanLongies>
      <aridedMoppersIdee wicopyAspBolk="rigidMtscmd" dipsey="emphaseRepines">
        <cowgram>greenAbraded</cowgram>
      </aridedMoppersIdee>
      <pierrot swizMoonwayAccel="woadyPausaiNodes" respueFuye="chyleRemedy153">
        <malta>idiocyMermanSeine</malta>
      </pierrot>
      <blizzTrouped>
        <locarnoResters>shallyDolus</locarnoResters>
      </blizzTrouped>
    </lichtUigurWangala>
    <flintBoiko fudgerUrazine="514199587">
      <ajavaSizar>whorle</ajavaSizar>
    </flintBoiko>
    <workyAllegedCracky stately="2">
      <camansiTorquedBoojum>soormaRhizina</camansiTorquedBoojum>
      <nawies zanilyGroover="clefsCodrus" hornifyEugenic="zyzomys">
        <bodeOcheredGelders>undewyVectionHort</bodeOcheredGelders>
      </nawies>
      <noduliArcuateLecker>
        <risalaRamed>cadetDehortsArrage</risalaRamed>
      </noduliArcuateLecker>
      <didstAubinMoneran>
        <ullerWataps>veiMoilBelady</ullerWataps>
      </didstAubinMoneran>
      <friarsDaybeam>
        <pipidaePimpingMemoria>lesbia</pipidaePimpingMemoria>
      </friarsDaybeam>
    </workyAllegedCracky>
    <nakhodaBulling>
      <slowly>unbag</slowly>
    </nakhodaBulling>
    <recalkGaulinYukked teadSusanna="tennis">
      <deluderEluentsTanrec>vangloPerkilyCrass3</deluderEluentsTanrec>
      <carful licaniaPacedHuswife="28958">
        <lappet>chaganLoutherPeckful</lappet>
      </carful>
      <gurianOogonia raggeryDuma="shohjiTutlerFermage7351">
        <heistsWillies>661712059</heistsWillies>
      </gurianOogonia>
      <sereanStint>
        <ataviDollieSlushes>haggard</ataviDollieSlushes>
      </sereanStint>
      <drouthy celadonCyprina="nei" musaeusWidelyCursers="12430">
        <trokingToylessWailed>prefaceAnansiWhists</trokingToylessWailed>
      </drouthy>
      <waupRegauge teucriSartainInclips="whileasTensive">
        <junkie>ptarmic840</junkie>
      </waupRegauge>
      <funisCirclerIlling>
        <emanent>vigoursSpivs</emanent>
      </funisCirclerIlling>
    </recalkGaulinYukked>
    <giversAmiss harish="71716147" gatsby="lagunas">
      <wussSumFlasker>barrerPumiceMitre</wussSumFlasker>
      <ador loosens="emboundFalasha95" unplant="whid">
        <introdSkaldsTheek>whemmleGerbilScrieve</introdSkaldsTheek>
      </ador>
      <arghanUphoard butynTummiesSunders="rodAmirsMoires458">
        <phanoCereal>wahabitReddens</phanoCereal>
      </arghanUphoard>
      <bowsePlushesItalic>
        <numblySnivySizable>trillFoppyCustos</numblySnivySizable>
      </bowsePlushesItalic>
      <casbahsBezels saccoon="browdDardaol17" haddenFatsAgile="teety">
        <mestees>railcarClaught</mestees>
      </casbahsBezels>
      <unslackBionicsCreda teadishAtossaBisync="triodes">
        <delesGliff>1</delesGliff>
      </unslackBionicsCreda>
    </giversAmiss>
  </poemet>
  <carpelsBrat lingersHipshot="782928" radialTasian="sufflueFizzles" neume="horrid" beakersAcuerdoDhurra="belaAngle" />
</huntingVox>