<?xml version="1.0"?>
<amylsUpsolveLealand>
  <random />
  <unfakedJambo saltieMwalimu="40666" seriaryAmatingWeirdo="hispidSpurts" coak="scadsGrapey" />
  <freckedCantico stalderWilderMumming="3103254" />
  <kendalGeomant>
    <walksWonders>
      <partanZanzasMulcts>barkyHaggled</partanZanzasMulcts>
      <verstsExplatWea>
        <coopsSuguaroCyprian>theekedSpitful</coopsSuguaroCyprian>
      </verstsExplatWea>
      <browsPtarmic>
        <bedlar>bogledEmptor</bedlar>
      </browsPtarmic>
      <psaloidHesterAtlee pwcaErotema="takosisArsis">
        <encistLonk>unscarb</encistLonk>
      </psaloidHesterAtlee>
      <alfione sloe="plumulaRailage">
        <quadric>export668</quadric>
      </alfione>
      <durainWarmer>
        <ocque>less</ocque>
      </durainWarmer>
      <fleuronHerebyEgotist novo="4710" lamprel="inhibitHeildStelai">
        <ordoCobbraAshen>30</ordoCobbraAshen>
      </fleuronHerebyEgotist>
    </walksWonders>
    <repeat>
      <reesArrouseEduct>raffle</reesArrouseEduct>
      <tomrig baleens="niobidQuagga" atloidCohosSpath="stichidRosaria874">
        <scarred>pubal</scarred>
      </tomrig>
      <sestet urePobDibase="defendOxid4919">
        <fascias>sheriat</fascias>
      </sestet>
      <knowhow>
        <slabs>2</slabs>
      </knowhow>
      <stummelSuasiveLuckily hawsingDigue="falling">
        <shirkyRutch>castral</shirkyRutch>
      </stummelSuasiveLuckily>
      <maniocPfgFib cushion="unfork">
        <machinClueBitonal>77226263</machinClueBitonal>
      </maniocPfgFib>
      <autobus chasmic="santolParen">
        <rongeurNecklet>354</rongeurNecklet>
      </autobus>
      <bubble>
        <umboneDries>musionClaretSib</umboneDries>
      </bubble>
      <bend roovedEnliven="period">
        <notelet>bugseed</notelet>
      </bend>
      <skitesEncheck>
        <waheheInklikeBrazed>654287741</waheheInklikeBrazed>
      </skitesEncheck>
    </repeat>
    <litoralAcquentLumpet crawtaeZygose="996" ozs="agamoidBilic" segos="5394702">
      <baffeta>69287161</baffeta>
    </litoralAcquentLumpet>
    <fightsMundari yarrWhishes="agamete" tsadi="22570138">
      <wrenRippet>eetenLucidly</wrenRippet>
    </fightsMundari>
  </kendalGeomant>
  <biggHypnicToon antewarGlandes="stelaiGlycylsTahsils" crampitBlateGirba="apodLearierOxberry" ort="33">
    <espadaRegiusSackman juergen="spurs">
      <shawl>clinid</shawl>
    </espadaRegiusSackman>
    <rapterDebossAbbatie>
      <appalsYetlin>leigerBarding</appalsYetlin>
      <ouphsBeman>
        <outspitDotardy>duffyPrattCoomb</outspitDotardy>
      </ouphsBeman>
      <negatonLacers arcateVakilMacoma="44055">
        <adagio>pimaricQuirts4</adagio>
      </negatonLacers>
      <suiters>
        <choanaNeepPepping>retoastLobaleFabrile</choanaNeepPepping>
      </suiters>
      <hardwayInertsNinja purArmlikeSlighty="roebuckGashingOthake">
        <moolviTellinaHila>38</moolviTellinaHila>
      </hardwayInertsNinja>
      <lunyieQuoit folden="aaliis" chint="laylock547">
        <incestRelief>tradingUntuck</incestRelief>
      </lunyieQuoit>
      <puggishNimietyDimmet simularDank="slushed">
        <twaAridity>shiedBuoyage407</twaAridity>
      </puggishNimietyDimmet>
    </rapterDebossAbbatie>
    <gignateSondes>
      <shamaHaustPreener>skywayGallet</shamaHaustPreener>
    </gignateSondes>
    <pepsiTyp>
      <looking>pieingDelimColdest</looking>
      <lumbar caloricFillet="5" pragmat="secess">
        <minicar>duller</minicar>
      </lumbar>
      <wastmeUnsee viveurCandiru="usure" glistSwissesCrapper="adzeThoneCarps">
        <osmunds>68276031</osmunds>
      </wastmeUnsee>
      <collunKilter bokoCoigue="quag" laroidCarrotSterid="suavestNicely">
        <beheld>428263529</beheld>
      </collunKilter>
      <barbion>
        <dehorsHumusRetip>banga</dehorsHumusRetip>
      </barbion>
      <bonasa unbench="ickier4920" thermelNarcismMesian="havered">
        <bootlegScanterBeacon>inhance</bootlegScanterBeacon>
      </bonasa>
      <frontisCurrackTandoor nouriceStromb="gowanyMenad">
        <unvenom>phoriaHogo</unvenom>
      </frontisCurrackTandoor>
      <manshipAntares basketDrummyFegary="merceRasse">
        <bilgy>93</bilgy>
      </manshipAntares>
      <hyke>
        <simblumQuagsTaps>amixiaNecklet</simblumQuagsTaps>
      </hyke>
      <landedFeatish carane="endentFovent">
        <metrePlenary>81076</metrePlenary>
      </landedFeatish>
    </pepsiTyp>
  </biggHypnicToon>
  <farcinHairifReweds enface="viqueenGlitnir" muffyTusked="hypsCandid" upflingMisdidAdhibit="maundWaspier" beggaryCaelusMudhook="29958594">
    <morga boltsProsaic="chafedCaiLiplet" time="iodidsSmidgeDerve">
      <fibroNavajo>bawlyJukes5448</fibroNavajo>
    </morga>
    <salon>
      <dryishApexesHatpins>servageSpake</dryishApexesHatpins>
    </salon>
    <alexin yaru="binitAnimus" mestenoOsideSalting="94831207">
      <rinsedMool>59907641</rinsedMool>
      <carryedEthmoid amebidKobus="911986206" bharataSethite="tenpinWadlike">
        <towelryFeastReitbok>inverseFigsJoggles</towelryFeastReitbok>
      </carryedEthmoid>
    </alexin>
    <pinballSeaveRatite>
      <lysinsExtundBagio>retemOculars</lysinsExtundBagio>
    </pinballSeaveRatite>
    <buffersHoboedAnalav>
      <pediwakLakings>48</pediwakLakings>
    </buffersHoboedAnalav>
    <redeyeMiaulAlange nak="snaggedDecide" lodensClosestBillies="unmailBloom2">
      <poschayCircus>waveredRimeStanjen</poschayCircus>
      <bouclesFluors whils="toxicalGuimpesAgeists432">
        <surmaHoofedLobs>8921408</surmaHoofedLobs>
      </bouclesFluors>
      <taillieCell outspinDubbah="caziqueStraussEunuchs">
        <mayingVistoThymine>4334</mayingVistoThymine>
      </taillieCell>
      <bawdryTupunaFlote kalongs="81">
        <peltersQuakeAmtrac>55089</peltersQuakeAmtrac>
      </bawdryTupunaFlote>
      <bridoon takableHalloesGraft="waiklyJakosSurgy">
        <lhiamba>pourerExectDivvy</lhiamba>
      </bridoon>
      <scrum coldFooledFrisson="27855" aortism="tushery">
        <updaterCydippeAuresca>grabensArzan</updaterCydippeAuresca>
      </scrum>
      <butsuCyesis>
        <decoyFrizzerGorsy>salten</decoyFrizzerGorsy>
      </butsuCyesis>
    </redeyeMiaulAlange>
    <crabbedCoabode reprosKetol="4" beant="relendsQuelled">
      <egoity>arums</egoity>
    </crabbedCoabode>
    <dilaterPonca>
      <adjuredShirty>worldly</adjuredShirty>
      <bumtrapAkasa presay="regence40">
        <intueFatihah>54308444</intueFatihah>
      </bumtrapAkasa>
      <atarBaculum mountyAware="544422" gruntle="paulCajetaArrah5">
        <prutGuerdonHutlet>visarga</prutGuerdonHutlet>
      </atarBaculum>
      <ralf coats="clanksTurrion">
        <limy>gnomedBeakfulCanille</limy>
      </ralf>
      <feelersSnoozy bugfishSenex="oblataBelfastGoric">
        <pilleryActinic>xylose</pilleryActinic>
      </feelersSnoozy>
      <kaliphIyar kedgedYaquiTearier="ficelleNete2921">
        <furtumTabours>1434</furtumTabours>
      </kaliphIyar>
      <superlSlopsRompu>
        <loselsFurnerKhu>75</loselsFurnerKhu>
      </superlSlopsRompu>
    </dilaterPonca>
    <axing>
      <aphthaAuraOnetime>bulkageCuriosi</aphthaAuraOnetime>
    </axing>
    <choko>
      <billingTyromaMetif>rosing</billingTyromaMetif>
      <fiordedBabblyTousy cushatOverhitAbature="shalluPoneyNerols">
        <animousBaulea>rusticSerphidStraka</animousBaulea>
      </fiordedBabblyTousy>
      <aportApexedPeckled usitate="broseOurn">
        <leche>chuck3</leche>
      </aportApexedPeckled>
      <chapped gyroseDoray="9">
        <ototomyAbuse>zostera82</ototomyAbuse>
      </chapped>
    </choko>
  </farcinHairifReweds>
  <spoomSkerretAhwal>
    <fucusedGyarung scoffedBoreus="numbed" schultz="durriesPontacqChartae" demandPannose="abiosis">
      <infamed>fleas</infamed>
      <vert angule="3">
        <airtsCapomoCornada>lithest</airtsCapomoCornada>
      </vert>
      <riyal>
        <jambed>biphase</jambed>
      </riyal>
      <buddageReamers ticulAlmeKlan="sareeSandak">
        <flakingWrongs>pincerUnism3253</flakingWrongs>
      </buddageReamers>
    </fucusedGyarung>
    <acaciinBezziThrough mahuaRosalesRefels="aestureGushesRechew" mealsMolders="shindigBeliefsDister" fishletSughedPawkery="showily">
      <unvoiceHaylageAthyria>tangier</unvoiceHaylageAthyria>
      <assisiPorteNervish lagenaeDemandPierre="1061141">
        <mouseeOkieArcos>auloiRelent</mouseeOkieArcos>
      </assisiPorteNervish>
      <alongst>
        <finningFringy>amorDamask</finningFringy>
      </alongst>
      <hemagogCossicRegion upswayCapriRiotous="jossesNancyJauked">
        <soledDillue>archedOutcutRedug</soledDillue>
      </hemagogCossicRegion>
      <calpulCam tanga="bracerColibri">
        <crwthsUnrowdy>chayote</crwthsUnrowdy>
      </calpulCam>
      <oldenCabocleRebed>
        <mandolaLory>bribesGliffDance</mandolaLory>
      </oldenCabocleRebed>
      <bumpedBariumsFlexura zipsInfuse="1930">
        <rignumHostFleabug>raadMendersUnrobe</rignumHostFleabug>
      </bumpedBariumsFlexura>
      <simsimResolesAttaint shudder="scribeVolumedBuzzes" bonesetAbuttedTuring="fabraeaBattens">
        <ancoraSynovia>yaweyPavansBoxty</ancoraSynovia>
      </simsimResolesAttaint>
      <boxtopsAdzes whimsyVomer="pinxterPulment">
        <nahuatlNyaya>cum149</nahuatlNyaya>
      </boxtopsAdzes>
      <nitwitsPickout puddaStopway="gadflyBerlineLagwort" jebusPkt="astronUlidian">
        <patesiKohemp>pictury</patesiKohemp>
      </nitwitsPickout>
    </acaciinBezziThrough>
    <vansireTwofoldUngulae>
      <colentVied>civical8</colentVied>
      <butylicLardry injuryPultostDomage="2" waglikePanicky="oomiacsChapt">
        <soorkyCongoniKharwar>halalMoosey</soorkyCongoniKharwar>
      </butylicLardry>
      <travest>
        <flesherKapoks>92</flesherKapoks>
      </travest>
      <coigueDerange mishave="fangoSteenieHazan" rimasPunctusFilter="ayletFlight">
        <sistine>8</sistine>
      </coigueDerange>
    </vansireTwofoldUngulae>
    <ohmagesKraals emmettPetkin="whitterRamassResize">
      <dapico>38511864</dapico>
    </ohmagesKraals>
    <acerolaStanch>
      <llamas>663</llamas>
      <floweBedgownSpurts>
        <mogs>cyaneaUngrave</mogs>
      </floweBedgownSpurts>
    </acerolaStanch>
    <dialled>
      <lairedDaverdyHun>vinsAnthusPisonia</lairedDaverdyHun>
    </dialled>
    <minaretTwasBegrime>
      <sulkedBailies>trional</sulkedBailies>
    </minaretTwasBegrime>
    <potatoArisingAntic>
      <nguyenWrangTicuna>tappersBunter4</nguyenWrangTicuna>
    </potatoArisingAntic>
    <soning>
      <sponsor>boggyFriskle</sponsor>
      <lescheSeiurusInsider>
        <fusate>phytaseResins</fusate>
      </lescheSeiurusInsider>
      <causalBuildedRepouss>
        <alagaoSensal>novemFuguBeflap</alagaoSensal>
      </causalBuildedRepouss>
      <orbicleUnfitty ecoleDrum="blumeaSieges" piert="tommed">
        <feijoa>talcums</feijoa>
      </orbicleUnfitty>
    </soning>
    <spyshipMinoVoluta>
      <flemerHoi>hexylBumicky</flemerHoi>
      <limaAute vedaicAbbaye="sabir12">
        <moitier>priamWonting</moitier>
      </limaAute>
      <hypopusFabricsAccosts>
        <gimelsBruscusShiners>outrageCitharaZante</gimelsBruscusShiners>
      </hypopusFabricsAccosts>
    </spyshipMinoVoluta>
  </spoomSkerretAhwal>
  <lemaneaJabbersQurush maidinSabers="brended9" gargolYonisOoscopy="beamyAssoniaSarees625" />
  <neemSunniah />
</amylsUpsolveLealand>