<?xml version="1.0"?>
<shibar>
  <quittalIncaged cysts="12356722" tarbox="4772162" saimyTriaxon="9" comtianTanrecs="75851217" />
  <travale henbill="quippyUnsingAusones" aerogelOnsLobatae="5" kibbleVirgos="teleconShu5695" jingletGleetsCulpa="ewery" />
  <lucina sennaBrowetAncor="5740" rakishBonitos="mama1500" titlerMoltsSylvia="scabbyBurlace" omegoidBabus="12481501">
    <eureka>
      <yorlin>33541845</yorlin>
    </eureka>
    <viggle>
      <surfsLarynxDoolie>conchsInspan76</surfsLarynxDoolie>
      <tulle keevesDraffs="mowieSwankey">
        <nouPassion>doingsManiu</nouPassion>
      </tulle>
      <dixiesLog debunkBrendedBabelic="927655521" ulnaria="cosmicSwankeyPrimas">
        <tipeThalianMezquit>dreyntKarbiFey</tipeThalianMezquit>
      </dixiesLog>
      <wongahLaylandPotshot>
        <birdmenThigger>2738</birdmenThigger>
      </wongahLaylandPotshot>
      <duntedAlecup ophismKakkakQuiff="twistySonar5">
        <remixtTuladisHibunci>digmeatEnolize</remixtTuladisHibunci>
      </duntedAlecup>
      <parti>
        <creeds>padshahGroma</creeds>
      </parti>
      <pravous subaidUnprest="dunfish">
        <anabasImmunes>ragee</anabasImmunes>
      </pravous>
      <mesites kollerHafnium="clays" languorPlagued="humid">
        <toady>94503</toady>
      </mesites>
    </viggle>
    <furcaeSubject>
      <annie>wraps769</annie>
      <mamboed positor="arsineTelegaGoles">
        <armiedSpaviesBluings>tattingScypha</armiedSpaviesBluings>
      </mamboed>
      <belfry bdeJudahStarts="37004">
        <veray>jovaBougetUngain</veray>
      </belfry>
      <unlowlyCocheroSiloed horseYashiro="talkiesBeware">
        <lippiaTomornDeemed>elderlyIfugaoRosillo</lippiaTomornDeemed>
      </unlowlyCocheroSiloed>
      <dacha>
        <volvuliAkhoond>frenzicPumper</volvuliAkhoond>
      </dacha>
      <julie>
        <obelial>codeiasUnhent</obelial>
      </julie>
      <byssalBoyangFiddly>
        <gabion>caelianWires</gabion>
      </byssalBoyangFiddly>
      <stamperQuoteeUnbone>
        <tawpyAgnus>matapiRemijia</tawpyAgnus>
      </stamperQuoteeUnbone>
    </furcaeSubject>
    <pailouSilicic>
      <halflyMedicoRestudy>squadOilcups</halflyMedicoRestudy>
      <sallet hastif="ancylusRum5">
        <lowingPrehend>7477</lowingPrehend>
      </sallet>
    </pailouSilicic>
    <mockerBargeer murrhaDismay="moitierLunka">
      <xeroxEndictYodled>letoRinnerYowt</xeroxEndictYodled>
      <ragnarMultAspects kinglet="ferrelsJaraAltilik6">
        <librae>bedlamLimbecHeeded</librae>
      </ragnarMultAspects>
      <bespitBerline protomaWaeg="789820971" potheryCecil="saltaryDaultCroyl">
        <maintopDido>onside7</maintopDido>
      </bespitBerline>
      <planksOtc rapes="hubrisRantreeBaruch">
        <croceic>gaffe</croceic>
      </planksOtc>
      <alite calcInutileUshas="buddie" giustoTourtRebreed="feddan">
        <klom>haveage2</klom>
      </alite>
      <nauseas riddingCongosFlavor="mitosisInsuredLouch">
        <uptableSquirts>58851</uptableSquirts>
      </nauseas>
      <jetware>
        <rollo>hajiWaltzPigface</rollo>
      </jetware>
      <warlDowntonPic>
        <outbatEnrange>plumingCubicHeapy</outbatEnrange>
      </warlDowntonPic>
    </mockerBargeer>
    <shavedPacTarwood>
      <certy>voyagesStacteBobache8</certy>
    </shavedPacTarwood>
    <chordeeWitneyGrowers southedStrafes="dhauraTetched" unbrentPanax="castraWitjar">
      <mermenKaryon>851</mermenKaryon>
      <kickout perdrix="sak83">
        <cteSurfPteroid>undear</cteSurfPteroid>
      </kickout>
    </chordeeWitneyGrowers>
    <sapinUnstagy talipat="kindestBariums8543">
      <undryTypist>375287657</undryTypist>
      <plowNiggledMulti molters="463878418">
        <firyDubby>choragiMottlesPerty</firyDubby>
      </plowNiggledMulti>
      <chalanaCoochesLaze datchaElinvarNakhoda="moundsMaselinCaracoa" elfdomViandsDhurry="1182">
        <mons>nahani</mons>
      </chalanaCoochesLaze>
      <umiak swissesCrcao="fiarDogmanProller" ifint="693">
        <oghuzAzurite>chottEdaphicSeth</oghuzAzurite>
      </umiak>
      <riginalEastMias kneedArenigGekko="tweenSoritesOslo" pureHoblikeHerba="meny">
        <piled>renoveGauss4392</piled>
      </riginalEastMias>
      <anconesMimbarsDins>
        <wamelCitreneSnobol>piouslySomne980</wamelCitreneSnobol>
      </anconesMimbarsDins>
      <roaming burletFrasse="spottleRoven">
        <zendik>conuzorWeekwamDemaree</zendik>
      </roaming>
      <twoness zehnerIononeGradual="indols41" warrantMiterTetanus="lentiscClicketCrower">
        <crea>climateColicalProles</crea>
      </twoness>
      <ratbagForbsIndigo maturesGoonie="jerks">
        <mislitLammingMaugis>odeum</mislitLammingMaugis>
      </ratbagForbsIndigo>
    </sapinUnstagy>
    <stairy krocket="oblatePeckish8" misdrawRingman="tweaksOlneya">
      <rikkChiao>yardmanGolly</rikkChiao>
    </stairy>
    <celloLigulas boxingsCabotsExolete="ceibasOaklingLifeful" casket="reheelsRackety" wulkHaeMeed="zogoCrumenaSwagmen">
      <kanyaw>3443</kanyaw>
    </celloLigulas>
  </lucina>
</shibar>