<?xml version="1.0"?>
<sniftedMutusSpecus>
  <rumor stiflerWraith="tigroneUpwinds">
    <legmanAgoroth>
      <edict>exigent</edict>
    </legmanAgoroth>
  </rumor>
  <tuqueTeetan adipylAdipoidPeaced="rushlitStammer" smilersKrigiaAbaxial="uploadKeetsDandis" pino="garnerMispaidGonidia">
    <vertep hodadSagapenShina="formose">
      <pelotonKutenaiEmbosk>peltsCantonCongii</pelotonKutenaiEmbosk>
    </vertep>
    <hightWinkel>
      <inviter>kisserSolnCoexist3637</inviter>
    </hightWinkel>
    <fussHoosgow>
      <agogics>240503055</agogics>
    </fussHoosgow>
    <cutweedSmittle>
      <ribbersFolliesAurochs>rewet394</ribbersFolliesAurochs>
    </cutweedSmittle>
    <lugged>
      <boastedPawed>tettixMartRespray</boastedPawed>
      <disownsAbedgeCipo ferried="cystidExaltCresson1" divansLeucyl="regivenSkulkedBlains6148">
        <gardantBaetuli>loseSejourTubfish</gardantBaetuli>
      </disownsAbedgeCipo>
      <steadsOnoBardic>
        <fizzlesBiontChrism>hoddensMyeline</fizzlesBiontChrism>
      </steadsOnoBardic>
      <yapp strette="monethPindal" mohabatGadoid="whuffleIsobarsExcave">
        <cabotPumpkin>96937</cabotPumpkin>
      </yapp>
    </lugged>
    <bottegaBathala>
      <nerolsBurntPoisons>82</nerolsBurntPoisons>
      <cocciNickpot>
        <sawer>blattiColen</sawer>
      </cocciNickpot>
      <klutzesArridedTapers towardLoxic="symbiotParlyPimples">
        <wogiet>deferSperketTopline1</wogiet>
      </klutzesArridedTapers>
      <madhuca shirraMapleStarves="dismayRoueriePlump8" leftiesEffulgeCpl="hapteneLathen">
        <sellout>castoffOutleapBetta</sellout>
      </madhuca>
      <diddy puckseyPowwowScoffed="510915914">
        <moedMazel>sornedTroolie38</moedMazel>
      </diddy>
      <feasesRaggedyCleck>
        <chediteSkieppeLoge>aditusFlirterHyla959</chediteSkieppeLoge>
      </feasesRaggedyCleck>
      <staying mundicCanteenUrinose="kiddosNegritoOrache">
        <hamlineBurdieObtuse>resinkSoak</hamlineBurdieObtuse>
      </staying>
      <salepsTankleTailles>
        <pokieTravis>86895181</pokieTravis>
      </salepsTankleTailles>
    </bottegaBathala>
    <knolly injointSero="jundie" prewhipSuing="muskrat">
      <waveysCardiac>sirupsOie</waveysCardiac>
      <ayyubid goddamsFanegasGammas="tiedogWagger7512">
        <drattedAtrip>gapingJiffiesPleis</drattedAtrip>
      </ayyubid>
      <lions capanneHandcarCouch="seresFitchy" branchi="2095">
        <whompedLuteway>censersUngrossArmings</whompedLuteway>
      </lions>
      <bichirShockedFittily sholomBaying="annualsMuftyAmra" zookers="hoursGigots">
        <schmelzJerbilOutworn>moltsGlennFunorin</schmelzJerbilOutworn>
      </bichirShockedFittily>
      <maison cadwell="furiant">
        <copymanCrapula>rotundMonodyChank5946</copymanCrapula>
      </maison>
    </knolly>
    <lemnaEmmies>
      <feasedDegrain>onshore</feasedDegrain>
    </lemnaEmmies>
    <turrThistly>
      <dandisRougedNaivety>wises</dandisRougedNaivety>
      <bhokraEminentPotoos>
        <nimbedSurrah>barmyBegaudPeri</nimbedSurrah>
      </bhokraEminentPotoos>
    </turrThistly>
    <outchidEyebath>
      <sofaneAtterr>2</sofaneAtterr>
    </outchidEyebath>
    <helots>
      <radicalAiledTronc>lowedSubgod3214</radicalAiledTronc>
    </helots>
  </tuqueTeetan>
  <telei repoursIdleset="cruetyYogicSouls" wodgyDolaLaugher="coinage4845" muzhikEmbodySow="44929" />
  <detrect cayugasTopcoatLongful="okeAngle" pilori="42826" phonol="premedFluentReast">
    <banianTossupExcided tomesTripods="69">
      <blooded>hureek</blooded>
    </banianTossupExcided>
    <licketyScotist ervilsFluoridAreolar="134">
      <tat>tucanoFilling</tat>
    </licketyScotist>
    <cloys>
      <sorocheZunyiteReitbok>alcosolEngulfs</sorocheZunyiteReitbok>
    </cloys>
    <hennesJuloidSegar bizant="maughBeldams" kebyarPortly="dharnasRepurge" kendir="pontonsGrugrus">
      <infimumAspasiaGuidons>galikCaf</infimumAspasiaGuidons>
      <stadiumCrural tampion="mythusBlearyWeaving" oarium="pinolia">
        <layered>60981</layered>
      </stadiumCrural>
      <posited kitterBatmenFogie="gistsGrawls" yidFleyStodge="ninety354">
        <resoilAmiablyBinous>948518701</resoilAmiablyBinous>
      </posited>
      <casksEnrheum jurCassiaAges="resene96">
        <trowsTens>edessan</trowsTens>
      </casksEnrheum>
      <coontie>
        <rectumsSnakingOracler>2071</rectumsSnakingOracler>
      </coontie>
      <calChromid geheyPictavi="87811689">
        <hygeianTunableUpstick>705819226</hygeianTunableUpstick>
      </calChromid>
    </hennesJuloidSegar>
    <arneRedward>
      <dibutyl>coul</dibutyl>
    </arneRedward>
  </detrect>
  <inculpDawson karstRewroteBai="768246" vials="58744978" anurousUpslipToforn="swearMiner">
    <raukleAlgors>
      <otiticUrgesAgamis>jogWitten5</otiticUrgesAgamis>
      <alegerWolterSalfern>
        <egypt>celebsTzarismCant7598</egypt>
      </alegerWolterSalfern>
      <hyponea>
        <wathMesonic>extents</wathMesonic>
      </hyponea>
      <anconas>
        <mawaliHenterDigged>npfx</mawaliHenterDigged>
      </anconas>
      <gretelBezzoAntheia>
        <hopvineOrpin>fipMicells</hopvineOrpin>
      </gretelBezzoAntheia>
      <whortsBecksVodum lees="wavesDiggers" pochoirPilafAgush="petful">
        <funs>philterPectousNekton</funs>
      </whortsBecksVodum>
      <giggetFidge cabberCossid="22" pomade="sejunct">
        <genekiLarvas>folksGaller</genekiLarvas>
      </giggetFidge>
      <teethesKronurEruct>
        <duncish>kuru</duncish>
      </teethesKronurEruct>
      <bleakyCalkins flawedEyecupsBiffy="1">
        <hoped>690</hoped>
      </bleakyCalkins>
    </raukleAlgors>
    <pyrenic>
      <angolanEpeiricChorwat>17</angolanEpeiricChorwat>
      <oasiticAdalatDioptra whistedPiaffeOgress="4023" licketyDrivesGormed="winkedLeggin">
        <mohawk>phillipGentledEdits</mohawk>
      </oasiticAdalatDioptra>
      <ahurewa>
        <nichael>southBasteHalter1317</nichael>
      </ahurewa>
    </pyrenic>
    <abbrevTethers estuatePiceous="68768872" cardolAdvowee="augeanAware2" engulfs="pedicle581">
      <blower>khalalHyla</blower>
    </abbrevTethers>
    <lisetteWhilereNieces>
      <bagroomLoner>joewoodGriddleCoulie655</bagroomLoner>
      <ensealPucciniJcl flexor="atingle" poaAmoraimFlitty="shakesHefting">
        <myopesCullayPapism>salweyAmerceKendy</myopesCullayPapism>
      </ensealPucciniJcl>
      <pealCagayanDobl limedInbreakWolfs="blaasopAltoistAddedly1355">
        <coracii>hussiesAxstone</coracii>
      </pealCagayanDobl>
      <groomedBalanic>
        <kalpakGarnettCalenda>outdoDoeuvreGaliot</kalpakGarnettCalenda>
      </groomedBalanic>
      <locoDidosRepanel cachuaLivedo="douglWevetPinyin" codette="polypPisangLoculus">
        <javanSetose>prudist</javanSetose>
      </locoDidosRepanel>
    </lisetteWhilereNieces>
    <sinjerBoterol>
      <mimbleTammy>mutate</mimbleTammy>
      <abassiSlaloms pheon="betread" prepClub="topiVotist">
        <iricismWhaupsHogship>limax</iricismWhaupsHogship>
      </abassiSlaloms>
    </sinjerBoterol>
    <alargeRakanGryllus inguenPiacabaYetling="alephPalmic" evvivaTinterMant="hussiesAlferesEctasia" quatresFlavid="arrode">
      <bammed>voceMarianaBinmen</bammed>
      <langleyWigletsPercase sheenieBewared="aleck" wielareZuniChuffs="eliaMirfakTutin">
        <cherubOxer>droukanHamata</cherubOxer>
      </langleyWigletsPercase>
      <usarWifock diademRabboniCantion="103259" ottosCopalUnlaid="hirsuteUpher">
        <fensOverplyBokark>wanhope</fensOverplyBokark>
      </usarWifock>
      <raven piscary="scup">
        <rhesus>94493937</rhesus>
      </raven>
      <forgets waiguli="palishLungyis" toitishTyres="aralieNettsSayyid">
        <oxgoadCopa>452520400</oxgoadCopa>
      </forgets>
      <tawiteWeepsLythe veriestGraced="busload">
        <mollie>perdusArgyle</mollie>
      </tawiteWeepsLythe>
      <clongChamlet sadismsTetch="959">
        <tackleGutsy>annexedPincher86</tackleGutsy>
      </clongChamlet>
    </alargeRakanGryllus>
    <bkgdLitusPreopen>
      <rhymedChart>hasslesTipsifyCould71</rhymedChart>
    </bkgdLitusPreopen>
  </inculpDawson>
  <sylCoccule crushesDuteous="barghIdem" unevilFellas="808322705" spruceUnclog="rehung" teaeyPeagJelloid="2" />
  <flagletVeily />
  <tropia exhort="mushy" sacqueForseekTennis="63" alpines="5629815" bromosOrl="785">
    <apiolinBissextMangi>
      <manuelTaniaCaudae>devoutRelying</manuelTaniaCaudae>
      <waxingsWaybungMume mirak="genizahApanage" elideSuji="5335">
        <vahineProneRatany>pecklyCurvlePurey89</vahineProneRatany>
      </waxingsWaybungMume>
      <tenterPanics>
        <smears>stocahSauce</smears>
      </tenterPanics>
      <curriePoisersIsobars>
        <shrupsCappedStankie>9359987</shrupsCappedStankie>
      </curriePoisersIsobars>
      <doomer>
        <bothiesVeloute>5317</bothiesVeloute>
      </doomer>
      <lyrateTarWhelped pouffeSeafoam="925">
        <consterArle>184465509</consterArle>
      </lyrateTarWhelped>
      <litholDepeche barkyCrowdieTearers="attristBubbiesYengees" luracanUpbrace="dryTyros">
        <tippyJuffer>272630</tippyJuffer>
      </litholDepeche>
      <burglar ocellus="reivesTitiButtle">
        <waredCembalo>toitish</waredCembalo>
      </burglar>
      <coenoAporias>
        <artsyToskishJuleps>unrhymeUnfret4999</artsyToskishJuleps>
      </coenoAporias>
    </apiolinBissextMangi>
    <timeousPsalis>
      <bibulus>muezzinFaciend</bibulus>
      <halloasFontal queerSoundedCads="antaraWhoosyThings" convexo="213">
        <alisp>37516</alisp>
      </halloasFontal>
      <lawinesHenbits>
        <wrapSetteesStrove>tertiiBandosTheseum8743</wrapSetteesStrove>
      </lawinesHenbits>
      <akchehErases>
        <tactileMetaphCairds>photicsRefundsRockish</tactileMetaphCairds>
      </akchehErases>
      <wantsGlycans walletNotator="avowryAviticSegar">
        <kayasthTitanyl>nigrifyMutates1643</kayasthTitanyl>
      </wantsGlycans>
      <tenacy>
        <squared>foyboat</squared>
      </tenacy>
      <scotic>
        <boldoCrimps>poussieImperTareq</boldoCrimps>
      </scotic>
      <whiny disman="dribble">
        <staminSaynetePinkos>fertil</staminSaynetePinkos>
      </whiny>
      <saxesArnut>
        <sate>mechlin982</sate>
      </saxesArnut>
    </timeousPsalis>
    <jared>
      <cushyAbactor>fletKish540</cushyAbactor>
    </jared>
    <unscarbRecipeCourtal>
      <tupFitcheeEncarpi>309141844</tupFitcheeEncarpi>
    </unscarbRecipeCourtal>
    <bombe guffyBankCit="boozersUkiyoye" penmanSplenic="dosesUndragBedouse" tumtum="22011056">
      <quatern>gemmary</quatern>
    </bombe>
    <archingIlium>
      <presa>768737512</presa>
      <carliSwireSegged>
        <orgeatsHornfulDipso>haplomiManche</orgeatsHornfulDipso>
      </carliSwireSegged>
      <cacajaoLarkierWebworm>
        <mockerOffsetsShadow>brassEscar934</mockerOffsetsShadow>
      </cacajaoLarkierWebworm>
      <puxyLiefly>
        <bellonHanbury>tanquen</bellonHanbury>
      </puxyLiefly>
      <tutworkKirombo misshodCiders="reburnWarrerSaddest" unrowed="dayroom">
        <pamperSekani>slopers</pamperSekani>
      </tutworkKirombo>
      <owenismPrimo>
        <curtis>warrinMadling21</curtis>
      </owenismPrimo>
      <eagers averted="tipsyVafrous">
        <eleidin>8</eleidin>
      </eagers>
      <nethEnwidenCalicle haloes="90276" scrogie="sprawly">
        <tragusTribesManilas>simplexStriped68</tragusTribesManilas>
      </nethEnwidenCalicle>
    </archingIlium>
  </tropia>
</sniftedMutusSpecus>