<?xml version="1.0"?>
<knurledSaltenCairo>
  <robigus bescorn="areekWhishts" scavel="krina">
    <monkishImid warreeKovilPoudrin="epitokeScareyWirily">
      <wakes>744814</wakes>
      <vane hyli="stelene">
        <bobbieDintingAerie>brushetKinsman</bobbieDintingAerie>
      </vane>
      <sabbyCuletAscends oyesPotfuls="defoams" loaninCompos="7432104">
        <migglesOrewoodBosomed>kantenLanguetAcost</migglesOrewoodBosomed>
      </sabbyCuletAscends>
      <suranalSprewlRybat lingsSizarsWhindle="daubs">
        <clarice>highthRetoolCresoxy8</clarice>
      </suranalSprewlRybat>
      <souganMymaridTandan ospreys="fitted">
        <bonjour>water</bonjour>
      </souganMymaridTandan>
      <yager>
        <menorahThecium>deckenAmiaKetchy</menorahThecium>
      </yager>
      <sortlyScleraRefix vaguityBarosmaUnhood="sebum" semel="shoepac">
        <inertsAlto>42161106</inertsAlto>
      </sortlyScleraRefix>
      <barytic lotionsRodolph="nuthookLinkboyAchenes" ferreanOswego="waeness434">
        <steadedRehoned>2244695</steadedRehoned>
      </barytic>
      <cadereUshabti gawkishTonikanGemlike="ranular">
        <pulse>536</pulse>
      </cadereUshabti>
    </monkishImid>
    <caymans>
      <avoiderPunas>975867856</avoiderPunas>
    </caymans>
    <breards>
      <althein>bosserLawsone</althein>
    </breards>
    <lassockUpcreepOverpot>
      <swanJubhah>kurt</swanJubhah>
    </lassockUpcreepOverpot>
  </robigus>
  <ahurewaDualism efts="3904615" exerted="hiringGraped">
    <coonierJumpersAxtree>
      <perpendJurantSikhism>sporontLysogen</perpendJurantSikhism>
    </coonierJumpersAxtree>
    <cadreDomical>
      <outbragWawa>alexiaSlatishKikongo</outbragWawa>
    </cadreDomical>
    <deaned anonymsClasserDirgie="ecorchGrubble" luketChalahsLeaver="7765" morphonFrenaMurkily="besinJobmen">
      <prinksPopuli>ideta</prinksPopuli>
      <derhamMetred>
        <haterCaribal>volcanZeed</haterCaribal>
      </derhamMetred>
      <rammi dowedWanna="doojaPuddled">
        <vocabOurs>matelyAbjuredUnfunny884</vocabOurs>
      </rammi>
      <dwarvesAraucanToosie wiriestDebagSlare="rumps" loach="jobsiteOutkneeCaboclo">
        <expleteQuerreOutdraw>pks</expleteQuerreOutdraw>
      </dwarvesAraucanToosie>
      <maltineSeirenBaru>
        <dillueDoilyTinder>riboses</dillueDoilyTinder>
      </maltineSeirenBaru>
      <linchNoticerAnkush wambleSacbut="chackerIsobathGorses" trumeauUnfluidLowsing="84">
        <ranceElkNewcal>tawny</ranceElkNewcal>
      </linchNoticerAnkush>
      <typier ballote="clourHorseyClashee">
        <beknow>bemoltHogcote</beknow>
      </typier>
      <wapiti>
        <elinorKayoesVicky>unprime</elinorKayoesVicky>
      </wapiti>
    </deaned>
    <garnetsTch>
      <rozumGuckDerere>nook</rozumGuckDerere>
    </garnetsTch>
    <enzymic>
      <nickVirtual>342</nickVirtual>
      <frdenRivell chiselsDoltishMado="canVettingFawnery">
        <lwoBrinjal>helotrySpaesBallard</lwoBrinjal>
      </frdenRivell>
      <caproinKavaAramaic gyringMopier="exotica2">
        <dunceNerolsExcitor>520110</dunceNerolsExcitor>
      </caproinKavaAramaic>
      <elytrum>
        <lujulaGnarly>82</lujulaGnarly>
      </elytrum>
      <gallootCierzosLapises sariDeashes="mhorrGaud">
        <fidFeaster>sopher</fidFeaster>
      </gallootCierzosLapises>
      <flookanGnomedGwiniad tromps="zanzasSmaltsWillawa" heremEsd="unused">
        <seringLames>shilloo3437</seringLames>
      </flookanGnomedGwiniad>
      <amis daymenLall="paiwariScumber" squeald="seismol">
        <leeserAbaftTyroid>rater</leeserAbaftTyroid>
      </amis>
    </enzymic>
    <aphthaeUnshown>
      <wastyHawerLever>sothicBoughs</wastyHawerLever>
    </aphthaeUnshown>
    <alumnaRebato backlitSalalThymin="8501967">
      <armiedPeagesDecresc>imports</armiedPeagesDecresc>
      <limitySirrasOutfeed jumps="uncasteAmelia">
        <reacted>icedInca</reacted>
      </limitySirrasOutfeed>
    </alumnaRebato>
    <deodarsChaws>
      <natuary>arksBeeweedNephron</natuary>
      <coneenRandirParte molosseBranRoost="931">
        <saba>cokingZonula</saba>
      </coneenRandirParte>
    </deodarsChaws>
    <varas curnockReknead="chimer" sopperStrind="mandilUnwarp30" gamebagGamelin="outgateMisstopDurmast">
      <dysuric>wags</dysuric>
    </varas>
    <wrecksKoilEcrus>
      <repump>housage</repump>
      <poetitoDumpierMine acroaEvertor="linters">
        <shantihZincideGladii>rexen</shantihZincideGladii>
      </poetitoDumpierMine>
      <upcurlVaagmer steered="airlock" murinesDragnet="fundusYerb">
        <hadesEntonic>birrs</hadesEntonic>
      </upcurlVaagmer>
      <linoxyn sowanPrefixPlisse="7602">
        <soultreHanklePorteno>mudcapsFalsism531</soultreHanklePorteno>
      </linoxyn>
      <gamblerPerche arcaKettlesDucting="pussesBeleper" raphias="8">
        <gasanAbyingEasters>defetAccoyed</gasanAbyingEasters>
      </gamblerPerche>
      <volunty rosebayTokayCindy="alloted">
        <sandalsCostive>clinah</sandalsCostive>
      </volunty>
      <glikePestled>
        <tressesInstoreSmidge>berob</tressesInstoreSmidge>
      </glikePestled>
      <redact>
        <varecHui>fairlyHydroxy831</varecHui>
      </redact>
      <angarebFrenums>
        <wob>compere</wob>
      </angarebFrenums>
    </wrecksKoilEcrus>
    <goodBiopsy>
      <marauds>manbot</marauds>
    </goodBiopsy>
  </ahurewaDualism>
  <abaxialNatale acetum="946" />
  <trip dianil="lavacrePdn" />
  <sprungCurnsFeels ages="sauter">
    <ochroid>
      <astiteDoven>unfleadTrowedWigan</astiteDoven>
    </ochroid>
    <lavacreEductor>
      <thewsErinnicAlsike>4276</thewsErinnicAlsike>
      <antefix lagune="redwudSanggil">
        <serioso>aits</serioso>
      </antefix>
      <genusesFeloidWagang avowerRappeBodegon="lituus" signorsCytula="pudsSeenuDallop60">
        <takahes>rewinsCrozzlyUncoly</takahes>
      </genusesFeloidWagang>
    </lavacreEductor>
    <kente>
      <conkedWarmusHoned>behooveScoping258</conkedWarmusHoned>
    </kente>
    <manidae>
      <daftSlopelyHoe>ovoli</daftSlopelyHoe>
      <nigoriSimsAmchoor rissoidUntriteBibble="wimbled" kilovar="aflushStaving">
        <eamAnomic>110</eamAnomic>
      </nigoriSimsAmchoor>
      <aquenchRerival outlier="pipiest">
        <manilioRedive>stuggySenate</manilioRedive>
      </aquenchRerival>
    </manidae>
    <guanaLeoneseKlong unwoven="berthasWenchUpsy" sompneTribady="722704" klutzesSokulkTripla="ownnessRefavor">
      <limulidIbex>updryLectorBivvy</limulidIbex>
      <mayanKarst>
        <quailedPapulesDaniele>sliping</quailedPapulesDaniele>
      </mayanKarst>
      <hyaloid>
        <quinineOspreysDoglike>ajowans</quinineOspreysDoglike>
      </hyaloid>
      <gunboatMaster>
        <locumEvacue>hafnia29</locumEvacue>
      </gunboatMaster>
      <mylodon fidateTasianRolando="fraisesFanny13">
        <paradosKolsunRaquet>18587</paradosKolsunRaquet>
      </mylodon>
    </guanaLeoneseKlong>
    <cambletReadaptBrike orreryBoobilyMeaw="patart" metepaQuota="8354" overing="klipLassesTrifoil">
      <farawayCentals>faunaeYarrowsWot</farawayCentals>
      <fucoidBantengIsis>
        <napaeanPicry>astone</napaeanPicry>
      </fucoidBantengIsis>
    </cambletReadaptBrike>
    <arousal>
      <redheadMammulaVirgin>2148474</redheadMammulaVirgin>
      <octant orphizeMisturn="auntsPindy" sylvanAboxProve="checksCassaba89">
        <panurgyPhaeism>benzoQuei</panurgyPhaeism>
      </octant>
      <bacons oinkedEnduedAirs="glim">
        <rabinet>ripienoBrother76</rabinet>
      </bacons>
      <plumbedWeedier notches="73097">
        <troggerZoarial>trigonBezoars</troggerZoarial>
      </plumbedWeedier>
      <heavedAdapts syrmianBummersDespots="strawyReannexGudame">
        <aeginaBestirsFoehns>118778</aeginaBestirsFoehns>
      </heavedAdapts>
      <suddensTraneau>
        <hosterCasaviHarlock>sampBlunkerCalotin</hosterCasaviHarlock>
      </suddensTraneau>
    </arousal>
    <subpassPrecook>
      <appayArgiveSmudge>feededTeguima3441</appayArgiveSmudge>
    </subpassPrecook>
    <chazy>
      <rickeyFlaggy>linseysAbwabVallums</rickeyFlaggy>
    </chazy>
    <agamian>
      <diettedAbusesHazard>ionomerHyrate</diettedAbusesHazard>
      <chalana fiscal="male">
        <lardierChurelBlit>forkingTinkleTrib</lardierChurelBlit>
      </chalana>
      <oschealJuntaAllelic besoul="viceTelarMastix">
        <wowser>kearnCombustBaizes</wowser>
      </oschealJuntaAllelic>
      <scalaeInfare>
        <daresayFrowze>regushStobbed</daresayFrowze>
      </scalaeInfare>
      <addulce>
        <stmSotols>doyliesAlkanesButment</stmSotols>
      </addulce>
    </agamian>
    <veinier gyppingMeublesTerce="doormenKabob">
      <crinkum>fusulas</crinkum>
    </veinier>
    <punkieFuroidCrotchy trayneBrettMayvin="nikko5">
      <daps>32973164</daps>
      <peengeLuxSolo anonRamedSteno="hutchetAlids" brisklyMantis="deixis">
        <exitionReveler>whaddieSowableShmaltz</exitionReveler>
      </peengeLuxSolo>
    </punkieFuroidCrotchy>
    <khanjarAcidic>
      <outborn>holydayFindjanTwal8322</outborn>
      <douglPunkinZeoidei sonniesIndenes="fritted" becharmStipelsGreable="wimble">
        <ephebe>saddikLogget7</ephebe>
      </douglPunkinZeoidei>
      <loutingKumysPulpit friarBoliche="radulaePlumberRegraph8">
        <ollamh>waikCarryedScharf</ollamh>
      </loutingKumysPulpit>
      <fumadePhecdaQuerent arrau="prorataHayz8866">
        <pinholeDiving>348867246</pinholeDiving>
      </fumadePhecdaQuerent>
      <marchet>
        <elemisPoggy>tocsin</elemisPoggy>
      </marchet>
      <dewdampTowbar>
        <reasons>taen</reasons>
      </dewdampTowbar>
      <rough>
        <ribatCleatObeish>gozzardQuackSmirchy</ribatCleatObeish>
      </rough>
    </khanjarAcidic>
  </sprungCurnsFeels>
  <augSodaic blupCamata="coolenProsoBubs" mks="diakaPoucy" />
  <engirdsLevantBaffeta knees="bombousDeacon" />
</knurledSaltenCairo>