<?xml version="1.0"?>
<adelinaBalksBodgery>
  <stickenVerify shoolCosen="cazimiSissu" cutsBlanket="droghStraitsStyrene" mycoticKenosis="candles" macluraPressorBadrans="hapWigglesUngaudy" />
  <twirkChello gudokHulls="slidder" pommeeUnbittHugged="wamuses" wrokenBegraceTenure="tunganPunned24" hective="basicUnrived">
    <renames skatomaUpflingSirius="cykeCineol" doneyGoitreWice="114">
      <odoursRajput>sleety2463</odoursRajput>
      <inarms kimmer="mcphailSanctusMacheer">
        <fibbingMummsBoer>32085</fibbingMummsBoer>
      </inarms>
      <scourerGinnerySwishy snubbeeKauri="plage">
        <jovial>bribee</jovial>
      </scourerGinnerySwishy>
      <perdure>
        <sweatsMadderKnaidel>2111</sweatsMadderKnaidel>
      </perdure>
      <fresser gurglyBobbled="jiltish" porrimaHowitz="cupaySapsDaggar4">
        <padauksDolcianPals>bito</padauksDolcianPals>
      </fresser>
      <mantuan>
        <galleyPadang>feminieHobbler8951</galleyPadang>
      </mantuan>
      <slinteMargins>
        <noeticPatand>wrestedCleuks</noeticPatand>
      </slinteMargins>
      <threshJacktarAxillar isnKiddushCosier="3378" sudan="6987">
        <exies>decolorFunic</exies>
      </threshJacktarAxillar>
      <bejantAmaut melee="357265">
        <nomine>septicWowsers</nomine>
      </bejantAmaut>
      <teheeDesoleVeddoid yerbal="909">
        <emendBossilyGinnle>bongingRoupTureens</emendBossilyGinnle>
      </teheeDesoleVeddoid>
    </renames>
    <dugoutFins>
      <merrilChasmy>cerat68</merrilChasmy>
    </dugoutFins>
    <timistKeeker ohmages="45">
      <ravel>4</ravel>
      <mudland upbuoyDingeysSieves="ulyssesTunings" paletzEpochs="410923530">
        <carvistKintra>diademsBafyot</carvistKintra>
      </mudland>
      <alypumSucuryAreas torpidsSwaggi="suffer">
        <lingierSchmearMudflow>prosyLindsey</lingierSchmearMudflow>
      </alypumSucuryAreas>
      <zelkovaWincing>
        <hinoki>kiersHung</hinoki>
      </zelkovaWincing>
      <untall outseam="detergePesades" anoints="11195">
        <gantApts>sheensLerret</gantApts>
      </untall>
      <manhead chinkedCafetal="baptiseNymphoOuteats" swiggedPopgun="carpels">
        <duoleSog>limbyHarpago</duoleSog>
      </manhead>
      <ihleite tarn="assizerGohila" dani="97201">
        <agree>pimpleItonamaUnwomb8330</agree>
      </ihleite>
    </timistKeeker>
    <carersGramasFining>
      <azelaic>belleek7136</azelaic>
    </carersGramasFining>
    <irised lenad="85206350">
      <myrmica>aureateMarmorLarix</myrmica>
    </irised>
    <yuccasUitotanPossums>
      <calycesJoachimFraming>437437</calycesJoachimFraming>
    </yuccasUitotanPossums>
    <gratae>
      <myoxusTweelFermis>genitalMarries</myoxusTweelFermis>
    </gratae>
    <pycnium subicleUnrackVexilla="sharksKeistToph" lai="orielAmalgam">
      <bungeeSesqui>nigrineBoomedMortar</bungeeSesqui>
    </pycnium>
  </twirkChello>
</adelinaBalksBodgery>