<?xml version="1.0"?>
<bukeyefMuster>
  <nubsMappingToshes>
    <moraeaOtologyMia resales="168779970">
      <gabariGowanQuieter>czechDecent</gabariGowanQuieter>
      <unlavedRadly bolted="honk">
        <dawed>parcaeLawings</dawed>
      </unlavedRadly>
      <thai>
        <towbar>ambush51</towbar>
      </thai>
    </moraeaOtologyMia>
    <wingsAlbumAdvance dietyCschAbody="368376" amoresPerfumy="posit" riotous="manjeetPadronaParched869">
      <appealsSpiraeDecrees>ptpAffinal</appealsSpiraeDecrees>
    </wingsAlbumAdvance>
    <yerdOutseam wightsMurrineChug="8199">
      <andronCestaConable>8</andronCestaConable>
      <stealy>
        <ooooDebBrutely>mestomeFoggedOtomi</ooooDebBrutely>
      </stealy>
      <epacmeSaggierSimar gliosisNgaioLiyuan="5" bortNorites="835390">
        <oralism>7</oralism>
      </epacmeSaggierSimar>
      <caroon lamas="setfastDouras">
        <adonisNiepaClutch>swarryFiretop</adonisNiepaClutch>
      </caroon>
      <reiningPiker evensAndesShema="mahoutCaaba" muladiFeoffedBacao="935275">
        <gammasAdipoid>28</gammasAdipoid>
      </reiningPiker>
    </yerdOutseam>
    <kaimoCardoon gashCookout="sollerVarvel">
      <dankZiphiusReprobe>12901890</dankZiphiusReprobe>
    </kaimoCardoon>
  </nubsMappingToshes>
  <bedtick gentileCitrus="grimsir9" />
  <pyxRhdOffhand dameFeeable="felsCebathaBeheira" impostArborerCousins="anqueraTutster74" flaryComiquePhase="sucuriu" />
  <develop mellicGusleeVerchok="93388593" koombarKwintra="amimide834" absence="87553" coatie="fullageKenton4478">
    <lese>
      <chuncho>cozyIncomes</chuncho>
      <demonicDinerosLugsail iranistMalum="enquireReina">
        <lingyYouthes>diddles</lingyYouthes>
      </demonicDinerosLugsail>
      <vrouwsSpninx bananaTenent="hoarsen" edict="blinkyGlaze">
        <rightleNixing>roasterPwcaExomis</rightleNixing>
      </vrouwsSpninx>
      <buskleDebag requestBenzoylFeazes="3303" woodcutNumbat="tripodsCineastPannel">
        <drolledDalar>546</drolledDalar>
      </buskleDebag>
      <berendoZoftig>
        <exocone>7129386</exocone>
      </berendoZoftig>
      <tanninsAlumnolDuties>
        <zondaBassanRivell>engagerParboilTawsing</zondaBassanRivell>
      </tanninsAlumnolDuties>
      <tenablyRetemsAmebian>
        <hulloasIsodontThralls>eimakFleesWaist8082</hulloasIsodontThralls>
      </tenablyRetemsAmebian>
      <uncurbsBubalisKors lauroylEpitomeDamps="yizkorSwinked500">
        <barnSafest>grilles</barnSafest>
      </uncurbsBubalisKors>
      <dartman imbanEnrober="9379563">
        <felting>numbed4732</felting>
      </dartman>
    </lese>
    <intends>
      <agnizesDebbieMirly>vodkas77</agnizesDebbieMirly>
      <feazeHeliums critch="ubussuScopa" rescan="amoleHilar">
        <kipeSoloistTallest>suppute</kipeSoloistTallest>
      </feazeHeliums>
      <manuredRauque allergy="tyred" friersBrackerGabbler="quailedBhutsLind">
        <portlyGiggler>telAchiraSwives</portlyGiggler>
      </manuredRauque>
      <colpheg freirPocan="includeMasaridFirelit">
        <saimySovenezHerd>7995</saimySovenezHerd>
      </colpheg>
    </intends>
    <balete>
      <redbugDummied>upwaftsWrimpleToons</redbugDummied>
      <tympansIngene polje="judgePurpleAnnulus" urusTawkinGitim="760969">
        <jennet>pickle</jennet>
      </tympansIngene>
      <boyauxSehyoYonker hizz="apluda" dellies="unrosedNeepsFolacin5">
        <urocystBoomingMudhook>vizSupine</urocystBoomingMudhook>
      </boyauxSehyoYonker>
      <phuExurb>
        <raidsCortinsChizzel>doitsAlignSaunas78</raidsCortinsChizzel>
      </phuExurb>
      <paulins tuftingDript="anaboOarless3" capaxJackers="abysmsFaciataSlurred">
        <dirges>mainorTupek</dirges>
      </paulins>
      <cynipidCabbieNocent poems="shores">
        <pungle>halferBowet</pungle>
      </cynipidCabbieNocent>
      <isthmi paguridSesutoDelicat="82437859" nodded="squelch">
        <resawed>bail</resawed>
      </isthmi>
    </balete>
    <atuamiFortier>
      <gofers>metusImago9895</gofers>
      <balmonyHippoidCranely cahuita="mumsyAdcon" pyrogenLobal="mangeryGumbyChaster1">
        <roukyHighthDeaired>hoaxOvalsStria</roukyHighthDeaired>
      </balmonyHippoidCranely>
      <reclineUrsulaMahat>
        <alclad>rooved</alclad>
      </reclineUrsulaMahat>
      <mien>
        <racings>floreatAlarmVocal</racings>
      </mien>
      <cornrowMetierOutform pinwing="prauAnnoyedComboy">
        <ramentBalneaeUpclose>6071945</ramentBalneaeUpclose>
      </cornrowMetierOutform>
    </atuamiFortier>
    <danger cneorum="sitkanPresselBehorn">
      <anstossPapyralWhorry>ciruelaHavingsMilers</anstossPapyralWhorry>
    </danger>
    <lilith jetbeadArcheolRetame="56374">
      <impugnsVaxCupids>spiles</impugnsVaxCupids>
      <kurku treblet="nuns252">
        <inmeats>sailerAngrilyThigh</inmeats>
      </kurku>
      <roguishMondaysMurrey cosaqueWingateBldg="concileWantonCocoas61" shiningOstentAntres="849481985">
        <ruffledKibla>7494</ruffledKibla>
      </roguishMondaysMurrey>
      <khalifa>
        <pilineSlimerRoxanne>chukars</pilineSlimerRoxanne>
      </khalifa>
      <stats acies="outled">
        <goatsHapless>pasternExalateFlote</goatsHapless>
      </stats>
      <snathesHatable stainerKojikiCigale="sialidLocable">
        <nock>dhanuk</nock>
      </snathesHatable>
      <heaving compeerGolfingTufting="edwardFiredChn">
        <ditcherTigress>runlet</ditcherTigress>
      </heaving>
      <rebedWindasPenal navelSavours="73637" brawledOarlop="dewcup5">
        <henismSazeracDefaces>598</henismSazeracDefaces>
      </rebedWindasPenal>
      <veiTowy>
        <furious>setoutStruts</furious>
      </veiTowy>
    </lilith>
    <mimers tinajaKhattiGyrally="islandMorgay635" faiteryOversTears="malmy" eggheadSqueaksLens="secsBulls78">
      <pritheeJanosTaurean>morselHoweverJiggety</pritheeJanosTaurean>
      <ozenaIsegrim quintar="ijithad64">
        <wervelDinger>aprRancheCouture</wervelDinger>
      </ozenaIsegrim>
      <befitsPsoatic trotolDanaidCacked="earldom">
        <healsAlf>488657</healsAlf>
      </befitsPsoatic>
      <pupated>
        <maltoseMarking>girdleMurlainFop922</maltoseMarking>
      </pupated>
      <uphealCecumsSeen>
        <hortiteMove>inanestDuyker</hortiteMove>
      </uphealCecumsSeen>
      <bootee>
        <eppyWebfootKepping>abseilsCordyCascol</eppyWebfootKepping>
      </bootee>
      <exhanceReclangAccoil danzigCiters="carksElvers11" droll="mails">
        <heminaBuddlerOctoyl>13</heminaBuddlerOctoyl>
      </exhanceReclangAccoil>
      <shreeveVerminyAmid divHydroid="63870267">
        <pesetaDiffame>deathsPulings</pesetaDiffame>
      </shreeveVerminyAmid>
      <peghClaqueResinic>
        <upslipPondus>monicaDroller</upslipPondus>
      </peghClaqueResinic>
    </mimers>
    <pettleProfitHolisms pythiumPeglikeSulung="611" eskars="vernonTorpidsPhratry7722">
      <exhumes>orkey</exhumes>
      <papilioPasties induismWiikite="tendracAfflue" anarchs="sarpo">
        <eyebeamRepandAskr>reloan</eyebeamRepandAskr>
      </papilioPasties>
      <gomariKapoteCrazies outmenHorseyScarman="odiousAslope577" deaneryCorncob="iboDouradeHoling">
        <charmFoments>tuscheRougeot59</charmFoments>
      </gomariKapoteCrazies>
      <vaultsKite squetShadowy="lottingMelanoGenoas" grudgedVintageOriency="grivetsJayceesBoart">
        <crinid>regainSnuglyEmanium</crinid>
      </vaultsKite>
      <heftShohetValved oilcansRallusCourty="subnexMissaryFubbed">
        <tidbitMos>acuterIcasmDeisms</tidbitMos>
      </heftShohetValved>
    </pettleProfitHolisms>
  </develop>
  <pelagicSelter rhombiMaya="snuggly" ramstam="outkeepAggraceCeltium" becloakTroggs="agroteEmbay8309" oxter="5058519">
    <ahullBub semeseReariiTermer="figboySeptateBilged" laugheeOrgany="686584879">
      <pargos>925917613</pargos>
    </ahullBub>
    <clement>
      <dorado>totemsPhonies758</dorado>
    </clement>
    <jockJets>
      <cray>sopheneJibbaOutwind7</cray>
      <trombaRedraftLangues sittingLakatoi="jervine8603">
        <tomcatsPitcherStat>aliener</tomcatsPitcherStat>
      </trombaRedraftLangues>
      <restiad>
        <okruzi>speisesOutoven</okruzi>
      </restiad>
      <acumensSinnerDcor malamAlmostPompa="63997" mereWagsome="behovedAswarm">
        <fatting>snowily</fatting>
      </acumensSinnerDcor>
      <gladden>
        <hardiesEclats>stallarCowshot</hardiesEclats>
      </gladden>
      <sicyosTruffesCirrus>
        <forefit>48733943</forefit>
      </sicyosTruffesCirrus>
    </jockJets>
    <vitally>
      <blushy>lenisCaviaCountry69</blushy>
    </vitally>
    <merbabyDukely>
      <cobbsPropomaLinneon>hairsParoecyAlaska</cobbsPropomaLinneon>
      <melinaeLutea>
        <pawkily>673</pawkily>
      </melinaeLutea>
      <mesallySeiseRego girasol="unrigsGrammy4538">
        <diluteePupated>aquoseScrods</diluteePupated>
      </mesallySeiseRego>
      <teloiMoodle macesArchils="chgServetFusains">
        <befileDecagon>trog52</befileDecagon>
      </teloiMoodle>
      <outland>
        <sluffsCarid>natures</sluffsCarid>
      </outland>
    </merbabyDukely>
    <bantoidWorkingOddlegs>
      <parava>wairSteelsGigas</parava>
    </bantoidWorkingOddlegs>
    <winnle>
      <clefOunding>187</clefOunding>
      <uprears knishes="darkensJoistLads9446" bielby="lacatanPasear">
        <thievesMulettaSpavine>laertes</thievesMulettaSpavine>
      </uprears>
      <lankishKaratto somewayLatvianQuiche="kernel" hibitosZealed="motifsPlayful">
        <pineyJukeboxSneaky>appelRestir</pineyJukeboxSneaky>
      </lankishKaratto>
      <redyesPoongaUntil wardReiversUnprop="enwoven" lentiscChevee="turcoAfounde">
        <challas>vaqueroIsaminAlt</challas>
      </redyesPoongaUntil>
      <candlerOftener>
        <alisoLaminarBrowses>plicate</alisoLaminarBrowses>
      </candlerOftener>
    </winnle>
    <captureRehem metisseRubious="aveneryEmergedBulbuls" rhombusWilningWipes="807156628">
      <foxery>paulaNibbedChaoses</foxery>
    </captureRehem>
    <phaedoMoling>
      <berne>90684</berne>
    </phaedoMoling>
    <bontokBoleti iridesAcidifyAeried="gromet" djebelsBrackerAlferes="hagshipVera98" mistellDash="thrimsaPalmateKnells4986">
      <beanedChuted>rathite</beanedChuted>
      <duple yores="jarveysFlores">
        <zayin>474</zayin>
      </duple>
      <separteRhibia daphnisWuzzy="541019" ouyezdPectora="swervedArrieroRested8">
        <enamdarSpringeRancher>scaupYoudElixate</enamdarSpringeRancher>
      </separteRhibia>
      <simmonsBonnyVeilers revendWinesopEyebeam="duped">
        <rabbins>calciteKneecapBrekky3963</rabbins>
      </simmonsBonnyVeilers>
      <caubeenLasagneNorn diceras="goannaPomme" pallRetted="babkasUnwallDags">
        <krithiaDoestAumery>crests</krithiaDoestAumery>
      </caubeenLasagneNorn>
    </bontokBoleti>
    <nemoralJaseysSpondil>
      <vasconMuggers>doitNonces</vasconMuggers>
    </nemoralJaseysSpondil>
    <twistedGirdDredged>
      <poutful>howfingLamnaSurreys</poutful>
      <sireneFurless>
        <labiate>9</labiate>
      </sireneFurless>
      <sipe nitentDoystPussier="abashed" salvo="kinotNabsBiremes">
        <vinHarbImbued>doubletFlogMulture</vinHarbImbued>
      </sipe>
      <prate>
        <tronesVeinage>stays</tronesVeinage>
      </prate>
    </twistedGirdDredged>
    <upraise>
      <hexadd>6</hexadd>
    </upraise>
    <skeichWeanedAloose>
      <subpost>perakimQuedful</subpost>
      <rackedSerranoPublic plauditBorityFeuter="cobleLeapful">
        <masuSmeeth>avidous</masuSmeeth>
      </rackedSerranoPublic>
      <rauk bleaky="cyclo" berthedNiggleArcher="terpHelium">
        <hanseBoffUnprint>5</hanseBoffUnprint>
      </rauk>
      <stripeFreya>
        <afflueFlambRimrock>soucarAlg743</afflueFlambRimrock>
      </stripeFreya>
      <guilingPittine tiredomPortingLechers="112904">
        <harborsMechlinBini>5236751</harborsMechlinBini>
      </guilingPittine>
      <eagles cruce="adaptSpill" glummyAllsDulcid="snibbleBlumeMunchy">
        <flytailGodlierQuartan>cobble</flytailGodlierQuartan>
      </eagles>
      <versusAcrite>
        <biriThymus>tailpinMobableUnevil</biriThymus>
      </versusAcrite>
    </skeichWeanedAloose>
  </pelagicSelter>
  <procneArneb woilie="shotmanInkpotsWei" liangSlaFantast="reisner" />
  <roamageThunorLaodah debitorSucreTangka="redraw67" dinical="coochesStopwayRedated" caeomas="snifflyMeterHillmen" zambianBes="thornyBelimeUnamiss8699" />
  <moidore crepisNavew="emperor" alaliteVexable="gaugersAthenee" />
  <mote gizmoZephyry="bovoidChinned" caputWhatnotUnrisky="1769907" penicilHogansGripped="tipping" jumblyNunlikeSaddler="tikkun" />
</bukeyefMuster>