<?xml version="1.0"?>
<humpedSleathySunup>
  <dromoiAstor tanagra="humoursGraddanStapple" gobbyMossery="caskyMiswritWifely" ricinsBoomedNodi="tragusMayanCosh" />
  <finning ciguaTecla="turgySteenPorcula" matinJocks="trochil" beatnik="576271" unrayedSurah="abeighGledsBested">
    <bothieSoboles>
      <tombolo>whitmanRepen</tombolo>
      <waesuckDoryman>
        <caseateRecoupsCramps>talkier</caseateRecoupsCramps>
      </waesuckDoryman>
      <desmineDusken sheavedOgle="bishopBrlKacha" carafeMelagraBarber="chinkerLegacy">
        <deflesh>3573</deflesh>
      </desmineDusken>
      <waddled>
        <ecteneBurry>grenadaDauntonInwinds</ecteneBurry>
      </waddled>
    </bothieSoboles>
  </finning>
</humpedSleathySunup>