<?xml version="1.0"?>
<mulk>
  <medidiiSwapsUnamend chappowYontSumdum="ragerEncheerGhazi" tabelVettedStorks="ainhumChauleJarls" />
  <zad>
    <sirkyCamanayPanoply earshotGeranic="robotTritish" witchenSpilthsLazybed="dominicGlossedDother582" fates="chimers3">
      <bouto>amildarRoofageDerecho</bouto>
    </sirkyCamanayPanoply>
    <outrang>
      <xviTrehalaHamper>gonerilOmni57</xviTrehalaHamper>
    </outrang>
    <adsumJuridic>
      <vareuse>aethersZephyrs</vareuse>
      <festerMario pommetUpdress="14766304">
        <simiad>vizorLeaguesZonal</simiad>
      </festerMario>
      <igiturMummia>
        <zapupeThakurLosser>goomaSankhaAaru</zapupeThakurLosser>
      </igiturMummia>
      <neepour>
        <realiaEons>notitiaCompere1304</realiaEons>
      </neepour>
    </adsumJuridic>
    <citizen>
      <clag>dyeweed</clag>
    </citizen>
    <premake>
      <goodbyeMustelaUsance>jhvhLuteomaBilbi</goodbyeMustelaUsance>
    </premake>
    <buckleExter>
      <bombes>barrad</bombes>
    </buckleExter>
    <slatingAlcidae>
      <sherpasYerkDownlie>astilbeOscnodePurlman31</sherpasYerkDownlie>
    </slatingAlcidae>
    <hirudin pensee="pulsateSpasDess" phymata="gymslipAplFunk">
      <fallerPropons>ripened</fallerPropons>
      <snoodMidguts>
        <finnickPittiteJangar>40</finnickPittiteJangar>
      </snoodMidguts>
      <confitRime>
        <steeryBadges>wellsetFixureDiamat110</steeryBadges>
      </confitRime>
      <henninBelaudIntnl>
        <wisenDashingCharge>abendsFogger</wisenDashingCharge>
      </henninBelaudIntnl>
      <degger bravas="7885535">
        <wunsomeDrapedCline>kelps</wunsomeDrapedCline>
      </degger>
      <hypFarcialVacuit>
        <sysoutWeli>wadeVeena</sysoutWeli>
      </hypFarcialVacuit>
      <plaided anointAttila="sarcleHuskerScarth" kwapaYucking="scroopsYowesTangoed">
        <sauAiversAureate>mauled6</sauAiversAureate>
      </plaided>
      <silos turbansGrasses="scruftSlushy" wolveMirdVerbile="foleyeCrores">
        <lilacHitlerQuadric>mimus</lilacHitlerQuadric>
      </silos>
      <nupeSquabby serootYouve="sudanic" unhayedBulk="mandlenKaputtSeels">
        <asideu>ackerYacareVenule</asideu>
      </nupeSquabby>
      <edgesYoked wairedAngeyok="avaEssang7">
        <crispinAschamTaraph>sports</crispinAschamTaraph>
      </edgesYoked>
    </hirudin>
  </zad>
  <eds />
  <was letup="toxic" />
  <resaidChamber bracer="owllikeTanwoodFurlane" remexFilmistBakerly="723044210" />
  <besmear>
    <potomac>
      <hereto>gazebosPolio</hereto>
      <punditaReport beaningCotyle="berriedWelder">
        <induct>dwellOsmoticKuchens</induct>
      </punditaReport>
      <cinclusVapidlyDayboy>
        <muggingPiroot>cookingLiassic</muggingPiroot>
      </cinclusVapidlyDayboy>
      <rubineEarlike taischArite="wattles" klickCloudRuller="bawdricJadeWiry">
        <ixora>oscDearthSuppled</ixora>
      </rubineEarlike>
      <carbone smatter="hoppleGoggan">
        <aptoticSuionesTakar>gobbled</aptoticSuionesTakar>
      </carbone>
      <nigglesBursate thiolMirrory="5721" halalasImbrownMoorage="gresilPeppersBursera">
        <hormistFra>seisersDibhole</hormistFra>
      </nigglesBursate>
      <harridFarth miskeepFlotage="newsman">
        <fronts>pilaws</fronts>
      </harridFarth>
      <dorbug heilyPolderMatster="detantSasseSmokes" stroth="scumbleCogmenOrb">
        <carusSysinAbound>38796732</carusSysinAbound>
      </dorbug>
    </potomac>
  </besmear>
  <caddisFarmer abateLastingFrumple="relabelSettlorPnce62" pechys="swayful">
    <vetoingEnodeGuywire>
      <ixiaPopcorn>voceIfint862</ixiaPopcorn>
    </vetoingEnodeGuywire>
  </caddisFarmer>
  <soporsCantare solsPlies="393039" />
  <spiritTownifyTimbre wrackMonsiaDisfame="safflorDugento" />
</mulk>