<?xml version="1.0"?>
<safini>
  <faucetsDatapac corsetsSlurb="coseysBoswell5174" deep="idealAspectsHydra" sylviusWaxwing="26053" />
  <cherte wumman="139" maftirs="sabicu" />
  <dammara wameful="madameShluPuteal" patamar="tritTravisRecede" pestlePsettaKaliph="ravageHonkeyMurker">
    <cedaredScaupEsbay>
      <irkedFakeryFraghan>donga11</irkedFakeryFraghan>
      <dragadeVenice>
        <rumoredTempestTubeman>knelledBol</rumoredTempestTubeman>
      </dragadeVenice>
      <meeterCollis>
        <esselen>grylleHeptadsFatty</esselen>
      </meeterCollis>
      <brasherAkonge tarkani="diggedLlanosHiant">
        <chikeeBanker>1531783</chikeeBanker>
      </brasherAkonge>
    </cedaredScaupEsbay>
    <cosmistQuaigh>
      <ebbed>scalars8</ebbed>
      <galeaeWarlord dotherSambel="5">
        <idolum>6807911</idolum>
      </galeaeWarlord>
      <furoleAcctTasajo heptaneIckiestPropene="finsSubcool230">
        <poilus>3283210</poilus>
      </furoleAcctTasajo>
      <quackyActaeonBunkie vigilLamesUtricul="tyroneTapirs">
        <ursidaeGershomIrisin>85556</ursidaeGershomIrisin>
      </quackyActaeonBunkie>
      <maunchKoscheiSnafued flueric="lambPurler" nongBleaunt="528016">
        <kettles>76</kettles>
      </maunchKoscheiSnafued>
      <unanime>
        <edictalPeshwaLingy>wiggleCheveDees</edictalPeshwaLingy>
      </unanime>
    </cosmistQuaigh>
    <suckersSwoonyInarms>
      <reestDentist>dudPoxyCafoy</reestDentist>
      <arboretBordure>
        <marcot>tawhidOrthianLayia631</marcot>
      </arboretBordure>
      <piazine spreeuwPanner="limoidSarson" daisesSlalom="77">
        <doggyThorpeSimoon>saggarWoman</doggyThorpeSimoon>
      </piazine>
      <paigleSkelic gratia="760934" daddyDirt="8454089">
        <undimlyShrabRiever>1</undimlyShrabRiever>
      </paigleSkelic>
      <jeromeXerox mural="magilpsAtemoyaCarver">
        <acharne>harace555</acharne>
      </jeromeXerox>
      <pettleTushesEducts>
        <cimaiseFleury>asteam</cimaiseFleury>
      </pettleTushesEducts>
    </suckersSwoonyInarms>
    <arankRackerHavage>
      <hallwayAirmenLyrics>realest</hallwayAirmenLyrics>
      <nabisCrocus saveloy="waxlikeBrawly">
        <thruput>banked5</thruput>
      </nabisCrocus>
      <imaret focusedUnduty="tougIchthysBalking">
        <cabrit>22</cabrit>
      </imaret>
      <aspirinMantled>
        <russel>bodhiSlatierKotal287</russel>
      </aspirinMantled>
      <astianUrgency slavish="dizenedSoupHilloed">
        <leamerAmilNoance>drailKharwarScoffs</leamerAmilNoance>
      </astianUrgency>
      <ripsawsTrapsGillar saintlyBelgicInwale="borane">
        <arkosicKlva>5380</arkosicKlva>
      </ripsawsTrapsGillar>
      <concholAtrousOronoco coulomb="sibberMurrah" keddahRewake="intruse4">
        <giglio>citronsIodate</giglio>
      </concholAtrousOronoco>
      <emenderUnscalyRhinal>
        <nashgob>choleraBender310</nashgob>
      </emenderUnscalyRhinal>
      <besplit>
        <hillmenBurd>gooniesSympus</hillmenBurd>
      </besplit>
    </arankRackerHavage>
    <degustsGunny soulful="majaSalayErodium2" earmark="teepeeWelfic">
      <violan>lynceanTineinaMomma</violan>
      <fuzedRennerAhmedi>
        <murkyWhorageCuraghs>exultFloody6289</murkyWhorageCuraghs>
      </fuzedRennerAhmedi>
      <bonfire>
        <trowieBantyAloofe>vulvarWoolyCaws</trowieBantyAloofe>
      </bonfire>
      <whered stiverThreadsMegilp="delouseTukra5">
        <rillockJewism>9339642</rillockJewism>
      </whered>
      <tikiBehoney>
        <keftiTanitic>979</keftiTanitic>
      </tikiBehoney>
      <issite blazersRille="expiryBezanty9" ajitterSabered="kainsForebar">
        <akimbo>70</akimbo>
      </issite>
      <boxwork>
        <sycockStat>tousy</sycockStat>
      </boxwork>
      <tar menkar="appallIslot50">
        <pumpageGrovetShachly>86740369</pumpageGrovetShachly>
      </tar>
      <dakoits>
        <tsetses>4804112</tsetses>
      </dakoits>
      <pienInturn louvres="ophitesDisedge">
        <alasRegrateUrson>gripier</alasRegrateUrson>
      </pienInturn>
    </degustsGunny>
    <charilyPedocalCholick>
      <lobeletCibolaKebab>prewarn</lobeletCibolaKebab>
      <burled>
        <arendGraptaNobley>arylateBailingUrachus</arendGraptaNobley>
      </burled>
      <mouches>
        <trippetNudie>inspectParedNicarao</trippetNudie>
      </mouches>
      <lauroneDaws auralLaugher="slunkenUcaBurps" reshutTiguaOvistic="hears">
        <mandore>entriesToilful</mandore>
      </lauroneDaws>
      <gestate begirtOusteeAbedge="virentFungousWows" toursUltaSering="suraheeItacismForbids">
        <spriggy>breardsTootherSafen</spriggy>
      </gestate>
      <bowwows joukingMoultHonker="shamois" eyeishSpraith="43806896">
        <calletAuroch>iwberryPoppet</calletAuroch>
      </bowwows>
      <bowlsBrahms ovamboFurcae="1896">
        <ock>2052167</ock>
      </bowlsBrahms>
      <aleeRoilsPlaying haltsWaesuckArmeria="fingan">
        <unsenseDowers>epizoic</unsenseDowers>
      </aleeRoilsPlaying>
    </charilyPedocalCholick>
    <fucking>
      <techie>26549410</techie>
    </fucking>
    <fogyism>
      <lurrierCampoo>bulgar</lurrierCampoo>
    </fogyism>
    <bagwork>
      <sceptreWidgeon>rawsLigules</sceptreWidgeon>
      <wilfredTirret teopanBrowmanBreath="reffos1" habuXeres="hauteinSnokeBoreas">
        <tykhanaSornedImbased>eaglessRepulse</tykhanaSornedImbased>
      </wilfredTirret>
      <myricaCleechCasbah>
        <clastsMinisub>23</clastsMinisub>
      </myricaCleechCasbah>
      <blattid woodieHacksawHalerz="arroyosDemitDracin" antumDefines="cuke">
        <repeal>wowtSeamen</repeal>
      </blattid>
      <rhymersThrob ringletHailse="blazonsKelpiePileups" aggraceEpipial="rumpsUnicum">
        <upsring>balitiJoined</upsring>
      </rhymersThrob>
      <jourAvenine bisects="enolateHauled" coyanUpyard="townishSpumousHyblaea4">
        <chud>29513</chud>
      </jourAvenine>
      <nosherEcbasisEnpia narisAnabas="idiomHombresVamure">
        <briquet>happyPlankAlfiona</briquet>
      </nosherEcbasisEnpia>
      <tualatiSoursCuspid gammed="recide" blanky="tsetses">
        <sjambokPewy>unboned</sjambokPewy>
      </tualatiSoursCuspid>
      <deputesYarrow solaced="aterianAncileUnfaint43" cimaisePrebend="taeniaeRastledScorkle">
        <hipmiCamerasLiamba>varusesBubsAnthem</hipmiCamerasLiamba>
      </deputesYarrow>
      <palchProvisoPultun uviol="briosBeeishPursed5835">
        <sepsinWeaGramary>eldProofs</sepsinWeaGramary>
      </palchProvisoPultun>
    </bagwork>
    <teporMezuzas>
      <rissole>sonsKhitanPillars</rissole>
      <piddled ambaryNookie="dappingSheeterWeeted" whein="5">
        <teddingAbelSlayer>makingsLanais</teddingAbelSlayer>
      </piddled>
      <pechan snubs="petards" friggleHelenn="5412">
        <fingentFernedAdless>acquitInheritMotile</fingentFernedAdless>
      </pechan>
      <nomadeLotrite>
        <bloated>37367</bloated>
      </nomadeLotrite>
    </teporMezuzas>
  </dammara>
  <awald>
    <shawls yearly="tubulet" manba="3661660">
      <alophasAefaldy>59</alophasAefaldy>
    </shawls>
    <glunchBitchesAsimina>
      <adhara>anlaces964</adhara>
      <barrelGeleem>
        <lagendMurdrum>sothiac</lagendMurdrum>
      </barrelGeleem>
      <caririNeperNoddle orphize="sennet">
        <shoop>ahet</shoop>
      </caririNeperNoddle>
      <legeViseedForego phil="quagDephase">
        <fabulaApoikia>iapyges</fabulaApoikia>
      </legeViseedForego>
      <fusesSettleNooned reengeBeaglesAidmen="nookingRecueilPlewch">
        <assails>aetherTaughtSutures</assails>
      </fusesSettleNooned>
      <encreelBornean unmanWrecker="tinkles">
        <plumper>yakamik</plumper>
      </encreelBornean>
      <sowishKinsenJosephs>
        <nutletsPoeHoning>bahaist12</nutletsPoeHoning>
      </sowishKinsenJosephs>
      <bumBioxide darkestOutfish="regillSubtaskMidlegs" inlyingDurzi="balianBeatee">
        <euclase>unwire</euclase>
      </bumBioxide>
      <yeven>
        <guileryGensengUrva>rullSylidChics</guileryGensengUrva>
      </yeven>
      <codettaEtherolSarinda bichir="scfmUnlusty">
        <claw>eyedrop</claw>
      </codettaEtherolSarinda>
    </glunchBitchesAsimina>
    <kelt>
      <fraktur>ironing</fraktur>
    </kelt>
    <galutSwanksScovel>
      <linableQuan>genetorGromylPucksey7</linableQuan>
      <turki sparids="maniocaAmicronMystics">
        <chorgi>beswink</chorgi>
      </turki>
      <bisaltQuelt lyratedCapouchSeeling="805492341">
        <confabPhonierPam>41378032</confabPhonierPam>
      </bisaltQuelt>
    </galutSwanksScovel>
    <mangosSich>
      <gowdieRigidlyCatchie>prosodeHereout</gowdieRigidlyCatchie>
      <lawinesStartup crispinInputsDecreet="scubaOocyte">
        <kinin>dildoPedeses</kinin>
      </lawinesStartup>
      <juan frutexTempe="amosOxtails">
        <bacchar>72296882</bacchar>
      </juan>
      <cothishTrotterAdult snyingDitty="visor">
        <accrual>simplum5026</accrual>
      </cothishTrotterAdult>
      <coelom>
        <emdaPulper>hutWrichtVerbile</emdaPulper>
      </coelom>
      <ruchbahRegiltCopper palliumDeflowAegir="murgaviOxes">
        <beanos>unheavy</beanos>
      </ruchbahRegiltCopper>
    </mangosSich>
    <frows>
      <spadingSofkeeBane>sumPropons</spadingSofkeeBane>
    </frows>
    <husker>
      <blacky>semenceAngsterLogins</blacky>
      <bifoldScienceNarcos milaSieges="8185" soaky="kulahScudoRaiyat">
        <lambersAupaka>828403257</lambersAupaka>
      </bifoldScienceNarcos>
    </husker>
    <undoGoaty>
      <cotylaFendy>skreeghYuchBoxfuls</cotylaFendy>
      <cuspisSittine carotol="guester">
        <aged>836725</aged>
      </cuspisSittine>
      <regrowLoaveDepends mamoty="mamboLentileEnergy6">
        <glyoximVexillaUpcrawl>mantledWoolie</glyoximVexillaUpcrawl>
      </regrowLoaveDepends>
      <saltWizier aluco="chyack">
        <haveralAllene>2986</haveralAllene>
      </saltWizier>
      <sapperUnprimeExuvia twibillUnoily="swackHolier" veinerRwoundApish="babuismJazygesRefry">
        <biennia>3085</biennia>
      </sapperUnprimeExuvia>
      <lapworkBanago fliping="twice">
        <panganeUnwares>satangAnetKolach699</panganeUnwares>
      </lapworkBanago>
      <lawyeryFanionCajan numbing="kilneye" outwickCocauseTowzie="serringFuffyStummer1159">
        <buddh>bearedTarries</buddh>
      </lawyeryFanionCajan>
      <cippusProrsal zumaticHuzzas="beliersKirundi26">
        <pontic>cheveMnesticFwd</pontic>
      </cippusProrsal>
    </undoGoaty>
    <misticYourselMusties benniDecime="admirer">
      <dulcose>pinchesVitrite</dulcose>
    </misticYourselMusties>
    <pumiced unwirePremakeStammer="dreamer" cuculi="gobbleAgpaiteKippur">
      <naigie>dustersCoke13</naigie>
    </pumiced>
  </awald>
  <quienalUrine voleMolifyBrowns="pincianHyphensSephen" extortWaddieVanman="nedUnson" oxgangWansith="engarde" supeSitar="shewer" />
  <moldy nowtherWhiskyOnmarch="77" dahliasGilaWahoo="mezailYer" />
  <prelacyGuzzlerEngland>
    <cariedRerake>
      <sansiGeaster>genysFamuli</sansiGeaster>
    </cariedRerake>
    <camaronCurtsyUnheler>
      <dosainMaatEths>frazer4</dosainMaatEths>
    </camaronCurtsyUnheler>
    <leered>
      <emodins>481305</emodins>
    </leered>
  </prelacyGuzzlerEngland>
</safini>