<?xml version="1.0"?>
<instr>
  <geedFamishPopples>
    <capanneKibla>
      <yeniteUmu>unlowlyCojonesGuacho</yeniteUmu>
      <befilth madnepDecanol="apsidesUrinose">
        <pecked>asitia</pecked>
      </befilth>
      <muttons talkieFile="39">
        <splay>spokingThewed</splay>
      </muttons>
      <praiser>
        <mugwumpPhloxin>trouty</mugwumpPhloxin>
      </praiser>
      <dipygiRetinolTheft rolfDarzeeKnobber="375305">
        <aversTondoSejoin>sternOpining</aversTondoSejoin>
      </dipygiRetinolTheft>
      <endfileCowardsIcebone niuanKittly="billers">
        <morga>bacileWhipsaw</morga>
      </endfileCowardsIcebone>
      <fluxerGloze gougedGregau="pireneSneesh27">
        <unalColane>gourmetEeler</unalColane>
      </fluxerGloze>
      <rippet uncallScarily="chivage" evelinaMystesRuckle="jerichoCorders">
        <poseur>basellaSireny</poseur>
      </rippet>
      <saloopIncased>
        <alceBks>8238</alceBks>
      </saloopIncased>
    </capanneKibla>
    <winnow amowt="neglect">
      <chordalWopsyCroquet>31</chordalWopsyCroquet>
    </winnow>
    <tiddyCamwood regulusSokoki="cosecs">
      <wielderBlocs>iridal</wielderBlocs>
    </tiddyCamwood>
    <guildicSagamanPabble>
      <redtopUnlight>exition</redtopUnlight>
    </guildicSagamanPabble>
    <splineAratiPared>
      <welled>provFating</welled>
      <salably leagueExecuteBema="cabuyaVimAlison" durocsTouter="upgapeFretty">
        <armfuls>arearLitu</armfuls>
      </salably>
      <kirksUngiddy wings="faviSluitJear">
        <babaPatache>queenly40</babaPatache>
      </kirksUngiddy>
      <incurInk>
        <wigmakeAngloid>6</wigmakeAngloid>
      </incurInk>
      <busserCrappy huitainFind="minglerFullersPyvuril" retype="remount">
        <rework>batisColzas</rework>
      </busserCrappy>
      <squatCaup curvity="gerahsKachinaCarns" doucineGrayHeroism="crownedShema">
        <renewer>393545752</renewer>
      </squatCaup>
    </splineAratiPared>
    <sirmark peeversUnpaleCorns="neederTango6379" douchesMunifyMolest="eluantsItersBrash">
      <trivium>3</trivium>
    </sirmark>
    <scheme>
      <sarcastFerio>oopak</sarcastFerio>
    </scheme>
    <beton electJohn="ditherPonca83" pooty="repanelHerbar" juntasLivableFoxing="83549">
      <unhairs>wettishPya53</unhairs>
      <scatomaPhaser employe="philiaPardJoltily" kachinaMastic="tropineIsopag">
        <vasSandaweLoomed>42260</vasSandaweLoomed>
      </scatomaPhaser>
    </beton>
    <emoveTunkerPinax>
      <shotmanCadmeanCorvina>coreeApinch</shotmanCadmeanCorvina>
      <mackinsVulgare goaty="civismsPenuche">
        <cfsMuleysDrylots>footsBikersWanness9</cfsMuleysDrylots>
      </mackinsVulgare>
      <pulpyWoolersJoskin>
        <hastedWithnayAndian>amytal</hastedWithnayAndian>
      </pulpyWoolersJoskin>
    </emoveTunkerPinax>
    <aspasia>
      <asunderBiggish>183524</asunderBiggish>
      <anama>
        <cutupsRhizoid>245482</cutupsRhizoid>
      </anama>
      <brodPussly bendys="agushInro">
        <misword>bonairQuavers</misword>
      </brodPussly>
      <tarots>
        <moultedMaros>4</moultedMaros>
      </tarots>
      <obley lituiDisagioTebbad="ducdame" ejurate="hoolieWhens">
        <robs>worseSignora</robs>
      </obley>
      <unvoted>
        <giesel>marinasOutbook</giesel>
      </unvoted>
      <salagoCrood whiffleWhump="9">
        <tersionBivialRaioid>obtundFanos</tersionBivialRaioid>
      </salagoCrood>
      <arius yajeAliyahLyn="993" jibingSucketDartoid="meccasTheinsSmuisty">
        <septaRageful>9435</septaRageful>
      </arius>
      <slummer beerBeltianPinyon="turfen">
        <jim>invtDandOverput120</jim>
      </slummer>
      <toughie>
        <switzerLitters>bakedMachs</switzerLitters>
      </toughie>
    </aspasia>
    <brimingSparkerKolkka>
      <outliesAlane>cabalGreithFatuity379</outliesAlane>
      <suevianAtafterRenga>
        <osar>gable</osar>
      </suevianAtafterRenga>
      <thissenSlingeWetland cottarsEstrepeNatus="niogMissuitNapalms">
        <jagging>resile636</jagging>
      </thissenSlingeWetland>
      <gantonAtloid twelvesMidairs="lydiaAdviserDhows4657">
        <irpexMatineeAstral>asmearPlumerArgine</irpexMatineeAstral>
      </gantonAtloid>
      <cripes>
        <tarrilyRexTrack>besugar</tarrilyRexTrack>
      </cripes>
      <barlows aclinicVertigo="happer">
        <empleadLocatumYapp>9192128</empleadLocatumYapp>
      </barlows>
      <gallusPottierNerd elogeDreich="rasceta" dundeesMegmhoSinners="3">
        <senesce>torus</senesce>
      </gallusPottierNerd>
    </brimingSparkerKolkka>
  </geedFamishPopples>
  <sidrach sputIciness="89" davielyFlobbyDagging="844347443" piaristDistainBailiff="soshedSurfleFrames">
    <pyridyl>
      <lazied>gramyElbower</lazied>
      <romeineMacular asianSerioSulpho="seisorApport" cobaea="5">
        <zondaRearii>abuleia</zondaRearii>
      </romeineMacular>
      <subherdUnbrace firmedUnleaky="peedEfford">
        <dogshipCopers>acustom</dogshipCopers>
      </subherdUnbrace>
    </pyridyl>
    <bakaJazzist>
      <corvedAnnalsDenies>veena</corvedAnnalsDenies>
      <patch proHeralds="msecWassail" relaceFenny="9030917">
        <suldanAlalaBibcock>45396</suldanAlalaBibcock>
      </patch>
      <outlayBegaudy>
        <tunney>espace</tunney>
      </outlayBegaudy>
      <stylion exulate="krisFains" koku="ighlyCosmoPeching">
        <lilacky>potsLexia</lilacky>
      </stylion>
      <katcina stephanDandieMiauw="earnsPeroxyl" tandemsArnold="culpMorganaCrankum">
        <undriedBactris>otarian</undriedBactris>
      </katcina>
      <cummersBrawn doffDeporte="peensKinder17" maxims="harkingBoxier">
        <ket>yogeesVapours</ket>
      </cummersBrawn>
      <kotwalShibar burnieVidyaTaluks="missaidBensilImber">
        <waisted>abraxasPretax</waisted>
      </kotwalShibar>
      <fredWoolmenClick gadwellCakavciDeviant="fallows7750">
        <beaverUnshentFoeless>lindane</beaverUnshentFoeless>
      </fredWoolmenClick>
    </bakaJazzist>
  </sidrach>
</instr>