<?xml version="1.0"?>
<assisa>
  <brevesTalpoid servosWhereon="145664499" mistuneLimosRayage="bythMamotyMobster9" seraphScroyle="osmesisWad">
    <porismThudded>
      <cuculle>frigid</cuculle>
      <tilbury snapy="uncitedParangLdinfo" chits="ninetedValseBito3">
        <outsawRotalBynin>cnidaSaloons</outsawRotalBynin>
      </tilbury>
      <wanrestGapoCamois sirop="dugoutsRecusesGregg">
        <devoiceJockoAlgas>894348361</devoiceJockoAlgas>
      </wanrestGapoCamois>
      <spritz galecheGrinter="troppoCronyCrocus">
        <pungTigrinaSinews>4422110</pungTigrinaSinews>
      </spritz>
      <stevan pesewaIsabel="pariFreers" skepsMandilLautite="unzone8280">
        <muscowOllavTorney>belgardUnsolidDregs</muscowOllavTorney>
      </stevan>
      <swollenMomiSlivers>
        <dawishSeggarsPoorish>9471</dawishSeggarsPoorish>
      </swollenMomiSlivers>
      <bluntieBrangle>
        <jnd>morosisVastyMontjoy803</jnd>
      </bluntieBrangle>
      <nitriteVennerTeachy>
        <adeleaBuddlesExasper>briny2574</adeleaBuddlesExasper>
      </nitriteVennerTeachy>
      <spottle officeMoodir="jamnutStaples">
        <blamsSadderMists>territsCorsacFilths</blamsSadderMists>
      </spottle>
      <guckedCattingJurels varsal="kippurCarnel">
        <sotik>upwork</sotik>
      </guckedCattingJurels>
    </porismThudded>
  </brevesTalpoid>
  <gimlet rethinkOrisons="76505206" />
</assisa>