<?xml version="1.0"?>
<paw>
  <chammyGragers filetsSeveral="amiray" callopUpbboreUnc="jackeyLazuleDevi5" massageCrabbyPycnial="jawsKellegUla112" />
  <unfaceCaecias>
    <hugeliaAsters>
      <charms>21971725</charms>
      <yakutatMidvein abutted="exudateBrankie6857">
        <hivedVendsFacty>fadging7096</hivedVendsFacty>
      </yakutatMidvein>
      <termageHolk congeeFronted="pruner" canst="eclegmRfoundMadame">
        <stedman>kennellBacons</stedman>
      </termageHolk>
      <deceiveJingleDoup bonzesScarrow="reyoke">
        <salicin>jeeingCubbingDefat</salicin>
      </deceiveJingleDoup>
      <creaked>
        <askable>papagayLoraMizrah</askable>
      </creaked>
      <sawMicklerAumous>
        <tanglerFitchBurins>menfolkChassisMergh288</tanglerFitchBurins>
      </sawMicklerAumous>
      <halo>
        <guaiacsPatgia>spettleUnflownGrylle</guaiacsPatgia>
      </halo>
      <roller pectora="jebusiPolentaForbit" sattarVilloseSucceed="541">
        <dorneckAtloid>toutScutage</dorneckAtloid>
      </roller>
      <smiths>
        <dourahNeats>sniffleUreaseFaintly</dourahNeats>
      </smiths>
    </hugeliaAsters>
    <kyaniteCotansTangram tittler="dowageRedbud" misdrewFlossSluice="lawnedBulger6949">
      <durrieKochab>stadiumCoaxMia</durrieKochab>
    </kyaniteCotansTangram>
    <coccousAshedPodding mozettaBrabble="hutches" enfarce="549" worden="halvasCavity5">
      <anonymsShadow>2855</anonymsShadow>
      <bac ceriman="brame">
        <neffyKythe>scummedCostate2</neffyKythe>
      </bac>
      <sorceryBigotty bursaLiards="stodgeAutre">
        <jiffy>882329</jiffy>
      </sorceryBigotty>
    </coccousAshedPodding>
    <wilted>
      <dunlin>ceilerCicadaeCham</dunlin>
    </wilted>
    <quirkedDonnick>
      <fertherItemize>triesSuresbyThews</fertherItemize>
    </quirkedDonnick>
    <raungeCithernChromos>
      <delimed>77</delimed>
    </raungeCithernChromos>
    <shillerSoave halkeLivers="19" volentSeekersFarrant="kloochSuineEarthly" valsoid="porretRosterHag">
      <deashedTrysailGoulash>nerolisTurmitHexoses</deashedTrysailGoulash>
    </shillerSoave>
  </unfaceCaecias>
  <divataAal cooersGluierLinolic="7171" sugamoMirandaSheave="lapcockSquashMedals" oxynticBrittleSuccade="daffierTarkani" />
  <tonikanLanier boatmenCoroa="571" trigamy="29646" estatesPycniumMistily="styward" telingaDarksIxodian="logging" />
  <duntle gentledAnguishAurums="ortalisCutchTaskit536" rumpot="859698285" zaparo="ishmael" langoBonteePiking="tryAssamarDamsel">
    <coilsPodestaPindal>
      <lueTharmsSugent>339</lueTharmsSugent>
      <bautta>
        <bhoyRagsHopyard>3908</bhoyRagsHopyard>
      </bautta>
      <dishMowse linosInqilab="metristAgit">
        <trinolAnnule>glonoinDetersPanther</trinolAnnule>
      </dishMowse>
      <along>
        <soln>793972</soln>
      </along>
      <eyghtDruid>
        <saltiesJargon>babbit</saltiesJargon>
      </eyghtDruid>
      <cosetsWauled frays="anthemaCuriteEfform724" libbedColmar="vindex">
        <sighingUnpinPeplus>relyBowwort</sighingUnpinPeplus>
      </cosetsWauled>
      <aidlessOsirian>
        <champsToecapDecry>ridden</champsToecapDecry>
      </aidlessOsirian>
      <punsDivisa hispanoChafeOutsees="aldeaJaga" ecdysesSwabian="dogears">
        <palarTasterDicast>folden9571</palarTasterDicast>
      </punsDivisa>
      <lbw>
        <gromylDarrein>tirledAntique</gromylDarrein>
      </lbw>
    </coilsPodestaPindal>
    <xylidinHerry fillySabella="bidarka">
      <aphasic>chapmanRecheerGalvo</aphasic>
      <chaptDepot eighty="arache9" partner="silkie">
        <actgSavages>pyroneDageshPeaky</actgSavages>
      </chaptDepot>
      <frettedXystoiEarl emydian="53284">
        <colybaMastaba>chitinBasBungled</colybaMastaba>
      </frettedXystoiEarl>
      <cestas yanky="ancylus">
        <yemsel>mekbudaBoletusSornari8865</yemsel>
      </cestas>
      <ladderyDiploidSarees>
        <malates>sestineAgons</malates>
      </ladderyDiploidSarees>
    </xylidinHerry>
    <vagient>
      <mirakMyraLeggy>downier</mirakMyraLeggy>
    </vagient>
    <scanned>
      <noemi>scenistJiggly</noemi>
    </scanned>
    <hoople clothsSukuFledge="59898051" fisnogaValvalFranks="tambor" kudzus="thoral">
      <acuchiTewerSieve>wolfdom</acuchiTewerSieve>
      <vilely>
        <sudses>toroseVotressGrugru</sudses>
      </vilely>
      <bathkolBlissesWambais sashimiBuddageSherpas="826" trepan="desExudeMoho">
        <latchetExody>hulu57</latchetExody>
      </bathkolBlissesWambais>
      <abeleAvile gleeksFolderSpend="bideScrawls" sebkha="63406270">
        <inspireMerghTosca>faffyGlobousVaginas</inspireMerghTosca>
      </abeleAvile>
      <lettic bhagatAmtrackPrescan="unseven">
        <falsenRallies>78</falsenRallies>
      </lettic>
      <mealerKonfyt reswillHollers="uproar5">
        <gunzianZinkify>squeaks</gunzianZinkify>
      </mealerKonfyt>
    </hoople>
    <chaberBaghdad>
      <gabertMazes>playockKratersHout</gabertMazes>
    </chaberBaghdad>
    <fliesMesarch nebulonOttavas="mixerWurOverlie" hopeRecceLefter="iou">
      <glazingBillionChesset>136739998</glazingBillionChesset>
      <gombayXenicusPlanta mull="sircarFitcher" gadget="colonHwan">
        <tsumaYennedSps>aminePodiumsPointy</tsumaYennedSps>
      </gombayXenicusPlanta>
      <bokeRaisonsSigmas>
        <melds>preacts</melds>
      </bokeRaisonsSigmas>
      <jugerumArchil chirper="mads58">
        <hoedKiltieLessons>bluffedTaurid</hoedKiltieLessons>
      </jugerumArchil>
      <amuzeProng diptBedrugs="ladykin">
        <carfareAridityStilter>shawledHaultBulgier</carfareAridityStilter>
      </amuzeProng>
      <brawlis leptidMelanicAmmites="804293095">
        <cackler>217305508</cackler>
      </brawlis>
      <queysSpurges lohanEneasReweave="718255">
        <ethyneLivor>felsiteCrayon</ethyneLivor>
      </queysSpurges>
      <sheaBobbiesBeam maists="yodled" ponicaCircar="fauns">
        <eatche>brankie</eatche>
      </sheaBobbiesBeam>
      <myowunRainbowPicnics jussiveAylluOssea="6900156" missies="2">
        <tilakaDictSites>gawkierDiacids</tilakaDictSites>
      </myowunRainbowPicnics>
    </fliesMesarch>
    <sis quash="hetterAlsikesEpulo" depsideFleeredNegate="subtrayBoozifyFanfish" nidgetReequipRevie="curtaysMandanAdults">
      <weigherTabid>hankieMobbism</weigherTabid>
      <ind leerier="pagnesPermiss" withesOaks="skeletAntapex">
        <sticketSnarksBuret>elemol</sticketSnarksBuret>
      </ind>
      <pillageGhrush>
        <bandhuAgelongFilths>harksHulled</bandhuAgelongFilths>
      </pillageGhrush>
      <crownedInkpot coto="crusadoAmidins" boxfuls="obeying1">
        <sumbul>dungolFlousePonto</sumbul>
      </crownedInkpot>
      <miskalsXenic>
        <shakerMammodi>gazersWird688</shakerMammodi>
      </miskalsXenic>
      <taal>
        <doaSirex>mungoosBurleskGenl15</doaSirex>
      </taal>
      <nurledAiawong unfold="cusped492">
        <mcfUnvote>44439035</mcfUnvote>
      </nurledAiawong>
      <tipmanHommock axiallyPentyneVeinal="majoratVer">
        <kanganySultry>yarestUptown36</kanganySultry>
      </tipmanHommock>
      <zeinScaldic stinger="52406580" concedeInheldeBanians="4968">
        <sebaAntilia>167730</sebaAntilia>
      </zeinScaldic>
      <agreing pterinsVeneer="flared">
        <nickumMagsman>lifersYakaloCoops</nickumMagsman>
      </agreing>
    </sis>
  </duntle>
  <tumour>
    <dauwLaniaryShean>
      <percipi>bedside</percipi>
      <lohockStodgesDerecho>
        <zagaie>ruler7</zagaie>
      </lohockStodgesDerecho>
      <mks danaBoniestGophers="isnGlidderTrusses9516">
        <junkierAlmeFaitour>nativusVitallyTrawls6998</junkierAlmeFaitour>
      </mks>
      <starersEgenceSawn tusslesComboy="lathedCentrefMyatony1746">
        <unneat>foaledArabineBlowup</unneat>
      </starersEgenceSawn>
      <collyba choukaQuipDrear="carandaGuffaw">
        <rachVenta>reflingAbuttalFeyer</rachVenta>
      </collyba>
      <scousesPinier papule="chriaFoozlerUrsone" threepsGoric="8">
        <ethanolSubtree>cloddedMartextGirders</ethanolSubtree>
      </scousesPinier>
      <acreamArcingPardao mendigoEngregePrater="choline" nanmu="amtman">
        <terai>pusherElectlyQuoited</terai>
      </acreamArcingPardao>
    </dauwLaniaryShean>
    <syreSparmSoary unshiny="cornbin" connateDaviely="cruisedMaximin">
      <enshell>lexisHdlcDost</enshell>
    </syreSparmSoary>
    <regloveAngekok>
      <leakingRhapheGast>bairamTorahs</leakingRhapheGast>
      <tapu>
        <unhungGenappe>wodenTines</unhungGenappe>
      </tapu>
      <heugh dotes="82905" clacksCapite="swire">
        <udderQuodded>numbsCheeks</udderQuodded>
      </heugh>
      <ashotYowleyPledge>
        <nunned>4881012</nunned>
      </ashotYowleyPledge>
      <hastFaille>
        <dunderTharmGazel>820596272</dunderTharmGazel>
      </hastFaille>
    </regloveAngekok>
    <ixiamaLuxuriaWrytail>
      <bident>hallahsGpm8</bident>
      <trioleBrevity>
        <nazeConners>83</nazeConners>
      </trioleBrevity>
      <well fouldre="mateySarcousBrazens6">
        <orioles>chromeCongos</orioles>
      </well>
      <mirexes>
        <pousse>duka</pousse>
      </mirexes>
      <devonToxUpscale makerHushionFlake="402745">
        <mockersOutweptBuxeous>feleApinoid</mockersOutweptBuxeous>
      </devonToxUpscale>
    </ixiamaLuxuriaWrytail>
    <elfwortUzara duellerGuichetOutbore="slad" padshahNusfiah="postern">
      <wincersPulsiveLucidly>egotismWagsomeTares</wincersPulsiveLucidly>
      <plenary zamousePibcorn="nephele" onlyLoavesMashman="959012">
        <japesToyland>6283</japesToyland>
      </plenary>
      <butyrDazy latence="68">
        <rosinolBogusAnnuary>964594412</rosinolBogusAnnuary>
      </butyrDazy>
      <ninesKoraitAcolous>
        <paresesGimbals>3865</paresesGimbals>
      </ninesKoraitAcolous>
      <picoidDuffers llamaDapple="delict" fozyPimolaBrow="8741086">
        <piled>donisBetis</piled>
      </picoidDuffers>
      <carbro dogsledGirnyApprox="famesLicuryUnnail">
        <amniacSprattyDingly>modiliBethelsOutwake11</amniacSprattyDingly>
      </carbro>
      <hadntBadagaToumnah>
        <chanoyu>legateeLayfolkKuttab</chanoyu>
      </hadntBadagaToumnah>
      <ritualsCollierKemps bezzledPaytCaraboa="sunkHrznRepost766" osseinGuatoanYelped="toxityOner">
        <lathy>kadderProtectFlavor</lathy>
      </ritualsCollierKemps>
      <musicoLossierAntares alforgeMulet="orbsSpicyPushups">
        <nielloYawperReiner>womeras</nielloYawperReiner>
      </musicoLossierAntares>
      <greyerDurwanChisels botanicRajesh="29993" navarCereMedalet="oozierSkip">
        <yourselGurle>sidest</yourselGurle>
      </greyerDurwanChisels>
    </elfwortUzara>
    <sawmill>
      <orbits>92</orbits>
    </sawmill>
    <bucayoCharnuWankel>
      <ethinylKeensPansied>atuamiEchuca</ethinylKeensPansied>
      <gustosoUnsuit mutedSpreadLlano="poachesEphydraAdactyl8764" mulcherMayfish="slantedGofer">
        <finder>2207</finder>
      </gustosoUnsuit>
      <sowcarFinland>
        <peopledOralismCobalt>seginusLabrets10</peopledOralismCobalt>
      </sowcarFinland>
    </bucayoCharnuWankel>
    <jough>
      <tsiBodkinCakebox>8678</tsiBodkinCakebox>
    </jough>
    <sledsMullets>
      <curaghMilage>wealthy</curaghMilage>
      <thiazolPestle>
        <enatantTactusVamping>betRaphus</enatantTactusVamping>
      </thiazolPestle>
      <bakshis>
        <corrive>aeolinaStirrup54</corrive>
      </bakshis>
      <hoon remises="plum" towmondKryptol="40">
        <stuck>unrimedDetachIntaker</stuck>
      </hoon>
      <cyesesRestrHackee squench="7477258">
        <snorterFratryToetoe>cockup</snorterFratryToetoe>
      </cyesesRestrHackee>
      <banyulsSubtone kakaTobies="tampanIsohyetChicle">
        <cogwaysGitanos>dankaliCretifyAuroral</cogwaysGitanos>
      </banyulsSubtone>
      <nuggety dottingMadnessUang="muddy" horahs="madocDors">
        <etuveStepSpingel>bidderyGonifRomps934</etuveStepSpingel>
      </nuggety>
      <wenchowAgibPrankt tigrinaWhids="insol" finfishTesseraSaya="fount2470">
        <femoral>fldAuchletChalaze</femoral>
      </wenchowAgibPrankt>
      <adryJarabeSaffior caderasSadiron="355010135">
        <amarManeAmicus>dehkanUnthickEthide</amarManeAmicus>
      </adryJarabeSaffior>
      <guarder>
        <paalMadden>fleerHazierWarmups48</paalMadden>
      </guarder>
    </sledsMullets>
    <bsfAgisms>
      <fouldreCoix>brasseyIulusOrally</fouldreCoix>
      <dixitsCuspidThebaic culling="terryEncomicControl">
        <lochs>48175</lochs>
      </dixitsCuspidThebaic>
      <splatchPicachoWhilend munchCologVenerer="podgyHalfwit">
        <magnetaEminentPendn>yaourtDraggerJimpest</magnetaEminentPendn>
      </splatchPicachoWhilend>
      <faggingEnform ressortDormsCroze="driesGrate" salvoes="vulvaMoshav">
        <puckishPhloemsFits>overway</puckishPhloemsFits>
      </faggingEnform>
      <spectraZygnema razersInches="ouphes">
        <behen>gemmyJazzBurdon2</behen>
      </spectraZygnema>
      <troak endeign="hogsty">
        <heptadsPottier>livingCodiumStool73</heptadsPottier>
      </troak>
    </bsfAgisms>
    <roemerBesraSublid>
      <bushyPinyinMayence>divusDeblockEasel</bushyPinyinMayence>
      <croft aroliaFoetusBriguer="6183">
        <fibrous>weirdieUnkirk</fibrous>
      </croft>
      <clootie fullers="avionic">
        <enlureThiller>tuisSwifter</enlureThiller>
      </clootie>
      <skews bibbers="saggarsTarsus293" glamor="subacid911">
        <geoside>retchesArara</geoside>
      </skews>
      <seetheStut rowdyDeeplyIsoetes="tussurs" lyceaFeatish="cavilsPistrixMideast">
        <ventana>snobsAnnualsEponge</ventana>
      </seetheStut>
      <stipplyGlazily engleimWhinier="padsHeirdomCalmed">
        <defalkLandauYowl>929646886</defalkLandauYowl>
      </stipplyGlazily>
    </roemerBesraSublid>
    <creasolCrig sorties="arboral8780" reggaWawEnter="tussahsDecilesFarouk" gaeldom="matara7">
      <ulidia>rsumEvilly</ulidia>
      <akebi armineGaddersCopilot="24173">
        <moniedCastles>vangloSnowierClerkly</moniedCastles>
      </akebi>
      <verist greyer="arganVuggVintage" baptHighths="pagers4">
        <commark>quaveExerted</commark>
      </verist>
      <strivenTowSpued chintFeltsOrpines="29304">
        <rigolAlpheanHobnob>emicantAcamarUnfroze69</rigolAlpheanHobnob>
      </strivenTowSpued>
      <pinworkKuwaitConsist asta="428841">
        <bunkers>coziest</bunkers>
      </pinworkKuwaitConsist>
    </creasolCrig>
    <sheolBoorStanzo myrtus="neurale">
      <garroteKusha>seidelNuttish</garroteKusha>
    </sheolBoorStanzo>
    <tantumDigitusGravedo arlengEgretta="outcameCrispsKadaya">
      <suncupPhoticBaccar>gunner1</suncupPhoticBaccar>
      <viduityWiliestHerile steponyArawak="unjoyed">
        <lanky>cannersWeentySling</lanky>
      </viduityWiliestHerile>
      <yairdsAnusesFatiha giltcupBatikerGypsyry="finnick" arupaYojanErthen="prosify40">
        <hapuku>ferrierArjunAcidly</hapuku>
      </yairdsAnusesFatiha>
      <dourine vermilFumago="helixinNockerlSarcous">
        <helixes>opposes5</helixes>
      </dourine>
    </tantumDigitusGravedo>
  </tumour>
  <neuroneDibatisNoxally foozlesReptile="concholBanjoreShelley" crambusCarafeMicmac="bemazedRoselet" lairmanInga="edgar">
    <demoid>
      <nerdsBoersSnugly>scotersAcrawl</nerdsBoersSnugly>
    </demoid>
    <asweatAlleysHoofers>
      <pewterMohism>dizziedSciarid</pewterMohism>
      <joypop dinglyRifleSamvat="cuitPudgyForget">
        <molge>upstareHamiPaise50</molge>
      </joypop>
      <angered>
        <pilledBawd>moonack</pilledBawd>
      </angered>
    </asweatAlleysHoofers>
  </neuroneDibatisNoxally>
</paw>