<?xml version="1.0"?>
<gneuZanana>
  <mana />
  <yieldyCaptainBortz feasedSnoek="merodusElkdomTitulus" leadoff="6" />
  <midiStoneObtest frakenBuffoonDecare="plumbsPerdrix" />
  <reprGymsiaDornock pellockAsbolan="shutoutShuteye75">
    <eftsReboils>
      <kyd>whaddie</kyd>
      <aquenchWhirled cambogePernodPlaners="faradayFleysGarages653" mousme="5137763">
        <goiter>afire</goiter>
      </aquenchWhirled>
      <strathsBework doppiaSufflueWosbird="hereticPunkerStook">
        <dariusBroncho>ventedFoxtail</dariusBroncho>
      </strathsBework>
      <linener aquo="amice">
        <worsetPutteesMileway>39</worsetPutteesMileway>
      </linener>
      <lwp dormerGarveysKanauji="sledgeCorrupt">
        <weederyPedicle>myringaHaboub</weederyPedicle>
      </lwp>
      <createDorsalsTackify>
        <caldron>irisedPuckrelAitches</caldron>
      </createDorsalsTackify>
      <hcf aforeChangosBrother="japheth82">
        <lyssas>470111</lyssas>
      </hcf>
      <adauntTindersClava awan="mycol" deusan="147767">
        <rhoncal>dottard</rhoncal>
      </adauntTindersClava>
      <ampullaFanfoldBidcock sabrinaBovoidTrays="3">
        <ribbetMobs>shikraZorgite</ribbetMobs>
      </ampullaFanfoldBidcock>
      <agalaxy>
        <unhosed>distadGagesEtiam</unhosed>
      </agalaxy>
    </eftsReboils>
    <triglaTorrefy>
      <winlyOutwave>951663527</winlyOutwave>
    </triglaTorrefy>
    <mortaryDispulpMortis>
      <doggoGallup>8459</doggoGallup>
    </mortaryDispulpMortis>
    <mirac>
      <jeersTunalLlautu>abyssusRyepeck</jeersTunalLlautu>
    </mirac>
    <sawnyExasperAffixer>
      <iodidsDiversFilmset>yuckyDegu</iodidsDiversFilmset>
    </sawnyExasperAffixer>
    <adjures mordantElamite="lolliesToadeat" typeesDirl="pandanCampal" plainerSuccise="aedeagiScalade">
      <exultedAchape>fress9</exultedAchape>
    </adjures>
    <memberUnpent>
      <tecomin>suplexAuntieBerun</tecomin>
      <tickingBarbary>
        <bonacis>901983</bonacis>
      </tickingBarbary>
      <lintols costlewHyne="199">
        <muscari>spinaeDadoing</muscari>
      </lintols>
      <bolarUnfirm>
        <objectFurring>canalla</objectFurring>
      </bolarUnfirm>
      <osirismBaronryAlkoxid wins="globusZach" broody="unquietOotidsCohol">
        <dicycle>30</dicycle>
      </osirismBaronryAlkoxid>
      <showingFlavine filator="caproneChamarKnorria" mdse="653471854">
        <nocketOclock>unscrewTremors</nocketOclock>
      </showingFlavine>
    </memberUnpent>
  </reprGymsiaDornock>
  <suprRimersPolymny crambe="26" awhetPlushly="722" timer="tarybaRarishAlgums" vauntAnomieOutknee="unlades">
    <reel>
      <slyness>frigidMuggingJudice</slyness>
      <dobieWishtDoto armet="lancesEpipialJobless">
        <adjurorByrrus>cunditeApinage</adjurorByrrus>
      </dobieWishtDoto>
      <glarily spur="80">
        <boiiImpavidClours>dmarche</boiiImpavidClours>
      </glarily>
      <chandryYakmanGowaned>
        <servedScriven>wopsyBenshiSlurred</servedScriven>
      </chandryYakmanGowaned>
      <stue scaresGanging="wint" nullsSirreesCoir="gaugersCoshes">
        <odeCreamyAvowers>879142542</odeCreamyAvowers>
      </stue>
      <mussing walletsWincing="debtor" gestaeSequani="circum">
        <acrylylBelton>858720</acrylylBelton>
      </mussing>
      <bitsyCongestDotted>
        <iii>koban</iii>
      </bitsyCongestDotted>
      <clunterLiarsSiress>
        <dobbyIslay>pulpy26</dobbyIslay>
      </clunterLiarsSiress>
      <corder firebugNabbing="dyaus" unwwoveZamiasPierces="ghiziteMissisEdictum99">
        <suint>animasSeoulBoule</suint>
      </corder>
      <chotts outran="pyx">
        <widuMullock>aweTrippetMalmag</widuMullock>
      </chotts>
    </reel>
    <hinterGahnite>
      <discideLatestComment>rawheadBateauTangue9762</discideLatestComment>
    </hinterGahnite>
    <farineHahaUnhands>
      <deedfulLabor>9</deedfulLabor>
      <capelinAmerism>
        <diluteCulpateLibral>niobid</diluteCulpateLibral>
      </capelinAmerism>
      <blading noanceVisualReargue="axtreeCirl" befoam="sig">
        <climaFatalesExurbia>8</climaFatalesExurbia>
      </blading>
      <culled prestlyBitsyTarapon="20847795">
        <andersDhanuk>isaiah</andersDhanuk>
      </culled>
      <faulty crusherCorsosReslide="bummestDirest" hutzpahTiros="sudsmanSartors">
        <siganusFlobbyBainie>plannedAbrazo</siganusFlobbyBainie>
      </faulty>
    </farineHahaUnhands>
    <whoppedRasseMalthus rolloutEpocheCavey="dedaCongos">
      <uncutDottier>bestoreForwentAzilian</uncutDottier>
    </whoppedRasseMalthus>
    <frivol>
      <aethers>zariba2</aethers>
    </frivol>
  </suprRimersPolymny>
</gneuZanana>