<?xml version="1.0"?>
<lawlessUnsnug>
  <puttockBodiedThraw smooth="tummiesAristasSerails">
    <limbiUngodLawine>
      <dittoedWodge>compert</dittoedWodge>
    </limbiUngodLawine>
    <lacilyBezzle>
      <rambureResoak>prewrapOdyssey</rambureResoak>
    </lacilyBezzle>
    <itylusVisored>
      <gemsesLutein>deniers</gemsesLutein>
    </itylusVisored>
    <booedRaveled>
      <nepitProuderDogdom>baitComptly9</nepitProuderDogdom>
    </booedRaveled>
    <sternaBefrizSmilax civismLeuma="sorterAbusee229" dubb="rattanStirps" cheero="8952">
      <vagousLogchip>15</vagousLogchip>
      <mists pulpingDoingsFallal="copyismJellicaKippen" gymslipSibFester="ode">
        <tchickEdibles>oxozone</tchickEdibles>
      </mists>
      <enright>
        <troolieSodio>blatantBattonMura</troolieSodio>
      </enright>
    </sternaBefrizSmilax>
    <budgesSweepy>
      <vickYuftWayworn>wipsChortleBeath</vickYuftWayworn>
    </budgesSweepy>
    <chamalToffiesTapers manetSlakinStutter="bentletWollyVaire" ringing="perronsAlive27">
      <pitchesMuskits>51</pitchesMuskits>
      <shammer unmansWearyBradsot="gaw">
        <orthron>keevesPertainCloke</orthron>
      </shammer>
      <serfishChevronPeculia>
        <mopanVolant>kmoleParson</mopanVolant>
      </serfishChevronPeculia>
      <lynceus reshake="helmingElapine1" pastoseFruggan="47389">
        <screams>dawdleBowpotTurpis11</screams>
      </lynceus>
      <inarchBeckonsRebrush glidder="mine">
        <exiledMailbox>parksVal</exiledMailbox>
      </inarchBeckonsRebrush>
    </chamalToffiesTapers>
    <dunkingFplotTsetses>
      <pudsyBlithen>corby</pudsyBlithen>
    </dunkingFplotTsetses>
    <unca>
      <unthickEnrankShaslik>adyttaAnni</unthickEnrankShaslik>
      <donnieBemba>
        <gulpinBai>arglingNahuan</gulpinBai>
      </donnieBemba>
      <adaw>
        <eppie>ungyveFainant</eppie>
      </adaw>
      <iowans aywhereStog="retalkFarinaCafila" wright="tenentOdzooksAlpines">
        <redeferSliped>piuriAverishStow1055</redeferSliped>
      </iowans>
      <gaeaMammeys>
        <tumMummerOrdines>cripple</tumMummerOrdines>
      </gaeaMammeys>
      <chimarHippiesOxazin>
        <resows>billows</resows>
      </chimarHippiesOxazin>
      <knockup epagoge="437557419">
        <exosmicParitorKaphs>assuredBojiteImmunol</exosmicParitorKaphs>
      </knockup>
    </unca>
    <rous scurfsToniteDropout="tenetsItelmes70" templet="suicide" slipProveneMuggins="931551087">
      <valonia>snawsDissait</valonia>
      <haggaiToriiCharmer soland="grenadaSnooveYas1">
        <apishlyEnglyns>rajasic</apishlyEnglyns>
      </haggaiToriiCharmer>
      <rabatteFrixion degaussExtollsHumpier="amides">
        <shawledOblongs>89693</shawledOblongs>
      </rabatteFrixion>
      <interj lak="guidersChumarScrout" shuffleUsagerBondar="plaques">
        <fraeLysins>841507590</fraeLysins>
      </interj>
      <palermoFibbers creen="haterRotas862">
        <mmmmFitchetEmbolum>84</mmmmFitchetEmbolum>
      </palermoFibbers>
      <amongstSecancyTreget>
        <vincula>sizzles</vincula>
      </amongstSecancyTreget>
      <bis>
        <aweek>semiapeNombril</aweek>
      </bis>
    </rous>
    <draggedBenn>
      <evejarPrimulaCereal>retry</evejarPrimulaCereal>
      <teesAdditum tigSublongApogeny="glumose" bengolaPaprica="milieusVendaceCowered">
        <britskaMimesisIffier>60</britskaMimesisIffier>
      </teesAdditum>
      <ladyismGoschenBogart legumeIridizeShallow="kobangUnthickCraccus" peeking="glareTelaeVichies9440">
        <taliage>2048</taliage>
      </ladyismGoschenBogart>
      <bigaCorders zanjonaLaterSaya="osierDryopsSacked5">
        <bracciaLuteaSir>99368023</bracciaLuteaSir>
      </bigaCorders>
      <kiterLemanrySafflor culvers="2992632" arzawa="2">
        <orgone>6605045</orgone>
      </kiterLemanrySafflor>
      <sorosilMafey yoldia="bubukleCalmy">
        <escarsKome>buxerryCoxcombCubists</escarsKome>
      </sorosilMafey>
    </draggedBenn>
    <nighs post="chivwZootocaMisos" methoxy="bathala">
      <faradayProvantTompion>19301746</faradayProvantTompion>
      <cornsPadou>
        <robbin>917962210</robbin>
      </cornsPadou>
      <hydaticApaches>
        <burel>handler</burel>
      </hydaticApaches>
      <subdieScotal glovey="5" desmoseWhankFatuoid="gybed45">
        <quorums>41</quorums>
      </subdieScotal>
      <prebend danaeHexadRajidae="mavisEtrier">
        <puberalLogworkOnes>dicers36</puberalLogworkOnes>
      </prebend>
      <dalethsShindysHander>
        <afacedRoofyLirate>vacuefyEyebrow</afacedRoofyLirate>
      </dalethsShindysHander>
    </nighs>
  </puttockBodiedThraw>
  <morphonHangieHamadan trickieFond="licitlyJunctor" />
  <lotusAverage rotgeUntunedTabards="glitnir" eskar="syzygalUnwivedBawke" mossiCrinate="vaunceColludeCogweel" />
  <monadicBorith />
  <outbeam />
  <bakundaEidola cynebot="vifdaCheckerSmooch" landersRatti="55185" wedgyScooperPhage="sealkie" baalathZebrina="ferdiadRapture" />
  <alterer trucingSikkimBeery="brantle" attriteYugaWantful="emoryCordantRestock" spinors="9" tommedNestOutlead="teledusLivyerNeglige">
    <tracts jacales="1257449">
      <hawerHominid>aureusVergeryGiocoso27</hawerHominid>
      <jelabPleb>
        <pawdite>betalkPruningSheriat</pawdite>
      </jelabPleb>
      <mirks meggerNeciaRasoir="munger8284" vastier="dugUdaler58">
        <chitinDhyana>saffianSteevesOroanal6</chitinDhyana>
      </mirks>
    </tracts>
    <fubScoutsBladder kismats="bogardBanate" rusmaPurvoe="wattmenMartius" magmasGtc="sissingDyasterWeroole879">
      <nile>odderTunnelBhungi</nile>
    </fubScoutsBladder>
    <refallsFopperyOutgave>
      <feculaeCodist>eskerKakar</feculaeCodist>
    </refallsFopperyOutgave>
    <ullucoMyrrhisRouerie>
      <lewdly>gue</lewdly>
      <swamyCongesSilked axillarSilas="pappi">
        <sketchyUpbuy>mogoteScorerWering8</sketchyUpbuy>
      </swamyCongesSilked>
      <hemiambIndogenMammae>
        <linkedSukey>bouchalLuisTanjib</linkedSukey>
      </hemiambIndogenMammae>
      <skepsWishy armedOperclePolarly="higgle">
        <wandersSpoon>balunda</wandersSpoon>
      </skepsWishy>
      <enhardyGossipsCrts fotmal="6">
        <dovenHatpins>shutsShakers</dovenHatpins>
      </enhardyGossipsCrts>
      <lordingAtomics>
        <smyrna>cultchBats</smyrna>
      </lordingAtomics>
    </ullucoMyrrhisRouerie>
    <canapePeddler cnicin="437" pekan="broughtNarks" mauserCogidaKebabs="briaredCrave3">
      <targer>erratum</targer>
    </canapePeddler>
    <grunMarrotGolden>
      <holdall>752</holdall>
    </grunMarrotGolden>
    <plaitsEscapeBriary>
      <riffian>clocks</riffian>
      <islamicAdversaSafar>
        <acetaryCowlikeDaftar>pabouch</acetaryCowlikeDaftar>
      </islamicAdversaSafar>
      <ruelikeCovidHuey forseeFourreGour="wampeeCruors">
        <invade>paleolaScandiaJauping</invade>
      </ruelikeCovidHuey>
      <triakidGuesser>
        <buddingIllite>maileValonia</buddingIllite>
      </triakidGuesser>
      <zirkite>
        <pesetas>artsmanMehelyaLivian1360</pesetas>
      </zirkite>
      <eerTilmus>
        <brocadeBargeer>gradus</brocadeBargeer>
      </eerTilmus>
      <trigs edoni="ganzaChoreGorget48">
        <alibiSchemerEnsiles>riddler</alibiSchemerEnsiles>
      </trigs>
      <dannyDim ungraceWaupHens="acnes" cajanus="trickedIslandy">
        <jabberScenter>volcaeObv</jabberScenter>
      </dannyDim>
      <graft arachneTyposSully="ephapseTwigged">
        <beadily>renoirTigrinaPutons804</beadily>
      </graft>
      <codices>
        <dhenebCologsMoya>pinkyPabulum</dhenebCologsMoya>
      </codices>
    </plaitsEscapeBriary>
    <citessKayanMidis gilourOtomaco="kadein" whooRochet="trinityWileChorous" merises="81763">
      <scrotaTusked>howelLimas</scrotaTusked>
    </citessKayanMidis>
  </alterer>
  <cribbedQueristSubdie daydawnMusales="1579870" unsawn="pentaneMafurra9268" duarchKempt="joweryRiggald" dieterRecche="5">
    <reeky>
      <afaraCoaxal>kykeEarnsHarenut</afaraCoaxal>
    </reeky>
    <dureAberia barrowsDossierParang="2918520">
      <sets>heths</sets>
    </dureAberia>
    <parserFlights outtoilPalisfyLaetic="unwaterBearderKareau" coulieSadhu="forestsBegall">
      <snoodsGlyoxalGrossen>reposeRattonMollusc</snoodsGlyoxalGrossen>
      <uttersDismawCrimini caroledHoofrot="epicistCresiveSalpae">
        <vaunty>tripara</vaunty>
      </uttersDismawCrimini>
      <crivetzSwing>
        <hurlpitFlightyMimmock>turgent</hurlpitFlightyMimmock>
      </crivetzSwing>
      <solgelAscrivePurling waygangBlunkSauted="handselSweets" facerVellala="culpeoRatansChama">
        <iglesiaCisticEncoop>3</iglesiaCisticEncoop>
      </solgelAscrivePurling>
      <bottlerForlainNuzzles icelikeCeburGhafir="writterNellInkish" djinsSignior="foppery32">
        <seepScreamDramm>8868848</seepScreamDramm>
      </bottlerForlainNuzzles>
      <nickelsPeekingTwangy>
        <rapidsFlaming>ferrierBygoing</rapidsFlaming>
      </nickelsPeekingTwangy>
      <rodeos youngAglaosInstead="warworn">
        <decided>bavian</decided>
      </rodeos>
      <whisket>
        <echelon>bizantHernsPartite</echelon>
      </whisket>
    </parserFlights>
  </cribbedQueristSubdie>
</lawlessUnsnug>