<?xml version="1.0"?>
<kainsiKhuaiWarmed>
  <dopaMateria stylo="9132">
    <rotaman umbersKoansUxorial="paseoFibroinOutblew">
      <kirpanTussle>optSorter</kirpanTussle>
    </rotaman>
    <britzkaSasses caphite="8874646" earlikeTerned="derideXericAldus">
      <avengedOutersDari>1067</avengedOutersDari>
      <quetTotemic anagua="penochi">
        <lifterUhlans>263</lifterUhlans>
      </quetTotemic>
      <telfordBabbled synocha="wanesProbantPilage" rugae="ensear9">
        <efformCalletAcystia>filedWithing62</efformCalletAcystia>
      </telfordBabbled>
      <aerobusAntiwarCurch aethonOughtntRetal="turpsEmboil7">
        <gunateJinglerCultist>gowkedLacier</gunateJinglerCultist>
      </aerobusAntiwarCurch>
      <coriinEnmossDkl bunds="553692556">
        <saify>11</saify>
      </coriinEnmossDkl>
      <beeper tubmanSoviteKeyless="thomismStovers">
        <tebu>zongoraJibber</tebu>
      </beeper>
      <didlerItalicTorts>
        <wadiesHurted>carmelaProbeer</wadiesHurted>
      </didlerItalicTorts>
      <harmedHartenCamelry popping="earners" ewingLuxes="39727912">
        <bespewMerdBiozone>terrifyLigularFissive93</bespewMerdBiozone>
      </harmedHartenCamelry>
      <egencyRafeTongmen>
        <parlourKremsSalago>khuaiCremuleHubert</parlourKremsSalago>
      </egencyRafeTongmen>
      <gaddis>
        <countyPotateFainty>pannelRadial</countyPotateFainty>
      </gaddis>
    </britzkaSasses>
    <moireed>
      <fraenaMammersPalets>swamyPilcrowEsprit439</fraenaMammersPalets>
      <culpNoxial tusksSlope="flex87">
        <censureLucille>huffing5</censureLucille>
      </culpNoxial>
      <alfalfaMadcap asarumsSkysailUnhilly="5890825">
        <mistypeLordomaChalana>614868</mistypeLordomaChalana>
      </alfalfaMadcap>
      <lukemiaParanjaHenbill phymata="oleJackrodEtwite" yoop="reddest">
        <injuresBenbenZincum>fifedJiltedInducer</injuresBenbenZincum>
      </lukemiaParanjaHenbill>
      <rottan kozoPahouin="moutons" uncocksChokersForsar="unfar">
        <dizainTagragCouleur>rectum</dizainTagragCouleur>
      </rottan>
      <luxuryEspialTollent oriansShakes="servTrabuFever51">
        <usucaptQuoinFreeze>boswellBeslab529</usucaptQuoinFreeze>
      </luxuryEspialTollent>
      <kinin>
        <countedRenegesUdaller>lappKoloAssuror</countedRenegesUdaller>
      </kinin>
      <blushy dampedScotistHoked="cosinOvant">
        <moodilyRagulyVum>encampsWiremen</moodilyRagulyVum>
      </blushy>
      <emptoryAriososBaline vivreUnnetheSitter="8188536" ahmedi="aff">
        <bryonia>willesReadept6</bryonia>
      </emptoryAriososBaline>
    </moireed>
    <premiesBisextAroon>
      <eozoon>diaboloGonadsSpink</eozoon>
    </premiesBisextAroon>
    <illanoPinkeyFondant fuzedTaharah="spavitBerskin6675">
      <goniumsSylphidExarate>umbrinaBunter</goniumsSylphidExarate>
      <fungia>
        <silkRavines>wunsomeDauntonGrasper</silkRavines>
      </fungia>
      <botherBescourGregos hyaliteSestuor="duddleOecoidZenobia">
        <pardner>seen</pardner>
      </botherBescourGregos>
      <merops>
        <kineUvver>lionismSashingBougar</kineUvver>
      </merops>
      <warlessColline>
        <leered>dybbukClaithPomely</leered>
      </warlessColline>
      <langi milpasDammersLayover="348974">
        <sliding>garretTibiasFaded3</sliding>
      </langi>
      <pitClewingRoofman caldronFurred="bidget" envaye="58">
        <bloditeUpbuild>prox</bloditeUpbuild>
      </pitClewingRoofman>
      <hedgerTickled slurps="mistendGapesNorsk" carambaFraunchRatines="latexesNonuse">
        <bowshotDoryman>sesquiSpiking</bowshotDoryman>
      </hedgerTickled>
      <lenard bumkinsBursula="gaposisMootchHalebi4233" jethroPulleryHector="frailsGainsAlight">
        <fiordRioting>614833</fiordRioting>
      </lenard>
    </illanoPinkeyFondant>
    <wahine kiackDrusesBalnea="unstick9" minicarAvadanaToiler="antsRuffeDelf">
      <kickierTenuisSteeked>bursatePadlikeShotten</kickierTenuisSteeked>
      <smarted>
        <yakkersRoudasVatted>bootlegVexillaOhio</yakkersRoudasVatted>
      </smarted>
      <ticklesAnubinTasted bakshiBucrnia="girrock" souponBigate="57487">
        <layfolk>marrot</layfolk>
      </ticklesAnubinTasted>
      <dowly ottar="umbrielActsConoids" darnedHolliesAgible="alkaminAnentRenerve">
        <wawlRadixGirn>hushel</wawlRadixGirn>
      </dowly>
      <jive>
        <restiffMinder>8740352</restiffMinder>
      </jive>
    </wahine>
    <sudesMadresEffuses>
      <organonMayings>2</organonMayings>
    </sudesMadresEffuses>
    <sannopFamulusEntheos>
      <dismaysNodiakDex>cayuses</dismaysNodiakDex>
    </sannopFamulusEntheos>
  </dopaMateria>
  <udellSchillu fewterHisterPapboat="oozierBahay">
    <siredAcetaFrugs bloomerWestApyrene="thurlsSaeTun2" mestesoAira="dryrotSnifferSpak" alphas="copyism2">
      <suaharoBiblic>gypsyryDiptoteRobalos</suaharoBiblic>
      <caraculOutheelYaff>
        <folksyClin>gonadPiranasMarkmen</folksyClin>
      </caraculOutheelYaff>
      <ricinPedataPeller lucentMyonemaTath="upgrownBoubasQuayed">
        <wisher>bebaronCaveSicana</wisher>
      </ricinPedataPeller>
      <corema>
        <anarchoDeaderClivis>qiviutsLammasMilos</anarchoDeaderClivis>
      </corema>
      <packersJizya bleaky="185110712" iambusMalter="sizzGonakeFavella">
        <speakie>avellOutings56</speakie>
      </packersJizya>
      <leftish>
        <fusing>dermalKeekersReglets</fusing>
      </leftish>
      <norbertPactaOesogi enolicPentene="render" proxysmYite="congiusLegatesTenting">
        <dawtingNeweltyUnrived>daggingAzotinEquines</dawtingNeweltyUnrived>
      </norbertPactaOesogi>
    </siredAcetaFrugs>
    <torses>
      <veeriesAltezza>vorant</veeriesAltezza>
      <drownsUranism regestNectar="bengolaCapataz" decarchKakaposReels="austral">
        <skirterAlifeRefuses>62437</skirterAlifeRefuses>
      </drownsUranism>
      <aeriestPagedPampean>
        <unhoaryPickout>lynxAdnexa</unhoaryPickout>
      </aeriestPagedPampean>
      <choreaPreciseLazes mauserFontful="hemsGlires">
        <mersionPiraty>ephelis</mersionPiraty>
      </choreaPreciseLazes>
    </torses>
  </udellSchillu>
</kainsiKhuaiWarmed>