<?xml version="1.0"?>
<leeseRecast>
  <vorageUncramp redely="sniperSausage3" aciculaMabyer="caveLovefulRason">
    <disking>
      <pressie>chrottaChilkat4442</pressie>
      <lastexGruidaeDated madeiraLapsus="styliFellonMuscose">
        <obverseMautsJauks>gare</obverseMautsJauks>
      </lastexGruidaeDated>
      <armigerHyssopsNones cowgateArterin="2232170" swackedCacatua="homyBatman">
        <compost>kraUnsulky</compost>
      </armigerHyssopsNones>
      <geswarpIndultGown strawen="49" adosseeIncultAkali="miscCaterva14">
        <chimar>shouseSpivvy</chimar>
      </geswarpIndultGown>
      <fooledEbraick overbow="striveWagaunSovkhoz" sorghoJemezCedrate="musingsFactumLassock">
        <koswite>shredsMuang</koswite>
      </fooledEbraick>
      <priapicTattlerChewink stoolScraichMoola="56" akimboAniTangled="1115488">
        <gulTollSwims>fannel</gulTollSwims>
      </priapicTattlerChewink>
      <gagmen anglifyComal="10433858">
        <tizwin>sagathy</tizwin>
      </gagmen>
      <withy>
        <tubemanCogener>gashedHilloa</tubemanCogener>
      </withy>
    </disking>
    <recaps taggerMilosMonths="augRaglin" julius="affrayCaiteSennit">
      <fivesGrouper>panhead</fivesGrouper>
    </recaps>
    <hide>
      <nibber>515</nibber>
    </hide>
    <psalmed>
      <nuchal>ferdDetent87</nuchal>
    </psalmed>
    <toprope boutel="697659" beige="ravioliBroomedFumier">
      <churredDaybill>loess</churredDaybill>
      <greiges usefulMuslim="meakGoes2" soddy="jaukedUnruly4">
        <scripsSleerPassels>61</scripsSleerPassels>
      </greiges>
      <diaulosDrungarBywords lendingMuzzleGombos="2486" chien="34833938">
        <colureInditch>shewer</colureInditch>
      </diaulosDrungarBywords>
      <clerumResawed>
        <tripla>illumesBashedJinnee</tripla>
      </clerumResawed>
      <porkin tawnWracksCuprums="maidSakisGeom">
        <charm>chegoesCoff</charm>
      </porkin>
      <diademaDoves figgedAnnates="odorous" wawlingTumbekiTambur="nervureGnome">
        <cutlers>eosineGlennHydriad28</cutlers>
      </diademaDoves>
      <howbeitNurse naviesTollage="befogSmotherCranks" serean="571">
        <puckaGoosey>hydraseHanoi</puckaGoosey>
      </howbeitNurse>
      <loggie>
        <vangloSecutorGrutten>113763</vangloSecutorGrutten>
      </loggie>
      <grapedSayyidDisbars trois="pomelos98" refulge="crampedSiculi155">
        <kissingEpiceleIcica>ewers</kissingEpiceleIcica>
      </grapedSayyidDisbars>
    </toprope>
    <holards>
      <unroveCalcate>prunerLavrockProlan77</unroveCalcate>
      <strewed>
        <ambroid>guelphJustifySkookum</ambroid>
      </strewed>
      <spoken>
        <huggingRunrigBipont>centosAmydon</huggingRunrigBipont>
      </spoken>
    </holards>
  </vorageUncramp>
  <refileJuamave macho="wiggler" />
  <koffBelies>
    <vigonePujunanPrevail>
      <sennetsImpalas>264838</sennetsImpalas>
    </vigonePujunanPrevail>
    <afritJellifyBeheads flanchEntasiaMahua="plical">
      <pawnedFocusSlewed>17249419</pawnedFocusSlewed>
    </afritJellifyBeheads>
    <remarksDarklyCurvy>
      <thirdDrylyTanager>skidoosVenom</thirdDrylyTanager>
    </remarksDarklyCurvy>
    <saprinePlumulaOuranos>
      <talkierSsu>mbuba16</talkierSsu>
      <boorsSejeroFestine sinaeUnbush="serbdomFlintedCermet">
        <witessCuthealSpathed>tourneyLousierVerso</witessCuthealSpathed>
      </boorsSejeroFestine>
      <dowyCheek>
        <bindisSlavey>beastlyWoold</bindisSlavey>
      </dowyCheek>
      <upholds disrulyStonen="lamiaSprucesSpicous60">
        <picoid>3494403</picoid>
      </upholds>
      <bertram floran="yttriaSlowishEtta" snuffyGulamanSulfur="4472">
        <pixelUnisonTriamid>rissoaSiroc</pixelUnisonTriamid>
      </bertram>
    </saprinePlumulaOuranos>
    <bumickyBallataGreably>
      <pyreticKelderCenizo>yeld</pyreticKelderCenizo>
    </bumickyBallataGreably>
    <markmenShripCobbed>
      <regoMullein>pommado</regoMullein>
      <gimmalMabela nudistKinsmanToxical="fledgy">
        <gilly>9585</gilly>
      </gimmalMabela>
      <drachms sketchyHydrusTritone="succusCanelle" latimerDeunam="parpendDrabberKidding">
        <rhinoCopsole>ranklyGrabbed</rhinoCopsole>
      </drachms>
      <zygousWither vareFurazanZiarat="inradiiFezzesLeon">
        <ripsawPoplins>revete54</ripsawPoplins>
      </zygousWither>
      <airview fryerPompeii="quatres">
        <saps>urutuTankedMetis</saps>
      </airview>
      <fullomCristaeSpouter>
        <minkish>94002384</minkish>
      </fullomCristaeSpouter>
      <guessedStumblyCoppa camaligLugThan="90965">
        <yaffingDribbetForvay>saffronPeasonDuskish96</yaffingDribbetForvay>
      </guessedStumblyCoppa>
      <arabicaRealms creticHoggJicaque="swattedHerpesPterian4201">
        <wauks>apiiNimrodCurine</wauks>
      </arabicaRealms>
    </markmenShripCobbed>
    <barhopKasherGeggee>
      <tiglic>decime</tiglic>
      <simitar celebNeskhiYukon="peachJingleWolly372" sanicleBatta="whitter">
        <thermsCouchee>oometryGazee</thermsCouchee>
      </simitar>
      <tripsisNaipkin anagapSordesGauntry="nastierSpicalQuadrum">
        <gnarrs>fadgingToxemic</gnarrs>
      </tripsisNaipkin>
      <souping swungOngoingGalagos="rabatteRedoxMisenus">
        <apulian>rumpsDiverDozener</apulian>
      </souping>
      <bologna redox="egoists" pommadoPungiesAwrist="labrasThermel5124">
        <emongExhanceIdeally>maintop</emongExhanceIdeally>
      </bologna>
      <shacklyAweing>
        <quirksSmeekyMiddies>roquetsOneselfSheals</quirksSmeekyMiddies>
      </shacklyAweing>
      <pommeloSprylyBrachia salpoidTwiddly="muncher9" marianRebeccaGretel="abasicWinful">
        <freddyLycidSmally>melasTeenierShrewdy</freddyLycidSmally>
      </pommeloSprylyBrachia>
      <yoeUndaredArchaic daws="jerid">
        <semitae>tideMuscovi</semitae>
      </yoeUndaredArchaic>
      <salpas>
        <maynt>casedOddballTormen</maynt>
      </salpas>
    </barhopKasherGeggee>
    <yodhLogo>
      <incusKeyhole>lucibleYobi979</incusKeyhole>
      <rotchesViz pomate="ancle" thighedIcariaLaodah="immerit112">
        <feedersBeast>2</feedersBeast>
      </rotchesViz>
      <aullay ciseaux="jogglyOmphacy592">
        <heraudGardFibular>beauneBohemiaYese94</heraudGardFibular>
      </aullay>
      <folliesLeto rehoeLeafedLoudens="scapes" gillersPoroseDoodle="cinchedMafflinFluyt">
        <animiDraweeGrinnie>95428</animiDraweeGrinnie>
      </folliesLeto>
      <zapotecDorabHopple statedPrepsTactile="38" piacabaKarluk="cornuteBasts34">
        <bekingSestiad>tentletMisplay10</bekingSestiad>
      </zapotecDorabHopple>
      <punter doigtLatrobe="ouchLinkageTarries" globoidHakeems="salPapoulaTureen">
        <gonzaloReynardSeance>cakra</gonzaloReynardSeance>
      </punter>
    </yodhLogo>
  </koffBelies>
  <viewier>
    <pull woodCrubeen="becker" repas="versosSiloing" buzzersBosks="8">
      <helion>dinkaMinutesUndraw</helion>
    </pull>
    <fanfoot>
      <twinesPortendDoline>kukuiZiaratGarotes</twinesPortendDoline>
      <floutMucosaPoitrel svan="wrapFellers" posable="547">
        <crinJaegars>karitiMimiBandora</crinJaegars>
      </floutMucosaPoitrel>
      <stogieClotNais lustedMangiSicle="scultBiders">
        <aitesis>fermilaClavalChoom</aitesis>
      </stogieClotNais>
      <postils>
        <pallies>knappyTotara</pallies>
      </postils>
      <torrifyRehangMarrube raananArcuateGodsons="peewits" noerrorBenthosBromal="impotBifaraLophura6952">
        <yezMnage>36430</yezMnage>
      </torrifyRehangMarrube>
      <bajoccoLuterCarpal>
        <forlornDevvelFoemen>armletsSizier5</forlornDevvelFoemen>
      </bajoccoLuterCarpal>
      <haspingHeedfulForebow acacias="89346063">
        <yabuMuscow>plancerSnivelyDislade</yabuMuscow>
      </haspingHeedfulForebow>
      <bursterBrokeFulvid dicycleSocOdds="grontTriduam">
        <platerHarenutMurut>scaffyRileyForwean8678</platerHarenutMurut>
      </bursterBrokeFulvid>
      <odorize auritedWombed="thewed15">
        <robberyDisbaseAzurite>refilesLapdogBecuiba</robberyDisbaseAzurite>
      </odorize>
      <cabsBuggier messor="biopic">
        <marcosAttunes>theydFaltereMorian8</marcosAttunes>
      </cabsBuggier>
    </fanfoot>
    <haskyMerist>
      <iodinePoplarVastest>heiniesBarn</iodinePoplarVastest>
      <dowdiesPennia lemuridConicsUnfoxed="28">
        <duettedHowfsAlas>beamier</duettedHowfsAlas>
      </dowdiesPennia>
      <duskyForgabAlphol>
        <burntlyTolowa>robur</burntlyTolowa>
      </duskyForgabAlphol>
      <probe>
        <outrapAnisoin>9804</outrapAnisoin>
      </probe>
      <sluggy rumex="vogliteBraggerLegmen" satsumaAromaFrontal="hartsGlimmerUndines">
        <killcuDorbel>81</killcuDorbel>
      </sluggy>
      <pneumeUprest>
        <seponeCynodonManioca>scalperJawfoot</seponeCynodonManioca>
      </pneumeUprest>
    </haskyMerist>
  </viewier>
  <rerival jamdaniUtahReenter="dewworm" utmostsLibardPlock="onetime">
    <isedTempura>
      <alaSocagesDubby>rascalVillain</alaSocagesDubby>
      <cachrysTrios>
        <lorimerTenne>9242563</lorimerTenne>
      </cachrysTrios>
    </isedTempura>
    <baroqueWafer>
      <crabSapphoJocular>yoccoVomitedSaiga</crabSapphoJocular>
    </baroqueWafer>
    <brutalAwabi>
      <biskop>tumored7622</biskop>
      <dooketCroc exonianWorldly="pygoferCostata" gosplan="11600">
        <discaseAlexine>braize9127</discaseAlexine>
      </dooketCroc>
      <mammati cesura="melderObeyers">
        <pumicedVannaiJurats>deinosWulk</pumicedVannaiJurats>
      </mammati>
      <pranked shrame="shaheenUnbiasDomite">
        <keypad>viewsTiptops143</keypad>
      </pranked>
      <sleetStemona thecialBobcoat="gomastaCaffiso" luisenoVitialBallota="anoxicEquid">
        <combsEnterPsyllid>ewesTarosLingtow</combsEnterPsyllid>
      </sleetStemona>
    </brutalAwabi>
    <ulmariaUzaronOncin>
      <mallamAliaAnjan>braxiesCheckyDivet</mallamAliaAnjan>
    </ulmariaUzaronOncin>
    <patwinNuddHelvell noraSluig="dogmasReawokeCalking">
      <mtg>939</mtg>
    </patwinNuddHelvell>
    <gigletsCheaplyBillows properCleat="gobo" ghainDiobol="790323781">
      <unroostFilmier>commixt</unroostFilmier>
    </gigletsCheaplyBillows>
  </rerival>
  <pisgahSavingsLowered reeseSporid="scovelPinax" />
</leeseRecast>