<?xml version="1.0"?>
<dawdyFolioleFinance>
  <malmagMollVoila mitherPanakRetuned="4" mahsurOzoner="themaWinged">
    <swayerDuennasDasewe kurmiDernedSakeen="grecaleCumenyl" betimeYaboo="lorsAcarusLites">
      <mousilyAvouchKantela>franzyFetials</mousilyAvouchKantela>
      <sozlyStacey romper="empalesUnusageYuchi" balzaMurrain="eluviesClampedChits">
        <coedsOttawasOxhead>41</coedsOttawasOxhead>
      </sozlyStacey>
      <deluxeNork goralsSimeon="scupperRiposteChymist" rangers="pewyBogfern8047">
        <veriest>kadeinShent</veriest>
      </deluxeNork>
      <panman stiletRevestSuccisa="anthood">
        <cumenylUramil>catwoodReives</cumenylUramil>
      </panman>
      <sparkle cummockRetakenLuetic="outfleeCroc10">
        <unify>235</unify>
      </sparkle>
      <calombaMuller seisesMonaene="lerpPingePechili497">
        <locoShieldsMakuta>800</locoShieldsMakuta>
      </calombaMuller>
      <godship frizzed="hexagynPrudistPravity" unmoorsPostils="fatten">
        <sheltaMerciesTurnera>maomaoMolge</sheltaMerciesTurnera>
      </godship>
      <fungicStipendMakhzen degged="pachyma" jankFronted="737137107">
        <wingcut>3004</wingcut>
      </fungicStipendMakhzen>
    </swayerDuennasDasewe>
    <lucanSusciteBathkol ernesShimalUlitis="middledNardine" gyrousThratch="sitingLubberLicker" mowingJamnut="416665">
      <whankAndries>880191</whankAndries>
    </lucanSusciteBathkol>
    <babish selAncora="wishaWeiring" ideasAlbify="1635095" accuserSupremeGowl="chickerCowfish">
      <fugard>larixinTraship</fugard>
      <engBestainHogen gundyDoorba="deftestGonzoNodi" swailsDehort="leaverGloomthMiser">
        <verDauntKafiri>34</verDauntKafiri>
      </engBestainHogen>
      <ratineKhanjeeIcefish geminidSophist="arsinesOrpinesAholds">
        <beadedSawbackSeavy>unplant</beadedSawbackSeavy>
      </ratineKhanjeeIcefish>
      <theaterAwee johannQiviutNodulus="luiginiBoomingHormism" niseiTriduoDevex="maximinLingulaAequi76">
        <caught>vicugnaRasesSnouch</caught>
      </theaterAwee>
      <rouses>
        <illanunPieced>nullum</illanunPieced>
      </rouses>
      <thrymsaTasking>
        <testaoLeakier>letter</testaoLeakier>
      </thrymsaTasking>
      <hookedBothnicGoogul>
        <purpose>deisinCaecal</purpose>
      </hookedBothnicGoogul>
      <forhaleSmokedVersets ridgilsLof="9">
        <oatlikeAnguisApers>13543962</oatlikeAnguisApers>
      </forhaleSmokedVersets>
      <infuser gadgetyDuer="hypnum1">
        <stolae>thinkerTitianPiceous</stolae>
      </infuser>
      <tourersChalehTantrum amidinCommitsCobbra="367018">
        <keylet>firmityAlms25</keylet>
      </tourersChalehTantrum>
    </babish>
    <utinamMudar unhazyKelkChevvy="exultsOpalish" hybridsCtg="abasioTnpk5899" moralerGargolHemps="5">
      <toup>undight</toup>
    </utinamMudar>
    <tilmusMinorca>
      <bedizenWraptPietoso>rhedaBolomenMussed</bedizenWraptPietoso>
    </tilmusMinorca>
    <disshipChased>
      <canadaCypress>kurmiAlcayde475</canadaCypress>
    </disshipChased>
    <authorsFoulard>
      <crusterBobbin>3024230</crusterBobbin>
      <chidesPaynimAlias diazin="dreaded" thecla="419">
        <froggerHuggedTav>snyedDoffers</froggerHuggedTav>
      </chidesPaynimAlias>
      <mincingBougar>
        <unfamedCullets>reselfAnalyt</unfamedCullets>
      </mincingBougar>
      <impenFasola>
        <gantryLungersYechy>imperilLysedVoltes</gantryLungersYechy>
      </impenFasola>
      <deewansUpyardYarm oke="biduousOaterMesses">
        <cent>agrised</cent>
      </deewansUpyardYarm>
      <camusePurge>
        <sego>scotia</sego>
      </camusePurge>
    </authorsFoulard>
    <upwound>
      <gadgety>alispFoxery819</gadgety>
      <motor>
        <siniticHagged>turdAccloyAmomis</siniticHagged>
      </motor>
      <willblePureaynPlainer>
        <invite>252</invite>
      </willblePureaynPlainer>
      <latrias invades="59">
        <dingiesCoempts>siestas</dingiesCoempts>
      </latrias>
      <ploppedFinickTilting idlemenMidwardZoochem="boiloffGroughGanza" shadowyViking="blousesPhylumJiffies">
        <xenium>94759479</xenium>
      </ploppedFinickTilting>
      <collarTundra boaganeZenith="16316" cinchaMarangNagaika="olibeneBasogaPaddock7">
        <refletUteIlot>myst</refletUteIlot>
      </collarTundra>
      <prosed>
        <begats>sandkeyAthensKillese</begats>
      </prosed>
      <gapeUnstung>
        <hooterColoursDaks>ergotic477</hooterColoursDaks>
      </gapeUnstung>
      <manchu>
        <spiffyMecateCarbene>chimpEndew</spiffyMecateCarbene>
      </manchu>
    </upwound>
    <lining>
      <jclAdossed>loaves6768</jclAdossed>
    </lining>
    <deggingJahve jabersGuidsPurge="1660" banagoKails="remixes" filmsLumpAlack="1758">
      <popperJapers>acequiaEuodicSetose</popperJapers>
      <streep oestrus="gudameKingrow">
        <turco>phonalAldazinSororal</turco>
      </streep>
    </deggingJahve>
    <rosetanHomo>
      <radsCentrev>kamiyaUnsays</radsCentrev>
      <halsPettle>
        <halberd>10280748</halberd>
      </halsPettle>
      <miasmBabbledBowssen>
        <septimeHollockLabeled>692836317</septimeHollockLabeled>
      </miasmBabbledBowssen>
      <unnobleBliniExits depePushpinHagenia="yeardTableEfflux" unevenBegeckBadhan="uncate">
        <idlesetGougerVaseful>thorons</idlesetGougerVaseful>
      </unnobleBliniExits>
    </rosetanHomo>
    <yetiSadleirReputes tamanu="deodateMbuba" pericu="trillerTeargas">
      <angusesVilhelmTrench>wyeAdicity</angusesVilhelmTrench>
    </yetiSadleirReputes>
    <laciestSlimlyAheap>
      <sicesMeguilp>731</sicesMeguilp>
      <licker sicsAlgarad="swattedTagetes" kerrilKurtaOgle="azured">
        <shuntsBonking>bringsNyanjaRegna</shuntsBonking>
      </licker>
      <frivolScissil>
        <penultRigging>kandeDelisMeith</penultRigging>
      </frivolScissil>
      <forgat>
        <eaverChasten>5958391</eaverChasten>
      </forgat>
    </laciestSlimlyAheap>
  </malmagMollVoila>
  <agamic crannogDemaree="238424">
    <shads>
      <stib>fleuretOchreae</stib>
      <healthKerbingLurcher illites="skysTomjon" braille="pecklyBeluteKendna6">
        <swearer>nunningReifierSuburbs</swearer>
      </healthKerbingLurcher>
      <wrylyCollar cahuyAvatarsTapers="redrawVersion">
        <brieredSatsop>puttiedJaponicPoultry</brieredSatsop>
      </wrylyCollar>
      <netlikeLunka>
        <wearArcsStuffs>sankhyaBattiksYeggs</wearArcsStuffs>
      </netlikeLunka>
      <capsidGagee bkgMoanChayote="richestSmurryGrantor" kyklops="sensed89">
        <theciumHamsa>pshavLeadout</theciumHamsa>
      </capsidGagee>
      <mythoi bookishBombast="virlTerai" killjoySlotman="abjudgeInbread">
        <elflockStorken>evicteeSard3941</elflockStorken>
      </mythoi>
      <alluvia pleurasLikes="pretax" bridieContraVili="razeed">
        <aggiesYonisCorsy>chockerFibril7</aggiesYonisCorsy>
      </alluvia>
      <umbra pelissePaybox="broghRozener" beest="421069542">
        <amaasEcdyses>friendsTetum</amaasEcdyses>
      </umbra>
      <dudeensEnkiWooer kafaDibbers="pottagy">
        <haunterFilet>thaliaAbbayeSmouch</haunterFilet>
      </dudeensEnkiWooer>
    </shads>
    <gyokuroDiction latonaStenionFleered="assbaaZoilist" quitelyPlaudit="kenyaDibber">
      <quiniteSendersSpurner>kibbler7</quiniteSendersSpurner>
      <propelCalydon platodeWatteauEggy="pelletyHunchetTanzeb" belfryHealersUsable="42371153">
        <heftsBenic>vanistTweedVisita</heftsBenic>
      </propelCalydon>
      <hughes jesuist="sporid">
        <steniaBestraw>suldanElricAnoesia</steniaBestraw>
      </hughes>
      <wascoCretics shortieNetts="screetWinbrow9">
        <mnesicGitoninLargo>97660</mnesicGitoninLargo>
      </wascoCretics>
      <boxenFreesiaSperm>
        <thecal>852206</thecal>
      </boxenFreesiaSperm>
      <rtiWorkup wadlikeCaster="upflung">
        <telegasUnsexPilfer>4068539</telegasUnsexPilfer>
      </rtiWorkup>
      <becivet>
        <trestUrtical>saviour</trestUrtical>
      </becivet>
    </gyokuroDiction>
    <stowGenappeHugonis>
      <wenonahSpiegelArmseye>tesvinoEmsTangent</wenonahSpiegelArmseye>
      <flueyMuntPridian corpseIocs="76765">
        <gruelsTundra>consignBinocleMobed</gruelsTundra>
      </flueyMuntPridian>
      <sootied arcoWinly="utrechtMolaveGosling" swageFeeds="251637">
        <whatna>ideanCupelerKidsman7</whatna>
      </sootied>
      <kmel casper="oregoniCrosnes" tribaseRereignPintas="ensmallGullBailer">
        <quipo>dowdierInbbred54</quipo>
      </kmel>
    </stowGenappeHugonis>
    <recropTradal dapichoIniomeOstrea="skullsHarkeeEmbolon" coroaCoxite="trionym" imperiaOsmond="chequeZizany">
      <oquassaCalvary>hostessChildesPituri</oquassaCalvary>
      <cuboidMunsifRiffian>
        <hoorahAmayYodles>660</hoorahAmayYodles>
      </cuboidMunsifRiffian>
      <seoul>
        <gigues>crunkle</gigues>
      </seoul>
      <fuzee boatmanSemmet="guyana" niantic="iberisJadded">
        <dyphoneRougingMeloe>urnfulsTailorsLamps</dyphoneRougingMeloe>
      </fuzee>
      <skere>
        <sheikhsLophinEjoo>entomTegmineAbsmho</sheikhsLophinEjoo>
      </skere>
      <wheaty diadromJesu="relicSheafsGaonate" daube="entheosScallMotif">
        <scopine>blomanHalversPapaver6784</scopine>
      </wheaty>
      <yoghurt weedBowtell="subpartCrampedRope">
        <aheapVentral>impregn54</aheapVentral>
      </yoghurt>
    </recropTradal>
    <inciseWingate saip="stalin">
      <dambose>blarnidAueto</dambose>
    </inciseWingate>
    <pogromRearise>
      <epochOpimian>powdersPulped6137</epochOpimian>
    </pogromRearise>
    <actiousTallow arylate="bespend514" comelyDeva="7">
      <toecapGothicsTimbal>oxidiseAmoroso</toecapGothicsTimbal>
    </actiousTallow>
  </agamic>
  <tearierCampody rilletTestoneSpits="gaulGrosse" rundelSarrowScare="snared" solerSoarsFleets="reliersIndoxylTraheen" misceDiter="wairepoTalkie" />
  <druidsYeasty />
  <lodgeTawney estraysGranet="heinousSauteur" amuzzleCatingDrest="4494591" lobsPitmansOpata="bangle">
    <vicingShrivel>
      <buqshaDaggaEngine>170</buqshaDaggaEngine>
    </vicingShrivel>
    <bruceCsardasAlow makahPeeringOarsman="gunjAmend85">
      <tauted>8</tauted>
      <mitosisNutantGotch bonorumPrats="freaky">
        <estopHelper>istoke</estopHelper>
      </mitosisNutantGotch>
      <sancho sacralStouterRuddle="lavic" curshipDelving="727906">
        <fragileSpiller>pallBean</fragileSpiller>
      </sancho>
      <bemoultSybow>
        <impugnsAnselm>pending</impugnsAnselm>
      </bemoultSybow>
      <yowlingMatchetTecum>
        <npeelHafting>8</npeelHafting>
      </yowlingMatchetTecum>
    </bruceCsardasAlow>
    <leonine>
      <dismastVerdiAsitia>7591463</dismastVerdiAsitia>
    </leonine>
    <letoffTerWishful>
      <domal>tootles8013</domal>
      <bilandRimrockSalivan pricksEstray="supes">
        <agouta>recordCumbent</agouta>
      </bilandRimrockSalivan>
      <stairyOgboni azimene="tyrosOlefineBlunter">
        <baitingUnslyly>snithyXylonicDiv3469</baitingUnslyly>
      </stairyOgboni>
    </letoffTerWishful>
  </lodgeTawney>
</dawdyFolioleFinance>