<?xml version="1.0"?>
<fallacy>
  <aye benzineNantsTinsel="howlersDiebHachure" dykedTwaite="monodon" compte="congee220" conuleSidebarBewept="reroseSyphonsBonce">
    <munjeet antacidDebauch="newnessWaiata396">
      <coldishLexica>arabin</coldishLexica>
    </munjeet>
    <reknock notcherIntuit="etc" russetyBeclawIracund="34" radome="lauterGlazierHurrock">
      <upstemCandiesSkycap>1546784</upstemCandiesSkycap>
      <trebleRaptlyTipster>
        <duckishAviator>mediaThighsNotates</duckishAviator>
      </trebleRaptlyTipster>
      <tiftKohlan papaws="orante" grossen="hont">
        <cinctBriosVetch>generalYeared</cinctBriosVetch>
      </tiftKohlan>
      <splenic>
        <stokerPappusDekkos>doffsCocytusSpars</stokerPappusDekkos>
      </splenic>
      <oversawBreadthBania>
        <guacicoGimletsHylidae>gentleBam</guacicoGimletsHylidae>
      </oversawBreadthBania>
      <outfled tribesCostal="spurred">
        <grinder>barnUgsome</grinder>
      </outfled>
      <aspectZoolite>
        <gosplanStrobes>conandAgonesSulphur</gosplanStrobes>
      </aspectZoolite>
      <brouzeOospore>
        <maidy>sisten</maidy>
      </brouzeOospore>
    </reknock>
    <perryHoarierRemercy>
      <mitanniBialys>frogleg</mitanniBialys>
      <blasted firedogSoubise="429" tyromaAitesis="decare">
        <abuttedMarkoOdeon>toroidHodman8249</abuttedMarkoOdeon>
      </blasted>
      <slavismSamarraDaisy parrahHeppen="vallarWhillSawali" araceGlobs="flemingNonprosChang">
        <squizPardineImband>arderNiels</squizPardineImband>
      </slavismSamarraDaisy>
      <ondatraMadhabInroads slammer="464284">
        <cormoid>quittedOutleap</cormoid>
      </ondatraMadhabInroads>
      <typhia tntSermons="donnickValkyrNaf537" labrasCollins="waxweedHuddler">
        <amastia>amuguisTouzledPiloti7592</amastia>
      </typhia>
      <minhagRevalue guestsBouleSewery="chieftyLychees">
        <zingani>minoizeTentionTemples</zingani>
      </minhagRevalue>
      <jasies>
        <pterinsMoles>nakhod2</pterinsMoles>
      </jasies>
    </perryHoarierRemercy>
    <valoniaRummily>
      <phonateWasheryOcneria>dacite</phonateWasheryOcneria>
    </valoniaRummily>
    <liturgyPrimulaPernod>
      <operonsWordmen>resow</operonsWordmen>
      <annoSupra>
        <posoleColleyDevall>7653724</posoleColleyDevall>
      </annoSupra>
      <ailsyteTawhidJangkar jugulum="aestiveKamika47">
        <unfrockLashornHalibiu>coronetReworeSwinely</unfrockLashornHalibiu>
      </ailsyteTawhidJangkar>
      <calkageDiswereKantar fickleFoussaNamed="arachUnhorse">
        <bandyYuftEnamels>bundeli5909</bandyYuftEnamels>
      </calkageDiswereKantar>
      <typeDogmasSocko prepaysCusping="deep">
        <zarebasDespectSoh>diked</zarebasDespectSoh>
      </typeDogmasSocko>
      <fusticsWobblerPledgee pealed="peekUnleadsAccinge">
        <schwarzSeidels>rickingLapling</schwarzSeidels>
      </fusticsWobblerPledgee>
      <logesJuicy>
        <tituliJaunceAnagua>catsBultell</tituliJaunceAnagua>
      </logesJuicy>
      <umbraeToyThecate>
        <abdiel>ingulfLoafersLapides</abdiel>
      </umbraeToyThecate>
      <bimahsFraser>
        <exonianAphonyOutbake>tackles</exonianAphonyOutbake>
      </bimahsFraser>
    </liturgyPrimulaPernod>
    <capetteAnabolyBungy>
      <yok>relesGowdnie</yok>
      <lamusSeems>
        <vellum>29</vellum>
      </lamusSeems>
      <naphthoStartsPunner siresMazurMoonman="8332356">
        <musherGreens>prius</musherGreens>
      </naphthoStartsPunner>
      <azuliteBiblicHugely johnnie="moldsCavernsPactum7603" bermes="prisereUpsmiteStomack">
        <baalimStopwayPpi>puttedAnsarie</baalimStopwayPpi>
      </azuliteBiblicHugely>
      <swatheGadgets hearersJambulHyrst="smoutMecum">
        <fingallLambkin>cajolesFeuder</fingallLambkin>
      </swatheGadgets>
    </capetteAnabolyBungy>
    <semibay>
      <boding>ichoAntar</boding>
    </semibay>
    <jardeDoltAlloyed>
      <stum>evasiveWorserAmala</stum>
      <rfzSprogue>
        <mimeosInarch>fatting</mimeosInarch>
      </rfzSprogue>
      <archeryWordily offscumScase="granageInventBanaba" faienceLacedCamped="celtdomScabiaDopper">
        <cassadaOuch>mulattoCholentDernly</cassadaOuch>
      </archeryWordily>
      <domy subsaleMalmsVolency="508320">
        <atroce>321</atroce>
      </domy>
      <loriot>
        <faenaPongidHalala>haidan</faenaPongidHalala>
      </loriot>
    </jardeDoltAlloyed>
    <bondersRemolds reblend="68998">
      <vibist>calpacsSolnModal9135</vibist>
    </bondersRemolds>
    <cringe>
      <absiCattedZonite>eyebeam</absiCattedZonite>
      <alvine savourRakeesLaevo="hylean" wunner="captateDrawoff">
        <bactNested>twilled</bactNested>
      </alvine>
      <raspite monimia="disringRattly" cambium="drier">
        <lowboy>250815</lowboy>
      </raspite>
      <jumbieAbsurd reimply="chrisBaclava">
        <thibleSlurbs>manrentClongPlaited</thibleSlurbs>
      </jumbieAbsurd>
    </cringe>
    <partlet>
      <nomismaMoltsNemesia>khivanCenterWivern</nomismaMoltsNemesia>
      <iambiKasha>
        <kunai>cordeauEnclasp</kunai>
      </iambiKasha>
      <jujitsu planter="gremmiePararek" alap="temper">
        <tardily>unsadly</tardily>
      </jujitsu>
      <feazed saunasReaver="orcsAulderUnhad">
        <prytheeCrops>grumphyLirellaUnshout</prytheeCrops>
      </feazed>
      <caphiteTavastDobrao pollamGushily="emic24" lipperEmrode="puleynOpiaticFecche">
        <skeletWhoosh>kryptolRetailSteg</skeletWhoosh>
      </caphiteTavastDobrao>
      <swamiesFoudAddison>
        <whill>endited</whill>
      </swamiesFoudAddison>
    </partlet>
    <samhNilgais>
      <tongmenAssize>seniorsSlay</tongmenAssize>
      <jonquil jinkersRoomingHeadway="dunnest" dornicHickNeth="dungHuraOvermen">
        <bartersRoamageGavia>38</bartersRoamageGavia>
      </jonquil>
      <olds chapletCaudaePimaric="4">
        <ganguesBulimicPillas>gripey</ganguesBulimicPillas>
      </olds>
    </samhNilgais>
  </aye>
  <aruDigraph>
    <havesSundown timbiraApodousFannier="facula">
      <hespel>ensateThrack</hespel>
      <gradinPlodge unslaveSummistFellest="pearled64">
        <douchesWithoutDozen>tortieLeggyStarred</douchesWithoutDozen>
      </gradinPlodge>
      <bugeyedGunsel spingelLifeIleuses="20125611" garbler="garages">
        <rubbled>routsRoes</rubbled>
      </bugeyedGunsel>
      <exshipTushes balanid="sipapuDiadromCastles" smytrieHamboneBuchu="outwork">
        <ceroDropNigrify>phenyShark</ceroDropNigrify>
      </exshipTushes>
    </havesSundown>
    <primer>
      <octylJacanas>pokuntSkelps</octylJacanas>
    </primer>
    <junks unamply="hautain" mahdistCmdg="coffeeAggroDished">
      <vilhelmAstroseMyron>80144</vilhelmAstroseMyron>
    </junks>
    <heckTannidAzurean mamminPerau="scamsJagged" sheughsBatis="outbarCheezitKab">
      <lieueTraik>quell</lieueTraik>
    </heckTannidAzurean>
    <alleveMalices sumphyUntreadGloea="unbodyLigures" swinker="skerretAnnealsUnbone" floodedHoghead="sheenedUpgape">
      <toadierIsurus>camiasAlbas87</toadierIsurus>
    </alleveMalices>
    <norgineScruftDining>
      <croupePhellem>20545</croupePhellem>
    </norgineScruftDining>
  </aruDigraph>
  <manxmanCondyleLowbred urarisCtr="bonkersEagledUpfloat" />
  <rapido unstrap="sleepySnarksBallons9161" sylene="liminal" />
  <desmoseBalaic hansomFedayeePudiano="suberic" poundAnviled="gimping" hepatic="141" clionaVicunaBaaskap="5419493">
    <stuntsPhilipFingal>
      <cadereKainsi>59</cadereKainsi>
    </stuntsPhilipFingal>
    <malleinLyon>
      <bilaan>lulavim</bilaan>
      <gerontoEmprimeQuaich pfd="toxinHydrantCowboy">
        <rassled>9</rassled>
      </gerontoEmprimeQuaich>
      <nassaSoorkiInunct laotian="998468" crocine="bryonyMuesliPiligan">
        <tuggersTangerLooter>brickedUnmerge</tuggersTangerLooter>
      </nassaSoorkiInunct>
    </malleinLyon>
    <macuca>
      <rumpsLensmen>cutoffs</rumpsLensmen>
    </macuca>
    <lamePazaree>
      <mithers>880</mithers>
    </lamePazaree>
    <josherSwales>
      <firmingTuant>taverTormae</firmingTuant>
    </josherSwales>
    <foibleItmoFizzer>
      <nontanCoonierOriency>turcoisToxiferBryndza</nontanCoonierOriency>
    </foibleItmoFizzer>
    <sync>
      <dirtyVerd>leg731</dirtyVerd>
      <urubuCribral sideageHymnodyBilder="psoitis">
        <coltersFiry>officeTeasyRulers5195</coltersFiry>
      </urubuCribral>
      <nielloSessionActu worldsDebellKareeta="hurriBesteer49">
        <daucusClootiePilar>boorishCalceusEkka</daucusClootiePilar>
      </nielloSessionActu>
      <trompilKugel>
        <wryingPsalmUnring>793490744</wryingPsalmUnring>
      </trompilKugel>
    </sync>
    <hulchMunitedHexade>
      <jochAxe>pilar</jochAxe>
      <dietary apoda="pulli637" sabanut="sepiaryDamnitDawks">
        <davit>eyeseedPales</davit>
      </dietary>
      <toxamin auntGuffMattin="cayusesEvillerCalling">
        <ansaeExodosAggies>ridgelSull</ansaeExodosAggies>
      </toxamin>
      <filmdomAdipsicBourg>
        <shootsPooly>harreLaziest</shootsPooly>
      </filmdomAdipsicBourg>
      <craniad misstay="aucaNasionCrocker">
        <shelfyNarceinSilanga>jumbledSaulge</shelfyNarceinSilanga>
      </craniad>
      <shovedFangle>
        <kosha>ciboule</kosha>
      </shovedFangle>
      <sav wetsuitBillonSootily="diau">
        <sadiTrifoil>unrayDouble</sadiTrifoil>
      </sav>
      <ker>
        <snebLabored>crouche</snebLabored>
      </ker>
      <topiaryBoxful>
        <builded>2</builded>
      </topiaryBoxful>
    </hulchMunitedHexade>
    <pagrusSheth barkleCoftCorv="8" sissu="dejectRosalyn">
      <kwachasSalusTrop>cowkineNestler</kwachasSalusTrop>
    </pagrusSheth>
    <umpirerGriqua>
      <thurlRadios>algeriaDugal488</thurlRadios>
      <spinesHarpAutarch hirse="comperePhilicLabredt" rebring="plant">
        <paling>numbatSquushTournee</paling>
      </spinesHarpAutarch>
      <hoarilyIffiestSlotter>
        <ordealsEgards>wester</ordealsEgards>
      </hoarilyIffiestSlotter>
      <wakenKiowa forgedAvidity="famedOna">
        <drapes>wytedOther1400</drapes>
      </wakenKiowa>
      <teucri blocked="sagsSurnay" unregal="corkirCaressOater">
        <tiffinsDetain>gaeldom</tiffinsDetain>
      </teucri>
    </umpirerGriqua>
    <comfitWooldedKuba>
      <aliundeToluido>58957</aliundeToluido>
    </comfitWooldedKuba>
    <fucused poetsFlimsyCokey="tenoreSmaltos">
      <amourVahanaSeclude>5324</amourVahanaSeclude>
      <smacked epithemFunkersInanest="tonkAlatedFumous93">
        <spoofEuphuesGoggles>rpmProthyl</spoofEuphuesGoggles>
      </smacked>
      <xylitePumiceAlameda>
        <borak>jitteryBoultelTaminy1</borak>
      </xylitePumiceAlameda>
      <clamourReelIdigbo>
        <hansoms>stoothGowlandInosite</hansoms>
      </clamourReelIdigbo>
      <waffedKekchiFlaring vixensEuphon="twiceUndean" seducedSnog="712">
        <clement>zymosesScars</clement>
      </waffedKekchiFlaring>
      <cumaruClashy smecticZedsJivaran="blaykTolidin" retort="tekedye">
        <birsesPapyri>ima</birsesPapyri>
      </cumaruClashy>
      <malayanGermansHogfish nailrod="becapsBajoire" antisexLunkers="speltsJarool">
        <lathTanked>532384033</lathTanked>
      </malayanGermansHogfish>
      <tubbish cuinageTurtledMilko="onlepy9" yarwhipBedbugs="moskAbort">
        <dogrib>70982</dogrib>
      </tubbish>
      <drachenFidalgoRut>
        <ling>sirens761</ling>
      </drachenFidalgoRut>
    </fucused>
  </desmoseBalaic>
  <bowerUnbold spaheeMantidsDrawing="cliffedMistalBelace">
    <dozzled nefShean="naugerRicinicCrumena" sulfurs="gules">
      <fortinConfute>vomitoHitch</fortinConfute>
    </dozzled>
  </bowerUnbold>
  <noahic edison="tains" dacoitsGullerySobby="shishyaRort" formylClodsSockets="neanicBesteadFactful" abimeArbustaBikes="37150" />
  <roddingJocant />
</fallacy>