<?xml version="1.0"?>
<khadiCeladon>
  <rowedLimners arboryScaryCroc="extraitFlonChatti" bepart="judicia" alophas="potmen7781" />
  <lawn pimUnlockGroove="rwdSwine9">
    <cabookPlayFooyung>
      <skuseAdjustsBasally>427566</skuseAdjustsBasally>
    </cabookPlayFooyung>
    <daphnisZemni>
      <roundyGothishGoading>spurnedPenmen</roundyGothishGoading>
    </daphnisZemni>
    <miliaDeplaneAmala bebotchErodingHorace="cores5485" schmalz="4" nanpieBrasque="gallianSkiesTatian">
      <cacti>loofaCrispinEugenia</cacti>
      <syrphidTernary>
        <roachAvocets>xylemsCsc</roachAvocets>
      </syrphidTernary>
      <celom rotches="sinewyTicticInc">
        <calcompTronUltime>8368</calcompTronUltime>
      </celom>
    </miliaDeplaneAmala>
    <hamulusBogueRadars plotch="mangabyUpsuckMegger" warily="turtlesDiswontHalve" loaferWaddedCoco="nonuseSwivelSougher">
      <alnicoEagled>tubemanPetwood3113</alnicoEagled>
    </hamulusBogueRadars>
    <ruinLassiesOilers>
      <fanonsPufflet>ferrHumbirdStevan</fanonsPufflet>
      <bovverVitrina booing="gliaNocturnRaster">
        <benimRobles>slobs</benimRobles>
      </bovverVitrina>
      <jewlessSugarerOpenly risenCuriumBot="intrant">
        <myeloma>76520222</myeloma>
      </jewlessSugarerOpenly>
      <salinesClosetWilfred upbelch="1" drabby="wall9216">
        <ozaenaKylix>homager</ozaenaKylix>
      </salinesClosetWilfred>
      <slakeMaumeeSpume heyratHova="5325875">
        <hanking>lawmenWaubeen</hanking>
      </slakeMaumeeSpume>
      <ladled ouabain="udaller">
        <hagworm>misshipBaisMizzles</hagworm>
      </ladled>
      <surahiSexist sundialDioti="77712224">
        <bonsoirClaxonWhoot>gambet</bonsoirClaxonWhoot>
      </surahiSexist>
      <taking sorelExcitor="55740">
        <reswage>2748</reswage>
      </taking>
    </ruinLassiesOilers>
    <artful eweriesSquelch="shrillGyricMisture">
      <basksBandora>dodd</basksBandora>
      <disgulfPilchLumpman upgangBeeveVum="subiyaWeenong">
        <hiederJoiningCesious>crouthCleptUpstare</hiederJoiningCesious>
      </disgulfPilchLumpman>
      <diswont rabbanProrean="hurley" lettic="regdBecheCorvoid">
        <reinterMungaBezel>ropaniEntrep</reinterMungaBezel>
      </diswont>
      <regin>
        <jeffAkeakeTriduan>cornice</jeffAkeakeTriduan>
      </regin>
      <duras hyperonHabitus="natFreq6307">
        <orlesAzured>blotch</orlesAzured>
      </duras>
      <himselfCornel tubersNoddersFere="stowpsBonders" hintedTarpan="stygian">
        <tags>184072143</tags>
      </himselfCornel>
      <heumiteRasant erdSleavesInclusa="ortyx" bluffySavatesTukulor="levee">
        <courieCresPlumule>aero</courieCresPlumule>
      </heumiteRasant>
      <valence>
        <pagineSpayadServoed>gondMalgreMalam</pagineSpayadServoed>
      </valence>
      <kapokPateriaFlambee recitShroffsSpoored="sirexUnsteck">
        <twaiteCocuisa>67</twaiteCocuisa>
      </kapokPateriaFlambee>
      <disourSutoriaJazzier fundsWiriestQuittal="weiringMoneyedDarkly" fungousMildly="gobberNumblyTace">
        <viewyRancorsEnglish>issuersExulate</viewyRancorsEnglish>
      </disourSutoriaJazzier>
    </artful>
  </lawn>
  <riblikeGeniusNaebody hysonGltSleaves="unesco" chizzPeriapt="gigsterTsadisDoggish637" koasMarliteAmphide="bundoc6085" biblusBassosEgoist="chezBasally" />
  <froggedAbregeAccinge surdityAkasha="rethink" senit="76104452" bebusy="beadeyeBlatherAnoure">
    <kapuka>
      <epsomBikers>fleingDrenchLambadi</epsomBikers>
    </kapuka>
    <aldrin majesty="destourDayman4147" gigas="withteeShelfRetched" atelierSabalo="bpt">
      <copraMatronsBestand>geasterDruidry</copraMatronsBestand>
    </aldrin>
    <crazesOmens>
      <zingersStigmes>ungoldDuskier</zingersStigmes>
    </crazesOmens>
    <joyleafOrlandoAftaba>
      <txtElanKrimmer>mainlyColicsDisbud</txtElanKrimmer>
    </joyleafOrlandoAftaba>
    <brasier>
      <randonLumper>barbets</randonLumper>
    </brasier>
    <xenomiTartryl>
      <drollLimpish>mossierRaggleRomyko</drollLimpish>
    </xenomiTartryl>
    <raxingOxonianCresset carverOrfgildFlorins="pullingChewsHaskard" foxfish="35908669" misplayHissingDuets="320">
      <cozenedSicarii>spydomOlivier</cozenedSicarii>
    </raxingOxonianCresset>
    <abovesGarbedShuteye>
      <fulleryMoolum>16813413</fulleryMoolum>
    </abovesGarbedShuteye>
    <flyschApnoeas>
      <figuredPeppinCaroid>972750247</figuredPeppinCaroid>
      <nazir>
        <jerkedTeest>sludgeSuppedSwingel</jerkedTeest>
      </nazir>
      <puxy cotinga="chuttieTeams" unheadyCondyle="shoaledGatewayDotlet">
        <eddicSativaeTepe>sarsenPastels</eddicSativaeTepe>
      </puxy>
      <riffianTampur coheadsDolmasVet="532" retiesArdeliaEntete="malpaisComradoRepaper">
        <makadoo>unlived3</makadoo>
      </riffianTampur>
      <farsetTappet brakierGuitars="cerateBarfly">
        <vizslasRubblesWaffle>89356</vizslasRubblesWaffle>
      </farsetTappet>
      <scowderAtimon octopodRhexiaZincy="945699" aspishShruffWaeness="emplumeBaobabsShnook">
        <maam>feralOospore</maam>
      </scowderAtimon>
      <ericoid>
        <bylinerPinaMomma>bravure</bylinerPinaMomma>
      </ericoid>
      <hexanalZoeaAdapter corrigeDuckyNozzles="midway">
        <diffJasioneMassoy>usuaryAllyingAngular</diffJasioneMassoy>
      </hexanalZoeaAdapter>
    </flyschApnoeas>
    <theredSurdity>
      <rfbRebook>863</rfbRebook>
      <comets>
        <skiddooConsulCirque>stourlyChitty</skiddooConsulCirque>
      </comets>
      <asfast>
        <effordIsmatic>kakapoImposts</effordIsmatic>
      </asfast>
      <lineKaasFellon>
        <sib>3</sib>
      </lineKaasFellon>
      <lasers caryaStgeBulbose="secederKerflapFingall">
        <cartIdemWaltzed>4450866</cartIdemWaltzed>
      </lasers>
      <justenOctadicOutbred>
        <seatedGeloseEndued>synch</seatedGeloseEndued>
      </justenOctadicOutbred>
      <squiresMirksAfore tepidMearVaalite="ocoteChubbedModest" sparkyBehewUpshut="budsClarke84">
        <rosland>71590</rosland>
      </squiresMirksAfore>
      <misplayLauric gledsBruet="stutterShrogs" cliniaEscribeAdieux="unriped">
        <ideallyChyazicFissive>caceiUrtextParbake</ideallyChyazicFissive>
      </misplayLauric>
      <saicExtbookSeeing regrownRecepts="pflag1">
        <gowlanTippeeHumate>satangsRockers</gowlanTippeeHumate>
      </saicExtbookSeeing>
    </theredSurdity>
  </froggedAbregeAccinge>
</khadiCeladon>