<?xml version="1.0"?>
<vidonia>
  <melange shrillyGillers="refusesRepew" />
  <bromize yetterDecedeQuartan="duntle" rigs="durocs" kbar="cuddled437" />
  <gogletsSfumato cerasus="9" fangleRehemsVirgula="nanger" />
  <schemerSendsPanda />
  <indorseHygeenConcile>
    <ufologyMecca>
      <yfacksNookies>kelchynWino</yfacksNookies>
    </ufologyMecca>
  </indorseHygeenConcile>
  <incuseLiverySomner logeionMatokeGuy="sagest" fuderMyxemia="283906493">
    <hexaneZoism>
      <penmanLegendsLoka>pint</penmanLegendsLoka>
    </hexaneZoism>
    <humphs douched="7" amidoApodia="huscarlOutfootCremant">
      <cassadyDaciticDinomys>88</cassadyDaciticDinomys>
    </humphs>
    <conchyCatchup>
      <clinium>pyallaRetomb</clinium>
    </conchyCatchup>
    <fibsParent>
      <pius>yabbyConjonRebone9851</pius>
    </fibsParent>
    <sliveBhotiyaWharf>
      <plauditZapped>meriterSmaragdSmokier61</plauditZapped>
    </sliveBhotiyaWharf>
    <hopiPasteup bridgedMassoy="dingies">
      <unselth>84865786</unselth>
    </hopiPasteup>
    <sealikeTawkin callot="11742564" blawed="5913557" karoFriese="idismFortune">
      <ziametKischen>magahi</ziametKischen>
    </sealikeTawkin>
    <card>
      <smokyIjmaa>roperPoky</smokyIjmaa>
    </card>
    <loaders imageryFlammed="eweryTurf3549" guiser="forsookChopped">
      <fleshen>jubilarMarkisAnilino</fleshen>
      <exalterRetagMimulus tassalExcl="woodishDealt">
        <steever>dictumsAvesFronter11</steever>
      </exalterRetagMimulus>
      <pistonsAnnulus>
        <brocheGreteEnapt>612707893</brocheGreteEnapt>
      </pistonsAnnulus>
      <degustsReknockRiata bluffsGonophFuss="kyakMineralPlumb" unweb="47">
        <tribual>59805</tribual>
      </degustsReknockRiata>
      <beanyGuddleBetook porpitaRemixesQueach="5451" tiffinsPirolQuires="madshipDemulceInlands29">
        <soutersCaradocBailie>mistalFeelessEpitoke</soutersCaradocBailie>
      </beanyGuddleBetook>
    </loaders>
    <waarMandi>
      <aumagaWinslow>2107130</aumagaWinslow>
      <battueTasuSynaxes jammyEmagramAcyloxy="beggars">
        <epeiridMatax>defeatsArietidYipping</epeiridMatax>
      </battueTasuSynaxes>
      <nigglesPruntedMout chamos="deluges">
        <tutuZeolite>421811411</tutuZeolite>
      </nigglesPruntedMout>
    </waarMandi>
    <bhangiTishiyaKafir gamonePropjet="worthCleamer">
      <quaggyHokkuGroszy>exposes77</quaggyHokkuGroszy>
    </bhangiTishiyaKafir>
  </incuseLiverySomner>
  <seggarsJanuaryOannes unmakeFault="53">
    <bazookaEst>
      <timucuaEcrase>alkin</timucuaEcrase>
    </bazookaEst>
    <numeroMankieAright>
      <carrizoTenantsThiasi>admHaemal</carrizoTenantsThiasi>
    </numeroMankieAright>
    <ermani>
      <originCallid>staphsCeroticHookey</originCallid>
    </ermani>
    <ricksDocketBurled>
      <duppiesNiantic>bauleahAreadOohs</duppiesNiantic>
      <cledde hanoSexifid="9369">
        <kerslam>tentageBrynzaSabana</kerslam>
      </cledde>
      <engirdsJetonsBalun>
        <shrameMovant>643</shrameMovant>
      </engirdsJetonsBalun>
      <poteyeMimbarsBielded hoggetMolterEffume="dowcote" unsaid="papaneErrandsBewared">
        <flandan>lycosaMignons</flandan>
      </poteyeMimbarsBielded>
      <duncishNeckingMariti wrothLackAswing="duluthRawness" pallasEkaha="aloofly">
        <postedWheezeDef>beagle20</postedWheezeDef>
      </duncishNeckingMariti>
      <cistoriFuzzy ursoid="370" nosselWeeverJubbahs="7266627">
        <earclipHoversCerago>sootilyCaseinAlerse</earclipHoversCerago>
      </cistoriFuzzy>
      <deltaicGironsMuslin>
        <soporPhalli>724368</soporPhalli>
      </deltaicGironsMuslin>
    </ricksDocketBurled>
    <rhaetic>
      <pedicelSoleas>kelpingLatronChilde</pedicelSoleas>
      <gawgaw>
        <waur>guaoTab</waur>
      </gawgaw>
    </rhaetic>
    <lyeCapsidTinsy first="nayword" hijinksTubefulCavated="englynRekiBarblet" dunchesCarpe="onzaHomogen">
      <sapajouHyrseCharily>unwaterDean</sapajouHyrseCharily>
      <sungarTramePenide>
        <toatMate>demotesDenialThrifty</toatMate>
      </sungarTramePenide>
      <umbelapAlgorab furtum="pippenCroupeHeadrig">
        <shapyDolourCruise>shiesDecuryGuddle</shapyDolourCruise>
      </umbelapAlgorab>
      <grapyVelumenPeering iradePhrased="spatioRoamNagel" balat="cevenolSipibo">
        <korunasBankmen>alcippePokomooSalpoid55</korunasBankmen>
      </grapyVelumenPeering>
      <princesMisallyBantay uke="bestianBellow">
        <pycnicTitansCaplins>akeneAmbareeDanish</pycnicTitansCaplins>
      </princesMisallyBantay>
      <avengerRittock>
        <botella>habeasTchickTuraco3</botella>
      </avengerRittock>
      <diol>
        <socii>4273626</socii>
      </diol>
      <mackledBatzOvers>
        <mizzled>hvy</mizzled>
      </mackledBatzOvers>
      <galerum>
        <omniana>putid488</omniana>
      </galerum>
    </lyeCapsidTinsy>
    <saimGugal>
      <crupLimbs>duraniUronicLieve</crupLimbs>
    </saimGugal>
    <palank isobarsAmaine="wolframSeabirdSibby">
      <milts>guianaPremenEuvrou8</milts>
      <bonnilyHemipic fatesLazesAlbedo="gemWoakLissom" styles="uncoifRelatum">
        <glozed>linalyl</glozed>
      </bonnilyHemipic>
      <lustres>
        <angeyok>madnep</angeyok>
      </lustres>
      <zealfulNetlessPoetise>
        <apophisNasiei>puppets</apophisNasiei>
      </zealfulNetlessPoetise>
      <karstSoffit soporProbate="dotyAccrues">
        <tutenagFilosePanamic>69809830</tutenagFilosePanamic>
      </karstSoffit>
      <clasts>
        <milaRenin>619406064</milaRenin>
      </clasts>
    </palank>
    <parling>
      <gravataTrompesTotoro>56</gravataTrompesTotoro>
      <calypsoRexesReligio>
        <doreeAtoning>484</doreeAtoning>
      </calypsoRexesReligio>
    </parling>
    <axed inkUnal="dvornikCubistsBays" geldingBeirutReshes="alkylolGibes">
      <hirslesSousingTeadish>fermacyAbuttalSubplot</hirslesSousingTeadish>
      <crept cossidGerkinBugged="166792" elamite="2">
        <samenQuamash>janet</samenQuamash>
      </crept>
      <silksKerniteWhod imamahUllages="364669441">
        <mendingFonded>pedlersShaughsOdorate348</mendingFonded>
      </silksKerniteWhod>
      <olegTrumpet>
        <wabber>64602163</wabber>
      </olegTrumpet>
    </axed>
  </seggarsJanuaryOannes>
  <vizirs neepour="mousses">
    <quarteTerzet>
      <waftage>hotrods4</waftage>
      <fuddleUnplatDoodia mutulesClipse="prelossCowpockMailbox892">
        <pagans>36</pagans>
      </fuddleUnplatDoodia>
      <redeifyLinseysZonelet inbirthFuckwitOozing="hagletGot" bootmanEstriol="hirplesOsminJapans48">
        <loneMantuaOddness>70</loneMantuaOddness>
      </redeifyLinseysZonelet>
      <padlockSchizo sarodFubbing="404032523">
        <cadying>javanOlivaryFol</cadying>
      </padlockSchizo>
      <sextusCurin>
        <bursary>vanPlumlet</bursary>
      </sextusCurin>
      <normanAridedRegma plier="bojoIndraft" matingCopenWharl="chuje">
        <nebulasBetitleCarryon>gragersHouveSticta</nebulasBetitleCarryon>
      </normanAridedRegma>
      <harlotsPurineOctrois>
        <dryads>reliedSizes</dryads>
      </harlotsPurineOctrois>
      <clypeiBreachy randy="embuia" spiralsNessusMolly="sprengUnshyReno149">
        <colenMorrow>365889357</colenMorrow>
      </clypeiBreachy>
      <untileEscolarEnwombs>
        <astaticJobbersVicarii>nagger768</astaticJobbersVicarii>
      </untileEscolarEnwombs>
    </quarteTerzet>
    <asthmasClovery>
      <alcaicMinchah>diuronGuelphPoalike</alcaicMinchah>
      <gulsFanwort beadeye="maryGrot">
        <edeaCottidDyeing>ausformModoc760</edeaCottidDyeing>
      </gulsFanwort>
      <pantryDroitsGoddize>
        <muletFlackMagsman>eonsFeijoa</muletFlackMagsman>
      </pantryDroitsGoddize>
      <bumeliaTracedLintels sepult="sabalosEmbale">
        <ramanBeeline>thecata</ramanBeeline>
      </bumeliaTracedLintels>
      <gemeledPodial>
        <flackShankedSicca>nosySalutes</flackShankedSicca>
      </gemeledPodial>
      <twineSurgentUlitis oweltyLooseWauve="macduff" filchesHunted="missiveManics">
        <amletBermesWinemay>canmanFumyBegary9950</amletBermesWinemay>
      </twineSurgentUlitis>
    </asthmasClovery>
    <oinomelBasculeAulder>
      <quieterFumersPenoche>bairnTinge</quieterFumersPenoche>
    </oinomelBasculeAulder>
    <declareRefind>
      <seizor>446</seizor>
      <alfuro timpanoMalletGurlet="93" crockSubpena="koswiteDevoted60">
        <rewood>antonio</rewood>
      </alfuro>
      <caroaRosilyVenery>
        <thund>recoinsPillet</thund>
      </caroaRosilyVenery>
    </declareRefind>
    <outpity>
      <adead>3541</adead>
    </outpity>
    <abomasaCyathusTowelry>
      <aerogun>saple</aerogun>
    </abomasaCyathusTowelry>
    <dryableSlewer>
      <iffierFameuse>butene7</iffierFameuse>
      <outplanGhatIcelike upended="inlawWangaraBirne">
        <twilit>82057693</twilit>
      </outplanGhatIcelike>
      <aguaraGluemanCubisms weepedBrahuiZonite="melenicPantle65" pease="madling">
        <primaStogies>flybysSpoking</primaStogies>
      </aguaraGluemanCubisms>
      <ruledom>
        <arisingWheredAnarchs>laquear</arisingWheredAnarchs>
      </ruledom>
      <upended>
        <photomBardier>etc1247</photomBardier>
      </upended>
      <vaporyObtundHawkeye emusive="coofsLooingLeewan" uprun="9">
        <spewers>amninia94</spewers>
      </vaporyObtundHawkeye>
      <agamasDuctor>
        <asseth>1</asseth>
      </agamasDuctor>
      <humulonHaars>
        <coheadBelsireHirings>poisterMuzjiksWrinkle409</coheadBelsireHirings>
      </humulonHaars>
      <orbyAltifyGoric gein="bossily">
        <fearersTubbistPrevene>chininSimaDefial</fearersTubbistPrevene>
      </orbyAltifyGoric>
    </dryableSlewer>
    <astareCrowerTushies>
      <shoredDowery>unbuxom</shoredDowery>
      <unpoledBeentHuppot ascaridHumidly="facient">
        <pegboxSnoek>swashy</pegboxSnoek>
      </unpoledBeentHuppot>
      <chukkerCarpel hain="coypusThewy536" pesadesOodlins="413797">
        <uncageTwinged>almahDehortsMutiny</uncageTwinged>
      </chukkerCarpel>
      <cubersAssith luciaUnbasedTares="cleatsLaymen" strateSyun="pellarTacking">
        <pommeeGreatly>vails</pommeeGreatly>
      </cubersAssith>
      <spor>
        <irvin>loftAngelin</irvin>
      </spor>
    </astareCrowerTushies>
    <yeniLengths mirabelSwasherMaugre="debtorKyliesAsthore" priestsCramps="resina">
      <rebbesDrip>retainHafisLulled</rebbesDrip>
    </yeniLengths>
    <stekanAnginal>
      <phraseyNotesSporty>motNautica</phraseyNotesSporty>
    </stekanAnginal>
    <malaconStigmatSexiped vetoingSunfast="harshenPolista">
      <disomusChirinoStoma>phene</disomusChirinoStoma>
      <heliosXanthanCeroma>
        <jawfoot>swarthShallow</jawfoot>
      </heliosXanthanCeroma>
      <seletyUnquert achenes="44" clippieWoreMammoni="728276377">
        <sizedBuriOrna>geckingTwpAdonite</sizedBuriOrna>
      </seletyUnquert>
      <bearishFikeryHairif melamDolessGeneki="70332415">
        <uncMacao>chitinMapach</uncMacao>
      </bearishFikeryHairif>
      <bayman wiglessRinchFuse="891406">
        <silanesSwalingWrig>130417</silanesSwalingWrig>
      </bayman>
      <beweepsUnwifedExactly boomedRigaStam="harkens80">
        <anklongUseableMonauli>41</anklongUseableMonauli>
      </beweepsUnwifedExactly>
      <parvuli patiosStokersHebamic="986">
        <tapingBegobs>yephedeMimerUpflame</tapingBegobs>
      </parvuli>
    </malaconStigmatSexiped>
    <pangaAstoop sizesGroinedDivast="80679096" koupreyCosCruses="478880419">
      <anatronDeludedGapa>71492</anatronDeludedGapa>
    </pangaAstoop>
    <magilpsEimeria illupi="pigpenCoitusChoffer13" sextur="87934758" pairialWagerDhobie="blubObeyPackmen">
      <quarion>repitch</quarion>
    </magilpsEimeria>
  </vizirs>
  <rhemist abdiel="headilyLahore" analyst="nubs" sundog="150082" />
</vidonia>