<?xml version="1.0"?>
<patagia>
  <howadjiWhisp />
  <marblePristav havocsFoxishSapors="fardelsFlange" toters="panicsRelightUtopian">
    <recopy>
      <cognateBegobWilting>374671</cognateBegobWilting>
    </recopy>
    <beloneLandedLingala>
      <melenicSmoodgeLowy>after9658</melenicSmoodgeLowy>
      <otacust corerLabioseSowed="tubaron" centaiChafer="michaboRetractResects">
        <trunkBolson>vertu</trunkBolson>
      </otacust>
      <eyasesPreposeCoryph lunas="unshent">
        <robandsEyecupAutor>3733</robandsEyecupAutor>
      </eyasesPreposeCoryph>
      <bletherDingyDrawers beignet="waesWarbirdSondes" hoin="sexhoodBiremesUnlent">
        <voguesBesin>outtask</voguesBesin>
      </bletherDingyDrawers>
      <accreteFanfare manticDiaxon="airableWhirreyWinglet" gyron="dosadh">
        <flakilySouush>98</flakilySouush>
      </accreteFanfare>
      <ultNauseamCapo suicideByronFalsify="diadema99" containHutches="2">
        <carets>68135574</carets>
      </ultNauseamCapo>
    </beloneLandedLingala>
    <phewWese>
      <acornDoughRuther>indueCopenNaggin</acornDoughRuther>
      <ugrianIrade angicoSencion="barkeepWardianEvisite19">
        <crustalOddest>cisiumMfd670</crustalOddest>
      </ugrianIrade>
      <packery>
        <saivismMorcha>saughUniHetaera</saivismMorcha>
      </packery>
      <couldna ordainBlandaStuphe="katsupManak" williamVendean="8917">
        <spickRingTurfy>doors</spickRingTurfy>
      </couldna>
      <burkLardedLimnic kalRottingMurphy="speansBardilyMelanin" sitingDeity="sealine">
        <oxalis>unhaftCrampet584</oxalis>
      </burkLardedLimnic>
    </phewWese>
    <ronquil>
      <kyotoVow>diapaseAblazeSpat</kyotoVow>
      <yardfulSootheFixure yarder="thymsRape">
        <embrake>messily</embrake>
      </yardfulSootheFixure>
      <malaxed unrovenTacketsAffray="8" tzardomHunts="minimi">
        <vaguish>65828266</vaguish>
      </malaxed>
      <ketosis makutuHiplikePlu="undidManurerChian">
        <venomy>ratting</venomy>
      </ketosis>
      <lignoneFlubbed>
        <elbowOstia>64</elbowOstia>
      </lignoneFlubbed>
      <alinit sudic="ethanWeavedWitwall" xoanona="fertherBamsJeans">
        <sivanKibseyPacht>rentesBiffing</sivanKibseyPacht>
      </alinit>
    </ronquil>
    <pallialEmbower appeachPipidaeEdging="417706779" samboukShalwarAefauld="641">
      <zydecoDrazelAudaean>retrad21</zydecoDrazelAudaean>
    </pallialEmbower>
    <lachesFoxfeetForgrow>
      <therevaZyzzyva>8</therevaZyzzyva>
    </lachesFoxfeetForgrow>
    <tighten elbertReifGurish="batwaToilerHund" nondarkJing="epactalCaphtor">
      <calcateHellhag>slitchFractus</calcateHellhag>
    </tighten>
    <asgmtCrockerDillis grylliChammyHexagon="gabbedBeddedQueechy" birls="14977951" conicsRaffing="forbode935">
      <unflown>yecchs78</unflown>
    </asgmtCrockerDillis>
    <cocoasWheyey ackerCottars="ledidaeMeioticLineup879">
      <chkfilOkehsKirsch>writers70</chkfilOkehsKirsch>
    </cocoasWheyey>
    <group>
      <smrgsKites>selliDaedal</smrgsKites>
      <grydeOzonateSkinful>
        <makableAlbee>resoundTutball</makableAlbee>
      </grydeOzonateSkinful>
      <nuda bastite="ceriphIurant" darkerFiorded="humpty">
        <darkeyHarkaDuci>2</darkeyHarkaDuci>
      </nuda>
      <dft>
        <rainier>alchimyPostins10</rainier>
      </dft>
      <ixiasOratrixRort coulter="unland776">
        <coodlePebaUrine>sourtopSirex</coodlePebaUrine>
      </ixiasOratrixRort>
      <eutaxicAureus mouth="cymaeMedalAuksinu" fogging="agaliteMaywortFavored">
        <sceptrySkidded>zoicLandage</sceptrySkidded>
      </eutaxicAureus>
    </group>
    <tregohm>
      <otateBraccae>trianon</otateBraccae>
      <smoke vacheForbore="shisnUndines5">
        <gamondPomadedLigans>66</gamondPomadedLigans>
      </smoke>
      <plumule crwdAppoint="354086542" rollbarGrinnie="flaxyForsook">
        <harebur>stengWhalingEggers</harebur>
      </plumule>
      <tablas attainGlyc="213">
        <crozerAdcon>8316</crozerAdcon>
      </tablas>
      <souters unglues="46">
        <stairy>leavySoniouByss</stairy>
      </souters>
      <relyingVerziniMysel>
        <aided>717901</aided>
      </relyingVerziniMysel>
      <seekers ulidian="nifty" sueyMarrowyCease="naming">
        <undukeElderly>madronoAtteryToity</undukeElderly>
      </seekers>
      <corinne amplest="toxosis" bigaeSyringa="camasPatgia1">
        <reviseTutinDustups>baulksSquawksTruddo</reviseTutinDustups>
      </corinne>
      <pugree rosealCoseys="matherPorotic" fresserFermateNeath="welfStrakaBumpily">
        <shauledMooredShapen>sigilsSiestas</shauledMooredShapen>
      </pugree>
      <goadedSnipers sarcousJustly="lorisesLarking265" depriveAnneal="angwich">
        <rongNeats>bullaryPhaseal</rongNeats>
      </goadedSnipers>
    </tregohm>
    <calloseMolinet eastsWariest="hexonesIgnores" fadyPalmite="candiesPlumesPlumber">
      <piingRivelHaffat>231844</piingRivelHaffat>
      <scudderNovaleGrank conamedErmelin="curr645">
        <bogsPotlidLisp>meadWinkletVoces</bogsPotlidLisp>
      </scudderNovaleGrank>
      <assays retard="7709" awhileSpuddleOsmin="ionismPoindedPhilome">
        <riffedCadette>swamperLegmanQuiina</riffedCadette>
      </assays>
      <trunkedCraton prosodeMortarsYarrow="waesomeEimak" milledReearnsWonned="sclaw">
        <simars>honchoPigweed</simars>
      </trunkedCraton>
      <sinopie anilin="yuruk" chuvashLunuletSongs="nattleKnifer225">
        <ananas>kami</ananas>
      </sinopie>
      <tretisLetoff graphicClamper="studiaVility">
        <batlet>alcaabaArmetComfier</batlet>
      </tretisLetoff>
      <useableHantlesPaganry privets="balillaPanicum3156" pisachaRignum="tonsile">
        <uncoredZach>mugwort</uncoredZach>
      </useableHantlesPaganry>
    </calloseMolinet>
  </marblePristav>
  <hollaMendee warpingCensed="aldayPrecantDebug" rewishVests="wintry" dipware="rossite" camenae="implyTambala">
    <genipProngyWanyasa>
      <spilesBabblesToom>writingTeaty</spilesBabblesToom>
      <elates>
        <senex>wringed</senex>
      </elates>
      <mungoosUnknown voices="6">
        <oxynticArctia>equaledDebits50</oxynticArctia>
      </mungoosUnknown>
      <citess>
        <sueviFidleys>randiteWakkenFurison</sueviFidleys>
      </citess>
      <sramanaSpicySenates kurmiUnblush="klismoiMalvaEncrisp">
        <pippins>poesieRotarySextos</pippins>
      </sramanaSpicySenates>
      <hacksCollineSuiones blinyBreastsInched="6">
        <sneeHami>rastleCitadelAmidols311</sneeHami>
      </hacksCollineSuiones>
      <rifts>
        <pardaos>76407</pardaos>
      </rifts>
    </genipProngyWanyasa>
    <caproinUngiant picul="43" embushFas="landerCivile7">
      <bumbledLimitedSooners>lotiumRubelle</bumbledLimitedSooners>
    </caproinUngiant>
    <rangesDrilyBanking haplomeHunlikeCorbans="24">
      <cloversMinae>93</cloversMinae>
    </rangesDrilyBanking>
  </hollaMendee>
  <zirconSurahee reboundChaises="gangues603">
    <mulct>
      <pablumSlagConand>hogPozAlumium</pablumSlagConand>
    </mulct>
  </zirconSurahee>
  <amphoraSlipeTeazel drusean="78864210" moratHakim="intailAnklet" jupard="figuralEpigoni10">
    <grailerTairgeMused>
      <malayAchangoSpiffy>gimbalsHazanut</malayAchangoSpiffy>
    </grailerTairgeMused>
    <blitum>
      <thirtWattest>jural</thirtWattest>
    </blitum>
    <kartTrypJetty forleseRaggerClusia="panakaTopsailJutting1855">
      <dibbled>tripledArhar</dibbled>
    </kartTrypJetty>
    <estuaryQue unifies="crannogPleuricGargol">
      <tanadarBusto>unablyPshavKvutzah</tanadarBusto>
    </estuaryQue>
    <elzevirGhastlyAssayer atrophyOrbite="liltingTammarIces" soulterMarmitePitas="unbeltImpoorFrosted">
      <codfishGloated>guidons</codfishGloated>
    </elzevirGhastlyAssayer>
    <bancus leanerEyasesGainor="suumBusboysPatener" primo="cantaro" recombs="chizz">
      <perinde>manser</perinde>
      <opaleyeMica purpureGulfierFinking="uphelyaAsper" rueDunitic="shacksVansireAntica">
        <programPersicoHollaed>delesPeisantNaither</programPersicoHollaed>
      </opaleyeMica>
      <dormin btuHelenAniline="venulaeNiche">
        <specklyEvestarIsaac>wereassUnhookAero</specklyEvestarIsaac>
      </dormin>
      <rooed>
        <voucherTarriesAbseil>601520</voucherTarriesAbseil>
      </rooed>
      <rakelyBunkos menisciCajeputLandway="biffed80" dismays="loggyRetal">
        <uncoilCrusta>drawledInlookCrashed</uncoilCrusta>
      </rakelyBunkos>
    </bancus>
    <geraeraLanzonCogroad lostStand="866629105" veinierThurls="baraitaUnhasteLasses" scabbyLigulaWest="nuancesEmigate4">
      <stoolTaglikeSluther>71</stoolTaglikeSluther>
      <luciteSheals bottine="nope">
        <barbletShuted>antibug</barbletShuted>
      </luciteSheals>
    </geraeraLanzonCogroad>
    <payingFroughy lazying="yarning" lempiraFoisonSchuhe="atopiteOstosis">
      <surculiDowser>dipnoi</surculiDowser>
      <swatter>
        <poons>legendsSurvSericea48</poons>
      </swatter>
      <puckersFoozle>
        <lokman>ridgierSolidiLushest</lokman>
      </puckersFoozle>
      <porn varment="qaidsJacana" seinersThereasNitrid="nandowGibbingInline">
        <zoariaCohoshRoyou>sijillResedaIngulfs7</zoariaCohoshRoyou>
      </porn>
      <wheeshtMartrix artemon="arcadedMomenta" sheaBowpotsHumic="nonuple426">
        <explidaBuoys>thorpesGlassesLadyly</explidaBuoys>
      </wheeshtMartrix>
      <ourselGlaucicOthin>
        <tyringCotinus>soundsEvang1</tyringCotinus>
      </ourselGlaucicOthin>
      <babelet>
        <bacchae>verdictButeosFourths</bacchae>
      </babelet>
    </payingFroughy>
    <hersallAgitateMotto>
      <plummer>textmanMeileFlushed</plummer>
      <fossaSapour>
        <aviates>scopa</aviates>
      </fossaSapour>
      <barche>
        <dutcher>feagueUvalaBahima</dutcher>
      </barche>
      <fpsBebloom>
        <inradiiDummy>smuggerFulcra</inradiiDummy>
      </fpsBebloom>
      <amokeArsheenSuevic>
        <thurstEpheticBlankly>wechtCurse</thurstEpheticBlankly>
      </amokeArsheenSuevic>
      <khutbahSmearPithead>
        <fetalSriramCursors>costardThorpsBammed</fetalSriramCursors>
      </khutbahSmearPithead>
      <dawny bustsNotalSugi="amyelicTonemes8124" oleines="boileryPoetdom">
        <zooSilleryKerana>blentAspectRegions9</zooSilleryKerana>
      </dawny>
      <withsayEmeus uplimb="spunkLoofas">
        <lummeHalid>smarter</lummeHalid>
      </withsayEmeus>
      <kyoodle mestizo="guttled7" outblew="gdsKapur">
        <restisMeltonZoogene>rodolphRouilleUplook</restisMeltonZoogene>
      </kyoodle>
    </hersallAgitateMotto>
    <glusidDenudesNasutus thibet="2774">
      <readiedMishnah>6644520</readiedMishnah>
      <hoodoo>
        <croft>rewedsOnymousDanzig</croft>
      </hoodoo>
      <unrun vicine="359171003">
        <firemanCurtaysGoose>subplatYapness</firemanCurtaysGoose>
      </unrun>
      <apneasBedpad>
        <shutterUnleft>scfFurlersVisite</shutterUnleft>
      </apneasBedpad>
      <fawnySabeConched>
        <minty>mazyPilula8627</minty>
      </fawnySabeConched>
      <ruddlesLamaicRukh>
        <ethnicPinholePastels>atingaPinhole</ethnicPinholePastels>
      </ruddlesLamaicRukh>
      <minvend turnerBoost="parolerCanna">
        <bonxieCulch>moireMobcapsSetline</bonxieCulch>
      </minvend>
      <alfajeTairn blart="hushedDuets" apism="1">
        <craisey>2</craisey>
      </alfajeTairn>
      <assotLyanceLadle>
        <bibelotPlinyCivical>veda</bibelotPlinyCivical>
      </assotLyanceLadle>
    </glusidDenudesNasutus>
    <pekans>
      <myogram>4908</myogram>
      <skiersMiriestBrutage arloupTertioLois="venduesSenecanHemiope26">
        <brainyDipsy>battierChozarHotrod</brainyDipsy>
      </skiersMiriestBrutage>
      <carmenChugSauf cryingMethyl="ambeerTozeeGodded2" beseemsHuffy="doomfulBehoneyPuma">
        <tulchan>smiledMisnameLacepod</tulchan>
      </carmenChugSauf>
      <steddlePondmanMickle mutelyBeliingAtomy="mecumsLoyally" convellReisPakhtun="gervaoDisjectEtymon">
        <accus>gestedKeftiAmorous</accus>
      </steddlePondmanMickle>
      <swannet nichesAgency="833">
        <triglaTuzla>caudadHighths</triglaTuzla>
      </swannet>
      <nifleTerence>
        <rebanLouder>amarthCalzadaWhat</rebanLouder>
      </nifleTerence>
      <ovoliChibritTaata>
        <lathyPanics>return7633</lathyPanics>
      </ovoliChibritTaata>
      <brisses stroutScreichFlapped="estmark" stolons="abodahUnpietyBlizz67">
        <flavour>meanderRanklesSextans8</flavour>
      </brisses>
      <talloteWhinerUnsalty ostosesFarinhaOthello="axillaeRechalGiaours">
        <bedlikeRabfak>banefulChammTympana</bedlikeRabfak>
      </talloteWhinerUnsalty>
      <blowsy trubuLatris="sunbathJambonMistide" hairstSigneurKibe="dating">
        <sompner>trainerIncede3</sompner>
      </blowsy>
    </pekans>
    <ossalGuianan carfSelsyn="gossanRoxaneGeared87" sheafedBejan="dullityStandiIndign" baffled="duramenGibbar">
      <belueAlgesisBerth>waruaUplimbBeltman</belueAlgesisBerth>
    </ossalGuianan>
    <fmtThoughFas>
      <dowsersDoghole>mutilla</dowsersDoghole>
    </fmtThoughFas>
  </amphoraSlipeTeazel>
  <xeroxSheer likker="pinenesSpendsAbbatie" chteau="snouchErgoismEpigeic" coombesAzumbreTarish="encurlTangingYagi762" sinatraSummeryVillain="purreicDiwataScroll" />
  <aferBanatBewall kecklesGaleeny="chacateSurnapFund" />
  <jamber sepiaItemise="469" />
  <yowingPhrygiaAimful />
</patagia>