<?xml version="1.0"?>
<majorat>
  <clapnetPeskier sansarPairs="ledgetHippus" />
  <earpick rupiah="burmaRerubFuturo" lusoryBefrizRelance="589098901" fleamyNatrajUpriser="seasonMecums5780" />
  <napeadReflows hematidCorvee="69">
    <incogs boastedFlentesBullies="mulattoHeizingFork" whein="2777">
      <deificOwnedSorning>23544294</deificOwnedSorning>
    </incogs>
    <avowers equiped="ancle">
      <ascarisGugu>carloadGodded</ascarisGugu>
    </avowers>
    <airlikeWarMinora>
      <stoodenCuittle>monsoonAnhingaYob</stoodenCuittle>
    </airlikeWarMinora>
    <licourKafka>
      <prizing>feddan</prizing>
      <moiestArmersOssea thorned="dollierScroyle4">
        <jincan>roudDedanCincher</jincan>
      </moiestArmersOssea>
      <swaverBoothsVade>
        <rerises>vealLessen</rerises>
      </swaverBoothsVade>
      <swaleArangoRosetan>
        <lisleSilvics>2154072</lisleSilvics>
      </swaleArangoRosetan>
      <phasmidDownway limine="rudous195">
        <baryton>298583</baryton>
      </phasmidDownway>
      <sonicStruts reffoDroner="howitz2">
        <schedarWreathy>248023</schedarWreathy>
      </sonicStruts>
      <sobs lardedToppleSpiker="unakite" dizzilyDotes="ephebeaSuecismMouzah">
        <adjuror>kerriGlyoxal</adjuror>
      </sobs>
      <gatha>
        <mixup>poinadoSnockWalach</mixup>
      </gatha>
      <atteal fiddled="2140606" fornixSnipingPupulo="879800">
        <honcho>6434080</honcho>
      </atteal>
      <saccusApogean>
        <papains>985677868</papains>
      </saccusApogean>
    </licourKafka>
    <shrend>
      <most>8136</most>
      <taxingHogbush cavesPalmy="76118566">
        <edison>raptril</edison>
      </taxingHogbush>
    </shrend>
    <smeddumLiggatBundle jujubeWhiling="fanciesDisking" akiaLawson="aplasia" benemeWhortsTint="limmerKome">
      <prebornBungfuLooby>davielyTagsore</prebornBungfuLooby>
      <pipraGwyniad triuridDaribah="shish" linus="579673628">
        <muridPareiraUnworld>summistAsunder</muridPareiraUnworld>
      </pipraGwyniad>
      <barlowsLooey>
        <guenonsInsipidBeached>ladyDcb</guenonsInsipidBeached>
      </barlowsLooey>
      <benefic>
        <aplombsBeaters>pitlessOutlope</aplombsBeaters>
      </benefic>
      <tecumTimucua>
        <aclydes>strakedDolent</aclydes>
      </tecumTimucua>
      <pulyCymlingSladang endureGoularoDubious="shiersSowans" crimmerRevised="mho">
        <inermiTanguinHuastec>52</inermiTanguinHuastec>
      </pulyCymlingSladang>
      <vakassBonnaz overedAlpha="bortschArkoses96" blackSysout="halvahUsitateLaic7">
        <miswishBoyoKubera>josserDeicers</miswishBoyoKubera>
      </vakassBonnaz>
      <unrifeOccurseLactam>
        <closen>fuzilChsOutbear</closen>
      </unrifeOccurseLactam>
      <shurgee wakingSloke="leaguerAracaCotoxo4318">
        <maskerClerid>travGruelsCocle</maskerClerid>
      </shurgee>
      <valenceTolylsBetsey yea="kermesBrackStingos">
        <rhinos>ephahs87</rhinos>
      </valenceTolylsBetsey>
    </smeddumLiggatBundle>
    <tilters>
      <premanMasoraGrassie>wokenTrials</premanMasoraGrassie>
      <turfsMicracoIncher>
        <tirasse>senufoManominAethers</tirasse>
      </turfsMicracoIncher>
      <maduro chaffyBackyFirs="3662">
        <glakedCopsLipases>afoam</glakedCopsLipases>
      </maduro>
      <meterCommataPurrah>
        <bagirmiFunkiaBevined>lithia</bagirmiFunkiaBevined>
      </meterCommataPurrah>
      <auntersDansyAstron bhishti="4235065">
        <dosedSensingUpgale>bulgur7376</dosedSensingUpgale>
      </auntersDansyAstron>
      <bewpersBobbinAbbot upgang="taluses">
        <petasmaMolderExact>posticYowiesTogas</petasmaMolderExact>
      </bewpersBobbinAbbot>
    </tilters>
    <steviaPresses murray="blotch" estrualSquawks="jaraguaCoconutViasma2" perdie="669240431">
      <athirst>bonaciTriesUlnar</athirst>
      <zymesSnaily manMislaidAumail="khirka" midpitLamber="6671">
        <agamisKloochAposoro>994550123</agamisKloochAposoro>
      </zymesSnaily>
      <goodingInductIsobare cytone="ledidaeCasts12">
        <agoniumLovelyNebs>splatsFavismRosebay</agoniumLovelyNebs>
      </goodingInductIsobare>
      <sylvaeSheitanStrate>
        <tstPoduranAloof>stuntSeadogAcarine</tstPoduranAloof>
      </sylvaeSheitanStrate>
      <hoddleFoalsManquee aucubas="donzel41" abrahamAlconde="malagaLockram">
        <ofaysLentigo>27932</ofaysLentigo>
      </hoddleFoalsManquee>
    </steviaPresses>
    <viseDarst>
      <darryl>79636</darryl>
    </viseDarst>
    <regletLackAcastus>
      <jauntsVallaryTump>thermesGrunthOstomy</jauntsVallaryTump>
    </regletLackAcastus>
  </napeadReflows>
  <balaamStash ratanyChandul="thillsPoleynsDantist82">
    <statorSmiler>
      <cohererSmeary>39</cohererSmeary>
      <odeumOarsmanPeafowl pikers="zurichFou" myrrhy="1005750">
        <zanzas>hametzEastreExactus</zanzas>
      </odeumOarsmanPeafowl>
      <cirrous marwariDsect="phobism" baileePeahenPopply="84303342">
        <istle>rocker250</istle>
      </cirrous>
      <smitch smitesReedily="vestiniPaiocke">
        <jaeger>scoley</jaeger>
      </smitch>
      <kharua>
        <gripingRibands>tengereAncona</gripingRibands>
      </kharua>
    </statorSmiler>
    <quarlesAnis>
      <gospelsHirersBajada>985354571</gospelsHirersBajada>
    </quarlesAnis>
    <renegedHangerTinta sisley="rinksSullen">
      <pagodsStroveHaglike>5416686</pagodsStroveHaglike>
    </renegedHangerTinta>
    <thinly>
      <daggaAvars>infixalOkapi</daggaAvars>
      <mogueyValve muled="pelts">
        <biaxalMissuit>7</biaxalMissuit>
      </mogueyValve>
      <donnockSyzygyPodalic enteriaGodkinEnlure="4310017">
        <fullageScalarsFiction>159149932</fullageScalarsFiction>
      </donnockSyzygyPodalic>
      <accoast uds="bowelsLingy">
        <schlep>bergamaWribleSpouses</schlep>
      </accoast>
      <peteCowagesRatel ethnogTainUnroofs="bioral1" pencelsTrame="disableGlad">
        <shog>691132166</shog>
      </peteCowagesRatel>
      <diluvy concussSutures="mop" rhesianSudVoar="dundeeSlander">
        <concCasuleMonodon>4</concCasuleMonodon>
      </diluvy>
    </thinly>
    <rootage>
      <inviterTubs>7</inviterTubs>
      <schoutTourne piculsPukateaEarache="bainieSwape">
        <feru>21606</feru>
      </schoutTourne>
      <roscoes>
        <arctic>doethMammothWeepers</arctic>
      </roscoes>
      <pygoferTalio kinkhab="97276181">
        <smaikRichter>oxeate</smaikRichter>
      </pygoferTalio>
    </rootage>
    <wised>
      <manetti>ecdysonLinage</manetti>
    </wised>
    <awfuHedgier>
      <sexless>whirlCheckle</sexless>
    </awfuHedgier>
    <vampyre>
      <notersDismask>ganchSenaiteNad</notersDismask>
      <endoubtZonalDroving kaitakaSlakes="imerLambly5148" shutoffDigraph="dartleRiverly">
        <deneHaveralFulls>isidaeTrindle</deneHaveralFulls>
      </endoubtZonalDroving>
      <abaddonFringed sautoirOculiCooser="nacelle">
        <ppr>megrelQuartosWised</ppr>
      </abaddonFringed>
      <dustbluTalcedOddsbud ageusia="khajaAethusa" stroma="thortChulanPodite">
        <tarsierSaloopsUnstung>redanHoard</tarsierSaloopsUnstung>
      </dustbluTalcedOddsbud>
      <populiLakistJudical>
        <powanOxydase>oxter</powanOxydase>
      </populiLakistJudical>
      <yarphaSphacelMycosin>
        <gaoled>freaksTalipesCircean</gaoled>
      </yarphaSphacelMycosin>
      <hippia tambacsWomb="pristawLeady" plup="chappow">
        <hurriesSizably>moonletInodes611</hurriesSizably>
      </hippia>
    </vampyre>
    <patolaDurst>
      <unplowLinhay>132771198</unplowLinhay>
      <sproatAppear unman="78">
        <roamDewfall>wordage2</roamDewfall>
      </sproatAppear>
      <hoopoeChasmyBocces>
        <ontarioPackets>vitro</ontarioPackets>
      </hoopoeChasmyBocces>
      <strandSpeired>
        <bomareaMaidly>fluffsGhyllsArmill</bomareaMaidly>
      </strandSpeired>
      <tarve>
        <agua>upstem</agua>
      </tarve>
      <antholLampletRained clappe="outsingAssnRaguly">
        <endgame>rustierSemeiaTurn150</endgame>
      </antholLampletRained>
      <becketJouncyMiek buskersMealies="tethers" siluresKetting="186852">
        <mulet>essiveKommosWinks4</mulet>
      </becketJouncyMiek>
    </patolaDurst>
    <antaeus>
      <prestly>fartsDelhi</prestly>
    </antaeus>
  </balaamStash>
  <amictusAargh pyropenAldineLabroid="plotty93" copoutBellowsGolilla="wigglyKeltsLeniate" />
  <knollyDenseIsogram missuit="selsSourcesCanelos" fermeryDelist="9431018" stion="yabber" cadresEnvigorCornea="4" />
  <daidle garava="dogship" joggled="pallahClotureScrear6">
    <bea>
      <dingeysUnfumedGridder>kankrej</dingeysUnfumedGridder>
      <chessom horserStogiesSkaff="minimusVulvas5" tubbish="64463">
        <psyched>szeklerBinocsPregust</psyched>
      </chessom>
      <erinize onychinInmewLampern="dryadic">
        <virileKaritiOutkill>havensClatty</virileKaritiOutkill>
      </erinize>
      <shaver>
        <wounds>246</wounds>
      </shaver>
      <izumi>
        <pasi>florateZizzle</pasi>
      </izumi>
    </bea>
  </daidle>
  <chaneBesmear ariesShilh="ponchoKolo2">
    <decreteFixive dozed="souchyUnrootAdapis5">
      <crex>896993800</crex>
    </decreteFixive>
  </chaneBesmear>
</majorat>