<?xml version="1.0"?>
<avengerCurryPouncet>
  <bracciaKouproh divestPizzas="relends" canell="warmersToxicum" muskone="roses">
    <absorptGerontMone kaphZiganJama="413" yarned="marlyPuisnesTyned" brinceBirddom="tariqat27">
      <ageistsCitric>somiticLiveth2509</ageistsCitric>
    </absorptGerontMone>
    <cerciDupable>
      <palpiBanjorePaduan>183185</palpiBanjorePaduan>
      <beking>
        <zelatorHeadcap>drags31</zelatorHeadcap>
      </beking>
      <alopekeTyphoidKanone talbotLeaperKakkak="sleetsKwazoku">
        <gubboTzendal>siltingBedlamMarkups</gubboTzendal>
      </alopekeTyphoidKanone>
      <octuplyReboke recueilBakesSantal="klopsQuokkaFearful856" telsonEpigeumGash="99838">
        <riviera>5370</riviera>
      </octuplyReboke>
      <chancreUnhull>
        <eila>seguesAbyesCarone</eila>
      </chancreUnhull>
      <dowdiesCesiumCones seba="babudom" maying="recost">
        <denims>60534</denims>
      </dowdiesCesiumCones>
      <kaimoMesnage>
        <dissoul>ferdiadSertumPurry</dissoul>
      </kaimoMesnage>
      <zoogamyZachRozzer elixirJordan="blinAscones" chalksOrisons="retoothHylicHotmelt">
        <brawerHeng>violerNowaysUndined85</brawerHeng>
      </zoogamyZachRozzer>
      <sotniaRenegedScummed>
        <bandedDilute>2999</bandedDilute>
      </sotniaRenegedScummed>
    </cerciDupable>
    <gimletyFeoffedDibhole>
      <limulid>sabin</limulid>
    </gimletyFeoffedDibhole>
    <sitkanCher>
      <kashan>showilyMurlainSoorma54</kashan>
    </sitkanCher>
    <evasionHymnodyPicked>
      <jotasTarcel>teapForsookCymrite</jotasTarcel>
      <drupe timetAstuteSillery="455629">
        <beatae>actinBulldogDitto</beatae>
      </drupe>
      <toraSumpitFlb>
        <biskopEikonKeelfat>spydomTriduamBatboys</biskopEikonKeelfat>
      </toraSumpitFlb>
      <chiddenBouwBawke tagmemePrion="vocableEvitate1262">
        <seamostRatti>cerataBeknit</seamostRatti>
      </chiddenBouwBawke>
      <virgins extraZelantQuod="riferSaxaulNiasese">
        <villate>unoptedWabeno1950</villate>
      </virgins>
      <untouchIncuss studdiePundits="kavikaLaseCursor">
        <digoxinMyriadsOrdure>rhizineSpivGirja</digoxinMyriadsOrdure>
      </untouchIncuss>
      <ouselsGamasidSnoots>
        <dhoulComedicWrings>gaffed</dhoulComedicWrings>
      </ouselsGamasidSnoots>
    </evasionHymnodyPicked>
    <menacerPigweed egg="grantha" tameins="412" endwiseBiblUlemas="129306185">
      <cuttyMibs>peplusDryopes166</cuttyMibs>
    </menacerPigweed>
  </bracciaKouproh>
  <circut dealingEnwisen="ablude" petemenLupusRipple="19746312" renne="subatomOnlook858" suckler="mengweAlloy" />
  <uptears cuppier="stasesLiqPettily" philineMoilesPal="413248" garettaAnnularSimmers="87747">
    <attaboyTyros fetlow="zendo" lowdahFibroFaunal="anamEncenseAsians">
      <doozerDregsNous>nekkarLarigotSixmo</doozerDregsNous>
      <riggal>
        <sashMoreenTarges>dogeys</sashMoreenTarges>
      </riggal>
    </attaboyTyros>
    <sopraniSvanish fulmarDragade="unupsetSley">
      <romajiPercheAperu>adret8</romajiPercheAperu>
      <cesiums>
        <sarsi>largerPewtersFaurd33</sarsi>
      </cesiums>
      <cymlinsInkGeotic>
        <biskNome>wappatoJulole1</biskNome>
      </cymlinsInkGeotic>
      <overarm>
        <stikineLoadAes>apraxiaStraky</stikineLoadAes>
      </overarm>
      <epitraWantonPadraic updelve="relapseChaser">
        <yangtze>negater456</yangtze>
      </epitraWantonPadraic>
    </sopraniSvanish>
    <remordHydrideHowea>
      <meumSalloo>godwitsAdc</meumSalloo>
    </remordHydrideHowea>
    <antu>
      <minicab>polewig</minicab>
    </antu>
    <unplan dolesFarris="unhouseStempelCenture">
      <cayChamar>volvuliChimersGaliot</cayChamar>
    </unplan>
    <dewanny>
      <romperScaled>athwartHaggy</romperScaled>
    </dewanny>
    <paydaysCarrs>
      <tretis>cluckBelows8908</tretis>
      <badgesRebids goldish="essene">
        <graalCheekerArcose>artsySumbul4</graalCheekerArcose>
      </badgesRebids>
      <slowupQuartes eynEnkiduRerated="368567" reck="12669644">
        <imbueChoicyMayhap>bulbelAgorot521</imbueChoicyMayhap>
      </slowupQuartes>
      <ndodermMaydayOxygon>
        <hostAffluxSables>lunt</hostAffluxSables>
      </ndodermMaydayOxygon>
      <resinkAcylal>
        <emraudPrinkleHornie>litiMollaGazee</emraudPrinkleHornie>
      </resinkAcylal>
      <oportoPotti>
        <rammiInvidiaCurs>berate</rammiInvidiaCurs>
      </oportoPotti>
    </paydaysCarrs>
    <fundicFluffCarhops figuryFours="80418441" pilin="tutress">
      <splake>soget</splake>
    </fundicFluffCarhops>
    <namban>
      <botonnyDeathy>evadeFrickle</botonnyDeathy>
      <wolverCmdgGyrene diploidGemsbokStephe="8" anchat="georama">
        <baignet>crusePleck</baignet>
      </wolverCmdgGyrene>
    </namban>
    <grahams votaHerat="8" nuggetyHullerReiving="868" sectionClaroes="tardoWileMirth31">
      <wanlasJumbos>guaryGlycoseCompd72</wanlasJumbos>
      <hunnerPrickly>
        <acrogenRorid>orgies</acrogenRorid>
      </hunnerPrickly>
      <auchlet betireBoogum="ligerZazens">
        <gurgletInaptEgret>tumainCuisseHomoean</gurgletInaptEgret>
      </auchlet>
      <omlah>
        <parergy>pilpulThermaeComenic</parergy>
      </omlah>
      <retrampInspanYid>
        <sombreProbataCodhead>stoureAccurse</sombreProbataCodhead>
      </retrampInspanYid>
      <salliedFlails ashfallClocher="cumshaAceshipTubae791">
        <unslylyDomn>cremateKanasXyrid</unslylyDomn>
      </salliedFlails>
      <indiumsLeftishUnawful marvy="21381">
        <padasha>addicts</padasha>
      </indiumsLeftishUnawful>
      <chottUluluYaquina atauntoHespedThraw="rimate" annatsSaucily="zyminGonif">
        <sybilLurg>prlateKantism</sybilLurg>
      </chottUluluYaquina>
      <ickiestDillSippers islands="washoanFunder80" moplah="1">
        <carate>skibobs</carate>
      </ickiestDillSippers>
    </grahams>
  </uptears>
  <byhandSunlit coaxialRussetsBabs="ferfelDelversBois" brailCreme="2" ratwoodHima="droopy69" />
  <zenanaRattonsBriary bardicBuoyedDoty="500925106">
    <booking>
      <deadest>realiseTerap</deadest>
      <nasiGaurs bulgursKellionGenies="44220287">
        <indusBeryx>upstepPerform772</indusBeryx>
      </nasiGaurs>
      <dimatisPeepers>
        <pindersDefamed>7105298</pindersDefamed>
      </dimatisPeepers>
      <weenyWontons>
        <honky>ingrateErgoScaped</honky>
      </weenyWontons>
      <listel doraskOlidToiling="91320537">
        <blashyJain>spectorTrisazo</blashyJain>
      </listel>
    </booking>
    <nonuses droshkyEmbows="slummy5" hallosShinedFriarly="stractDairiQubba" luffAxseed="sellarSibber2">
      <sanggauManbot>aliensMummers</sanggauManbot>
      <wanganPetful luketPrandTub="imbalmsSaga358">
        <hatelTriazin>sanggil</hatelTriazin>
      </wanganPetful>
      <xylidic roset="sarlykFungite" calluna="aculeaAttRedare5">
        <obovalSalicyl>sociusMphGuanche</obovalSalicyl>
      </xylidic>
    </nonuses>
    <servedGoggaGodhood kibyTilapia="90761296" budh="saiteSudoral" tampionWorthsJadding="vialful6">
      <beezer>strag</beezer>
      <baulks>
        <didache>plebe</didache>
      </baulks>
      <abtAlisosRebuses>
        <skink>9256390</skink>
      </abtAlisosRebuses>
    </servedGoggaGodhood>
    <baru vase="ranchedUnstoreHoody">
      <sweetsPoterOrderly>yaySerener</sweetsPoterOrderly>
      <benshee>
        <woodsUtilizeFanti>fearedBashlikDewaxed</woodsUtilizeFanti>
      </benshee>
    </baru>
    <sometRubigosNetman>
      <vulnedSprong>holcadOotid4</vulnedSprong>
    </sometRubigosNetman>
    <chateauOrigLoaflet oylet="capingUnclaspVugs" asdics="jauntieBoxier" kipfel="enates">
      <palmaeSamisen>pratapBarato</palmaeSamisen>
    </chateauOrigLoaflet>
  </zenanaRattonsBriary>
  <caabaCautelaPlott accraFlackedLiegely="tharfLampion" pothosAtonicStudier="luntsNonpaid">
    <tejanoDoyleyGansel>
      <foursGravery>73150351</foursGravery>
      <digamy>
        <cronetYarpha>desaltsRomaneHugo1</cronetYarpha>
      </digamy>
    </tejanoDoyleyGansel>
    <shigramLabeledEskuara>
      <amlaBps>becomeCroolLocklet391</amlaBps>
      <screamy gnomicPeat="96697">
        <festalYeah>eucrasy</festalYeah>
      </screamy>
      <reenge>
        <clayerKeffel>36</clayerKeffel>
      </reenge>
      <racismQuerlEucrasy uterineAraneaeFasting="8619" corvoCumenylParvenu="maracasOilless">
        <remise>lomaAbos</remise>
      </racismQuerlEucrasy>
      <minas funk="6958170">
        <genaeKopecStrike>mucors</genaeKopecStrike>
      </minas>
      <bonnilyTurnoutVireo autarch="ghostlyEmpanel" agnailBladedGalax="wangles">
        <suto>fee</suto>
      </bonnilyTurnoutVireo>
      <bauleahCorbelsUkraine aesopStickle="dorterCrusadeInring588">
        <jawrope>paliTactile6</jawrope>
      </bauleahCorbelsUkraine>
      <sorrow>
        <godheadOmit>magnateFinland761</godheadOmit>
      </sorrow>
      <byroadGrannieRowing decyneDewater="ecphovaPlural137">
        <dehacheIsdn>quotityImpheesPalayan</dehacheIsdn>
      </byroadGrannieRowing>
      <geloferHaycap caromelVaginal="lichensAuroral">
        <upswellDabby>teddersLacerDiodia</upswellDabby>
      </geloferHaycap>
    </shigramLabeledEskuara>
    <mootmanTyighCampy>
      <carawayHocusesPooly>ardelio</carawayHocusesPooly>
      <unmewed scrogie="sardoinWhalmBatik" godlike="nahua">
        <bashfulMayeye>appalls1649</bashfulMayeye>
      </unmewed>
    </mootmanTyighCampy>
    <dwtKhesariAvoids zillaTintist="labefyGassier">
      <goliath>whosomeAngular</goliath>
    </dwtKhesariAvoids>
    <pardeeJeofailDbl>
      <summat>garveyNold</summat>
    </pardeeJeofailDbl>
    <dreggySenit gorgetsTimucuaEcdysis="affixed" montiaCalvity="61">
      <jestThickenScleral>240</jestThickenScleral>
    </dreggySenit>
  </caabaCautelaPlott>
</avengerCurryPouncet>