<?xml version="1.0"?>
<endymaMbiraCritism>
  <samgha>
    <pedaloEjulate snigsInfile="fructusBhistieOcneria" daftar="glycidSeawans9864">
      <cohol>yawweedHaras</cohol>
    </pedaloEjulate>
    <carfulsChoileInvert>
      <diquatMonacan>moraysTaj</diquatMonacan>
      <upstair pinier="nobber" punaluaCohow="topesApteryxColumn">
        <tootsesGleeks>daroga</tootsesGleeks>
      </upstair>
      <palmCleaned>
        <floyt>61002</floyt>
      </palmCleaned>
      <chakramBergamoDustin quininBayokFab="58" squareBalitaoBagheli="93">
        <stipaSwiggleFinite>disamisClasher74</stipaSwiggleFinite>
      </chakramBergamoDustin>
      <jazzerBuriers ozotypeRedboneSara="9294627" mouls="128">
        <jelabAthymyFoins>novellaRepoint</jelabAthymyFoins>
      </jazzerBuriers>
      <burroCasease procne="darkiesSqueaksVerre3273" leafletToffees="bingle">
        <hunkers>tesseraAfearPesky</hunkers>
      </burroCasease>
    </carfulsChoileInvert>
    <clubmenProponeDaftly>
      <curtalsUnie>373682</curtalsUnie>
    </clubmenProponeDaftly>
    <emmaSeragli>
      <stoaeChambul>77643</stoaeChambul>
    </emmaSeragli>
    <rebegetLupininUninn>
      <ducallySiredonTrinode>9</ducallySiredonTrinode>
    </rebegetLupininUninn>
    <cacimbo slurbowPurestCarvene="sonchus" somne="adonisRouens">
      <gesteCalebBedsick>mashingWries</gesteCalebBedsick>
    </cacimbo>
  </samgha>
  <hyrateOnement spewierZinced="marshesTimist" azorite="pucheraLungoor" latomia="12" />
  <ganofDisused />
</endymaMbiraCritism>