<?xml version="1.0"?>
<pescodAgeeBonorum>
  <jeanyMuffinMarmosa babaEpop="ksarBullaeValkyr" adinoleKenyan="neilliaBrimInsp" scuffleDunite="yardarmLaker" hedgierDotter="wafdist">
    <sparserFiorinJerrid>
      <oopackGleetyLyra>hushelWackily</oopackGleetyLyra>
    </sparserFiorinJerrid>
    <lagtingSissone>
      <bortschFoetal>resumesEarlobeHulky</bortschFoetal>
      <padusIngestsAsaphia>
        <duodialLimiter>62053</duodialLimiter>
      </padusIngestsAsaphia>
      <mousee turrelSolidum="retemptTuneful" vandals="sorbateLicitlyFaffle">
        <orogenHabitueCaddie>abcFifthPeckers</orogenHabitueCaddie>
      </mousee>
      <filial enfoldAmphibBrants="6555" adenia="elaters">
        <bruiser>cavesWaviataYakka</bruiser>
      </filial>
      <sctdWising>
        <jelabKloesseJacques>zealsWrecked</jelabKloesseJacques>
      </sctdWising>
      <sokesNunce viss="copping">
        <didderHexine>demalUprouteTriumf292</didderHexine>
      </sokesNunce>
      <idicAbduceBerakes mulismRosehipLeviner="purgerQuartanIssuer360">
        <cheareDopaOration>turaco</cheareDopaOration>
      </idicAbduceBerakes>
      <purityEpiotic oatfowlTonousJetty="gonapod">
        <loungerCrocko>tares4</loungerCrocko>
      </purityEpiotic>
      <tulipyMizzensUnsheaf fowentDugong="sufism8">
        <ruins>tetrixSunburn750</ruins>
      </tulipyMizzensUnsheaf>
      <chirataSmugKhlysti lumping="narcoTyloteSodium88" puts="ogdoad">
        <turbithHoneys>ogreBencherSchorl</turbithHoneys>
      </chirataSmugKhlysti>
    </lagtingSissone>
  </jeanyMuffinMarmosa>
  <nondeafOodlins jowarsLininMimzy="kanariLinha" javer="heth">
    <collectExits grilseUnvyingCunjer="4">
      <inculkThorpsSmift>osticMuskies</inculkThorpsSmift>
    </collectExits>
    <drassidPeppilyAsdic skere="koupreySmeddum" whistsSurigaShih="feuedChiplet" doutousFacebarChokers="pessAda">
      <barekaPiningsBuncos>krautHumbo</barekaPiningsBuncos>
    </drassidPeppilyAsdic>
    <oxtails faeries="chintzPampreScots">
      <brosyMateria>pityingUptimes</brosyMateria>
    </oxtails>
    <surlyLumpedOaklike>
      <fifo>elsesColumbo</fifo>
    </surlyLumpedOaklike>
    <meddledRomeineSowans>
      <secluseAniAdvents>begirdCladus</secluseAniAdvents>
    </meddledRomeineSowans>
    <pinmanAcinousKlaus>
      <frameaeBuglerJawan>cully1</frameaeBuglerJawan>
    </pinmanAcinousKlaus>
    <rosaEmbedsGadfly tybaltBaxtoneGrouze="waukitSighersView" emilRedds="teca">
      <infirmsUnfaced>irisinPardaos8</infirmsUnfaced>
    </rosaEmbedsGadfly>
    <gauzes turi="dolled">
      <felucca>fancify</felucca>
      <wannedPinwale>
        <isolateQuiveryBuriels>62</isolateQuiveryBuriels>
      </wannedPinwale>
    </gauzes>
    <mistionApeek haulseCorozo="7" globate="boebera">
      <scrite>87696</scrite>
      <springySwiftie solacer="hookahsOtiumBowl7412">
        <mazur>wallingWailLindera804</mazur>
      </springySwiftie>
      <suomic>
        <melicaCouldn>868</melicaCouldn>
      </suomic>
      <bungsTartagoSkatols>
        <molassy>coolieAblush</molassy>
      </bungsTartagoSkatols>
      <loralJclKsar plumulaTassal="75">
        <paegel>boreiadGerimPaut</paegel>
      </loralJclKsar>
      <bateful caudlesCorverSpic="badiagaHondAmbaree" ginglmiLieut="apoiousAryanYenning">
        <restampHogmaceSpraing>yagnobUnharsh</restampHogmaceSpraing>
      </bateful>
      <newshenOpplete skippedSastraKoreish="mucoidsYowls" mirableVarnasDupion="15375">
        <chancheGeodalFustle>estafet</chancheGeodalFustle>
      </newshenOpplete>
      <numinaFront revokerUnitionMolla="gelantsApostil" bicarb="908924667">
        <carolsWhirtleRegrow>iterum</carolsWhirtleRegrow>
      </numinaFront>
      <lobus skeeingIntra="yuruna">
        <bootsCenotesMoppet>achaguaMambos58</bootsCenotesMoppet>
      </lobus>
    </mistionApeek>
    <cotchCracksEaved>
      <fanfareUnfatty>resnubBluism</fanfareUnfatty>
    </cotchCracksEaved>
    <aphetaAssythUnsteel siss="aedilicPichey">
      <urnaLindies>waymanExpeded4518</urnaLindies>
    </aphetaAssythUnsteel>
    <cateredZerosBurrito roxy="piddles" anama="983">
      <mycosinUncoif>spikier</mycosinUncoif>
      <enamour ingotedSnuzzleJumpy="dubba" rookedIsohyetCereza="stuprumBesugoCashboy">
        <saker>dodgeryStudderSaum</saker>
      </enamour>
      <almemor>
        <crucialVoltaic>761175576</crucialVoltaic>
      </almemor>
      <skews vitragePopulinObarni="haithalFoodful">
        <graciasChuetaLithe>pruned</graciasChuetaLithe>
      </skews>
      <warslesRehangShammy luxuria="kvutzaHuscarl">
        <bickersCouldnSnawing>38047564</bickersCouldnSnawing>
      </warslesRehangShammy>
      <bari cadosKonjak="gelder" clipsTootlerHenbill="croppie">
        <buzCanepin>ariososWartletSloids</buzCanepin>
      </bari>
    </cateredZerosBurrito>
    <fiedOtoliteLovat tubComourn="973423" snoredCosyEncave="628575048" wmk="vajraRavisonActinon">
      <boosterGroutedTweeded>2228</boosterGroutedTweeded>
      <droning>
        <stroyer>gnocchiWineryFumuli</stroyer>
      </droning>
      <curaticBremely latera="shuneShipt" med="wog61">
        <heedilyThenage>bedown</heedilyThenage>
      </curaticBremely>
      <carers>
        <boric>geckFilagoColuber</boric>
      </carers>
    </fiedOtoliteLovat>
  </nondeafOodlins>
  <jaseyedKefs>
    <hexitolCoombe>
      <reanvilRastyDunnage>verser</reanvilRastyDunnage>
      <troisSandak itching="458167714" pinner="subnode">
        <fight>suggan</fight>
      </troisSandak>
      <outwearAurifex ungual="monistHoodoo">
        <geyan>pearlin</geyan>
      </outwearAurifex>
      <bollito>
        <pernorDindled>mafiaLeafingBleo574</pernorDindled>
      </bollito>
      <unvisor libkinTinnySashimi="4744808" ortmanLaccol="platedDivasInto">
        <hoaxee>209943196</hoaxee>
      </unvisor>
      <snaps billetOblate="40" julietOocysts="crystic">
        <creelsBother>strawedRattyAlbin</creelsBother>
      </snaps>
      <arisardIsagonSubmits shoggleGumma="formby">
        <bawbeesEras>27500</bawbeesEras>
      </arisardIsagonSubmits>
      <ramist chaoush="nonliveRiley9707">
        <hermits>9</hermits>
      </ramist>
    </hexitolCoombe>
    <winey>
      <spongeRandalArmrest>8</spongeRandalArmrest>
      <gimped barrasJasperReplod="fleshyFetting">
        <unhasp>420</unhasp>
      </gimped>
    </winey>
    <dorjeBaggitCitify>
      <lesbia>darg9</lesbia>
    </dorjeBaggitCitify>
    <adaizeSparAlpha lowableMormalLawing="speirsGeomalyPyla5">
      <ressaut>amintorCompotArdent</ressaut>
    </adaizeSparAlpha>
    <scaffy>
      <guisedWyes>awningGonagraPullock</guisedWyes>
    </scaffy>
    <butters>
      <stopt>icteric</stopt>
      <opinedHonorsHitting relapByssWalled="englobeFrosterKeffel7555" pictunLinseysSicarii="48285575">
        <picamarConyngeAttagal>fedayeeWealthsGallian</picamarConyngeAttagal>
      </opinedHonorsHitting>
      <misbede loss="logicsRecoils">
        <ananasPompanoMispen>senhorShirred</ananasPompanoMispen>
      </misbede>
      <tobymen wordishAirway="pluckedEmersedCooeys" wrothly="dupioni">
        <sondOylet>mashman</sondOylet>
      </tobymen>
      <shakierBaffled bandyUrinalsManumit="30517341">
        <abadejo>roughenProsifyMizzles</abadejo>
      </shakierBaffled>
      <madded>
        <kashubeNaceRamass>spalt</kashubeNaceRamass>
      </madded>
      <hemins hemenPhloem="pincian">
        <geminis>michingDullardMilder</geminis>
      </hemins>
      <outboxSuttleAonach cologRelaxMartin="fried" cancrumKirned="foveaeAlgic">
        <rubace>mildlyHikes</rubace>
      </outboxSuttleAonach>
      <ligatedTilers epiclyMussing="575" gloodPotsieDisfame="ricecar289">
        <leonato>gre498</leonato>
      </ligatedTilers>
    </butters>
    <westmeFeudalSophies haptens="49057">
      <nancesFumado>sooths</nancesFumado>
    </westmeFeudalSophies>
    <busherVihuela>
      <wadmols>borty</wadmols>
      <nameHungers briars="8">
        <canducRimedBifidly>achtelSassak</canducRimedBifidly>
      </nameHungers>
      <bebumpEqualed chomageCobolTel="cippiStapledSugis820" regaltyChare="479">
        <sperage>10189</sperage>
      </bebumpEqualed>
      <candify hisserUnclimbEnew="382847" tegular="corveeVroomed">
        <dittoed>235</dittoed>
      </candify>
      <tricaTripal>
        <cityish>lags</cityish>
      </tricaTripal>
      <checkleNumbles xylinidForayer="culotteEwerer" funicTribalCuna="noisingYangtzeTedders">
        <pteleaAequorNibs>agons69</pteleaAequorNibs>
      </checkleNumbles>
      <catnepZerebaNeslave hebrewsOllapodSighers="bivouacYumanScalers" viertelDeja="khud">
        <loments>stiffen3257</loments>
      </catnepZerebaNeslave>
      <subdues beltian="deflowArrantPasha6822" veldTettery="tyranni">
        <banjoes>alveary</banjoes>
      </subdues>
      <karrenWelkGreased>
        <frouzy>trugTactile</frouzy>
      </karrenWelkGreased>
      <statingStyxian emperyYadavaSwimy="tepalThumb67" boubas="conusor">
        <readiedByronic>scil</readiedByronic>
      </statingStyxian>
    </busherVihuela>
    <boobyPazend>
      <rombosSmurtleSculked>sphagia271</rombosSmurtleSculked>
      <bribedResaca hexyne="junkerMoaria">
        <cadre>mayflyFlankedBalboas922</cadre>
      </bribedResaca>
      <ileSwaddy luketCystoma="novatorYirdsMurmur725" aliases="hypedDiem">
        <chihfu>takinsDisrobeElapse</chihfu>
      </ileSwaddy>
      <paniersComidWone batonsPicaryMensal="paegleBlaugas97" zakat="reluceFistula">
        <songhai>knifedNeatlyFunnier6761</songhai>
      </paniersComidWone>
      <unboltsMazilyDeemer cauquiSlubVaadim="wadable">
        <molinetTeemerRaved>saidiShaleeOliva</molinetTeemerRaved>
      </unboltsMazilyDeemer>
      <infl>
        <librisSalutesLegends>99314</librisSalutesLegends>
      </infl>
      <zinckeRagisBegoud goniac="fetialInfamiaAbloom3" indnHitlerSlumpy="placets">
        <adulate>kumquat</adulate>
      </zinckeRagisBegoud>
      <snickleIslandy moppersBroon="corachIwurche4">
        <lorarii>riboseApiosSphegid</lorarii>
      </snickleIslandy>
      <unhapGervasMorphia>
        <petunia>comaBassTouzled563</petunia>
      </unhapGervasMorphia>
      <looselyPunktIodins>
        <geumsFritt>blaineShoolsHebenon</geumsFritt>
      </looselyPunktIodins>
    </boobyPazend>
    <noddies>
      <godiva>crepis8151</godiva>
      <hileKiang oxcheek="zaxesVirelai">
        <itysIciness>exam</itysIciness>
      </hileKiang>
    </noddies>
    <bocca>
      <ableTheat>leptonChoosey</ableTheat>
    </bocca>
    <tortaEbonigeLatinic>
      <fogyismHugelyAghan>glia5</fogyismHugelyAghan>
      <herdboyLinseed>
        <surcrue>whooshMammosePyelic</surcrue>
      </herdboyLinseed>
      <mosey>
        <swamClopped>476148616</swamClopped>
      </mosey>
      <baboos neckAmoradoVastly="coabode" justus="ilionStefan">
        <raggetyClipper>intillCressed</raggetyClipper>
      </baboos>
      <centralStrekeNovo warbirdNib="44">
        <minumLidias>mascTrilithCortege</minumLidias>
      </centralStrekeNovo>
      <audingCrummieAtrenne bittersGrundySensu="pertyMuffishImbrium" kernes="7">
        <lurrierDoolies>warchMartyry</lurrierDoolies>
      </audingCrummieAtrenne>
      <bungeeAnanter>
        <aptestSloteSeqrch>ptpReffoShrape</aptestSloteSeqrch>
      </bungeeAnanter>
      <salternRename>
        <quacks>effrontWebfedWaxlike</quacks>
      </salternRename>
      <gaugerSottery sheria="276" patrice="49">
        <crapingThirds>amowtFlown</crapingThirds>
      </gaugerSottery>
      <alcippeSunketVerset evetide="uncomfy">
        <vidyaOpted>flutesKiang54</vidyaOpted>
      </alcippeSunketVerset>
    </tortaEbonigeLatinic>
    <reasons pipery="494214" cymbaloEnodate="klucker" murexPhtalicCling="possetsRaffman">
      <play>swingedParaCedrin</play>
      <occurse>
        <dbms>wagatiBlabbedUnethic</dbms>
      </occurse>
      <cabman luiginoDhootisIgloo="chandooAshcake" alceMealilyQuintan="staggieChoughs85">
        <bitedRehaleHayward>noltUpsoarYether2112</bitedRehaleHayward>
      </cabman>
      <preknewMushesWinceys tenancyAceta="bungledBaccharTynd">
        <maro>haiver</maro>
      </preknewMushesWinceys>
      <analgenNiyamaPein titfer="6">
        <caveKendalScats>vapoury72</caveKendalScats>
      </analgenNiyamaPein>
      <carves exostra="3" chafeRilletUnflaky="lobbedKozo94">
        <mandore>glucoseOrcs</mandore>
      </carves>
      <booteryHoustonDebaser>
        <raisinyMaccusBaffler>retherBeisa9</raisinyMaccusBaffler>
      </booteryHoustonDebaser>
      <astor braglyWoozy="brunchUplink" grogramMazuma="kithesNextly">
        <piculeSpiceryCamaca>sracAsanaMudhole</piculeSpiceryCamaca>
      </astor>
    </reasons>
  </jaseyedKefs>
  <joshingTextile>
    <swaggiOxbowChicote lianaArles="40" slums="befallDuctile">
      <sargoRelose>4</sargoRelose>
      <imperilEpic manist="nalita">
        <hor>lisiere590</hor>
      </imperilEpic>
      <nemesis>
        <quaderStickenShaula>carauna</quaderStickenShaula>
      </nemesis>
    </swaggiOxbowChicote>
    <pughBlurtsUnsane>
      <swopsChumarPaar>techous</swopsChumarPaar>
      <poncaConicalCuneus beigeMishnah="dillies">
        <jough>kantarsPelotonDelian</jough>
      </poncaConicalCuneus>
      <crudityUptideIddat gohila="636712" adduceKovil="cockalXyliaAnoli2">
        <pastilEbbCatwood>ozoned9</pastilEbbCatwood>
      </crudityUptideIddat>
    </pughBlurtsUnsane>
    <napalmsOutlord mulier="calletBipolar" pixels="cantingTorsi">
      <jarSouffle>besouthErgo</jarSouffle>
      <abcessDissueMirabel chirmDouseZombis="meseledSmich" oxylTroppo="inbyMeselry">
        <osmond>poetdomSnipped4976</osmond>
      </abcessDissueMirabel>
      <anticktPomster>
        <mugaMucker>tarsalKaolins</mugaMucker>
      </anticktPomster>
      <cuifs befitsLaund="pipsCoilsLaughs">
        <inksterPinchChelp>89</inksterPinchChelp>
      </cuifs>
      <reinfer morrhuaPlutealCulpose="lativeRiddamPhotic">
        <upgirdNary>conchVirledHijinks</upgirdNary>
      </reinfer>
      <ilotProvola leakersOvology="3955">
        <gogganGritter>tapeatsReset</gogganGritter>
      </ilotProvola>
      <piloted>
        <anthrop>worked</anthrop>
      </piloted>
      <inez>
        <kavika>9</kavika>
      </inez>
    </napalmsOutlord>
    <jewyMoleism>
      <jumbledMistily>mesodeSworded</jumbledMistily>
    </jewyMoleism>
    <amhran>
      <suppost>ictus</suppost>
      <azophen>
        <diskos>pays</diskos>
      </azophen>
      <dspOmmateaEpibole doylyColors="illthBellis">
        <hencoop>885259502</hencoop>
      </dspOmmateaEpibole>
      <pinonNosierSunway>
        <chane>44084</chane>
      </pinonNosierSunway>
      <mandalaArcadiaCensure>
        <wigeon>wanrufeAscesis</wigeon>
      </mandalaArcadiaCensure>
      <sweatedDaybeamBonav dureeXatSubpost="yechy" shingonCapelanToze="haspMazier907">
        <bignouMimed>shaperDollishPuss</bignouMimed>
      </sweatedDaybeamBonav>
    </amhran>
    <fplotWonnersWendish>
      <centralLeastsTaratah>935120178</centralLeastsTaratah>
      <languorCudweedDactyls>
        <tishiyaJanders>spree</tishiyaJanders>
      </languorCudweedDactyls>
      <planumCrossly steelen="sirrees" tayraUseablyHaisla="beblear">
        <nonfactTrusion>267771228</nonfactTrusion>
      </planumCrossly>
      <barkingGimbalsFratry>
        <ambeerDulerDispend>karmicShank</ambeerDulerDispend>
      </barkingGimbalsFratry>
    </fplotWonnersWendish>
    <flapped>
      <pheneVisions>squadYounger</pheneVisions>
    </flapped>
  </joshingTextile>
  <larvasToonsMantra naamanSambal="manorsQuercin" addaBolti="imbuesOgreDispost52" dibase="parangiProsody" secchioChinookDynamo="botelsSloted" />
  <scarps>
    <dunalVaudyEpacme>
      <cheats>framedOutspanAlfarga</cheats>
      <devour urucuUzanFloozie="bensh5152" dashnakAccedeDamper="frigageFract">
        <greyingClawk>debtfulShanksNaomi</greyingClawk>
      </devour>
    </dunalVaudyEpacme>
    <degu>
      <clarifyExtaRagwort>zanellaFecials</clarifyExtaRagwort>
    </degu>
    <mensal narrowTeddedReplume="carateScutty1351" tinniLekachKnishes="pother" nesioteMisdietShores="enaticFuggingRaisin">
      <zabian>birgandChurred</zabian>
      <triremeChaetaNoddi bungerMonact="styliteKyloe" coins="amebic6060">
        <france>chauvinManage</france>
      </triremeChaetaNoddi>
      <gomerelKirbyKoko>
        <nitriryBikeway>candiotFibulaeSugan</nitriryBikeway>
      </gomerelKirbyKoko>
      <mandilAphasicArician falconsYakalaMimsey="amusersAnionsPhrenic">
        <demonryPorkolt>sabziCrakes</demonryPorkolt>
      </mandilAphasicArician>
      <amtrakTupian koodoosQatarFascial="wapacut60" totZuniGrammes="pattyRicksDoozy">
        <feederBulbier>reejectPicarasMeltage</feederBulbier>
      </amtrakTupian>
    </mensal>
    <mammoniCheepAmulae mesemTalisay="reamendYipes" bambuteCyclaseThrongs="bitterGesticKha">
      <jagheerKismet>morescoFolders4</jagheerKismet>
      <azoDingoBrast dkgEneughBendell="rhenicMurineBilbi">
        <maire>krama</maire>
      </azoDingoBrast>
    </mammoniCheepAmulae>
    <kinnor>
      <daddy>bewrapt</daddy>
      <watsonGemmoidHelve fuidhirEnvoyBiotins="etacist297">
        <versos>crutter</versos>
      </watsonGemmoidHelve>
    </kinnor>
    <waters>
      <sumdumHastensPosnet>mistoneCormsCusp</sumdumHastensPosnet>
    </waters>
    <sepic blungeBirkenRudely="corsakHitters" jacobyCymbalsNoy="plicalCatanCabling1844" haggisMakableCadets="tuboid">
      <steak>brooked906</steak>
    </sepic>
  </scarps>
  <gadiTyphoon wishlyTridra="969" nimbusReread="steppedSavola">
    <cam decurtTriquetImplied="79656" omahasHemuleOculli="undiesTroppo" tupunaForfitAerogen="ergasiaShoringRun">
      <oariumGonDiscede>molgula</oariumGonDiscede>
      <smogsWabuma druggyTalari="newTutti">
        <antheiaTangles>prossyHerbalZach</antheiaTangles>
      </smogsWabuma>
      <laymenGoatpox takenDecnet="7" tskingMaftir="59933705">
        <montjoyBootful>english7894</montjoyBootful>
      </laymenGoatpox>
      <grazierIslamic poncesHircinInflow="12351539" imagismMazhabiEparch="upbay">
        <airmen>bungEstreat</airmen>
      </grazierIslamic>
      <swamperBodge stillSeduct="29674644">
        <atheousBandhuAntics>anightLunelAnkuses</atheousBandhuAntics>
      </swamperBodge>
      <rivaled unciaeBeaters="hammerAlsikesSapping">
        <vitisHostal>inkersArcformWipes</vitisHostal>
      </rivaled>
      <hosannaLarine blueleg="forgeMaking" trucesOffence="spissusWahoos5">
        <zimmeKeckle>instateAndian63</zimmeKeckle>
      </hosannaLarine>
      <pygmy>
        <innlessPredaySous>422</innlessPredaySous>
      </pygmy>
      <frenneBuried>
        <semital>rosyKhellaZariba</semital>
      </frenneBuried>
      <dibbledHulling novenaeFlacked="9">
        <luffed>aquate</luffed>
      </dibbledHulling>
    </cam>
    <paysage suaver="953" heteric="40" staminPacayChoreal="144938902">
      <cheekyBowpinHeadman>dixyEuxineThala</cheekyBowpinHeadman>
      <cubited>
        <rudista>246</rudista>
      </cubited>
      <cooliesTowelStabile bluesStife="towie" postmanAciformTrinil="embark">
        <stanielGarredGois>raftyAponia35</stanielGarredGois>
      </cooliesTowelStabile>
      <pyrula wagogo="hugeliaChieftyMoke" babiedFeague="14">
        <liked>unclipEunuch</liked>
      </pyrula>
      <emulsorEspigleSheaved joniHuntley="finkPeases">
        <funli>bitserWappingGuffs</funli>
      </emulsorEspigleSheaved>
      <cowered saivismMilageGarote="aralieTrypticCamail" belgium="gorgers5">
        <sixsomeEleveLathy>toxemicSubsult</sixsomeEleveLathy>
      </cowered>
      <yeelReveilToco grassy="batikerDipsoAloofe">
        <cossasExcelseSnoozer>halakahHellhagErepsin</cossasExcelseSnoozer>
      </yeelReveilToco>
    </paysage>
    <khakiGimblet>
      <educedHammed>proplexGroundsSeedlet</educedHammed>
      <hazenPraiseAbbots plenty="castor5">
        <vacuityInmostThinned>maltoQuinon</vacuityInmostThinned>
      </hazenPraiseAbbots>
      <rockRechalLeila effateWholes="467660">
        <fenks>63965994</fenks>
      </rockRechalLeila>
      <basinEthanim daylongMakuk="jeepBurschOmitted">
        <prunes>abramInfaust</prunes>
      </basinEthanim>
      <khaikiCitableDatary mislays="beers" runwaysDecline="petalon">
        <pan>bhilSpock</pan>
      </khaikiCitableDatary>
    </khakiGimblet>
    <curiesSusannaGalbula solpugaMacrons="thonderAzonalDunbird" rekneadBatiker="skipman" cuteys="parganaStink">
      <agin>786</agin>
      <zunianScur argentsDocity="pood">
        <morcoteJemmilySwitchy>5</morcoteJemmilySwitchy>
      </zunianScur>
    </curiesSusannaGalbula>
    <hubbub>
      <winston>maltedsPiper</winston>
    </hubbub>
    <heliastKeltsIsotony>
      <ukulele>819891</ukulele>
    </heliastKeltsIsotony>
    <velour>
      <presulGuttusPierid>odorate6778</presulGuttusPierid>
    </velour>
    <shibahsBoastsManly>
      <milldamDelis>unknotsPitirriAvell</milldamDelis>
    </shibahsBoastsManly>
    <smudgePerturb>
      <weighBreezy>fehmicNantzCeltic</weighBreezy>
    </smudgePerturb>
    <toluylMobileSoundly>
      <sidearmRasoir>13</sidearmRasoir>
    </toluylMobileSoundly>
    <jataco>
      <ouzeDaylessKiswah>3181943</ouzeDaylessKiswah>
    </jataco>
  </gadiTyphoon>
  <snoreLimaBarres>
    <untameFennig duarchCareers="pathosChards8960" cabocleErinnicUmbrae="cauquiGratingBoard" pillingGhyll="14780">
      <outlawsYapping>btise</outlawsYapping>
    </untameFennig>
    <kummelsLemnadFacades hawsers="gobianJornadaSquirt" anguish="ccittEnfief">
      <smeeksGlutenAliya>5</smeeksGlutenAliya>
      <bulwarkOsseter nelumboCultual="televoxDorsel" piferoMiltosBeetler="squalorSeawantBoggles">
        <oficinaCovedErept>caseicEnrail</oficinaCovedErept>
      </bulwarkOsseter>
      <foutraRebootsSoup ceinteRelayed="minasSoldier" unmeekPipyKenareh="880370">
        <splaysSurrahWolof>scended</splaysSurrahWolof>
      </foutraRebootsSoup>
    </kummelsLemnadFacades>
    <uleticGaljoenRotifer analgic="tiza">
      <globoidEffort>natrix</globoidEffort>
      <pinierSloughsRawhide>
        <logeion>madia</logeion>
      </pinierSloughsRawhide>
      <coving opaled="flytingTweakRances75" intownTungoManks="57">
        <boomy>tazzasApieceUnlimp</boomy>
      </coving>
      <waviestDorian>
        <tauter>nihalRooked</tauter>
      </waviestDorian>
      <nocket>
        <amorph>uredinePool</amorph>
      </nocket>
      <strepsTiddyHound>
        <octadic>torvous</octadic>
      </strepsTiddyHound>
      <ninoxScutesSaka>
        <dorps>reducer41</dorps>
      </ninoxScutesSaka>
      <gant bandeauFerthKokoon="ebricty" person="insistsAgenSwinely">
        <nip>lasque40</nip>
      </gant>
      <gargAcorus>
        <gateageDowager>orgia</gateageDowager>
      </gargAcorus>
    </uleticGaljoenRotifer>
    <decuman>
      <infantPetites>kidders799</infantPetites>
      <basingNosiest unbroidYagger="derogMajesta" catnep="36544">
        <scufter>davachRecruit4</scufter>
      </basingNosiest>
      <ruddleDisjectRamack voyanceRousedBruit="gambe" hersirDizoicCroodle="sirdarNappeSprank">
        <guffsMazumasNervosa>muskiesJennierYar7</guffsMazumasNervosa>
      </ruddleDisjectRamack>
    </decuman>
    <metrezaHacks chasing="948801761">
      <sexpotsDecharm>snoutPakchoi9</sexpotsDecharm>
      <halo coaxal="curtateDislockSynange3294">
        <tupeloBissextParado>simurg</tupeloBissextParado>
      </halo>
      <mutuumGuttler boridPiccata="stullSatinFrache">
        <oidia>whalmPieterPrabhu</oidia>
      </mutuumGuttler>
      <typistJackmenErastus>
        <kidsmanGulping>sepoyMoosTossut</kidsmanGulping>
      </typistJackmenErastus>
      <mulling caseltyWambugu="609912127">
        <sibbs>dunamisSakha</sibbs>
      </mulling>
    </metrezaHacks>
    <develedSorbent flaserDiluviaShops="battish" acustomSquirrAortae="ecruFresneSystems">
      <bennPodgily>76443</bennPodgily>
    </develedSorbent>
    <veduis lehrs="archie186">
      <ambagesWendeNumbest>virousHyphen</ambagesWendeNumbest>
    </veduis>
    <spreadReflows>
      <wistful>boartAbraxasCocao</wistful>
    </spreadReflows>
    <mandaic kyabukaAtticsPeages="engazeKaliansSense" excusesGoings="72">
      <decyneMaile>eyehookPedante</decyneMaile>
    </mandaic>
    <cowardsWartsCareys rakersWiledUnseize="kleagleCecityClashy">
      <fliomaGastly>7</fliomaGastly>
      <sethiteAnthoodVanload>
        <feuteLactams>tobiesVoluperAirway</feuteLactams>
      </sethiteAnthoodVanload>
      <invaded landersOotype="daurLebanAlc5812" snebPosset="912250722">
        <trameWaged>percussEnduedEphebi</trameWaged>
      </invaded>
      <lamBegorah tsine="braingeIgnited">
        <positumPrizersShapeup>rummies</positumPrizersShapeup>
      </lamBegorah>
      <wimEmbelinPagurid>
        <thrust>pintadoCharlesMidgy</thrust>
      </wimEmbelinPagurid>
      <waking>
        <angkhakBurgooTutwork>53185</angkhakBurgooTutwork>
      </waking>
      <evertorBlistAuxesis phyllis="assagai" diting="farciCastockLind">
        <mangelAmazia>reboast</mangelAmazia>
      </evertorBlistAuxesis>
    </cowardsWartsCareys>
    <workup>
      <warmSecants>salolsAsana</warmSecants>
      <bewailArmors anilityStates="wortDumousSciara" pallionBaryon="249197">
        <diactinPitons>besets</diactinPitons>
      </bewailArmors>
      <farandBrace>
        <burtonsRatite>268438231</burtonsRatite>
      </farandBrace>
      <amuyongPeepers zareba="gitksanBemoultPending">
        <pawingFilchedMexican>boppedMonaene6</pawingFilchedMexican>
      </amuyongPeepers>
      <porkolt qaidAzaleasPau="pecketStoai" eclatedSnugifyStorge="ruttyCalicutFlogged">
        <havings>tumphyExcud</havings>
      </porkolt>
      <diploisIcicleKeap>
        <regentBrummyAlmsful>keratinSelliDandify</regentBrummyAlmsful>
      </diploisIcicleKeap>
      <atticeBoraniEikon pumpleFecLusters="drubbly">
        <epheboi>thankerWistSprunny</epheboi>
      </atticeBoraniEikon>
      <dyinglyMajeureAneared koas="hayne" aeqLeprosyJimbang="qualmsSempre">
        <unbuskAeriest>ginned1709</unbuskAeriest>
      </dyinglyMajeureAneared>
      <phenene zona="cobsPoddedReblast" khodjaTyauve="uncededVervainSinsion">
        <machoOxskin>brees</machoOxskin>
      </phenene>
    </workup>
    <eeriestOncerTakao prabble="apaAggrade" yensGherao="9366">
      <bondingBlobbyCertie>coshersPremium</bondingBlobbyCertie>
    </eeriestOncerTakao>
    <emerodCass>
      <seine>lepraSpleens4715</seine>
      <drakesFinjan potage="arabistGlucicPreoral" dire="jaroolWearies">
        <fiscalGleyde>pluries</fiscalGleyde>
      </drakesFinjan>
      <rootletAneuricAccupy hiodonBalundaCovin="reink" tings="sauldFlossRetinas1">
        <rummes>otalgiaJiggedTittlin3603</rummes>
      </rootletAneuricAccupy>
      <dielec>
        <thungMendLamiger>cordeauBedrugs</thungMendLamiger>
      </dielec>
      <ibadUnbegunZloties eweries="bayong">
        <fonnishRebelRemock>secqueIckersChumawi</fonnishRebelRemock>
      </ibadUnbegunZloties>
      <droilAbamps cultishPagodsUnsiege="8">
        <cainginLollops>62182307</cainginLollops>
      </droilAbamps>
      <berideGadderPhenols asakPassay="hushtBairnlyTipmen3709">
        <guanize>whetUnfiery</guanize>
      </berideGadderPhenols>
      <flackerProctorKannume hagglerGumpus="livierDirtierBeltene" tiererCombs="ruching">
        <cussersHeizeAlle>gemutiCaneton</cussersHeizeAlle>
      </flackerProctorKannume>
      <altair loriusFlogsFertile="feraeMesian">
        <flobSheughs>baccar</flobSheughs>
      </altair>
    </emerodCass>
    <kurtTomeSlammer>
      <bullets>391</bullets>
      <eleve azide="elbowed" ictericBoreism="bekkoSawway">
        <adviceTisanes>47</adviceTisanes>
      </eleve>
    </kurtTomeSlammer>
  </snoreLimaBarres>
</pescodAgeeBonorum>