<?xml version="1.0"?>
<survCottarWoolled>
  <truongPantineDialin />
  <imido girderRetakeAliet="mbayaSoapery" purin="lapins">
    <unshout>
      <heaved>ilial</heaved>
    </unshout>
    <elutingUpwoundHutches>
      <bistBiconeDailies>flybysOrdures</bistBiconeDailies>
      <damplyQuilledAchuete folksyFiddlerOzonise="turtletTeaksEndebt7" dicycleLocheKadi="gonnaHonkersDojos">
        <bromo>335</bromo>
      </damplyQuilledAchuete>
      <tuningHockleLuella casbah="tappoonAnnealsStaph">
        <slayerHyndRimpled>widowsJoon</slayerHyndRimpled>
      </tuningHockleLuella>
      <nuggetTampoonSarks operary="tarkaniSecurerCulrage">
        <sprunnyTomansDioxy>378187</sprunnyTomansDioxy>
      </nuggetTampoonSarks>
      <randie boodhBearlet="duendesStaidFelsic">
        <unhats>stakes</unhats>
      </randie>
      <salveAmidateTeratic suguaro="aberrFamineManny">
        <pintadoHalawiMyalgia>betagWainman20</pintadoHalawiMyalgia>
      </salveAmidateTeratic>
      <gedInheredEdgy themaPavo="mitts" seawaysCrampon="pluteiAswoon">
        <reseaux>rouxPodiumAlman</reseaux>
      </gedInheredEdgy>
    </elutingUpwoundHutches>
    <thammuz sensyne="baricMisesAlterer6">
      <novas>waddent</novas>
    </thammuz>
    <tenuousTrunnel>
      <slotedWarryn>gorgesComdrPilaff</slotedWarryn>
      <ballow athumiaBulwarkMewlers="shiller">
        <kelticsPuckers>fortinCzechic110</kelticsPuckers>
      </ballow>
      <daracBriber daffsScattyAnanter="nomine" nonfratVulvas="350126522">
        <juviaSneath>54</juviaSneath>
      </daracBriber>
      <knoppie butyne="psalmsTampala">
        <feriaWechtsCorved>garbles</feriaWechtsCorved>
      </knoppie>
      <axisedJntLivest hopersAccoy="marco">
        <aralieStales>draffToper</aralieStales>
      </axisedJntLivest>
      <prodd tongerStatesSel="oukiaLoquent" fremtFaucals="panelerCraddy">
        <huacaUnfenceBendies>marc</huacaUnfenceBendies>
      </prodd>
      <taxitesMuggyLimity>
        <diazideDogana>aliyasAldernTholed</diazideDogana>
      </taxitesMuggyLimity>
      <latter outgangBonangErses="endgate90">
        <dupPraya>embargoPertuseRaptest7</dupPraya>
      </latter>
    </tenuousTrunnel>
    <rink>
      <stance>jehuCapons</stance>
    </rink>
    <arabaNicols tethFaucetsLair="towageKyschty">
      <udom>206902463</udom>
      <questorFlipperChisels>
        <gemlessLucumo>soleynHoagieQiyas</gemlessLucumo>
      </questorFlipperChisels>
      <natusZygous engorge="khasa1649" buhlPlacardNagari="growlsSprowsy">
        <excambDudine>frizingFelis</excambDudine>
      </natusZygous>
      <ryukyuCrzetteEmptins>
        <usurporFieldDetrain>leanestPersiaBantery</usurporFieldDetrain>
      </ryukyuCrzetteEmptins>
      <nitch medick="12668890" anginasDanteLen="4">
        <brashlyMearUnbain>abasiasFensiveGliding</brashlyMearUnbain>
      </nitch>
      <whiddedBodeful>
        <bevetoOrbing>imbu</bevetoOrbing>
      </whiddedBodeful>
      <exerceQuetzal>
        <underer>demosThigged</underer>
      </exerceQuetzal>
      <syndMoneyedLugsome cabinGrindsDabble="shriekPrewarMilly" attainsLangoon="cajaputThemed83">
        <glommedPatGranary>bennesOutsinFurzier</glommedPatGranary>
      </syndMoneyedLugsome>
    </arabaNicols>
    <saudiChimbe chokoGedunk="11375" dowie="rinsJiboaBooley">
      <meselDegged>fortesUriaCcw</meselDegged>
    </saudiChimbe>
    <maxisWaveson commixtEggheadMucedin="outswam">
      <trustor>5810</trustor>
    </maxisWaveson>
    <advGigSeder faldaSahiwal="chikee8355" commataEtuiVespine="ardeid195" luteins="zillahBoranesMinibus">
      <ozophenTussle>45</ozophenTussle>
    </advGigSeder>
    <mappersVoleryStern fouled="gursh" upseizeDandily="perneaKotowGruel" sambaedCooboosRone="boddleUnsad">
      <daubesMidlegMinute>gonidicRusselDure</daubesMidlegMinute>
    </mappersVoleryStern>
  </imido>
</survCottarWoolled>