<?xml version="1.0"?>
<gaduinCalycli>
  <crsHocusesConject>
    <redsearMalva belovedSkimpsSandra="datisca" cipangoWintersFelony="132237" kookieStyldia="beezer">
      <shilpitUncreamKome>redwud1926</shilpitUncreamKome>
    </redsearMalva>
    <getups chochos="octect" dermoid="flareSpeededJerking" tievine="melisma">
      <dockenDasturCobitis>scurril2</dockenDasturCobitis>
    </getups>
    <lyophil>
      <rubianNucleinCodeine>polack</rubianNucleinCodeine>
      <wlatfulLehaySamkhya ezbaSvanKakatoe="unwelthOutgiveLimned">
        <cacumenPaeoninTeethe>escotsTrout6</cacumenPaeoninTeethe>
      </wlatfulLehaySamkhya>
      <kellySolaUnboxes>
        <fizzles>9</fizzles>
      </kellySolaUnboxes>
      <reeferElhi comedoSliversTittupy="plagulaLoresDepayse">
        <dahoonCastAdenyl>pathicTaille</dahoonCastAdenyl>
      </reeferElhi>
      <banlieuPurdaBasally antlerRealign="conics3">
        <yatigan>boun3885</yatigan>
      </banlieuPurdaBasally>
      <fliffusThumper agadaGeasterWering="898474753">
        <ashlingCaulite>3</ashlingCaulite>
      </fliffusThumper>
      <taipiEctypesCoo snacksWhipman="orbific">
        <phaseun>wormyKerewa</phaseun>
      </taipiEctypesCoo>
      <incitedAnnicut>
        <signumIntrunkEyebolt>yakEnkraalBizz</signumIntrunkEyebolt>
      </incitedAnnicut>
    </lyophil>
    <brogger awalimBagle="taxer" arced="satanasAnguineCheckle" unpiled="ganosesSubcityDude">
      <cashingCebur>waltzesMnioidDharana</cashingCebur>
      <dressed>
        <bklrPanmixy>cacaosPoisers4</bklrPanmixy>
      </dressed>
      <ringiteCorozos>
        <letup>gushesDuelli</letup>
      </ringiteCorozos>
      <anear cabalicTobaPlanta="vender" cindery="winnel">
        <edgiest>engaze</edgiest>
      </anear>
      <confuse lvovDobule="urinoseZep" assure="956993">
        <arras>grilles</arras>
      </confuse>
      <chilion yashiroChanga="kettlesAbedeMeratia" outpushDessusSphered="hamaulsSandhisBaskish5695">
        <pyemic>dredgeAcerbic</pyemic>
      </chilion>
      <thither lineaAmorousReshoot="benzolsZymogenCapryl">
        <forkersHubbly>annalCuvette</forkersHubbly>
      </thither>
    </brogger>
    <rong>
      <adenylsCamis>lobulusWedels</adenylsCamis>
    </rong>
    <folious calkinsTitus="lores">
      <biting>stalin8</biting>
    </folious>
    <sempresOfferorTicks>
      <gage>12</gage>
    </sempresOfferorTicks>
    <pooh>
      <insides>drubblyMinxStr</insides>
    </pooh>
    <mudlarkGuaba>
      <tammockHeels>tarsale3</tammockHeels>
    </mudlarkGuaba>
    <trap styesBicrons="linoSummasGrana6" demitsFoibles="whereup" quinovaSquall="aymoroAlkenes">
      <coaeval>unturn</coaeval>
      <frizzlyByelaw>
        <coffinEnpiaNyet>23286</coffinEnpiaNyet>
      </frizzlyByelaw>
      <donneeDirled>
        <outrayShooks>squamaeAtesAxfetch82</outrayShooks>
      </donneeDirled>
      <osmolPuntiNelken nannieDixain="spankedCooeedHostels">
        <habitanExpt>pratedUghInflow</habitanExpt>
      </osmolPuntiNelken>
      <racche>
        <paretta>nonagesSneapGrating95</paretta>
      </racche>
      <abrasedRundale myoma="261336">
        <crissaHellier>gobiesRanches</crissaHellier>
      </abrasedRundale>
      <attilaBanner flaxmanBoles="73725">
        <bidi>raven</bidi>
      </attilaBanner>
      <snifted sniftLak="loudenPosauneBarad" belightSniff="simplumAmorosoReheat">
        <modiGamefulCombust>booksy</modiGamefulCombust>
      </snifted>
      <nikenoUpbuild ribibeTens="446532" moluccaJambo="shohetCattan2086">
        <undecyl>sylviteUnifier40</undecyl>
      </nikenoUpbuild>
      <timbeCallboy>
        <sabian>scogger</sabian>
      </timbeCallboy>
    </trap>
    <stoned>
      <ossify>silds</ossify>
    </stoned>
    <ormer jorumsSeeding="sooeyFeis133" shastri="realterPsora">
      <blindlyStubberPondo>triste6323</blindlyStubberPondo>
      <croft khokani="wheetleAniliid">
        <acubensPhilyraDrools>irade</acubensPhilyraDrools>
      </croft>
    </ormer>
  </crsHocusesConject>
</gaduinCalycli>