<?xml version="1.0"?>
<mascots>
  <siphacGrinned ascence="takelma9780" analgic="eboniseAbjurerAmmonea" />
  <piggedEnc>
    <sempreHooches>
      <creped>holmes</creped>
    </sempreHooches>
    <hurdled orvilleTorsion="forbadHelver54" relaisNevenAdrenin="unbulkyDrengMorpho">
      <dyeweedLomaPituite>jamdaniIndiaryLimbo</dyeweedLomaPituite>
    </hurdled>
  </piggedEnc>
  <taikunYperiteBaria taraiRadicel="gremialDaniRubbing17" loupedZonulesBepearl="939249164" giunta="mudheadAnimeKhepesh">
    <arrided jerrid="gomeChagrinGateado" eructsMoodirSublet="lipletEpithet">
      <mizzyLyse>931780</mizzyLyse>
      <limosi boarsMuskatGlos="31933">
        <kermanVaudy>7189</kermanVaudy>
      </limosi>
      <envied>
        <prancedMacaron>palpedApeek</prancedMacaron>
      </envied>
      <spaeJejunumWissel sweathKolkozAbjured="jowler380">
        <negatorLulav>repinsRacism</negatorLulav>
      </spaeJejunumWissel>
      <elogiumThymolsAltair>
        <oversumCarotteSwaggy>heidi</oversumCarotteSwaggy>
      </elogiumThymolsAltair>
      <gytling cubdom="651060">
        <archerVoltesUlulant>bulbedChymase9983</archerVoltesUlulant>
      </gytling>
      <conjectQuidsRebosa>
        <solvedImmy>enmewAstroid219</solvedImmy>
      </conjectQuidsRebosa>
      <diacidLigableBureaux fidibusTripper="patinedSlich5103" rippierTeaman="duendesTraily">
        <resewnUsaFiats>makuta</resewnUsaFiats>
      </diacidLigableBureaux>
      <rhibiaDuscleOxanic>
        <groutedWiglike>silene6</groutedWiglike>
      </rhibiaDuscleOxanic>
    </arrided>
    <luoBitted>
      <gladenFiry>miriestBowtelCashboy</gladenFiry>
    </luoBitted>
  </taikunYperiteBaria>
</mascots>