<?xml version="1.0"?>
<knobberCreaked>
  <tankas hadawayMucificAvaram="tierras" unrule="dishorn" miswedSettlesTopass="wizened" balete="peever">
    <afshah fldxtEwte="796898117" dinah="emeers">
      <yaretaHooverEricad>951226867</yaretaHooverEricad>
      <sardineYin>
        <crenatePdl>vacuaHoper</crenatePdl>
      </sardineYin>
      <douceGagee>
        <suber>neurolAspensCobaea</suber>
      </douceGagee>
    </afshah>
    <sacellaCockletCurtana>
      <recoupe>obeliaSlupPocosin</recoupe>
      <osmols frenula="69383980" phrenicAmericaDebated="wicht">
        <tamulFaginsRaphe>fibrin7</tamulFaginsRaphe>
      </osmols>
      <itemedJoewood equalLepomis="kinasesSomal" killed="49">
        <beloved>25</beloved>
      </itemedJoewood>
      <ulminicKishkasAxised>
        <geishasGriths>semicha3</geishasGriths>
      </ulminicKishkasAxised>
    </sacellaCockletCurtana>
    <passed langRogueryChapter="semee" averilArmiesAgility="trench136">
      <pastsFranzYahoo>burrito</pastsFranzYahoo>
      <mavens>
        <conk>forgedTwigVina</conk>
      </mavens>
      <marminkTaluk tamborTabulae="9" oopodCusped="4361">
        <iberesSliteDiffuse>stead</iberesSliteDiffuse>
      </marminkTaluk>
      <tattvaTussleWarray scruntBaalistCaseum="radars">
        <crinelTotted>trotEssayed</crinelTotted>
      </tattvaTussleWarray>
      <gaun forwent="gigoloMeiji">
        <rye>wanterUnfrailHayings</rye>
      </gaun>
      <soyasFlamesHue pawnageRennets="77">
        <nudismsLube>odallerPlaguedPackall</nudismsLube>
      </soyasFlamesHue>
      <beclipTacks sates="vulcanDernerBemoan">
        <turbotLadinosPhoneme>aurally</turbotLadinosPhoneme>
      </beclipTacks>
    </passed>
    <helenNiche>
      <decussBaneGlome>shiite</decussBaneGlome>
      <braisedSophs>
        <spewsSubfeu>913</spewsSubfeu>
      </braisedSophs>
      <torydomMartensClimant>
        <laodahChicles>upboilAvowter3059</laodahChicles>
      </torydomMartensClimant>
      <inburntSilvicsCantref>
        <jarlessTigroneFlamer>upspoutGarmentCrisped</jarlessTigroneFlamer>
      </inburntSilvicsCantref>
      <nigglyPlevinFideism>
        <cieForwear>557</cieForwear>
      </nigglyPlevinFideism>
    </helenNiche>
    <shirt swonkenBoarder="1" oddishFisetinCodo="omegoid">
      <rissian>shastriNizeyWelled</rissian>
      <sculpt olivine="cyanoleHighway31" ascella="vivesMovably">
        <acetoinBarms>bruntsTeazelsAwreck</acetoinBarms>
      </sculpt>
      <foxtrotMarascaRepiece>
        <erogeny>99252486</erogeny>
      </foxtrotMarascaRepiece>
      <articBrimmerQuohogs prepuce="noriasEuterpeOpuntia" unbend="unswungBurrowsHighted">
        <premed>slainte</premed>
      </articBrimmerQuohogs>
      <zombieQintarsForest bumicky="saucersLoculusViking" giaours="baconsMpondo">
        <uprightCantors>9</uprightCantors>
      </zombieQintarsForest>
      <sampsEthos>
        <cushawYuks>sagamenSumacMassas</cushawYuks>
      </sampsEthos>
      <tunningAnchaBakers bouchonPsalmReviews="pyknicsVagary">
        <wyethia>urinalSalpaDevotes</wyethia>
      </tunningAnchaBakers>
      <podware rugousDinningTrench="gurshGeleeWoeful" scegger="unfieryTakeEdit">
        <abashes>rewires9</abashes>
      </podware>
      <portend>
        <ithacan>52127</ithacan>
      </portend>
    </shirt>
    <joan>
      <rosinol>vitular</rosinol>
      <humeLookingOrgia portendRoans="745578275" pothunt="bevomitVapory">
        <jerker>fetAthyrid</jerker>
      </humeLookingOrgia>
      <tweetKoalas mexicoPeinShillet="gov">
        <mobil>roguyTriquet</mobil>
      </tweetKoalas>
      <onstageMungeArad>
        <chart>shantey</chart>
      </onstageMungeArad>
    </joan>
  </tankas>
  <aslantCartonZapus sovietsChoregi="cruntJudicia" pargosForgiftRetaker="refootMyiasis3" donateeNauseam="8205483" cecilsCalpackZuisin="ballo">
    <sloughsAchedPontius tendreVotal="decide">
      <suturedDaultSulcus>uncoverDechlog</suturedDaultSulcus>
      <jiveass>
        <judCanducSwythe>noreastPungerMacks</judCanducSwythe>
      </jiveass>
      <paddlesRithe flit="23246899" lanaoDaver="percherImpugnPedee">
        <indebt>7</indebt>
      </paddlesRithe>
      <goldie esrogsPossessOuthorn="ascidiaKlutzyScantle" uncousFeelessChainon="335119">
        <pooliToxine>60770</pooliToxine>
      </goldie>
    </sloughsAchedPontius>
    <clinkumDevisee convert="maumetTaperedJud" visiteeRaggee="sauntRandall" reprintBedwayVivian="regentsPuntist">
      <vamoseNauchPinesap>dewarAfdecho</vamoseNauchPinesap>
      <topeeJigote nataliaRusaHumbled="64632323" stuggySeineMooring="iodousAnthersFleetly875">
        <feofforShiraz>amba</feofforShiraz>
      </topeeJigote>
      <danube dammar="dimoutFauves" relax="fowlerFloatySticken">
        <beeperOttarsHaaf>analgic</beeperOttarsHaaf>
      </danube>
      <ailieMafey misbodeUllagesSorbed="cathopMerer">
        <hepcatMasaris>clams</hepcatMasaris>
      </ailieMafey>
      <cledgeTrierWoodie badious="125849650" demiss="ensuiteTernUpstand">
        <gauilyCathrynEyeflap>138</gauilyCathrynEyeflap>
      </cledgeTrierWoodie>
      <statize buyer="foggierMonal" yawrootGiantry="mappyPanionLaid">
        <pottosSpatzle>appreve</pottosSpatzle>
      </statize>
      <noummos uninnPicnicPlyer="meanest" pinxitGoofily="elemisUmble">
        <pannesCorrup>passesTunna</pannesCorrup>
      </noummos>
      <ghatLatimerRaring oracler="tetrad" palulusSecular="yogee">
        <aitionCheeseChat>samory</aitionCheeseChat>
      </ghatLatimerRaring>
      <emceesTreacleSpouses>
        <morelle>hexanal</morelle>
      </emceesTreacleSpouses>
    </clinkumDevisee>
    <apatiteAdvoweeEarlobe>
      <danskJivePygidia>mydaus</danskJivePygidia>
      <reffingBottler washmanWastry="998079765" englutRam="queerNewsier">
        <cunyieGroszy>coexertUnwelthCrozier</cunyieGroszy>
      </reffingBottler>
      <upcrawlReprobeEscribe yokageHastLangaha="deposit" otology="fezzedSleevedScutter">
        <largy>evadingIllanun1458</largy>
      </upcrawlReprobeEscribe>
      <hillyPotatorBowe oillessQuanti="doozerVoltesFerrugo" veldsRognons="nettersClarGemlike">
        <farrow>turpethUncropt</farrow>
      </hillyPotatorBowe>
      <aftosasAdai adams="morosis">
        <slashedMooner>terfez</slashedMooner>
      </aftosasAdai>
      <sotweedVandykeTeck pearlet="dunter">
        <lobuliFussilyMoonal>neri</lobuliFussilyMoonal>
      </sotweedVandykeTeck>
    </apatiteAdvoweeEarlobe>
    <caminoThawed>
      <zinganaLimiestGranma>86</zinganaLimiestGranma>
      <dinkaLonging beaued="hussar6478">
        <algiebaIlludedProximo>mugwetHerile4</algiebaIlludedProximo>
      </dinkaLonging>
      <apicesTeethy comdtSindonPlevin="cunnerAxeman85">
        <earing>intnl228</earing>
      </apicesTeethy>
      <blabber salversGenghisRefl="fardingFrizers" kimono="677082697">
        <unrest>tananArawakFurison</unrest>
      </blabber>
      <markkas escobaCohostMelvie="ulnae">
        <comake>ginward</comake>
      </markkas>
      <lorisesOpiismBras ghaist="chuckedCorone7">
        <misyokeDandilyHayband>guaryAuntPocan9</misyokeDandilyHayband>
      </lorisesOpiismBras>
      <logjamsSharpsAftergo>
        <juxtaFeedboxShowful>damnousRarietyLogium</juxtaFeedboxShowful>
      </logjamsSharpsAftergo>
      <peccavi>
        <saraEstrousToted>vulgus</saraEstrousToted>
      </peccavi>
    </caminoThawed>
    <flanqueSpeenBututs palsifyDimmock="oometer" subsept="cuplikeYakCathode" hackles="tosherJuicing">
      <biglotKatogleArian>229361259</biglotKatogleArian>
      <armletRediasCuret marahDunnage="puttier" weirsNailerVotish="upbred27">
        <pinnerVibrant>margayMontureKutch446</pinnerVibrant>
      </armletRediasCuret>
      <bodrage>
        <tiddley>rampion</tiddley>
      </bodrage>
      <urnfulMyrosin>
        <laudianCosy>28</laudianCosy>
      </urnfulMyrosin>
      <barsac stairsMorsalAlgesic="dipteraPylonAndian4">
        <haloidsDossilLadies>ixodicGlass</haloidsDossilLadies>
      </barsac>
      <foysenEdile knifers="536">
        <curupey>jawlessKnaw9</curupey>
      </foysenEdile>
      <sudaniScoriaGaylies>
        <sighers>shunt</sighers>
      </sudaniScoriaGaylies>
    </flanqueSpeenBututs>
    <powers unsober="lakerSwounds96" silleryFreyDegum="2" tarringIliacMatelow="invokedOverhitInsecta4979">
      <tripsisMitotic>endings</tripsisMitotic>
    </powers>
    <rerentHangerRedd>
      <banterJayhawkSewin>shweboShankerHeavers</banterJayhawkSewin>
    </rerentHangerRedd>
    <azelateUnharsh arhar="374117947" ornaryMoro="bloteVoyaged2" jesusWolofGeotaxy="rindPaltaMormaer">
      <spial>toccateMannie</spial>
    </azelateUnharsh>
    <pontalOutworn>
      <kirantiAcnida>epist</kirantiAcnida>
      <hoarse annexerInsideNap="epidemyLunkerApus6" finguSelleEjectum="samucuGerentRetinic5">
        <schema>cowpeasAbongoMidyear</schema>
      </hoarse>
      <unilobeDefuzes>
        <tunCozies>2845156</tunCozies>
      </unilobeDefuzes>
      <impaler fireMahseer="rebab1">
        <mashalUropods>8</mashalUropods>
      </impaler>
      <thusJohnson gadge="brainge" chiggerWhipmanOrdn="crocks">
        <surfeit>looVeriSloomy73</surfeit>
      </thusJohnson>
      <unqueenGispin tausBelaitThrone="earlapsBildar" yarkeeDuddieBaganda="rubleEyen">
        <dudmanVenulaeLippy>scopaLimnicDelft</dudmanVenulaeLippy>
      </unqueenGispin>
      <luckyDogholeHankul>
        <execute>lewisGuglet</execute>
      </luckyDogholeHankul>
      <apritifUncrown>
        <caabaArbutes>48133</caabaArbutes>
      </apritifUncrown>
      <thomiteDeptRhyton>
        <lukemiaLikens>gowds</lukemiaLikens>
      </thomiteDeptRhyton>
    </pontalOutworn>
    <manumitCleaves>
      <animism>shapeupNiggers7789</animism>
    </manumitCleaves>
    <gloodAgamianTohome diaTurgite="nincomDynSics" epigaeaCrowed="subnex">
      <unflush>bardessOxbiterPetrog</unflush>
    </gloodAgamianTohome>
  </aslantCartonZapus>
  <dieted>
    <janeSorterScourer beennut="kong">
      <blasonButenyl>draba1</blasonButenyl>
      <catline mirsMildew="alinedPsecEpyllia" donnerdEcthymaYarkee="3">
        <kilhigScoveAsker>violerUncropt</kilhigScoveAsker>
      </catline>
      <errantDefisKelvin scomfitSocht="pocking9138">
        <muhliesBreederClitch>tribuna</muhliesBreederClitch>
      </errantDefisKelvin>
      <xemaKizilLanate paranja="allicitGleanerPadraic2" allody="tyrantGercrowRenwick">
        <mussedTerpineSitz>mfr</mussedTerpineSitz>
      </xemaKizilLanate>
      <alcoPuniturPegoxyl>
        <spawlStints>blellumWintle</spawlStints>
      </alcoPuniturPegoxyl>
      <amniota keelmanCumaruLunks="tystieTarage" alumineRacings="mitring">
        <pogeysLoharJading>6</pogeysLoharJading>
      </amniota>
      <ribhusChytroi roke="victal">
        <calf>bunsSpatzle</calf>
      </ribhusChytroi>
      <spaviedSweet pholido="bassus" suntansReshod="stengJms">
        <cheslepNinja>763</cheslepNinja>
      </spaviedSweet>
      <ejidosIapygiiHousty>
        <deglazeFlongRombos>thirstySfzDolabra</deglazeFlongRombos>
      </ejidosIapygiiHousty>
    </janeSorterScourer>
    <mereBedownMyxoid lommock="56890655">
      <smocker>khussakBionics</smocker>
    </mereBedownMyxoid>
    <tinererNosite>
      <excelsSyntony>knapOutwishEuouae13</excelsSyntony>
    </tinererNosite>
  </dieted>
  <sfmFloush secessStr="107">
    <cinquesTwiggerPinweed duntedMutules="canker" pirned="enrobes" cuspedHinchRatton="stovingTinySiphon">
      <dhaura>etymic</dhaura>
      <flummox barmenLollopBurgout="brechamTotymanAdorer">
        <woalds>introfy</woalds>
      </flummox>
      <immun arietid="rearmsDapper189" sememicAsprawl="tubfish">
        <paviorsMuggers>fishery</paviorsMuggers>
      </immun>
      <couldnAcce>
        <ginny>carversInsiteDig20</ginny>
      </couldnAcce>
      <tigua crocutaCynips="spaid">
        <inclasp>bozine</inclasp>
      </tigua>
      <wain verdi="wansithDouar">
        <kerite>conged</kerite>
      </wain>
      <vinic toecaps="poschayMnesticOreads1">
        <patcher>undeepOsseousCayman</patcher>
      </vinic>
      <nike machanBlakeDadoing="belightCopperyBouses2127">
        <eryngosMelody>ducoGoaling</eryngosMelody>
      </nike>
      <sward fuhrer="serialsManuka" wearingSkidoosRummle="rustreRhus">
        <widgeon>3165657</widgeon>
      </sward>
    </cinquesTwiggerPinweed>
    <fabesOpaion banyans="abuneGatherPhilia" hardingTopkickJupati="tapaUpcrowd890" peinsTriene="seagoerDipodicBriard">
      <sterolsCurtiseSeragli>stooledTenoreTswana1560</sterolsCurtiseSeragli>
    </fabesOpaion>
    <dakotanLatrantAgelaus baptismExocone="floorer" spretty="biterContd208">
      <fileBeaconsMinnows>warelyPapulesWellies</fileBeaconsMinnows>
      <aineElfinsTalter>
        <rattagePhonic>gallingYirk</rattagePhonic>
      </aineElfinsTalter>
    </dakotanLatrantAgelaus>
    <charmBucrane stripePussierTinners="froze" trottedBonitosPitarah="limeys">
      <topass>iacchus</topass>
      <trioecsWavered epizoon="patulin9">
        <enfief>sphinxEquuleiMesiad</enfief>
      </trioecsWavered>
      <pregainImbased dennisOutwordUkelele="drailCaisseFennel9">
        <dryadic>niasHormionShroud</dryadic>
      </pregainImbased>
      <lutingsFadedXiii omegoid="deair">
        <sterTercine>auditScuffle</sterTercine>
      </lutingsFadedXiii>
      <chopa subtlerOtolith="taunted" dualizeBajochiBraking="unbowelSkayles927">
        <mumblerCurried>1760</mumblerCurried>
      </chopa>
      <sadhJudges milpasBabes="misdrewJuzaSheathe">
        <persue>spsSkycapsLowse2</persue>
      </sadhJudges>
      <starik>
        <tiverPapaSyphon>solelyCecil5294</tiverPapaSyphon>
      </starik>
    </charmBucrane>
    <myaPiffled lowwoodFetted="sealchAlbatas" hybosisJehuPectora="agialidScraggyPtoses991">
      <exasper>waltyMettled</exasper>
      <vivresMuffing>
        <shoopTildeMalati>amygdalScrams</shoopTildeMalati>
      </vivresMuffing>
      <cituaBrimlyReruns>
        <orlopRejectsSerbize>lineyCaproic</orlopRejectsSerbize>
      </cituaBrimlyReruns>
      <imcnt loraCoaxing="39680">
        <aslopResayWoader>48984</aslopResayWoader>
      </imcnt>
    </myaPiffled>
    <manana>
      <scrodCooking>tipiti</scrodCooking>
      <sweat>
        <ligninHormistMadam>3881409</ligninHormistMadam>
      </sweat>
      <bromaSmeek>
        <cig>yasna</cig>
      </bromaSmeek>
      <egglessCoolen pottIsoporEmulous="paletotJustlerWytes94">
        <karanda>banshieDeter</karanda>
      </egglessCoolen>
      <angels cawCaceiBrew="unkenJourn" cumacea="sakel">
        <padoukEvaderPreser>teaguePrendreBilsh</padoukEvaderPreser>
      </angels>
      <tweenVasShrups strakeLiltedAvigate="calmierBotongChums">
        <liv>rideredStoopsTps</liv>
      </tweenVasShrups>
    </manana>
    <besan>
      <madship>3862</madship>
      <gamingLanugos unplumeBharaTowie="vetusSufCove969" sleech="18">
        <bousesTapped>etalage</bousesTapped>
      </gamingLanugos>
    </besan>
    <finningBuat>
      <gulleryTextman>sklaterPipages</gulleryTextman>
    </finningBuat>
  </sfmFloush>
  <removesBrewsHarmed silvaeBasculeNebby="taborRestake" oxygasCantateKlephts="apnoeasTroisPrudery">
    <ninnyIndiansByron>
      <seiseAhurewaGeste>cadgedOxshoeThusly</seiseAhurewaGeste>
    </ninnyIndiansByron>
    <reccoGimels subsidePyransPostfix="potmenWheelerUnmeted" sonars="atelierParterQuienal">
      <sculptPlannedAlkylic>cerusesEstallFirepan</sculptPlannedAlkylic>
      <jambosaMeccanCoef>
        <maskery>caprockDado</maskery>
      </jambosaMeccanCoef>
      <leifiteImanForbids preknowSapling="kittockWhelk" weirdoCentsPodal="domainAdipose">
        <lifer>catsupsEmulantDents75</lifer>
      </leifiteImanForbids>
      <lushEchelleChirred knotSerowLogier="misfit">
        <grumeGorstTwoness>broseSahras</grumeGorstTwoness>
      </lushEchelleChirred>
      <otozoumSirosTheyaou miffed="bodePeccary">
        <snicked>menyAbave</snicked>
      </otozoumSirosTheyaou>
      <safarisDermal ajenjo="937066">
        <iradesPanchax>wheensCorinthBefouls</iradesPanchax>
      </safarisDermal>
      <itemy>
        <hottieKhlystiBayamo>cadeau</hottieKhlystiBayamo>
      </itemy>
      <wonnedPenster darryl="castrumRattledFinlet">
        <preshipDeadmanSnoozed>inosicStationFrary</preshipDeadmanSnoozed>
      </wonnedPenster>
    </reccoGimels>
    <recheckBannackUnyoked rousantPiasaba="tonalLunda" gruffPrevues="fobParsCaseous">
      <ecitonOsteomaFoliate>iwurche</ecitonOsteomaFoliate>
      <everseAkhrotRhine develop="corosif">
        <enraceNepmanTaboos>70578139</enraceNepmanTaboos>
      </everseAkhrotRhine>
      <cevianDampest sordorNigglesArabism="taetsiaAscan9">
        <duenessGrouchyLees>demises</duenessGrouchyLees>
      </cevianDampest>
      <detruss>
        <rumdumAuguredSpline>aclinicJoutesBrunt</rumdumAuguredSpline>
      </detruss>
      <shindysHorsify>
        <patriotRyme>logwiseLatviaRoderic32</patriotRyme>
      </shindysHorsify>
      <burnishAntenorNeonate coronetYatiPalooka="mazardsLucifeeMineral">
        <aerifyHom>96738</aerifyHom>
      </burnishAntenorNeonate>
      <sexipedAcerous unwittyBlonde="7813870">
        <cyclOrdure>828866</cyclOrdure>
      </sexipedAcerous>
    </recheckBannackUnyoked>
    <fullersSingey>
      <denoted>tourt870</denoted>
      <pyrusImbatSuluan>
        <gayest>chinner</gayest>
      </pyrusImbatSuluan>
    </fullersSingey>
    <skerryVirent>
      <mispayTuppeny>capocAlkynes</mispayTuppeny>
    </skerryVirent>
    <dindlesFloodyEcuador>
      <twinkleSemplesFillips>syagushCalkAllie</twinkleSemplesFillips>
    </dindlesFloodyEcuador>
    <adobeRuddily earlap="tingingCrc" tutmenThruout="5553" cholum="cyprisDoweralGlouts">
      <heth>malicGurged</heth>
    </adobeRuddily>
    <hypothMetazoaPavane>
      <reelersSugatGus>grudgeGingkoBagge</reelersSugatGus>
      <fykeIndict salversGloveyDefaced="olomao">
        <lubes>6</lubes>
      </fykeIndict>
      <pumping bleb="silene" frierRefaced="relessaFreedomAffairs">
        <ravensWorlds>merodusBlasiaFalerno</ravensWorlds>
      </pumping>
      <blubbedUncorksOmental>
        <airify>cleave</airify>
      </blubbedUncorksOmental>
      <button tonemes="lavableOryxesOnsets">
        <swobbedCholtry>668983</swobbedCholtry>
      </button>
      <nucleliRyepeck nestTamestPurging="3888">
        <dahoonsPouffedLunyie>butenesShoat</dahoonsPouffedLunyie>
      </nucleliRyepeck>
      <snowcap farcistSext="nullosJudogiWhisson" finjanLionize="twpHogherdPrabble">
        <lestradDenturePineta>sasse</lestradDenturePineta>
      </snowcap>
      <morallyArcidae dobraGrapnel="kalends826" shita="7811">
        <stourZeloticNephews>dashTenablyEpicism</stourZeloticNephews>
      </morallyArcidae>
    </hypothMetazoaPavane>
    <zaremaShag>
      <pricksGabbySifaka>crouton</pricksGabbySifaka>
      <cidarisWhalerBusboys plexalTarpotPrelim="navette">
        <kaserSenaahLyses>hailyKendirKemp</kaserSenaahLyses>
      </cidarisWhalerBusboys>
      <posnetUlpan ovileMargins="58">
        <falbelo>uppop</falbelo>
      </posnetUlpan>
      <combosDegrasTalck>
        <oboistGuazzoExsects>4461</oboistGuazzoExsects>
      </combosDegrasTalck>
      <rhytta fungousBeshow="3">
        <mesneMellone>proudlyShlocksPavin</mesneMellone>
      </rhytta>
      <loughsHoddyYese jilted="coffin2673">
        <whinner>miscutErrantsSheel</whinner>
      </loughsHoddyYese>
    </zaremaShag>
  </removesBrewsHarmed>
  <bogardVigiasRhinos ateletsSierraOvergod="rangoonSiphoidPadasha" medicoCycleTufters="dairaDucapeEarlobe" birt="uncharmStentor">
    <dutcher>
      <peplaMotelsLevanto>twangleSorema</peplaMotelsLevanto>
    </dutcher>
    <mootmenCroylCharpit aubergeThixleRosario="754416" redub="cornoSubarchInsinew" guigeLoners="coagulaReplan">
      <aguaraDobuleShins>zamanGrover</aguaraDobuleShins>
    </mootmenCroylCharpit>
    <biodyneKentleEndue>
      <defaultHandy>dimnaKeffelScrobe20</defaultHandy>
      <unpeace pattiesUnnoblyCrafter="sinologAbassi" yunRytinaMog="basketsTubbeckOghams">
        <rhenium>cigars</rhenium>
      </unpeace>
      <haverel>
        <incrFeaty>poods</incrFeaty>
      </haverel>
      <afrasiaBaxtone exurbanBetrunk="phane" knavery="beghardKinkledExtrait">
        <backcap>tylopodEchoeyMundil</backcap>
      </afrasiaBaxtone>
      <pintidHighthsBedlids recountFixuresCrivetz="mourns">
        <chevronAbvolt>unttrodIfs</chevronAbvolt>
      </pintidHighthsBedlids>
      <entrezStowce phasicLimmu="ashlarsLoam5823">
        <lycopinHunts>5228546</lycopinHunts>
      </entrezStowce>
      <accelDahliasTentory>
        <aminoidPeewee>fritz</aminoidPeewee>
      </accelDahliasTentory>
      <emerilWedgedBrunets bencher="komi" yeukedCasaqueCharade="vamoseBaleen">
        <amiesIrene>viasBrawled</amiesIrene>
      </emerilWedgedBrunets>
    </biodyneKentleEndue>
    <poopsieLycidMage>
      <subgTribute>reetleAstylar</subgTribute>
      <quittalAprowl joggler="boundly">
        <coakVenousStudies>scyePotass</coakVenousStudies>
      </quittalAprowl>
      <anthems flaxesHowff="axunge" hoggs="frickleWats">
        <examBabbie>powanGurgesGadus</examBabbie>
      </anthems>
      <rumenHollas>
        <rudous>dunnest</rudous>
      </rumenHollas>
      <detachsKopje>
        <raddledDotardyElixir>muletaUplineAnuria</raddledDotardyElixir>
      </detachsKopje>
      <dunciadIof talkingWhiffer="bergsVirelay" sambulArach="moiler">
        <joustGooses>foggage</joustGooses>
      </dunciadIof>
      <axmanLacily lumpmenEfl="suableLofting" sapiaoSublist="344">
        <udom>parasolArteria</udom>
      </axmanLacily>
      <dallack asbolanUluluLanseh="gelable">
        <poemetYappyNeddies>7625097</poemetYappyNeddies>
      </dallack>
    </poopsieLycidMage>
    <prooferDastur spicasSofter="wlity" gregoShivooHorsify="toomly">
      <whift>khayalSps85</whift>
    </prooferDastur>
    <fadgePlanch churroHabile="6104" poxingCoakum="21143" visard="nacresCanezou">
      <gillotOrache>jeuxVoulgeAdorn</gillotOrache>
      <healerDissHantle eches="legging" crowersTestaoSourock="oersted">
        <scrimpyFelsicFylker>allah</scrimpyFelsicFylker>
      </healerDissHantle>
    </fadgePlanch>
    <jaga gemmaGeranin="chaluka" follow="celsian">
      <porrNahaneCarity>71</porrNahaneCarity>
    </jaga>
    <erasToylandDaidled>
      <tissuesObvolveDeploys>rafe</tissuesObvolveDeploys>
    </erasToylandDaidled>
    <enjoyedQueriedBalm>
      <aefald>faradNobly</aefald>
      <slotmanEscoutKilters howlersCrewmen="wolfianAbask" apios="billetBtry87">
        <charrosPontacqPalayan>unifiedFishy</charrosPontacqPalayan>
      </slotmanEscoutKilters>
    </enjoyedQueriedBalm>
    <sectsTheseumOutline>
      <sunupRompish>tonierPament</sunupRompish>
    </sectsTheseumOutline>
    <locarnoItems>
      <elided>640107</elided>
    </locarnoItems>
    <praised unwanBearpawFlooded="bohunk">
      <phytolVinyonMako>81358</phytolVinyonMako>
    </praised>
    <shunts>
      <belibel>winner</belibel>
    </shunts>
  </bogardVigiasRhinos>
</knobberCreaked>