<?xml version="1.0"?>
<ocular>
  <culverNunryTroft emelineBovids="medicalPropioMktg" saddikFainly="fishery">
    <sicLaminal coilGilverMelonry="boosterGoudaTiderip">
      <karatBroiden>goyin3</karatBroiden>
    </sicLaminal>
  </culverNunryTroft>
  <pulayaSeresImbody />
  <airanContainSadaqat preveto="7945963" revisalMinicabJangkar="peckyKowbirdLemurid">
    <diazoleSapit>
      <paceway>433116742</paceway>
    </diazoleSapit>
    <valets>
      <adodHotrodMontero>curiam</adodHotrodMontero>
    </valets>
    <faunule boonsVanloadBluntly="45" scornedMetron="48889" beguineLyttasJatki="doingsKyarCrump">
      <rosinePizzle>moghul</rosinePizzle>
      <abodes yearaMeanieSao="6033" wallasErlichePaten="piacabaBigheadTaplet">
        <tollAmyloid>umfaanExodosGaffle</tollAmyloid>
      </abodes>
      <turgor>
        <hogmaneEarache>davielyThrenosBesugar</hogmaneEarache>
      </turgor>
      <crofter grecoue="136">
        <ensuantCatnapsRudish>dickiesVitrine</ensuantCatnapsRudish>
      </crofter>
      <impshipBullpup begash="axungeUlnare">
        <tenorsPatedEtude>tenserGlacis</tenorsPatedEtude>
      </impshipBullpup>
      <solemn>
        <stored>tubas</stored>
      </solemn>
      <scopingSctWemless>
        <snib>sucks8374</snib>
      </scopingSctWemless>
      <begazesUncagedBones quarrelGypsyfy="saka">
        <dortUnbeingTahrs>apteralBught</dortUnbeingTahrs>
      </begazesUncagedBones>
      <tind>
        <galerusTalipatLasso>reunion</galerusTalipatLasso>
      </tind>
    </faunule>
    <ginsDobyAedes guileAgugliaEngagee="chymiaTaubeManba" beckettDirigo="parietReerectTouses49">
      <bourderArylateBrogues>696401</bourderArylateBrogues>
    </ginsDobyAedes>
    <bajraMaloca>
      <mailboxAvaniaBheesty>doxiesSparingDecagon</mailboxAvaniaBheesty>
      <cestidaBoudoirIsort hobnobMunjeetVary="62">
        <glassinPaolo>offends</glassinPaolo>
      </cestidaBoudoirIsort>
      <moonet>
        <epopees>mouthsNouche</epopees>
      </moonet>
      <distain gleetedTonally="bilabeFetlow">
        <cujamTarnsBunter>battureSeamus291</cujamTarnsBunter>
      </distain>
      <suitorsCasualsWiles abba="endow" overateEmbowsParvis="4112274">
        <rinsingAndine>75634868</rinsingAndine>
      </suitorsCasualsWiles>
      <subsereSeetheBawly thamesSpueOutdare="guisingQueuedLovey">
        <caries>euclea8344</caries>
      </subsereSeetheBawly>
      <chadsClaut>
        <unideal>drinn</unideal>
      </chadsClaut>
      <conc>
        <osmics>ampulsHircicCowbind</osmics>
      </conc>
    </bajraMaloca>
    <stoory raukCentare="lacwork" chrysal="7967" unanimeOrc="olenid">
      <gullageSignet>2035185</gullageSignet>
      <tubemenNoseanOra>
        <gluesCeriph>pubianCandyh</gluesCeriph>
      </tubemenNoseanOra>
      <creem>
        <governsSublate>sloes</governsSublate>
      </creem>
      <gwineFrena>
        <twinkUrosomeSaccha>turcoAfenil</twinkUrosomeSaccha>
      </gwineFrena>
      <mowse phillisOocytesRobins="feeingMemosBegaud">
        <petsTutus>vareuse</petsTutus>
      </mowse>
      <meanlyEphoiBrowzer>
        <pettingHaleruCuriosi>altus</pettingHaleruCuriosi>
      </meanlyEphoiBrowzer>
      <voet cunzaGoosyTomback="moronsAlludedSkewers">
        <fantee>6</fantee>
      </voet>
      <dipodicBlosmy eudistInchMeshier="reiveApogees9640">
        <pujariOlders>37607</pujariOlders>
      </dipodicBlosmy>
      <strives bardelCarmelaBumpier="poulterOrchatUndular9">
        <bagassDoatish>deadensLow</bagassDoatish>
      </strives>
    </stoory>
    <gaolLacesOraison>
      <mysoid>culicesChymicsHoley</mysoid>
    </gaolLacesOraison>
    <emploreElain wilter="urtiteBogartOutpipe">
      <teneralWhereto>reimage</teneralWhereto>
    </emploreElain>
    <uroodal splatch="10" harlotsKhair="540" cruised="morassDunamisWasco">
      <unliveFlane>you</unliveFlane>
      <fulcraTwaddle barrows="monicUrazole">
        <deviantReedilyOtary>umbilicTossMickler</deviantReedilyOtary>
      </fulcraTwaddle>
      <plinian limpers="craziesEtch" stovingDockenMorbose="succus">
        <eyrenJunglesMedics>vav</eyrenJunglesMedics>
      </plinian>
      <dicerasUnix>
        <codec>drabbet</codec>
      </dicerasUnix>
      <kikuyuSlower lourdyTritonsGuiling="huspelSlaveys9028" sottingEdenize="freeApinaeBanshie">
        <paganicAxonostNosy>squinsyEstado</paganicAxonostNosy>
      </kikuyuSlower>
      <lyraid wjc="egalUvular9817">
        <paroleeAbuOutsin>1780940</paroleeAbuOutsin>
      </lyraid>
      <fomentAllworkDookit siwash="ratoPicoidNorland" pantiesFoozleTanyard="plenipoKulturs84">
        <broker>cipo</broker>
      </fomentAllworkDookit>
      <lobeletDearerTidiose>
        <formeDepthUncompt>surerNusakanClypeus</formeDepthUncompt>
      </lobeletDearerTidiose>
      <blisterSorgheAbattis>
        <obeyedHelluoCreeler>rhesisGanjas</obeyedHelluoCreeler>
      </blisterSorgheAbattis>
    </uroodal>
    <vesperySkiffs>
      <butenes>shoat</butenes>
      <cameistRiffledZapped>
        <moppedLatex>791603654</moppedLatex>
      </cameistRiffledZapped>
      <quester>
        <chazans>wirableDirhamsLad</chazans>
      </quester>
      <aucuba>
        <tendrac>cloitDinnersDoria5</tendrac>
      </aucuba>
      <alcippe>
        <oversawKnavess>sleekerDirdumsPhylum1</oversawKnavess>
      </alcippe>
    </vesperySkiffs>
    <chides>
      <neorama>gradusAvenerGamey</neorama>
      <pampa ligatedBuretteSpares="knurlScarcer">
        <fidges>camuses</fidges>
      </pampa>
      <tinglesChincha>
        <byrling>pinkoGuisianBarbita7</byrling>
      </tinglesChincha>
      <yuckerInkmanQuica sookieInklessBodword="fugioDryopeQuahogs">
        <thermicAbeigh>cedillaOillessSacculi336</thermicAbeigh>
      </yuckerInkmanQuica>
      <khamti anidianBecky="vitric3942" bleaterBenjoinDewed="94044">
        <belchCognacBodegas>604</belchCognacBodegas>
      </khamti>
      <junksAnnaryBariums>
        <subplowFlick>lessTurdus</subplowFlick>
      </junksAnnaryBariums>
      <samuin dragbarWaxersPlenish="strengHokanSeafood" stichs="behowlSuing">
        <unarchKoombarConfest>misallyHilted</unarchKoombarConfest>
      </samuin>
      <maniocsRubigo>
        <syagushKuttabEmmer>granteeTonikan</syagushKuttabEmmer>
      </maniocsRubigo>
    </chides>
    <pandasShivsJowter>
      <ripen>playedUndogGobbled</ripen>
    </pandasShivsJowter>
    <chochoOvinaeHeughs>
      <turcic>tinnen</turcic>
      <giltcup>
        <dvorakHistone>troadOarless</dvorakHistone>
      </giltcup>
      <hcbTramway caiqueRepleve="betonBrodie" weasel="ixiasFrogmen">
        <solfegeTavyBlushet>2</solfegeTavyBlushet>
      </hcbTramway>
      <isobar>
        <ilthStrap>marmorMermisJumby</ilthStrap>
      </isobar>
      <perleFordoes termin="unsnapPatartGarnets">
        <dewyFrags>gomboKyung</dewyFrags>
      </perleFordoes>
    </chochoOvinaeHeughs>
    <updarts>
      <sudCaecalCariama>talcousCheeter</sudCaecalCariama>
    </updarts>
  </airanContainSadaqat>
  <violinaKabietCenton hysons="blazed" penda="belfast" />
  <warrynGallery exacum="4186" hostal="20" />
  <brillsRumpus>
    <baghFrittsUnwoman demimanOverdyeMorons="7" tost="754" wilders="sealer">
      <urgingsBlindedBisexed>luceRinceauSkis4324</urgingsBlindedBisexed>
    </baghFrittsUnwoman>
    <tire>
      <estevin>nayaritUnlapAttach</estevin>
      <collisCithrenVallota noseySerfism="woader" holy="attalidAlgebar">
        <crowbarChalderDewily>zoismHellySonhood</crowbarChalderDewily>
      </collisCithrenVallota>
      <retinge bodgery="lungy">
        <lawedOcotea>rightlyDuties</lawedOcotea>
      </retinge>
      <taulia tempest="niduses">
        <urnfulsBawdAsteam>gloutedCatheadMachina</urnfulsBawdAsteam>
      </taulia>
      <wimickBummer>
        <emanantCloofUnsilly>qualms</emanantCloofUnsilly>
      </wimickBummer>
      <luluaiRoddin hanafiSeamost="9834" fleyBruke="unpipedWalers">
        <eyelikeBabying>fahamElutedDumose</eyelikeBabying>
      </luluaiRoddin>
      <leapingSueding vampersAdddaQuadded="nisus">
        <derris>3</derris>
      </leapingSueding>
      <revisalToughraBkcy>
        <synagog>renoir</synagog>
      </revisalToughraBkcy>
    </tire>
  </brillsRumpus>
  <swobsDaudRealtor />
</ocular>