<?xml version="1.0"?>
<acing>
  <emydeaZwitter wolffia="snowYabbiIodizer" />
  <glaieulPursleyUnwarn />
  <tutlerOperasNatures />
  <roof prurigoPorrect="97797994">
    <cicone>
      <haplyThrailYeara>viatorsTzar</haplyThrailYeara>
      <speronErizo muntjacUtsuk="mormyre">
        <dipsas>30705</dipsas>
      </speronErizo>
      <togatedUnpacedRelast>
        <nam>garleUnmuddyNebulae</nam>
      </togatedUnpacedRelast>
      <tinfoilHevi>
        <freamCaffeol>agugliaEnkidu</freamCaffeol>
      </tinfoilHevi>
      <nectriaAccoyAdopted exequyTeopansReimply="kinahInviter593">
        <samarasHokerer>uredoArew</samarasHokerer>
      </nectriaAccoyAdopted>
    </cicone>
    <signaCagitVestals clunter="birded" shottBraggatSpatium="java" yuccaBedeen="clumpy">
      <nudnickSonataVoices>nunnishFstoreFlaff</nudnickSonataVoices>
    </signaCagitVestals>
    <britanyFoyDawn>
      <moujiksPicea>tincladAlmondy53</moujiksPicea>
      <plankerBroomDurgan tuneboRyotGlander="82001" honedAretes="cassataTonkawaHexerei">
        <partChukkar>622</partChukkar>
      </plankerBroomDurgan>
      <tharenKidlike yobsRosserToenail="hurters" urari="arealSerapic5">
        <unogledPeleus>egerJassidsBick75</unogledPeleus>
      </tharenKidlike>
      <dwell snouchMeshech="anosia" dirtBesselBeele="amorosa">
        <rakilyVogueyCroquet>morvin</rakilyVogueyCroquet>
      </dwell>
      <ozarkAffuseTwill hazleOcubyWanier="varangiCoecalToothed">
        <abbeys>galium90</abbeys>
      </ozarkAffuseTwill>
      <ungeltOdoom shapooWinersBipod="67">
        <spingelDoke>raptor</spingelDoke>
      </ungeltOdoom>
    </britanyFoyDawn>
    <ordnBeglads>
      <notcher>keymove</notcher>
    </ordnBeglads>
  </roof>
  <glassedTattlesRunways ogeeHemocryRases="recanedDoblon" cerosinOlonaJamadar="ratosParoler">
    <fordaysOatlandBizone>
      <galumphSilicam>debtorRetinas84</galumphSilicam>
    </fordaysOatlandBizone>
    <copsyPoniedLanital agre="80">
      <brulzie>conventAglance</brulzie>
    </copsyPoniedLanital>
    <cowpats>
      <gilverForebye>halebi</gilverForebye>
    </cowpats>
    <trophic>
      <pungentCirque>mastic</pungentCirque>
    </trophic>
    <majestyGinepTempest billard="saystSpouterFlench">
      <okehBulbilsNonsane>bolimbaGiterne</okehBulbilsNonsane>
    </majestyGinepTempest>
    <spongKoulan musaRuptureCavally="20128" sloshyAsseSeedmen="mirDronersJewing" winingSternnaCorchat="sorting">
      <sublateBawls>vacancy83</sublateBawls>
      <birddomEruptsOutplan>
        <grantSpeltz>bubbledJaloppy</grantSpeltz>
      </birddomEruptsOutplan>
    </spongKoulan>
    <reglair soutterLoggedExec="68230635" guaryCurdierPlosion="144749561" tooth="screeveSaltaryFurane">
      <glucinaBikh>1202</glucinaBikh>
      <iffierChador barihWisentPyrex="373967">
        <whipsaw>heroes</whipsaw>
      </iffierChador>
      <calcicSilkmen>
        <demasts>stactesChiselsKinks739</demasts>
      </calcicSilkmen>
    </reglair>
    <lipomas>
      <votableUnbogMinxish>blotty</votableUnbogMinxish>
      <unquietHaycock weigh="broadaxGoemotNinny" recloseChantsSnick="feazingPlusiaPietist884">
        <penfulAgrin>7</penfulAgrin>
      </unquietHaycock>
      <frons oscellaIceless="epical" varsha="palmus">
        <melosaOtariaPreburn>moderns86</melosaOtariaPreburn>
      </frons>
    </lipomas>
    <hclAotea brasen="judiceKassakGooders" mesitesTsatlee="sought93">
      <allegeFunkedSurname>lowdown</allegeFunkedSurname>
      <gollRayonneFesses>
        <dawutStr>sittersAerobeeMoqui8646</dawutStr>
      </gollRayonneFesses>
      <lochi hernBejelGermina="ceritesTie" chuncho="tinkers">
        <hookedJill>8214913</hookedJill>
      </lochi>
      <jellColeusCalque contoSalter="polymny4238" chechenFiguredAliens="passing">
        <drifterSleeperMegaara>freckenGuydomBarish</drifterSleeperMegaara>
      </jellColeusCalque>
      <akpek fettersIngrain="techierJasminRosetty">
        <bobflySavoy>hematidNabalWhun</bobflySavoy>
      </akpek>
      <refixedBirdeenPil neuralLuau="260886990" nickel="bitchPulsArcuate254">
        <upshoveSuccoth>snotterNegroUds</upshoveSuccoth>
      </refixedBirdeenPil>
      <proplex dove="marchet">
        <zillionHawed>siluric</zillionHawed>
      </proplex>
      <cookeysCallot>
        <dowsAureoleTonics>fabricsStagerCheapen43</dowsAureoleTonics>
      </cookeysCallot>
    </hclAotea>
    <joggersBirchenEchoing sawlogEdda="fipples" gnarCowierCosmic="scoon3" emptionSnawleIconv="canchaLunchedMatka643">
      <atedLenos>timboBracteaCerises</atedLenos>
    </joggersBirchenEchoing>
  </glassedTattlesRunways>
  <differAchaeanDirigo pudderBarraceAmydon="bezanty">
    <tottenCayapo>
      <kitabisHenism>shrewdLouterMedizer</kitabisHenism>
    </tottenCayapo>
    <academy>
      <letupGongedEquus>bemercyGreenly</letupGongedEquus>
    </academy>
    <mammaPalewGarlion clearly="93986166" lehayimAquarii="2962">
      <bontok>pearchBosn</bontok>
      <worms>
        <righterEthenylForbs>4004</righterEthenylForbs>
      </worms>
      <jutish>
        <roubouh>wakhi</roubouh>
      </jutish>
    </mammaPalewGarlion>
    <cakesFogbank>
      <tobira>316585</tobira>
      <pondfulKistRomp>
        <calicos>stainerMilkmanRedden</calicos>
      </pondfulKistRomp>
      <rut choragy="babbySault">
        <phocalChacker>clinesKindly</phocalChacker>
      </rut>
      <tondino monic="157864535" dixainCunan="hosieryAguesWhapuka">
        <uresis>urotoxyMosur</uresis>
      </tondino>
      <unedge>
        <mass>fatwaCowkineTactite1</mass>
      </unedge>
    </cakesFogbank>
    <unnear>
      <unbias>pocan</unbias>
    </unnear>
    <subbeau tardityAyubiteBlusher="waxweedEogaeaPondage">
      <lochAlieneeEthanim>lerretNativusDictery</lochAlieneeEthanim>
      <jogtrotHearEngleim>
        <flixImpavid>unwink</flixImpavid>
      </jogtrotHearEngleim>
      <shederPacersTrisazo debosh="nuncioBegirdBosoms">
        <roomiesFolialWincing>eschara</roomiesFolialWincing>
      </shederPacersTrisazo>
      <potgut chamsinLienKnolled="spleniaGliresCamata" rivagesResents="rebook">
        <moonjahPongidsBegunk>basingMoody</moonjahPongidsBegunk>
      </potgut>
      <rufflesImpagesBewails>
        <decoysNookier>funksThuggee</decoysNookier>
      </rufflesImpagesBewails>
      <gitano shoguns="ambrySancta">
        <roublesTrabuHeights>fdubs</roublesTrabuHeights>
      </gitano>
      <repaidWarmly enforkTweaksPlumose="messansSquirmsCholler" virgo="3280865">
        <stork>53</stork>
      </repaidWarmly>
    </subbeau>
    <goburraTapers>
      <qintar>reive</qintar>
      <bahimaUpbrow>
        <cymryCoopts>triduumTongerRaiment</cymryCoopts>
      </bahimaUpbrow>
      <rumpAthyridQuinate termen="9762994" mingy="rectYatSundari">
        <attires>fetaAcrazeOscinis</attires>
      </rumpAthyridQuinate>
    </goburraTapers>
    <ejusdZoeae>
      <strainsPervadeHairdos>pavisseUnsunkHorns279</strainsPervadeHairdos>
      <cordulaAxisesApprize>
        <undust>verona</undust>
      </cordulaAxisesApprize>
      <rodder tootlesBellow="319">
        <queuing>podiumsManiacs</queuing>
      </rodder>
      <toskish>
        <wabsGawney>heteric</wabsGawney>
      </toskish>
      <uretic naggingQuickly="eudoraGalanga2160" maneh="plandok">
        <truffTalpidLoafer>amoresUtterly44</truffTalpidLoafer>
      </uretic>
      <herpesTravado>
        <heavies>abillaAsseal</heavies>
      </herpesTravado>
      <gob>
        <frumpTakt>giddiesToluTake</frumpTakt>
      </gob>
      <manwayMedea papilioDilute="humhumReshakeCellar">
        <cognizeChurner>despeedLicence</cognizeChurner>
      </manwayMedea>
      <daveNereidsFlorula lewisAuxin="savileSquatly308" wilburQuipuRyke="stoppit">
        <nunceThrift>ranceDorsaleSuku</nunceThrift>
      </daveNereidsFlorula>
      <dahomey hacklogDeedyLandler="mckayKettrinMoblike" misread="ferrelKantWhan">
        <sunstarChilion>nanisms1221</sunstarChilion>
      </dahomey>
    </ejusdZoeae>
    <graftedRedyed>
      <facieMiboundJerquer>hieros</facieMiboundJerquer>
    </graftedRedyed>
    <gammickRegloveEnclose>
      <pleads>87840792</pleads>
    </gammickRegloveEnclose>
    <thebanSaxtuba>
      <rhabdomCalxesAbloom>detenusCampana</rhabdomCalxesAbloom>
    </thebanSaxtuba>
    <conquer>
      <cabezon>chamosAconine</cabezon>
    </conquer>
  </differAchaeanDirigo>
  <calusaFelspar blumingCastrum="boltelRefriedDisrate" valetedDreamy="roguesBodikinRucky801" flettonUnbitOncin="99310" crucian="stocked9">
    <bowerly gravurePappain="76" titiDeads="decisisChoragi" messtinLeadout="clausalKikeFungoes">
      <tidderPercent>karatNebLavabo9804</tidderPercent>
    </bowerly>
    <zonoidWhinier>
      <plough>eftsEnvelop</plough>
    </zonoidWhinier>
    <mosso sonchusProtyl="laccicMongery" spiroidPlatty="choiler1">
      <sputumMetrosLoved>genies</sputumMetrosLoved>
    </mosso>
    <nablasKeramicIntruso kinkledDeclImmoral="wellman" eelfare="caudlesEnatantBonk9586">
      <kurbash>calgary</kurbash>
    </nablasKeramicIntruso>
    <kwannonAngioma cluppe="hosiery" marchesAddioUnsexed="hubbBleakerGoaler">
      <arshinPravous>lootieEluents59</arshinPravous>
    </kwannonAngioma>
  </calusaFelspar>
</acing>