<?xml version="1.0"?>
<icilyDetour>
  <hipeOomancyCritics dedans="uptakerOrlet7537" lese="feasted" />
  <petziteVaselet seora="smytriePotsie" gunkyAzumbre="51833" rerankMeeken="unfired" />
  <hyenineEarnerCoprahs wends="secede60" tibbyAmis="9992742" lieToppled="halloa" />
  <jewelyRanid wakif="mukriSavoursConsort33" afrightDeepenDiane="motetsPokomSopper">
    <herderSemois>
      <besides>alpid</besides>
    </herderSemois>
    <henbitsAlbeitCanapes>
      <attentGelong>1458938</attentGelong>
    </henbitsAlbeitCanapes>
    <supponeVug>
      <petaraAkeSuints>incaFear</petaraAkeSuints>
    </supponeVug>
    <alfargaSulkaPerused facialsEstevin="typesetEvzones" absey="rasher">
      <sanpoilOvated>gainers</sanpoilOvated>
      <narica>
        <cratch>sankaPrebend</cratch>
      </narica>
      <radixVajra>
        <postbagOverhot>swimbelUnknit6430</postbagOverhot>
      </radixVajra>
      <roughetCrownetVallary unciaTaichUnpited="442">
        <trebletDaytale>6668</trebletDaytale>
      </roughetCrownetVallary>
      <furrows peanutsTypal="kissyGryphon" garranTikesCutlash="282">
        <axisedRosyBern>gerbils198</axisedRosyBern>
      </furrows>
      <gentilAmmo halm="loggierEstoil" handlesCochon="88459">
        <lecythVoltaSchools>pilineChapterOutline</lecythVoltaSchools>
      </gentilAmmo>
      <tazzaEmyde>
        <penmenChristChums>annuary29</penmenChristChums>
      </tazzaEmyde>
      <uphealEmboxGules>
        <carbarnWapsSwails>candaceCantlet</carbarnWapsSwails>
      </uphealEmboxGules>
      <mowseEir>
        <lecker>chequyAgrania</lecker>
      </mowseEir>
      <chiggakCreams potluckMeritsCoyol="whincowShipponEarner" voetsek="slovenSkeeter">
        <tuliacBridalArabica>contuseVizor</tuliacBridalArabica>
      </chiggakCreams>
    </alfargaSulkaPerused>
    <hunnicPretiumMavin costed="whooshDidlerHerding" ganjaCeps="matsterZiram" sorose="raglansKnockerFruity552">
      <cupless>bedusk</cupless>
    </hunnicPretiumMavin>
    <cajonLabeled>
      <roughsAntlidForcy>lanchKokoona</roughsAntlidForcy>
    </cajonLabeled>
    <bettorJiltish vicoite="fringe" keets="4717655" abandum="polack">
      <bedayZones>adaunt7602</bedayZones>
      <helotsAilsGalluot>
        <moorsBurundi>purify</moorsBurundi>
      </helotsAilsGalluot>
      <thaughtCautivo bubalePlayaGrees="acheronEconomy" sudsesLousilyCosted="stria">
        <gangs>craneCorkeOstsis</gangs>
      </thaughtCautivo>
      <hennaGavyuti pipeyTintie="3627839" cardecuPttsUnswell="ampyx633">
        <commove>behalfOdorizeBehale</commove>
      </hennaGavyuti>
      <painchLout domoid="figgier" osela="tapuyo">
        <animasIodatesHounds>amidstReenactProper</animasIodatesHounds>
      </painchLout>
    </bettorJiltish>
    <gerara>
      <unplumpGulfierGaloot>settlerAccusalUnawed</unplumpGulfierGaloot>
      <soriteMorgues>
        <ferliesLedget>chorialSaxtuba</ferliesLedget>
      </soriteMorgues>
      <syconusYous balnealVilaWeeble="769" routineLochageKullani="outactsChechen">
        <chromid>gottenDecoic</chromid>
      </syconusYous>
      <aldineOutaddsSeawans wackierMuntz="akaroaSemigod" familiaTweedle="77036">
        <aefaldyDeaned>saad</aefaldyDeaned>
      </aldineOutaddsSeawans>
      <seaworn>
        <apogeny>diwansVernile</apogeny>
      </seaworn>
    </gerara>
    <chudderBonify ismsTownfulJibby="upkeepPolyact" rewash="ladersDebunks">
      <woodenyCamesSpouts>scrobeTeleses560</woodenyCamesSpouts>
    </chudderBonify>
  </jewelyRanid>
  <wolfmanGargil schmoesMosanToys="81" />
</icilyDetour>