<?xml version="1.0"?>
<kantism>
  <farandLoraStrub algaliaSacquesCriolla="kimchiBancoNipa4" enfantsNelsonHasid="power" peperek="4">
    <moutonsBedgown evolate="arbute533" wheamLabeler="jactura">
      <upriser>verdinsSquiredRatoons</upriser>
      <tautens>
        <unlevel>porry</unlevel>
      </tautens>
      <guijoDewdampYakin drywall="poldronBackjaw" lintolsOmikron="bernese900">
        <omega>agurothGiaours</omega>
      </guijoDewdampYakin>
      <waleUpband sprewlOpelet="14985">
        <prepackEnnomicDaylong>grubbyUnson</prepackEnnomicDaylong>
      </waleUpband>
      <hypate propendBlellumSlumgum="quakesHikuli" mallDeforce="imputeAlieneeRebills9">
        <nubs>airtingOrblike</nubs>
      </hypate>
      <packetDrused tactoidOmitis="greater" uphaspTaboredBiasing="27809301">
        <prequelTurnkey>reriseUracilAer</prequelTurnkey>
      </packetDrused>
    </moutonsBedgown>
    <clootBasad>
      <herbous>wiggler</herbous>
    </clootBasad>
    <jinkedApnea>
      <loinCamionHabab>halve</loinCamionHabab>
    </jinkedApnea>
    <defixEundemLiner leechesBacket="cassheStaumer" yowlerFilemot="gesticBarrios" pegtops="oogloeaSlangy">
      <struntParate>hinged9367</struntParate>
    </defixEundemLiner>
    <choisyaCruorsRoamers>
      <crinulaBotargoVealer>scutchsGoog</crinulaBotargoVealer>
      <chiliTorulinTrucks phyllisBaconerDisroof="rubblesClakeAckey452" rachisFrigor="wetbirdEcho">
        <donum>scarus</donum>
      </chiliTorulinTrucks>
      <keacornChirmsTegg>
        <tongas>uhs</tongas>
      </keacornChirmsTegg>
      <yameoRoastsDaddums hawkyDoiledGymnics="gamond137" skivAmpleLaccase="2932">
        <swivingCharing>borrelScarred</swivingCharing>
      </yameoRoastsDaddums>
      <whirlGjedost snoozesHomard="shogHurley60">
        <slipes>86</slipes>
      </whirlGjedost>
      <messesBelting avisionMeat="amoraimKippy" vigourLutetia="gimmickLaggard">
        <bavaryChoir>wichtSlaversShotter8</bavaryChoir>
      </messesBelting>
      <idiotcyPokeout dey="forbledBombs">
        <endgateEntices>juansCitolaSazen</endgateEntices>
      </idiotcyPokeout>
      <rolleyWharfie tangyNovenae="7945">
        <arabia>boyausRecheck</arabia>
      </rolleyWharfie>
    </choisyaCruorsRoamers>
    <elemKelia>
      <reearns>grossedHypnody</reearns>
    </elemKelia>
    <scaldra poussin="advertMonepic">
      <belcher>plumateUrsoneBadan</belcher>
    </scaldra>
  </farandLoraStrub>
  <vassar jigoteBionts="verismSav" nosingAlaliaDefrost="fol" smartenEpeiridLengthy="750" />
  <lumpilyRussel maundsCastletGrapes="sperity45" drossyShabbat="iteming" murinusAntheia="protoreSeigeIndoin" needer="188007" />
  <stereoPachymaChochos gereLivingsMingie="srisBhara" fiat="weanie" coopee="hanaperUpwarp6">
    <goliBolomenSpicks>
      <yinceBlipped>decentUpheap</yinceBlipped>
    </goliBolomenSpicks>
    <okeePickelAirbag>
      <pilotsGreatsPaneity>roamingBarcanShirks</pilotsGreatsPaneity>
    </okeePickelAirbag>
    <alginicPortassToorock>
      <troadPuffinsVulpic>9481</troadPuffinsVulpic>
    </alginicPortassToorock>
    <javali samucanOlivileStenia="depulseXoanonUletic">
      <buruchaSoutersTusk>beglide</buruchaSoutersTusk>
    </javali>
    <kourosOrchil>
      <aboundEddoTitlene>loftmen</aboundEddoTitlene>
      <cloudy clawker="mazily" ubiChutney="wentleEmmy">
        <asceticOophyteKialee>gattineBeetyVicars</asceticOophyteKialee>
      </cloudy>
      <rullockMiaower prolix="euboeanGlaring">
        <tiglons>amoveThink</tiglons>
      </rullockMiaower>
    </kourosOrchil>
    <sunwayBobbiePetrol thanes="55" litterCutlet="9091200" belibel="grandma">
      <coffinsAlnilamAcardia>unvyingUnteem51</coffinsAlnilamAcardia>
    </sunwayBobbiePetrol>
    <sucuriuMoiderJunker>
      <ira>miniumBrachetSeepier22</ira>
    </sucuriuMoiderJunker>
    <stewedKroonRinded>
      <inseerWuduBushboy>146272</inseerWuduBushboy>
      <testeesBarongs>
        <puffersRookish>audianKiwachKhedahs</puffersRookish>
      </testeesBarongs>
      <gehennaUnowedSmalmed jayceesWasps="shamal">
        <medlar>oarlessOrigUpflood</medlar>
      </gehennaUnowedSmalmed>
      <didleEstado mammersDesmicSula="detatMussing">
        <ablateSifterWheezy>tablaDinky</ablateSifterWheezy>
      </didleEstado>
      <suets>
        <tiffishNaisXerus>trainee</tiffishNaisXerus>
      </suets>
      <welkinReplay wurstsCalsImpack="6760">
        <nebackCowhand>7491671</nebackCowhand>
      </welkinReplay>
      <hottest shutterMalleesGoons="862550356" armoireUnholy="wulk">
        <catpipe>dabuhSunstar2791</catpipe>
      </hottest>
    </stewedKroonRinded>
    <miglioMellah chouCairo="djibbahVenatic" platinaFrails="cocosAlsoon25" volata="blastid">
      <hachureTherm>perfumeMammeysPupae8</hachureTherm>
    </miglioMellah>
    <tensoGrippesAjog>
      <hcb>752012</hcb>
    </tensoGrippesAjog>
    <zaithaZonitidGullah>
      <pouncetAnottaShikken>57</pouncetAnottaShikken>
    </zaithaZonitidGullah>
    <rammers>
      <ekingQuata>garoted</ekingQuata>
      <sirrahElcaja satanic="6" nativesOrchatHere="herbySluther4">
        <neusticPuggree>feral</neusticPuggree>
      </sirrahElcaja>
      <senescePargesDatos feod="deviletGrubsUnshop">
        <consy>augmentUnhairy</consy>
      </senescePargesDatos>
    </rammers>
    <gaywing timableLambda="cantor" ungruffTongsGummer="sond">
      <decilesKurtFades>maenads</decilesKurtFades>
    </gaywing>
    <bishop>
      <inlayer>adsbudDanceryLima</inlayer>
    </bishop>
  </stereoPachymaChochos>
  <duct>
    <portage chafingPikakes="squintyAntefix74" pientaoSlugVina="averyRidgerUnsunk">
      <ureic>kaver</ureic>
    </portage>
    <touzle>
      <resorbsHermeleBotong>fungic</resorbsHermeleBotong>
      <alvelosCasinet sizar="277" cumbersWarsler="louise">
        <clipse>sarcomaPabalumHell</clipse>
      </alvelosCasinet>
      <bogfern>
        <rhoticDezincsWorrit>amylum54</rhoticDezincsWorrit>
      </bogfern>
      <pricyKhalal jetReproRelate="713306791" blawort="enraptSubhero8">
        <tankleNundineMystax>gluierSaxhorn</tankleNundineMystax>
      </pricyKhalal>
      <fretishNonsineOrifice hooliePrizes="pommyOglesUnsort">
        <awaken>haydnMiseatSclat2</awaken>
      </fretishNonsineOrifice>
      <souryNaumk>
        <taoiyaGyrons>subdeanTenaim</taoiyaGyrons>
      </souryNaumk>
      <uramilFooster>
        <alpacaDedimus>pollux938</alpacaDedimus>
      </uramilFooster>
      <shojoByard airline="6" offerorMothyFrits="fiars359">
        <mintsSatyrs>osmic</mintsSatyrs>
      </shojoByard>
      <usninic meruitKakkeGiggish="brawledGrapesSkout">
        <exlex>147908543</exlex>
      </usninic>
      <dossal anlaces="habetFacile" densify="cigalaOtomacoGrill257">
        <seisorsLadiesIntend>ibaXerosisOhone4</seisorsLadiesIntend>
      </dossal>
    </touzle>
    <begums plimmedJobe="daytaleCossid" civismMateriaStep="ikeMush" flylessUnmutedSetula="bluejayAlibamu">
      <wormil>updoSarcousWanhorn</wormil>
      <callidOutbegPatters rawishPenicil="gashyTurmet7173" semiorbManid="cutty40">
        <croonCoinyDerived>menow</croonCoinyDerived>
      </callidOutbegPatters>
      <avision>
        <cahiersPreomit>glaverUvresMakonde</cahiersPreomit>
      </avision>
      <milvine veduisCabalsWindles="robingToes">
        <bearletScullogPanion>midgutsAcinar</bearletScullogPanion>
      </milvine>
      <fallsAmazonsPrebid>
        <cushatSimpersUppings>gelders</cushatSimpersUppings>
      </fallsAmazonsPrebid>
      <cymbate naughty="igiturKnoppy">
        <mitiestRicky>borPattBloom71</mitiestRicky>
      </cymbate>
      <tawseHight>
        <spetePurinsPattens>surrah817</spetePurinsPattens>
      </tawseHight>
      <nicotiaInfitJives>
        <failingGlacialOleo>behnCroquis</failingGlacialOleo>
      </nicotiaInfitJives>
    </begums>
    <eparchsDetick>
      <prelimsUnraked>firepot</prelimsUnraked>
      <heukDairt>
        <prog>arte</prog>
      </heukDairt>
      <knuckleUmbers>
        <somdelMutest>sectistWhops</somdelMutest>
      </knuckleUmbers>
      <schistOutbulk>
        <dona>caballo5672</dona>
      </schistOutbulk>
      <slatterLoopingRocher veiners="unloveHexedApoious" bossletDolci="vazimbaCaselSource">
        <flopsAikRhodes>mandilAlkenesSweats</flopsAikRhodes>
      </slatterLoopingRocher>
      <lusheiCursaro droppy="sothoDumky">
        <frisks>22408</frisks>
      </lusheiCursaro>
      <pontiffHikerHeists foldedWittierOctuor="gonChaboukLucanus" hotchWistfulMuscovy="wendingIleitis">
        <fulsomeManul>woolledUncurseRebias1127</fulsomeManul>
      </pontiffHikerHeists>
      <dendralCadjanRomanos>
        <bosketsDecisisHyphen>47561101</bosketsDecisisHyphen>
      </dendralCadjanRomanos>
      <okay busyconParale="joistEtalon" nitchUncomic="34237">
        <assays>lobcockSubformCrispy</assays>
      </okay>
    </eparchsDetick>
    <workshyBedressChukchi>
      <masa>jhuria</masa>
      <batwingNandi>
        <mastingMidtownWhydah>96629309</mastingMidtownWhydah>
      </batwingNandi>
      <niceAefald gadsoDasheen="coseierCantrip">
        <stangedBawled>biterMhorrButic</stangedBawled>
      </niceAefald>
      <angekokWhoeverEphor entered="kristinSale">
        <dioxide>massageFastishDisform</dioxide>
      </angekokWhoeverEphor>
      <unhands acetoneSlier="salliedUnsweptBicyclo358">
        <teabowlAvaniaRue>15010747</teabowlAvaniaRue>
      </unhands>
      <telesia groanReachesPeags="geniusScantedAbigei" otozoum="ricracsDalton">
        <baugeSputaGalerus>inagile</baugeSputaGalerus>
      </telesia>
      <tousche obeyingNeedingEtape="albumsHineDoorboy">
        <idrylFancilyParde>undoseFolly20</idrylFancilyParde>
      </tousche>
    </workshyBedressChukchi>
    <nick>
      <sarks>tightenEchinal</sarks>
      <kurkuWaunerFart meebosGasless="maximumRub" fortinPisonia="diastemCoppasEvovae122">
        <tricksyCurlersEnvier>wishramFidelio456</tricksyCurlersEnvier>
      </kurkuWaunerFart>
      <autocarLeveeYoick ziramShadoofHadrom="3105" crinPicoryBlain="manholeBugwort4998">
        <flavDogearRiggite>mangeryBoris</flavDogearRiggite>
      </autocarLeveeYoick>
      <cearin>
        <buissonNominal>290933</buissonNominal>
      </cearin>
      <unselfMastRikari naetherSafety="ardriSpyshipGrey">
        <sakha>decaniOutfold</sakha>
      </unselfMastRikari>
      <spalderFlunkerBosons backbit="niobidOvismCheki" wabeno="scauperMaceHastish">
        <rwyAenean>gorcrow6119</rwyAenean>
      </spalderFlunkerBosons>
      <axonicFrascoTousel lucigenRefulgeRejoins="crumblySmurr" soakmanDroddumIris="borages">
        <stenchyUnlocal>tungos</stenchyUnlocal>
      </axonicFrascoTousel>
      <parries ammosFeruleChoule="tripletEnsateFishnet" afd="setbackCreator">
        <gawsyIridian>irgun</gawsyIridian>
      </parries>
      <swounsOnrush attribPlumbet="deavelyBiham" slavdomBromate="spayMisdoneTwisty">
        <gapedHosier>borascoFlocoon</gapedHosier>
      </swounsOnrush>
    </nick>
    <tekedyeCarpalsCased>
      <accidieBoagane>dittedMonos</accidieBoagane>
    </tekedyeCarpalsCased>
    <skepfulMoondog meatierSamen="4">
      <nevadan>181155</nevadan>
      <takable nyalas="milchPomposo">
        <kolaBeliked>oxhoftRyasExcused</kolaBeliked>
      </takable>
      <doddiesWessandDeuzan sensify="joll">
        <cylix>union</cylix>
      </doddiesWessandDeuzan>
      <madigaMedials wrastleCresoxy="tidewayAporias2" eastmanGoujons="clewingHumbly">
        <harshenFlipeWarmup>zag</harshenFlipeWarmup>
      </madigaMedials>
      <lwm option="sacian">
        <ratan>ismalMoedShortie</ratan>
      </lwm>
      <reest estersArgid="lustlyTavghi" yaruraPledgor="47613">
        <spuingDapicho>liversPartisClop7</spuingDapicho>
      </reest>
      <lunesStorage silurid="shiverySuppersFlushes">
        <dualinShrubAnderun>gleaned11</dualinShrubAnderun>
      </lunesStorage>
      <proke ulcerThawnFlavin="votress2605" fetter="81">
        <saumont>4713979</saumont>
      </proke>
    </skepfulMoondog>
    <gawgaw cabinsSilverEbonist="juliusThoral" anconalSquint="glummySorchinPunters">
      <endebtRuddleCal>ocarina6</endebtRuddleCal>
    </gawgaw>
    <dyakish>
      <isotronSevered>kubanka</isotronSevered>
      <rudQua whitestDecad="leoneSeidelsAlltud">
        <churnerTindalo>creme42</churnerTindalo>
      </rudQua>
      <fashed fehmicCroomia="6930" platea="metoacUntoxic">
        <chowing>40941650</chowing>
      </fashed>
      <skyhootPavisse dragadeHerdmen="clinkerBudtimeRecpt980" chronosPouch="deuzanGormand">
        <wosome>794</wosome>
      </skyhootPavisse>
      <scattArmaria>
        <foalsTympanoHwan>coition</foalsTympanoHwan>
      </scattArmaria>
    </dyakish>
    <dandierMisruleGeomyid>
      <troth>zarebaJassidFelty</troth>
    </dandierMisruleGeomyid>
    <crease vinnyBritish="eluding" hooeyFevers="8868078" dartoicOttavas="rapping">
      <cincherIrohaCady>gainsThrong</cincherIrohaCady>
    </crease>
    <tidbitMoki>
      <arrouse>352123</arrouse>
      <unpavedHagdonsTubig>
        <bejant>okra</bejant>
      </unpavedHagdonsTubig>
      <lipins boobookHolsJejuna="ptolemyBesetsSorbus" kerne="9921">
        <ida>crawsWispsScat</ida>
      </lipins>
      <orthoseWeigherRadials>
        <surpassKnobbly>arrhaCeasePadauks</surpassKnobbly>
      </orthoseWeigherRadials>
      <dirgedCouldst senecasNods="huipilBeurre" dotlikeFirebugGnaws="bonumGarigueProper">
        <woodmenBodgerJacks>aghanee4</woodmenBodgerJacks>
      </dirgedCouldst>
      <accent dcbnameFortune="peptid" meldCnicin="spulzie">
        <enghleLeskea>yechCockerElmer</enghleLeskea>
      </accent>
      <arrtezOxygas fieldieUnflakyTunny="smilesDogyEmbrica">
        <mudrasJiltee>eyefulsVerser</mudrasJiltee>
      </arrtezOxygas>
      <tulu coddles="bowyersGourds">
        <chimleyRemercy>2973</chimleyRemercy>
      </tulu>
    </tidbitMoki>
    <mugget chronalKnolledBarrows="scutumCruddyUpspout">
      <boozy>fiauntConer</boozy>
    </mugget>
  </duct>
  <matanzaEmongCladode drumble="1891854" puisnes="409785" zaman="7352" skillySaver="crownVacoa" />
  <waregga chechiaPeganumAvaram="viliaco">
    <heafMahua>
      <clannedCoredChunk>carious</clannedCoredChunk>
    </heafMahua>
    <venturi>
      <espeireSacrumSilvan>urubuGrantTonk</espeireSacrumSilvan>
    </venturi>
    <quizFytteUnmakes fulfils="croonsDietics" faired="rackettBelandaHidling">
      <thenne>bizonia</thenne>
      <leafcupGeebongMutism ditolyl="icesparBylinaDirgy" gaminesBewash="lizzie">
        <excelPokeysUndog>387039</excelPokeysUndog>
      </leafcupGeebongMutism>
      <mahewu heminPlated="fokkerWanyoro2">
        <loosen>escheve</loosen>
      </mahewu>
      <beprankMegaraHexs deansRelictiTiffie="lurchedImponedPappain">
        <doonVidetur>appayLocustSugamo</doonVidetur>
      </beprankMegaraHexs>
      <luau karossSigla="worstedGoujon">
        <midtown>potpiesFerny</midtown>
      </luau>
      <preensRondinoDisfame harderRechase="6" kipseyHantedTherian="novice">
        <stinkoIberes>crabbyStar</stinkoIberes>
      </preensRondinoDisfame>
      <spated gunplay="casheenOglers" demonsColenRioter="fingramUnclad">
        <effudeWardayDoziest>platerFeddanNegate3</effudeWardayDoziest>
      </spated>
      <mohalimPredateFellest beffroy="3">
        <cuboidBedizen>prangs28</cuboidBedizen>
      </mohalimPredateFellest>
    </quizFytteUnmakes>
    <khirUrd>
      <taunted>reeject</taunted>
      <missaysCourseyTallest crypta="apogeicBaskishSquids">
        <anticaSab>packetsSunnism</anticaSab>
      </missaysCourseyTallest>
      <sikes>
        <phizPhene>53</phizPhene>
      </sikes>
      <gayer asthmaNogs="321881">
        <setwallDurzada>thalia</setwallDurzada>
      </gayer>
      <erugateTsking rhinalZebu="roomersPorogamFellest">
        <jigsaw>zanonia</jigsaw>
      </erugateTsking>
      <nandina menageSpindly="faille972" culicidAmasser="amidateStethy">
        <funningLacer>590804</funningLacer>
      </nandina>
      <basial>
        <minieDorbug>flareGoatees</minieDorbug>
      </basial>
      <rhymingKosha>
        <poindBousedMishear>baghlaTipmost</poindBousedMishear>
      </rhymingKosha>
      <benastyDollies pertlyMimmedOutcame="5628967" rom="millileCarwashMandyai">
        <ingenu>69</ingenu>
      </benastyDollies>
      <medullaKarstsTripled jataka="polleeCautel" podzolsLevererLibel="rawhide">
        <reestsTyromas>cogency28</reestsTyromas>
      </medullaKarstsTripled>
    </khirUrd>
    <planetaAddaSixty>
      <fazendaSchmitzUptimes>cosierSwipy</fazendaSchmitzUptimes>
    </planetaAddaSixty>
    <oozingMyrtusNudnik hop="nascanPutlog" saharic="achorUnmazeAcnida">
      <monOxenSuidae>entoil7345</monOxenSuidae>
    </oozingMyrtusNudnik>
    <twinkle>
      <alcaide>jazzes</alcaide>
    </twinkle>
    <fuggyVates arpanetKiddo="corojo">
      <rebobFrit>99097</rebobFrit>
      <saladNare achenesHonkies="bacabaZilpahHutre569">
        <reckonSoftishFlybys>styrian</reckonSoftishFlybys>
      </saladNare>
      <shimmedMattedGriphe stupexFistucaJurel="64529890" emberSpudMiglio="topazesStriateAsking">
        <arbutin>idolismPyloricPillion</arbutin>
      </shimmedMattedGriphe>
    </fuggyVates>
    <seerBathyl>
      <rattrapNacrineUnion>peppilyLuesAnoa</rattrapNacrineUnion>
      <behovedWisureSheafed>
        <ambayStaidPawnor>maholiAbanicHaggeis</ambayStaidPawnor>
      </behovedWisureSheafed>
      <sootheWrathy loopist="dikkopHoggin1" lushesJabiaAdded="trankSoapbox">
        <loftingLookumTerna>14</loftingLookumTerna>
      </sootheWrathy>
      <elzevirGiggler>
        <reeker>45320</reeker>
      </elzevirGiggler>
      <organza waifedRoomthy="gentes971" remold="gunsterUnplow337">
        <boyuna>coxitis</boyuna>
      </organza>
      <reachedSoulterSubport liyuan="sneaksMayor" heiringGrammel="maugisParotisClefted">
        <bilbiesSnort>vijay</bilbiesSnort>
      </reachedSoulterSubport>
      <wabbledRiblessMeets haikh="hooley" salliedFuckerCheapen="709523292">
        <owner>24928</owner>
      </wabbledRiblessMeets>
      <cierzos>
        <chaberProjets>groserGrometBedirty</chaberProjets>
      </cierzos>
      <petreaFormersChappe>
        <knautiaWiddrim>655</knautiaWiddrim>
      </petreaFormersChappe>
      <unflown>
        <sopher>armers88</sopher>
      </unflown>
    </seerBathyl>
    <binges calmatoSnibbedGauche="45" freezed="riddled">
      <unheardSadie>hippyCaproicIsolde</unheardSadie>
    </binges>
    <gauntry>
      <allotsSichtDesists>mesonyxScupperUncaria</allotsSichtDesists>
      <marked>
        <upgrowPlusesTenias>sertaVerilyMuskies</upgrowPlusesTenias>
      </marked>
      <emydeVicaraEffacer backupBibbler="slicingKhalsa24" bizones="snaggy59">
        <unreaveSexpot>worrelTriplet</unreaveSexpot>
      </emydeVicaraEffacer>
      <parliAccupy>
        <quits>icilyRefel</quits>
      </parliAccupy>
    </gauntry>
    <tuttisBebrineSusie towardsTommies="fozierDimin">
      <guniteSofasDistad>boerdomBisabolAfforce</guniteSofasDistad>
      <untread>
        <belaCsmp>2920</belaCsmp>
      </untread>
      <welshBaggier>
        <flitter>37</flitter>
      </welshBaggier>
      <tonetteLanose harksMesCummock="sartainDaubPilapil">
        <kellockSurChases>822</kellockSurChases>
      </tonetteLanose>
      <tacananCordulaStooled>
        <kochiaIdleman>583632591</kochiaIdleman>
      </tacananCordulaStooled>
      <plural vinageOutsing="jorumsElapses">
        <tumboa>8503546</tumboa>
      </plural>
      <escolarSport>
        <pleurasWilleyJotas>627228024</pleurasWilleyJotas>
      </escolarSport>
    </tuttisBebrineSusie>
    <duscleInglesNaggar>
      <feodCokerLochlin>misstay35</feodCokerLochlin>
    </duscleInglesNaggar>
    <lituolaChiminOtkon>
      <celloidBrairoLairds>itysAlish</celloidBrairoLairds>
      <tatouayHocused>
        <oblates>parus</oblates>
      </tatouayHocused>
      <maculasViertel guanaysUnvocal="7987" stichsHeyImphee="heal704">
        <pertainFumerelRod>aitchPunnageFlirted</pertainFumerelRod>
      </maculasViertel>
      <niched>
        <kanten>muscle</kanten>
      </niched>
      <linkersSirpoon paradeRefundsCharer="mintedSalps">
        <farci>tienVirus</farci>
      </linkersSirpoon>
      <redyesWarmer monteroTinning="waitLimeadeHumetty161" ablates="apeironAvoset">
        <tiddlerShadoof>ding</tiddlerShadoof>
      </redyesWarmer>
    </lituolaChiminOtkon>
  </waregga>
  <romancyTeepeeScarts annat="culmsAgoho" hingleBazigarBewept="cckwWispily" />
</kantism>