<?xml version="1.0"?>
<boartsGleitGravy>
  <mossfulDottrelJovial unravelPulsesZoftig="ratwa" peeing="wearyCauliteJacobin">
    <inwithLeerily asquarePlaceanSinned="tympana" osseHlerAnnale="trumpet">
      <hamzasGamingMyopia>shimmed</hamzasGamingMyopia>
    </inwithLeerily>
    <jiving>
      <maukinChoking>745876793</maukinChoking>
      <pamGoddedHilding>
        <roostsTearfulHalfer>449</roostsTearfulHalfer>
      </pamGoddedHilding>
      <copainCarle>
        <knetEmbusy>snoekTetrousHassock</knetEmbusy>
      </copainCarle>
      <ariste nefast="1150816">
        <wickyupCapucheAcana>nammaWeeshy</wickyupCapucheAcana>
      </ariste>
      <precite>
        <washman>3085</washman>
      </precite>
    </jiving>
    <hogtiedFaces blastie="aglaiaBahoeBihai6739" enormNomade="stolesJewessRoaster" kunziteLanguetScouted="14093">
      <sizePulegolTushes>obitsMustardPisaca</sizePulegolTushes>
    </hogtiedFaces>
    <poodlerToheroaSaddler poplarQuilkin="hdkfOdylic" rantersEstoileSwure="lobariaPiecer">
      <mitraDuper>uily</mitraDuper>
      <gushingLateraMatzoon>
        <myopiaNoritesUnbarb>beltmanSocius76</myopiaNoritesUnbarb>
      </gushingLateraMatzoon>
      <chilionPavanesBeat meropia="muds">
        <eauBadging>evoe824</eauBadging>
      </chilionPavanesBeat>
      <feloidBaculumMashing goliath="harpoonQueridaAliptes" becloutFustian="apoplex">
        <talonidPoebirdAbsist>prfSergei9</talonidPoebirdAbsist>
      </feloidBaculumMashing>
      <markedPunan hangeeFulwa="62783810" karezYawled="rathestMahdiWanely">
        <eucalynMancono>514427</eucalynMancono>
      </markedPunan>
      <costalEdaphonTievine jouncedBioralFikery="tazze" hotchEarfulsLibya="okimono">
        <cavemenOccur>39661</cavemenOccur>
      </costalEdaphonTievine>
      <cattery pawpawUpframeGuemul="bachedMedize" nuncle="burghalRipierChesset">
        <austere>neut</austere>
      </cattery>
    </poodlerToheroaSaddler>
    <girnalCorkirData>
      <enfarceMusaeus>8287</enfarceMusaeus>
      <snurlAgendum garglerAnuran="nutsyCorona63">
        <manavel>amucksYodhAstoop</manavel>
      </snurlAgendum>
    </girnalCorkirData>
    <catholeSubtext>
      <cabiaiDeltal>flatwayFaulx</cabiaiDeltal>
      <goury>
        <blitNulInners>breckenAposoroPuget</blitNulInners>
      </goury>
      <fleabugFovilla>
        <sorer>814415</sorer>
      </fleabugFovilla>
      <unwindyFineryIsn goitresUptwistTrillil="livens">
        <snailArcsinCyanids>watchetRatio892</snailArcsinCyanids>
      </unwindyFineryIsn>
      <albianBronk>
        <anniv>hugonis</anniv>
      </albianBronk>
    </catholeSubtext>
    <capablyJarveys excern="antisex7" helledCholos="targerBefretDampang" ing="caratesAmyloseLanguor">
      <titmallDemeritCliack>duppaEntoire</titmallDemeritCliack>
      <ebaucheMoph fardingUnrips="hemlHawkiesAginner">
        <mnioidPipeage>firkinTeepee</mnioidPipeage>
      </ebaucheMoph>
      <roxyPrudery poshFalxUnrobes="attabalZoriWaddie">
        <debussySilico>89</debussySilico>
      </roxyPrudery>
      <pinhookLipopodClasps>
        <shrugsDrapers>unalistWytingWangled</shrugsDrapers>
      </pinhookLipopodClasps>
      <yammerCroppy nilledBielby="fractus">
        <vacuuaCroatTerga>dawnsYorkerSparkle</vacuuaCroatTerga>
      </yammerCroppy>
      <nonlife cantateMadzoon="cidarid">
        <zendos>pilsnerReatus</zendos>
      </nonlife>
      <rookPawing aletapYasJowpy="proemDansk">
        <malie>olycook943</malie>
      </rookPawing>
    </capablyJarveys>
    <paydayClayish>
      <piazinAbaseSubsect>regimeWorsets</piazinAbaseSubsect>
    </paydayClayish>
  </mossfulDottrelJovial>
  <aerobeeBuhr mundariNobodydMyriads="araseWingerGuises" shapkaPeroxylUndock="moseys169">
    <tiuChoicerSaimiri>
      <spalderClotho>sawmanBonnetsGluts</spalderClotho>
      <kneecapPulu>
        <zootype>swamperSidlerRedbud5</zootype>
      </kneecapPulu>
      <abase mappila="scappleSingfo">
        <indeneMarbly>nefast</indeneMarbly>
      </abase>
      <olympus thiamid="6709097">
        <phooka>5076538</phooka>
      </olympus>
      <yetaHomerCasual bastion="scusinFavilla709" latooka="638345658">
        <presul>pahBecharm</presul>
      </yetaHomerCasual>
      <figaryYayaKern bowelsAcacinHunt="gowksSeptuorPietic">
        <garnetsPedesesAglet>suresGelants</garnetsPedesesAglet>
      </figaryYayaKern>
      <goeduckMorthEqually>
        <vessetsLoopeMeat>3</vessetsLoopeMeat>
      </goeduckMorthEqually>
      <beetler bawtiesFricace="weekendAlgin">
        <recutDealt>polymerTampoon</recutDealt>
      </beetler>
      <flayersMicrohm>
        <stereidYearIhram>riyalsDripperBracker</stereidYearIhram>
      </flayersMicrohm>
    </tiuChoicerSaimiri>
    <cursusPicquet>
      <volataSimonDeseret>apoluneHontousVuln4398</volataSimonDeseret>
    </cursusPicquet>
    <roseateRametsJammed rodman="eilaErnesKipskin" brokingMoilIndorse="weeply">
      <tytLatke>premitEmigrMohos</tytLatke>
      <visesEstuousPiscary>
        <garibaTakableBedizen>46477</garibaTakableBedizen>
      </visesEstuousPiscary>
      <sonar>
        <haying>jewelyLinoxynNosu96</haying>
      </sonar>
      <diswarnOvarium kadayaScapulaCalci="aroxylJinete691">
        <sangeiJebus>berne</sangeiJebus>
      </diswarnOvarium>
      <azulejoZibethsKanap deathsJetsams="grosseTwiningBacao71">
        <subchScripee>balat</subchScripee>
      </azulejoZibethsKanap>
      <mummifyBirchOverhot>
        <redyingBremiaAbronia>fecitArsinicMenace</redyingBremiaAbronia>
      </mummifyBirchOverhot>
    </roseateRametsJammed>
    <blewits>
      <herbier>quilledTweezesHookeys</herbier>
    </blewits>
    <icteric>
      <miriamNothalVendue>46</miriamNothalVendue>
    </icteric>
    <craalsSigmundOutby>
      <innerly>varanusSalifyToona293</innerly>
      <plap reamsArsineEuterpe="nauseamBuntersPinot9" cockshyGavagesTweaked="hogpenCameralLactyl">
        <nettersPrudesReist>wailersWitting</nettersPrudesReist>
      </plap>
      <beets wergelt="iffierJoropos">
        <chevronScyphaAngora>ninonGrieveBucrnia</chevronScyphaAngora>
      </beets>
      <souslikSchizFilmier yurtAcciseCrotons="noyadedPoppers">
        <sahmeDistendRopier>sulkiesHubbubs</sahmeDistendRopier>
      </souslikSchizFilmier>
      <radeaux elegize="jiggitSarigueDelit">
        <eutopiaKidnap>obe</eutopiaKidnap>
      </radeaux>
      <gipser>
        <tinclad>hulsterAments</tinclad>
      </gipser>
      <wurst juncos="tineanCalifTiglon" emgalla="7">
        <petasusDogs>apiosPunktSemeed</petasusDogs>
      </wurst>
      <crutchBedumbCrudy parmackViroled="mottle">
        <infamia>gammickBroSpunks</infamia>
      </crutchBedumbCrudy>
    </craalsSigmundOutby>
    <bundeli goldcupDuctile="poultrySoilingCrimean" wildCalled="outsoarSpaver">
      <peened>withyGedeckt27</peened>
    </bundeli>
    <darwinSethite medina="bejaDisagio" urduCowboy="unmuted3">
      <cerrialSmoggy>openThecateBabism</cerrialSmoggy>
    </darwinSethite>
  </aerobeeBuhr>
  <similorTapped>
    <bentletDost regrip="6" boylikeRaddledScopa="mobbie9">
      <doleful>lastre</doleful>
    </bentletDost>
    <apiaryAutistScolds>
      <bagasseBaroto>pipperMotEmeers</bagasseBaroto>
    </apiaryAutistScolds>
    <tylocinEpigee cartier="hailedPretilFiard2307">
      <sexist>ferlie</sexist>
      <coactorKojimaLunate>
        <olchaCampagiSlavism>spaded</olchaCampagiSlavism>
      </coactorKojimaLunate>
      <poopsie tillageKnellGutnic="upbrookCepaByrlaw" pledgor="hapteraBindleJulidae">
        <rumsStammerShivey>katmonSheathDimmy</rumsStammerShivey>
      </poopsie>
      <adulatePatener metelRrhizaRacisms="chalahsPaperDeva" gout="276">
        <bugoutFrsRetuned>malfedVitiate</bugoutFrsRetuned>
      </adulatePatener>
      <rerunsCredoCrowded dabbersAnomy="forfaltPatamar">
        <avenantSekere>frigs</avenantSekere>
      </rerunsCredoCrowded>
      <wayAgons adelizaSophemeStammel="72858112">
        <closureVolowBis>tincalMyricasAsp</closureVolowBis>
      </wayAgons>
      <earableHolla ceroon="navelyNumbest">
        <dianScaffie>casherPaupersSougan11</dianScaffie>
      </earableHolla>
      <pant arsinicOperary="oceloidUnrowEnacts908">
        <genomeYepely>285794936</genomeYepely>
      </pant>
      <nunquamTameKoch>
        <hangeeHoefulRepined>pumpet</hangeeHoefulRepined>
      </nunquamTameKoch>
    </tylocinEpigee>
    <embain boyerAbdaria="cmdgNova" leglen="unmerryChaysPicket5141">
      <disterrRepone>3294</disterrRepone>
    </embain>
    <formalKavi>
      <falsiesIsochorJuked>sightlyRemand</falsiesIsochorJuked>
    </formalKavi>
    <ontoWrawl>
      <azoteTritone>teethy</azoteTritone>
      <shrapeZooliteWeasand lunched="bloodsDobbies" fubbyTaloned="mirthsDarning">
        <sepsid>armeniaWhinnel</sepsid>
      </shrapeZooliteWeasand>
      <grav>
        <lacersBookiesKhanum>hoggieBurys</lacersBookiesKhanum>
      </grav>
      <agujonMamie absChebecsSlights="inlays5744">
        <talcsClapnetDocible>semikahThesium6</talcsClapnetDocible>
      </agujonMamie>
      <tiptoeRondos>
        <gpsOakenPelew>canticSevery584</gpsOakenPelew>
      </tiptoeRondos>
      <amazes uphoistChallas="orphizeVexilsBeltie">
        <gironsEyrenRabi>657479288</gironsEyrenRabi>
      </amazes>
      <crassis gilesDol="ursaFaulted">
        <enduingCollineCabin>36544395</enduingCollineCabin>
      </crassis>
      <ungildPibcorn cothe="317" schloopJerridFannia="59">
        <deanessPortenoGuinea>provokeOculist</deanessPortenoGuinea>
      </ungildPibcorn>
      <skyphoi dooliViaductCharac="abdaliFlights" balakPulsion="606">
        <jipper>unmiryAlbinicUnn</jipper>
      </skyphoi>
    </ontoWrawl>
    <nymphoWrasses oliver="larigot" smears="schemaPursing" berg="conger">
      <frettePinchemHacek>fixedPoor4</frettePinchemHacek>
    </nymphoWrasses>
    <vives>
      <fluvialTicky>purvoeDowries</fluvialTicky>
      <cotoroPillboxBajri>
        <riftBorated>koorkaMournedSouter</riftBorated>
      </cotoroPillboxBajri>
      <aizleMidpit artemiaEssenis="esauScalado" idestAtaxia="bremelyConchy">
        <widowedPinoles>mobileMethoneDidder</widowedPinoles>
      </aizleMidpit>
      <chandry>
        <skiteSprong>khilatBraids</skiteSprong>
      </chandry>
      <youthesFerretUhllo>
        <rikk>ephoiGodlet</rikk>
      </youthesFerretUhllo>
      <waiguli lichamCroak="lastjobCarkMulture">
        <kybele>arccosMappers</kybele>
      </waiguli>
    </vives>
    <isopod>
      <chinwagPincianEstus>braverCakile</chinwagPincianEstus>
    </isopod>
    <depotsObitalMyel>
      <nelken>coolersEpauletDoris168</nelken>
      <snacky gaonateJehus="floppedBabasAussies">
        <lanugo>9</lanugo>
      </snacky>
      <ensteel fordedGuaka="9631" quickerZingingBarites="haiduck5390">
        <paonGhost>uncannyVakeel596</paonGhost>
      </ensteel>
      <mixyEudemonGluma digitSpored="sacellaCierzos" bdlBelardBefoul="1947">
        <tenthly>tavoyKerrie94</tenthly>
      </mixyEudemonGluma>
      <lutesSchorls abuse="6809" bowdenAshtray="foreseyBulbyLayaway55">
        <warishAstarteInvidia>2329194</warishAstarteInvidia>
      </lutesSchorls>
      <unhelerCarabus mastrasOnymous="41886213">
        <till>sagitalMacaboy</till>
      </unhelerCarabus>
      <shluBikesWeedery serranaIdorganKisser="heikumDentex">
        <bracteaCaupo>achylia59</bracteaCaupo>
      </shluBikesWeedery>
      <gobble dolina="52">
        <slaysMilanZephyrs>100428325</slaysMilanZephyrs>
      </gobble>
      <defamyCradockTongman scampiShinneyThuan="tapeteWetter" ingreatOutlyAlnuin="mhorrLerret">
        <tweeg>excuser</tweeg>
      </defamyCradockTongman>
      <bajraPardah>
        <onagerDryerBefrets>910615</onagerDryerBefrets>
      </bajraPardah>
    </depotsObitalMyel>
  </similorTapped>
  <phenoms ponjaLadling="divinesSheltie" orcinBusticsTsetses="equuleiPerty77">
    <fix>
      <libre>12826413</libre>
      <brazedLochyBibbled enclose="supersAllenCathari">
        <rakhTwentyApaise>53623</rakhTwentyApaise>
      </brazedLochyBibbled>
      <musicalToppedGamelin>
        <swears>amylateReteneTurkify</swears>
      </musicalToppedGamelin>
      <unhealGigback osmious="morphon">
        <fissure>soarMiddy</fissure>
      </unhealGigback>
      <sicket ails="feroceEtheriaAlibamu">
        <henbit>pluggedDinmont</henbit>
      </sicket>
      <wyting cliqueEstrade="ghostLindsay" pierceFetidColor="vetoPotturGobbles54">
        <shawn>74411607</shawn>
      </wyting>
      <worried rubefyLumpier="mightySaughenBroads">
        <bawlingTzetse>gisants</bawlingTzetse>
      </worried>
    </fix>
    <ploimaQuinsyAnteri stole="sudSuicism" laertesOnagerLoving="2574355">
      <cavum>8844062</cavum>
      <ahir>
        <essedPabloComes>baffler</essedPabloComes>
      </ahir>
      <puttGroinsCough assaysRaadShent="remoteHanded" skysailBescarfScrithe="momentMashpeeChaped708">
        <basque>vextRescoreLacing</basque>
      </puttGroinsCough>
      <keltersSimonVamp mockado="harl7">
        <hang>83033</hang>
      </keltersSimonVamp>
      <alkaliArrisesPrism>
        <collarePiast>weptJumby</collarePiast>
      </alkaliArrisesPrism>
      <jackalPoulter giaours="yeather">
        <arnottaCounty>submissBeamage</arnottaCounty>
      </jackalPoulter>
      <jakeGwantus sextuorSkeered="hacheHeretoWochua9366">
        <prancer>weaDatosPetty</prancer>
      </jakeGwantus>
      <ismaili>
        <curfewsWalth>coteryTwintWer</curfewsWalth>
      </ismaili>
      <ammu rel="93" intl="prank">
        <cteneFrostedTrigram>tropismSkinnyNestor</cteneFrostedTrigram>
      </ammu>
    </ploimaQuinsyAnteri>
    <rearray galant="gateadoHaysuck" leprineBulimusFontina="birkenLiggerAceship">
      <haffetsDiggedWins>demonry7572</haffetsDiggedWins>
    </rearray>
    <resunPriam pluckerRiling="harpSeroseLarry">
      <roperYelped>9</roperYelped>
    </resunPriam>
  </phenoms>
  <unisoilTuples oenoneTokenTanquam="anchoic" thiasi="groutyWootzTepehua" upbring="trionalWombed">
    <labefyPulijan>
      <gaugedBiophor>shushedKeist78</gaugedBiophor>
      <shutout swithinSwippleExect="voleBawke" huntRegrabPumex="17007773">
        <nitinolRedcaps>sozine</nitinolRedcaps>
      </shutout>
      <depict akaMimpArchwag="17306">
        <subjObeli>maracan</subjObeli>
      </depict>
      <pulsion silanes="veeredSceptry">
        <ate>9035616</ate>
      </pulsion>
      <ginners irrupts="gubbinsSzekler">
        <fendyWhatman>2591686</fendyWhatman>
      </ginners>
      <jaunQuaky>
        <tunder>outgave</tunder>
      </jaunQuaky>
      <wyndsCankSliest vagasDeismsMonodic="eyrie" violal="zonitesOphioid">
        <squitFenmenBazaar>slavify</squitFenmenBazaar>
      </wyndsCankSliest>
    </labefyPulijan>
    <contempGlauberCochair>
      <dronaHeighthUkases>samekhCleg</dronaHeighthUkases>
    </contempGlauberCochair>
    <poppleBashkirSepaled qualmyCinter="229224086">
      <drycoalTelae>flavius</drycoalTelae>
      <coseatChant normansBisques="urology">
        <arrentOnetime>nandow41</arrentOnetime>
      </coseatChant>
      <bihaiWeaners sailDetain="tenuesRackerPassu" orthron="crumby">
        <yuchiSheet>74565091</yuchiSheet>
      </bihaiWeaners>
      <coxalgy chuffed="julio1">
        <coys>indentArainsPisces86</coys>
      </coxalgy>
      <wonnotSubbank>
        <lungis>monericRestedPickle</lungis>
      </wonnotSubbank>
      <edanaCogglyBlas poyousSpinose="zitzit">
        <cystVickie>newtUnhandy</cystVickie>
      </edanaCogglyBlas>
      <bulkinKeyaki>
        <rosalynValoisLatuka>sculperEupneasHwan</rosalynValoisLatuka>
      </bulkinKeyaki>
      <broncs>
        <crozers>analogaSajou</crozers>
      </broncs>
    </poppleBashkirSepaled>
  </unisoilTuples>
  <schocheSetulaeCooeys baconerHidalgo="gushVentric5729" tibialeAilsBeatas="exsertsPiedra">
    <sraddha>
      <limners>aoteaDatingWebbing</limners>
      <prsTweeded climateDurityHyraxes="grysbok" regraspArousal="7">
        <schorly>tunebo</schorly>
      </prsTweeded>
      <tanan backjawMeteor="bizeKlva" bahadurSpigots="prowess7">
        <mouchesMungoos>slowedAsanaGraved</mouchesMungoos>
      </tanan>
      <amoeba hoggie="isthmusFidgingOaty">
        <clartsCaduaBerline>3483</clartsCaduaBerline>
      </amoeba>
      <ratablyLevetVomited costfulVaginal="pufferyDatably" cowal="62">
        <cohueTakers>crimean</cohueTakers>
      </ratablyLevetVomited>
      <featsWineyPleb gunongAmasses="fleetedOutdureRepasts">
        <stookieDetant>bigginsImpute</stookieDetant>
      </featsWineyPleb>
      <cuartelUppbadCablets bemuddyAccusorOxidic="mesas" wabblesLaurelFeeless="cuboidLoiter">
        <curbsKojimaCarvyl>5656</curbsKojimaCarvyl>
      </cuartelUppbadCablets>
      <wagling frownedReding="tozerIonianGleys">
        <creolin>saltier</creolin>
      </wagling>
      <aheightBlattiPravous conurusLord="peruked">
        <cygnusSadistBodegas>docs14</cygnusSadistBodegas>
      </aheightBlattiPravous>
      <awmousLoricae>
        <rivagesSoupfinPostils>hockerKronionFreshly</rivagesSoupfinPostils>
      </awmousLoricae>
    </sraddha>
    <droplet>
      <kumquat>signoiDecamp</kumquat>
    </droplet>
    <oeuvresWarnsHarmony sprunt="2">
      <cplCoined>clechyAbmho919</cplCoined>
      <chimpCitril inopineBibby="geldantAnthrolAssets" chaplinCentrum="shallal">
        <haul>94697</haul>
      </chimpCitril>
      <scarvedRubabooEagres galumphBushboyCiceros="421">
        <tripotEncauma>48393019</tripotEncauma>
      </scarvedRubabooEagres>
      <shemuChoreaCarmen>
        <cacked>wereInrollSiping</cacked>
      </shemuChoreaCarmen>
      <jodelrTwill puttExplida="tupiks" volpaneAcuan="kilovar">
        <gomutis>athymic</gomutis>
      </jodelrTwill>
      <omaniLancetRoost cookieCanulas="suadeCanonic">
        <adionTiepins>genaeIres</adionTiepins>
      </omaniLancetRoost>
      <diplexZonate pratt="undub" trigoneBalonea="oleates">
        <archdDurrieDubash>flexed</archdDurrieDubash>
      </diplexZonate>
      <unrigRaouliaPhots pelotonSeawanBrawly="surnoun" sunyata="nullumHuacaFilmist">
        <hawker>cauld26</hawker>
      </unrigRaouliaPhots>
      <lanaoCereals calaburAtrophyGuns="bortyMystify" sockmanCrevice="scaletAtbashFigged7143">
        <diva>quechuaBlype</diva>
      </lanaoCereals>
    </oeuvresWarnsHarmony>
    <frayTestee sticks="pailTeeveeIreful" janglerHagdinSlushy="finnishArmoric" maori="firings">
      <nesiotBummeryProceed>cyanose</nesiotBummeryProceed>
      <whoopla beatae="leoraDrammed" reimplyTjandi="taroksApina">
        <reguard>semsenAcroamaHeadbox88</reguard>
      </whoopla>
      <sleever unramBegumsMauther="altaianFondleLunted" guebre="buttledLumbers">
        <reputesNovialCoagule>viral</reputesNovialCoagule>
      </sleever>
      <ratable>
        <curyOwningPlanet>tinaBlush</curyOwningPlanet>
      </ratable>
      <skiingRazorsYaps baselyTeatheRecoin="syd">
        <usaraUnledAscitan>ebonistMungofaAholt</usaraUnledAscitan>
      </skiingRazorsYaps>
      <basemen awnLoppers="larksPastlerWorms">
        <chew>616181</chew>
      </basemen>
      <outtaskValidly clinger="bakuba">
        <wekas>fluteyCokemanAcheck3</wekas>
      </outtaskValidly>
      <closingSnavvle pelerinLaveers="ileuses" craniaQuery="51015083">
        <illanoBaliDundee>doucet</illanoBaliDundee>
      </closingSnavvle>
    </frayTestee>
    <cachingHandledDespots>
      <aradFlexive>2386</aradFlexive>
    </cachingHandledDespots>
    <obanBourree>
      <zooterSpavineRebound>waik6</zooterSpavineRebound>
      <resist chrismaWhisk="quartin" aucubasRupitic="684722428">
        <flonBkpt>taggy</flonBkpt>
      </resist>
    </obanBourree>
    <assortTole embolusSpreadInters="paiking">
      <delebleIsospin>inkishShelManic</delebleIsospin>
    </assortTole>
    <erectsCionsThemsel upflameCheapen="dalton">
      <furlingTrouper>panditaSerabInchest</furlingTrouper>
      <biron envine="lucetRodeImpede" herbaEarable="urundayGemmier">
        <chillMartele>testaoMortiseAminta</chillMartele>
      </biron>
      <sulaSalineOtocyon mishitMerinoGraph="515">
        <besant>reraiseAnaemicTeles8</besant>
      </sulaSalineOtocyon>
      <lees>
        <kilter>sandbugTenias</kilter>
      </lees>
    </erectsCionsThemsel>
    <bashCededPustule>
      <rapideUnweel>ditch</rapideUnweel>
      <gamely biotiteAnisSnavel="picudoReclimbBhungi" zoosis="podunkTrials">
        <beldamDuretto>blueishMahoeFains</beldamDuretto>
      </gamely>
      <wallahs germainAlbino="pengosFjorgynAnimism" woibeCodetteWadna="belialUraemiaMolman48">
        <funny>rebops</funny>
      </wallahs>
      <nurseKunbiUproute phtalicPannagObfirm="tagishMeliaTwelfth7549" overall="aidedOutgoerGlyster571">
        <nappersCher>73</nappersCher>
      </nurseKunbiUproute>
      <magog climbedFullomCrumbs="reicingSinkConteur">
        <barile>starwAwiggle</barile>
      </magog>
      <squirmRewayle>
        <oolongsNobbler>aitSnittle</oolongsNobbler>
      </squirmRewayle>
      <lanierChimin busyingOrgasms="rimmerElzevirLeakage">
        <whr>skivedHamhung1</whr>
      </lanierChimin>
      <levinsPistons>
        <staved>apios</staved>
      </levinsPistons>
      <alcidaeRasennaImagery>
        <harkenScanmagTifter>5845</harkenScanmagTifter>
      </alcidaeRasennaImagery>
    </bashCededPustule>
    <tantoFrowzy>
      <fordVeeringSibbs>dugglerUnroof</fordVeeringSibbs>
    </tantoFrowzy>
    <tyto>
      <acrasinRechaosTempter>myriadCosmati88</acrasinRechaosTempter>
      <presiftUpspeedWeaner pockilyThoriumImbued="459002893">
        <infractInvoice>shielBosslet298</infractInvoice>
      </presiftUpspeedWeaner>
      <waverAbodyWhereof grumous="muktar" cactoidManettiMalmsey="8131501">
        <untaken>ambeersMoors</untaken>
      </waverAbodyWhereof>
      <sireniaParsnip>
        <youthsBibcock>6</youthsBibcock>
      </sireniaParsnip>
      <doandHurterCopia>
        <solands>masRadiale</solands>
      </doandHurterCopia>
      <gridesGutty enemiesBighorn="maximumPileus">
        <narthexWezn>klopsBopyrus504</narthexWezn>
      </gridesGutty>
      <aruGladii>
        <essiveStemPansit>7790456</essiveStemPansit>
      </aruGladii>
      <garleMurra>
        <alcondeWynrisToxodon>jackmenMichingIsotype</alcondeWynrisToxodon>
      </garleMurra>
    </tyto>
    <aristos>
      <salloo>vacouaSextula</salloo>
    </aristos>
  </schocheSetulaeCooeys>
</boartsGleitGravy>