<?xml version="1.0"?>
<quosTombletBlebby>
  <mocking yachterTonjon="acriteReallowCoak" vosgianLisper="beleveMahdian" bursaUnopedSagas="jalopsGunyahPulpal" sumper="baileeKitesGlumpy" />
  <mindfulAbsee haineBolLamby="crozierDuretEyemark" torpifyOriolusDiaene="lotong">
    <kappieApogeic cliquesObiism="chords" ginnleLigatedFruiter="proliaLegging" vulcanSabeca="hemagogGreeMorian">
      <flaskChromas>kernoi</flaskChromas>
    </kappieApogeic>
    <yasnaLitra>
      <daturasWinklesRiffian>quilledOmanMorbus</daturasWinklesRiffian>
    </yasnaLitra>
    <pixies harkenUnwryTorsoes="alisier">
      <pivotBonacisCloned>sked961</pivotBonacisCloned>
    </pixies>
  </mindfulAbsee>
  <pelota metinRikshawAwaited="riffedWorsted" wamus="pussiesLadyArboret" regaldHaeminsNazi="tearier" flosses="5628" />
  <bazaarUpstepsGravity pixesGrievedMitt="ankleCrozesHereon7" namesEnwinds="69949458" outwinIrvingUncall="aribin663" ribosesSeeseeDispell="rompingMacumba" />
  <mickery riftyBetone="orthicSriram" dedaDusky="uncurseSwaggy30">
    <khatinAppeal>
      <branialAnimes>resnubKinsFormula</branialAnimes>
      <inviousMorsure anoetic="5384804" feakedTautensEnquere="6">
        <appears>quippySpoiledSlepez</appears>
      </inviousMorsure>
    </khatinAppeal>
    <twitsStanceAnteal>
      <fakeerLesedTrustee>miskeep</fakeerLesedTrustee>
      <lataVouchesHulloed hypogynKeest="ampassyPuntist115">
        <polypi>angelot</polypi>
      </lataVouchesHulloed>
    </twitsStanceAnteal>
    <menu inogen="marler" narcismSharpOrexis="glump94" asperDows="decenerFeveredEbons">
      <koussoLeprosy>stavedEnviedEnform</koussoLeprosy>
    </menu>
    <guttate>
      <boongYenningTatchy>501864848</boongYenningTatchy>
      <byssalOlives subst="brassedSawpit6496" implant="6115918">
        <xerosesCarboysMerles>4616771</xerosesCarboysMerles>
      </byssalOlives>
      <parmeseAccrual>
        <dinsomeRiv>gardenUshakCeboids</dinsomeRiv>
      </parmeseAccrual>
      <biodyneCodingTonguy>
        <wabblerOakumsDippy>amide</wabblerOakumsDippy>
      </biodyneCodingTonguy>
      <entachKokanPuisny>
        <thrawedImbibes>moreYamshikMalonyl</thrawedImbibes>
      </entachKokanPuisny>
      <goutifyWeldingMentum moonwaySesquihScalops="melters293">
        <henDalan>frieda</henDalan>
      </goutifyWeldingMentum>
      <shaughBrinies chiaChoroid="orificeDorcasAcyesis">
        <musherGonakieKendo>cavernsUvular4293</musherGonakieKendo>
      </shaughBrinies>
      <bwanas>
        <diecaseCoda>72259</diecaseCoda>
      </bwanas>
    </guttate>
    <aruspexRettoreComely>
      <sasses>pullout</sasses>
    </aruspexRettoreComely>
  </mickery>
</quosTombletBlebby>