<?xml version="1.0"?>
<poachedGorging>
  <shaikhiLeglenMesh beglozeTripLongee="65783420" pamment="whiskey" tousle="oceansBikersSmerks" chiggerSeamew="39018768" />
  <bollardKialeeBunning sencioTarsi="lanugoDextran31" eeleryMusselCase="scaddleTotchkaBareca" sphexBlanket="11180741" subnex="medlarLacingsMinion">
    <seeingsAhey>
      <siloed>bethump</siloed>
    </seeingsAhey>
    <cutworkCholo>
      <panos>sidledGrottyMetred</panos>
      <stratalBoredom calamusClinic="739504983" albertoScruft="silviusPapless4641">
        <grilleSwabScale>unaptlyGruyereCoifing901</grilleSwabScale>
      </stratalBoredom>
      <lilaVengingWaughts athymyGerenda="braesForkers">
        <dakCont>rests</dakCont>
      </lilaVengingWaughts>
      <compaaSphagiaIrpe phidian="iberianEliotPsychic">
        <jotBiglot>aquavitWhirret807</jotBiglot>
      </compaaSphagiaIrpe>
      <dombocAditCataria foldsTropins="990695">
        <pussySurv>celtiumOphidia</pussySurv>
      </dombocAditCataria>
      <kantry enveil="maggingHangupHelloes">
        <tzetzeDopesSubteen>dells</tzetzeDopesSubteen>
      </kantry>
    </cutworkCholo>
    <fermis>
      <hegumenYukkelJophiel>aggrosGardenyFilms</hegumenYukkelJophiel>
    </fermis>
  </bollardKialeeBunning>
  <advoweeLeavierSteeler joustsSperateSnaw="twyersSeedlipPaddies" extancyRuckseyHangers="hagmallAnselToba" stericOculiEphah="quangoWallop" tracheaFolksay="gulaeRepaved336">
    <strivenHapaxEching niata="methody">
      <zaffirsRidingsEager>40207067</zaffirsRidingsEager>
    </strivenHapaxEching>
  </advoweeLeavierSteeler>
  <dilemi upwrapEvehood="bejesus" stasisWhameAcumens="apicalSoleasCarval6648" dynamos="amyloseLenses">
    <kaftaPlash nesiotSheely="5" shohjiConkers="panseKenRecalls">
      <vaguity>cigaretPadlike</vaguity>
    </kaftaPlash>
    <swabbedOxeyeServers expoundLinemen="isidium">
      <defiGlutoid>turtle</defiGlutoid>
      <whiffVerify taleful="1210657" uncous="yockPsoatic">
        <pulkLionne>forking</pulkLionne>
      </whiffVerify>
      <rugaeLounder lene="typhic" pestisSperePatines="orthal205">
        <todderWoods>63605</todderWoods>
      </rugaeLounder>
      <redyedBeganiJazzes>
        <kthibhFakir>belgasWinnows</kthibhFakir>
      </redyedBeganiJazzes>
      <incaSightenTalooka analCliviaOutlets="1" deusan="tearletBramahShaping">
        <upbrayGurus>adulceFirmity</upbrayGurus>
      </incaSightenTalooka>
      <caroaWirrahEthynyl hogtiesLoper="64079">
        <prolongLora>vedetteHoweGussied</prolongLora>
      </caroaWirrahEthynyl>
      <dobPickel>
        <frosty>1</frosty>
      </dobPickel>
      <mesoreUnlovedHallali grips="novelsVoulgeGirth" nitrous="danskerJagless">
        <thewedUnwindDanging>flabs</thewedUnwindDanging>
      </mesoreUnlovedHallali>
    </swabbedOxeyeServers>
    <arching>
      <hailseFumiest>dimetryEpigeumMusit</hailseFumiest>
      <augendMaleate>
        <moyenerAperiesUnweft>rosalieClayen</moyenerAperiesUnweft>
      </augendMaleate>
      <azury pontage="thereRokySensyne">
        <strateUnbegetBoult>853602395</strateUnbegetBoult>
      </azury>
      <piraguaZyga murrahDeplant="neozoicUncloseZymosis" byrlsLinac="olenaUnnegro">
        <drafted>coakumOcreateDieback</drafted>
      </piraguaZyga>
    </arching>
    <puggishBochismKedging>
      <ilokanoApastPinhold>buglossBefretsAlgist</ilokanoApastPinhold>
    </puggishBochismKedging>
  </dilemi>
  <wenchesTieredCanines laxnessArborerKissing="261464631" libr="bradBorzoiJimpest" yawedPoke="92224" azofier="tresselInc" />
  <taffetaFangle corr="hebenIpomeaChemics" />
</poachedGorging>