<?xml version="1.0"?>
<ochnaCahiz>
  <sloomCurcasFrate inwoundAlphard="pilcrowUnrived" />
  <unget bakenAvowe="97530">
    <coofs>
      <groggerLimitBeele>sanitFain</groggerLimitBeele>
      <lucayanHormePsora crabitRosLactary="devalueTukraBalsamo409">
        <unified>happen</unified>
      </lucayanHormePsora>
      <nabobryNarcismLymphad>
        <heftBokom>petting8</heftBokom>
      </nabobryNarcismLymphad>
      <fibroinVolubleBless>
        <bitolyl>59</bitolyl>
      </fibroinVolubleBless>
    </coofs>
    <disbend>
      <ajava>ergSamanidSardoin</ajava>
      <indigoUnifiesRama phellumQuintad="cabrito" shivvyElmer="sharra">
        <tuartDolcanFusel>terne</tuartDolcanFusel>
      </indigoUnifiesRama>
    </disbend>
    <cutesGreasesDeport>
      <boullesSwobsSettos>overfedPestledTatters</boullesSwobsSettos>
      <hundBoteBurnets agones="tegSlimsyKhi">
        <smootDeludes>baviere</smootDeludes>
      </hundBoteBurnets>
      <goggaWartierTikoor>
        <howadjiFlaring>5040</howadjiFlaring>
      </goggaWartierTikoor>
      <deafishObject ungJassoid="brahmicLochanBoccia">
        <boatman>busyconCalas</boatman>
      </deafishObject>
    </cutesGreasesDeport>
    <cullion swiggerAgarum="mediacyImpaveKismets">
      <devoursCelure>680941</devoursCelure>
    </cullion>
    <eupnoeaToadess bedimsSundown="harmost" outersExpends="ciudadVarve">
      <emporiaVisarga>dannieGobangsKorah</emporiaVisarga>
    </eupnoeaToadess>
  </unget>
  <largetUraline sharragAgamete="waulTooling" wackilyCod="bossletSlotsHuggery" />
</ochnaCahiz>