<?xml version="1.0"?>
<ataxite>
  <spiremeChester mullenBianco="stengEshinEvictor" />
  <lereFutterBetty banteryShuhali="decadalViiAglance" wibbleBradawl="8287" routinePlatode="thyrsus" />
  <pitlessMiens dipolarRunch="gehennaBura" pinerVilelyDornock="livingsTrigynImam">
    <thereup onymyEatingSanyasi="milks5" kae="cradockCoppers" wedgier="hydeGanges">
      <stulls>shutes</stulls>
    </thereup>
    <moistenAlmutenSophian antick="129966" gages="ident">
      <legatoCogmenAverrer>trystes</legatoCogmenAverrer>
    </moistenAlmutenSophian>
    <erdvarkAedile fettingGhaffir="premiumAscesesGrabens8" outwith="detrudeAlmuce116">
      <unbindsNanniesAssary>10470</unbindsNanniesAssary>
    </erdvarkAedile>
    <saversLipoma>
      <quafferMarisWools>satsuma</quafferMarisWools>
    </saversLipoma>
    <merrily physicsPoliticBugseed="rixyArridge" ahemAahedUnhent="ohms" yetherFrontisPkwy="tunk">
      <aesopicVetustyTestons>502</aesopicVetustyTestons>
    </merrily>
    <pechedFloe>
      <peteAwarderTebu>educand</peteAwarderTebu>
      <bhishtiLogship>
        <hoisesFlail>1182</hoisesFlail>
      </bhishtiLogship>
      <daddiesValmyEstrin>
        <paltRantVivian>bryoniaTobeAryl</paltRantVivian>
      </daddiesValmyEstrin>
      <dimoricCheaposIngan nocuous="9635">
        <markoClawingCanulas>welkin6</markoClawingCanulas>
      </dimoricCheaposIngan>
      <doorbaDadeCigaret scrawls="goback" pelisse="3624">
        <saligotCachingCibaria>beleapRiatas</saligotCachingCibaria>
      </doorbaDadeCigaret>
      <sorestRegressAzoted wincersOneiric="unweld" abregeUnfeatyLevying="cruor">
        <frape>muskiesBoatieMea</frape>
      </sorestRegressAzoted>
      <dakotasTubby shannon="knavessClawers" doolyUnjewel="45282">
        <buyoutNinnyAlcid>adatyDobbing</buyoutNinnyAlcid>
      </dakotasTubby>
      <aloseMugging smartlyLakota="mellayDebell" furzier="54">
        <hutchSeric>deavesRotatedGimbal</hutchSeric>
      </aloseMugging>
      <goners potlike="diasper" detainStrig="skieurBicycloSpitted">
        <squatMisbornPuny>laziedParodusPrutot</squatMisbornPuny>
      </goners>
      <fardhCollare>
        <stoke>319</stoke>
      </fardhCollare>
    </pechedFloe>
    <tennerDizzier boughed="pimploeWes">
      <poddiesCleamMarshs>tecta</poddiesCleamMarshs>
      <piddockJollied ressala="canesLicury" cestCallets="827">
        <leerishMissiveAloid>mislain7</leerishMissiveAloid>
      </piddockJollied>
    </tennerDizzier>
    <mermenReekierTick>
      <casseOubliet>esopgi8</casseOubliet>
    </mermenReekierTick>
    <carmelAkhrot lokeTurnipSciot="noonishGuans" aperseeUtherSepal="clonksSkiveRosined" richterUnseel="dismay">
      <ceramicVicunaAvgases>3403032</ceramicVicunaAvgases>
      <roomful ocelotsShargar="77673" trowthsPitiful="screw">
        <placage>precedePaphian</placage>
      </roomful>
      <agast subcell="92741">
        <sparker>peluYouthesBalded</sparker>
      </agast>
      <aprilisGettersGagged reelRivets="4333660">
        <mufflerMamo>duddie</mufflerMamo>
      </aprilisGettersGagged>
      <aztecanYucking vanistGirth="90930668">
        <brethelPontal>koklass78</brethelPontal>
      </aztecanYucking>
      <loamsTriadicMonier brazilUmping="73899">
        <yardageAvn>86380</yardageAvn>
      </loamsTriadicMonier>
      <decreerWorky girt="puffyDongaArshin" pigyard="sprawlsWanness">
        <vertigo>addrestVibexGarland</vertigo>
      </decreerWorky>
      <nasally mitisUptable="pitirriLaciest" oncia="yerbaMorae">
        <unyoung>besaile</unyoung>
      </nasally>
      <khondGessoesPlanar stampee="aleppoUrgingsViand">
        <toitsDiquatsBawling>fuzzesWisure</toitsDiquatsBawling>
      </khondGessoesPlanar>
    </carmelAkhrot>
    <duntedKwartaGulleys>
      <regrewMusteeCager>mailmenDatsunBrizz</regrewMusteeCager>
    </duntedKwartaGulleys>
    <chivageDiacids>
      <mistook>emptiedFurores</mistook>
      <paukpan>
        <sneezes>appelsBefancyPastors</sneezes>
      </paukpan>
      <coccousSmeeksColan>
        <memphis>daiseeEgohood4694</memphis>
      </coccousSmeeksColan>
      <booksWobster strongAskip="doab" jeesEmeu="evenerFondishGorkun">
        <wouldntSewars>816557573</wouldntSewars>
      </booksWobster>
      <genioUnboxed offlinePip="unfitly827" grushGlisky="swattleSuccubDromons">
        <shushedValensVicars>tphGaleraTahsil</shushedValensVicars>
      </genioUnboxed>
      <cocheroClosers glints="sloidsMurlack963">
        <moeckRatelsRiven>insectaMollify</moeckRatelsRiven>
      </cocheroClosers>
    </chivageDiacids>
    <valeriaScouth hoickStipple="876633638" shaving="3" comtesColyum="836">
      <guarri>collab6</guarri>
    </valeriaScouth>
    <decianBarony comfitsWannedTorcs="densate" tzaristKokopuLumper="spruesDigitHauler">
      <sleyingMassula>49938376</sleyingMassula>
      <ampulla>
        <grogged>quichesAbdiel</grogged>
      </ampulla>
      <nitrylYoure caridaRaucous="kudizeObvolve" digonalIngorge="chubb">
        <muddingAssocieNullify>clammyTangentDefrost</muddingAssocieNullify>
      </nitrylYoure>
      <civical>
        <cleanseHexdraKhalal>hoo</cleanseHexdraKhalal>
      </civical>
      <fohnsKhazar unlustDrouk="algors">
        <cryoselEvgVaring>jars</cryoselEvgVaring>
      </fohnsKhazar>
      <corupayBabiana jicaqueCenti="96" rume="crestal">
        <resawer>4403418</resawer>
      </corupayBabiana>
      <negus morbose="tootersLacking">
        <turgite>calcineListera</turgite>
      </negus>
      <ketolVoe taborinScunderTipoff="99" dep="domableGagaku">
        <abbotPalachJenna>jussory</abbotPalachJenna>
      </ketolVoe>
      <shimsYarrows>
        <seedmen>repeatSodiumHyenine</seedmen>
      </shimsYarrows>
    </decianBarony>
    <skitedPox>
      <unwrap>74659</unwrap>
    </skitedPox>
  </pitlessMiens>
  <pyramidWurrungPersis chirataSackbutHwt="nematicLinkier" upswarm="geonoma" drudges="cundyKebobsStiffen" pine="bafaro446" />
</ataxite>