<?xml version="1.0"?>
<sentineCaraipaPrana>
  <chollasGilverBamban urochs="energyTwingedMissy" alveoliRedoubtUnscale="floranRivalPlumbog" unfilmMerinoAcutely="andaqui" nonpar="garagedWharfsFlossed">
    <atoxylMetopae>
      <overwetShark>exalteeRococoMuds133</overwetShark>
      <huskierAsepsis waviata="6092">
        <owrehipSapium>lids</owrehipSapium>
      </huskierAsepsis>
      <apulse urgedFeroce="satorisBeguessGlobous">
        <ermeHaikwanSmervy>tagua368</ermeHaikwanSmervy>
      </apulse>
      <wickets>
        <planter>dismailCarling</planter>
      </wickets>
      <beemanTriones bellicLorans="noises">
        <link>trysts</link>
      </beemanTriones>
      <hutung>
        <alibis>tadsTelevox6835</alibis>
      </hutung>
      <ibexPadder gnawingAband="huddup" hiramTaroks="accostBrulot">
        <uncoftEtrier>braccaeLokeIndraft</uncoftEtrier>
      </ibexPadder>
    </atoxylMetopae>
    <quondam jazzistTucksSaponi="883" bendeeBadaudTragi="pinnulePalar" swure="flufferTriads">
      <vainestMyronic>beatasSynuraeCovido</vainestMyronic>
    </quondam>
    <vibrioBewornPrabhu upsmiteTarsalAddends="9325" solnAppdChiders="406">
      <boreas>kudize</boreas>
      <adropArmiger>
        <ushas>foobarMimir</ushas>
      </adropArmiger>
    </vibrioBewornPrabhu>
  </chollasGilverBamban>
  <sippleDared aimore="moulsEarlsRewall" jaguey="moron" neutEkeZoll="baelOnerary112" odiumsDugout="platicMetusia" />
  <freezesMerelsSoral potanceFustianSpiran="ojibwas4380" exudateTitleneTurrum="compGolds742" deaf="doyenne" viscoseJessamy="kalifAmidol" />
  <gumharClericsRaring outfox="kinfolk" seckel="wappingDropout" salt="9430" cageot="secants">
    <foramenBulgedPhrynid>
      <kpcBranny>tuffetWakeelBabby</kpcBranny>
      <pepsisFribby pieced="agroundDeltoid">
        <squeeze>returnsToplessAglycon</squeeze>
      </pepsisFribby>
      <micoElritch mulitaLoungyPanders="hemaseRegaliaAscesis">
        <wolffiaDiethylScreak>90419269</wolffiaDiethylScreak>
      </micoElritch>
      <parah>
        <fatbird>behnBootieFerias</fatbird>
      </parah>
      <ikan cinerin="106388" saturaArtsy="leadmanAnaheim">
        <whodOthman>lure440</whodOthman>
      </ikan>
      <yeansSheal formantBedtime="envaye" daityaDialledNatick="draughtUnplantAlgazel">
        <arch>skipAclemonBerobed91</arch>
      </yeansSheal>
    </foramenBulgedPhrynid>
    <acorusPegger bondersCootsHicket="2894" wiser="cuishImpalas" able="midveinBelgas">
      <siumSannups>dronetGullingNore</siumSannups>
    </acorusPegger>
    <exert>
      <awatCowled>screwWonnot</awatCowled>
    </exert>
    <garretAldehol sekarWharves="arduous">
      <trionesTranceMagyar>stagCookee</trionesTranceMagyar>
      <hukGogCordant pouser="939391" cyathiaWarree="scannedHolcadNotes723">
        <tomcat>153408636</tomcat>
      </hukGogCordant>
      <adcUnisoilCaracas dokoLobipedAlfur="mapBiffins">
        <nomialRyania>mistoneSenciOreide</nomialRyania>
      </adcUnisoilCaracas>
      <tornitPapilla>
        <nayar>hostieCarbarnSundari</nayar>
      </tornitPapilla>
      <morel avocetsForgotDozens="juniataFilicicConine">
        <didnt>rugbiesHeathsErratic</didnt>
      </morel>
      <soothe acutishAmblingGorged="taler" suweEllwand="coo">
        <larickGoalerRecipes>132032</larickGoalerRecipes>
      </soothe>
      <cocasCrenateCoughs tarrassPltanoWritter="wudge" panfulTatuasu="timorPeeredTarve">
        <ante>tatbebSmellyDavyum</ante>
      </cocasCrenateCoughs>
      <anosiaEarl foussaOutplan="visageMalts" sancy="grooved839">
        <barboy>korrelQtsWithing</barboy>
      </anosiaEarl>
    </garretAldehol>
    <surculi>
      <thapesSparidPlaning>garringDecapodMedidia17</thapesSparidPlaning>
      <sctFanworkStaff barakaAmomalDreidl="pylarFlubbedGadidae" atacticGingely="dingerTrend">
        <hostels>bergerCreme</hostels>
      </sctFanworkStaff>
      <murthyArsisCarat poffleOillikeMotto="teemingTunnerBrahman4487" gainsay="palach">
        <dullsKaluntiEelcake>thraces</dullsKaluntiEelcake>
      </murthyArsisCarat>
      <mortalsSequanWadder>
        <nourishBriarSlope>bhaluPflagShut</nourishBriarSlope>
      </mortalsSequanWadder>
      <tightlyStarkTabling palulus="4" junker="imbased">
        <vagileXeriff>puruWaking</vagileXeriff>
      </tightlyStarkTabling>
      <yawpers dietedPeas="mumpish">
        <hoagiePaludePecker>boingGowlMobcaps</hoagiePaludePecker>
      </yawpers>
      <raretyTrojansBrooke>
        <rearose>blellumGlanderFigures</rearose>
      </raretyTrojansBrooke>
      <sardsAcrotic>
        <eilaIsatide>forebowScop</eilaIsatide>
      </sardsAcrotic>
      <ratines picot="coheres" surfsNebby="938485384">
        <tuteloCyclene>methyl</tuteloCyclene>
      </ratines>
    </surculi>
    <calandoSetteePosing>
      <tamzinePillory>bruchidBantery5542</tamzinePillory>
      <tractus biune="barwiseGrotty" prisalFarciBooze="kations">
        <mozette>bedeck</mozette>
      </tractus>
      <morvinBenchedEpigoni>
        <bestareMammie>writeEspigle</bestareMammie>
      </morvinBenchedEpigoni>
      <phylicQuinnet rearmedPimanMestizo="verismsDehortRibibe" inkingSerdabTolyls="atop8">
        <cleamSyzygy>treadedAuricle</cleamSyzygy>
      </phylicQuinnet>
      <drowndsDisleafFilmic jostled="centiarSamaras">
        <arointEpuralShamble>prebid</arointEpuralShamble>
      </drowndsDisleafFilmic>
      <doubtedBrushetCattalo birledRifflerIsocola="ruttleLunaria16">
        <maimerBaulkedLakh>exotic159</maimerBaulkedLakh>
      </doubtedBrushetCattalo>
      <hipmold nuba="scabishExclaimKempts" skintle="poopingUniquer105">
        <faenus>7</faenus>
      </hipmold>
      <obeyed>
        <violino>77990</violino>
      </obeyed>
      <cordyQuamEnsnow dickie="webbyAlcoranSaquaro" ladhoodEssex="artily">
        <tellimaLimpinWafture>5110</tellimaLimpinWafture>
      </cordyQuamEnsnow>
      <logRenone rearers="tangut" styanDesmanToiled="96609">
        <rebraidSlurredLati>shaiAmalKerman949</rebraidSlurredLati>
      </logRenone>
    </calandoSetteePosing>
    <freezerSoupedTopwise>
      <bipontCader>ellwandBruke</bipontCader>
    </freezerSoupedTopwise>
  </gumharClericsRaring>
  <siphonsSemimatAnnonce lenses="torsoesPieties" whoaRhodora="ideoDawdyThetine">
    <tabretTigtag>
      <tarrowSpicer>barradStomped</tarrowSpicer>
      <plassonEbrictyImpale>
        <nervousWorthsHijack>725156643</nervousWorthsHijack>
      </plassonEbrictyImpale>
      <ubound jose="fanning" doneyHugeliaWarps="6655825">
        <centalWhoopeeAudrey>23887643</centalWhoopeeAudrey>
      </ubound>
      <subseaMechlinJewels>
        <rinchDogtieLoathes>nanismQuilezPrisage</rinchDogtieLoathes>
      </subseaMechlinJewels>
      <machaon>
        <chiffreTabidForbid>dolosSillierWaywort8325</chiffreTabidForbid>
      </machaon>
      <didym daffier="lynetteTenches" birksBooky="califs">
        <eparchySerialGagate>slojdPardnerLimeys</eparchySerialGagate>
      </didym>
      <onceTurbanPouring coalsOxtersWaring="staller71">
        <mintierLammock>8128464</mintierLammock>
      </onceTurbanPouring>
      <craddyDaubryWarful>
        <beclawMainpin>470908</beclawMainpin>
      </craddyDaubryWarful>
      <pawnersBirkieBalu>
        <basharaTade>stremma</basharaTade>
      </pawnersBirkieBalu>
    </tabretTigtag>
  </siphonsSemimatAnnonce>
</sentineCaraipaPrana>