<?xml version="1.0"?>
<kyaniteUntiredStated>
  <rheaeSpunnyOfter baniansSemifib="forgave692" sewlessAgamasUnjam="acracy5" frislet="raglinSleechKeres4814" tubsterGpdCorp="22367940">
    <midget>
      <mixupScrat>smalter</mixupScrat>
    </midget>
  </rheaeSpunnyOfter>
  <fusiblyAbrege brakedLuigini="bubingaUcayale" gradsGurneyDittoed="osculumSadi" />
  <unsash tahuaColouryCoes="crewsTincts" claroesPingoJundie="embuiaFraryErasing" swelly="keelingPara">
    <spacers>
      <pops>aloinsSoshedIdeal365</pops>
      <genieOstein tangier="386568077" ablepsy="temps">
        <archyUnshookMaulana>chawerBadass</archyUnshookMaulana>
      </genieOstein>
      <damiaKebRanella>
        <rumneyVirtuti>dixies</rumneyVirtuti>
      </damiaKebRanella>
      <hurleysComfierAxioms quaere="jinglesBumbler5">
        <sorryCenacleEdged>4</sorryCenacleEdged>
      </hurleysComfierAxioms>
      <unlobed resolve="33" unlivedWingerMorkin="jiggetyCretion83">
        <kraalRookBelate>reginaDefrayVersor79</kraalRookBelate>
      </unlobed>
    </spacers>
    <fiestaBultow hashed="maristAshpitMurid" flowing="6">
      <cliticNuchaMediant>sapphicHuronTurwar</cliticNuchaMediant>
    </fiestaBultow>
    <acetoin snailedFicche="8346599" soshedElapine="unjewel">
      <kadis>serosaTerpaneSade4006</kadis>
    </acetoin>
    <bortschAuricTolowa merak="tame">
      <slakedRuche>gobby724</slakedRuche>
    </bortschAuricTolowa>
    <dargueFader ceroid="9">
      <guidagePunktScler>workpanViminalDopiest74</guidagePunktScler>
      <guying mersion="haikaiAinsell9458">
        <reseise>newings</reseise>
      </guying>
      <vangeeSealing dumptyPilauedEmpark="yite">
        <gym>272</gym>
      </vangeeSealing>
    </dargueFader>
    <saimKasbah>
      <situalBensel>kanesCumbhaGuberla</situalBensel>
    </saimKasbah>
    <baclin werentEmbullMeacock="962">
      <coelineAtony>tinworkClavusDegomme</coelineAtony>
      <gulistAvisoFaunas gcdOofierStereom="cimbalNareshMobbed">
        <orrhoidAeolia>esopus</orrhoidAeolia>
      </gulistAvisoFaunas>
      <caputCartman>
        <mudroom>typhlonScrath</mudroom>
      </caputCartman>
      <speaker>
        <townful>baidarChirrupYether1128</townful>
      </speaker>
      <ordealsParrah>
        <yoresOuzeShawnee>whinersUnpieceRejang304</yoresOuzeShawnee>
      </ordealsParrah>
      <brassiaDerailsCleg scornedLionizeTegmina="7128">
        <karroo>718733</karroo>
      </brassiaDerailsCleg>
      <biduousIslsParrah shaveTazza="carterUppluckInjurer3375" caccia="mideJerboasCodeias">
        <martite>hazleHashedSomdel</martite>
      </biduousIslsParrah>
      <toters tuchisBerylHearing="gawkRuffe">
        <azoleUpwardsCaranna>admiralClarinKhedahs</azoleUpwardsCaranna>
      </toters>
      <kanauji>
        <toaster>droshky</toaster>
      </kanauji>
      <trollyHowling boolianCensiveVulgare="fancier" topsy="tolite">
        <hatelGuacosOverbar>dharmaLotosesAlpiste</hatelGuacosOverbar>
      </trollyHowling>
    </baclin>
    <ananias>
      <clineAschamDunder>stockerNazard</clineAschamDunder>
      <enrols>
        <kouprey>meccanoXylylMedials</kouprey>
      </enrols>
    </ananias>
    <shaders>
      <runnethEkphory>704</runnethEkphory>
    </shaders>
  </unsash>
  <juiseSinglet synesisRudolf="bransRebeckFlosser" lobedAgenda="76704670" fatherAppear="wabronWooshSpoach" andeanJibmanGroans="faunuleInland" />
  <toforn />
  <tellsImpsAglossa />
  <plangorCloddyGlonoin skatoleTheredClypeal="slowedBeslab" uplegBogy="predoomSpooledYeans" rakijaDihelyYardful="amokeZingel" ameluFlukedBals="unload" />
</kyaniteUntiredStated>