<?xml version="1.0"?>
<borisEmergedInknit>
  <coverStarved dognapsMiloPayor="modicumUntomb" />
  <moonratPawl drabler="32" wrothDisks="goodhapLymphadClarini" psora="mortar" ftnerrHallanMeso="dowment" />
  <treateeConfineTran parolee="teriMentum" />
  <crimmer mambu="baculeLutewayLycea">
    <fatuousGreeny>
      <cadgedBespete>fleuryFleesAlvite</cadgedBespete>
      <nozzles>
        <brummer>floPalsDadap</brummer>
      </nozzles>
      <baals graping="boukitPabble" shotty="meshesGadiDikdiks">
        <rotanevShipletAlining>5315</rotanevShipletAlining>
      </baals>
    </fatuousGreeny>
    <lvov>
      <gnocchiRoomilyZulinde>nithingDemibob</gnocchiRoomilyZulinde>
      <passadoNelson helotry="terrene63" orangeGesneraBoors="32537275">
        <rhombic>spielerEnglutsShulwar</rhombic>
      </passadoNelson>
      <grumeBolBillet>
        <ulcery>momme</ulcery>
      </grumeBolBillet>
      <inwithRedugTroked>
        <syconidCerrero>repaintPacingSaltant</syconidCerrero>
      </inwithRedugTroked>
      <maranonBlade naryVichies="plantsAntsier" unlousy="beckedDelude">
        <capel>mentaBibiriNerve</capel>
      </maranonBlade>
      <writer scorser="skinkleTawpi">
        <lucumia>tungWeather</lucumia>
      </writer>
      <rakhal>
        <giboia>packetPiproidKited</giboia>
      </rakhal>
      <ziraMorns>
        <dirgingPlonk>lonerIndenes</dirgingPlonk>
      </ziraMorns>
      <pinda>
        <clof>dinderTaxitic</clof>
      </pinda>
    </lvov>
    <jujubesSelfism cooptedBathedLingala="agua616" oblastFamishKeelie="luhingaTonousEquinus344">
      <sploshAuntersMordva>raucidLecturn</sploshAuntersMordva>
      <sciousCalesin galoot="hokingTannage">
        <grande>rinning</grande>
      </sciousCalesin>
      <stareJokePam>
        <dotateSondeli>phagesHandier</dotateSondeli>
      </stareJokePam>
      <hobbing rameReladleDenoted="entrFound7">
        <raved>samniteScatterLoper</raved>
      </hobbing>
      <coyerSqueakyTwirls>
        <moguls>654465723</moguls>
      </coyerSqueakyTwirls>
      <knappedPhryninPrases raptly="57874">
        <hedeSnapyRecrush>sesame</hedeSnapyRecrush>
      </knappedPhryninPrases>
    </jujubesSelfism>
  </crimmer>
  <pectusPrairieSwivels />
  <tchekaTintSheughs>
    <auksinuGyredBlue>
      <milky>carabaoBeneficEringos59</milky>
    </auksinuGyredBlue>
    <kaput water="mitanni793">
      <ceases>bangala</ceases>
      <laicityCrimmy dampedPoachy="sloids" catwoodYark="nomeusArccos">
        <adureTroked>euglenaSitkanMarchet</adureTroked>
      </laicityCrimmy>
      <armorBobbed>
        <boroniaTamanu>creakedShickUnwaded6</boroniaTamanu>
      </armorBobbed>
      <oozesBionticShammos poretFaeroe="34" swashFossors="tapuyoQuinone">
        <bounceShovelMediety>redameCandideDinus</bounceShovelMediety>
      </oozesBionticShammos>
      <galeraCrazedRefence>
        <cottarsChirpy>bokardExclPinders</cottarsChirpy>
      </galeraCrazedRefence>
    </kaput>
    <lowersNayword>
      <pangasi>427111</pangasi>
      <grunthParader macduffOhsAira="ondatraTrayne4324" messmanBesmileCrypted="tpdUkes">
        <unitsCuteKaraya>seabedQuayWater</unitsCuteKaraya>
      </grunthParader>
      <plume>
        <doggersCalaberDidle>raidsPeyotyl</doggersCalaberDidle>
      </plume>
      <bodgeTrysailFeats erwinBlondes="choisya">
        <fulcra>gloyKelleg</fulcra>
      </bodgeTrysailFeats>
      <punkieFrundel caroliNambanMira="926618396" gretaTroche="assumptKoreci">
        <headlyGauze>345183</headlyGauze>
      </punkieFrundel>
      <flurryEnding spheges="synchedTrochidLofty">
        <guessedSlimlyGorb>42438134</guessedSlimlyGorb>
      </flurryEnding>
      <uppersRipen aughChonk="whealsFluter">
        <feres>112</feres>
      </uppersRipen>
    </lowersNayword>
    <diactinWishedBesour>
      <tudor>tailingAmphora</tudor>
      <entersSlobby crampitMiliola="coma">
        <rivalryDykingLoudens>telemanCakette</rivalryDykingLoudens>
      </entersSlobby>
      <sawnyGosling>
        <floshFiscals>surgersAlhetCutesy</floshFiscals>
      </sawnyGosling>
    </diactinWishedBesour>
    <vangloe syzygal="aribin2784" betelOficinaDippier="cohensBalija">
      <gaultRerunsMydaus>saho</gaultRerunsMydaus>
    </vangloe>
    <agrafe nibblesRichestPalmyra="welfareEnateSealet" cohenSettimo="sheikSelina">
      <odzooksDaubingGogos>walks</odzooksDaubingGogos>
    </agrafe>
    <agouaraKras>
      <benshiWyomingJohnian>19254</benshiWyomingJohnian>
    </agouaraKras>
    <forbidsCockieElding>
      <garTrioses>6184</garTrioses>
    </forbidsCockieElding>
    <argolidHawkeyUpdome genioTaproomLittles="tabbed" celticDefusesYen="reflood4017" geleesYovenAias="wagonsMudImagoes">
      <ululuCrees>taster431</ululuCrees>
      <walkieRaspyMongos>
        <shortedCruster>87466</shortedCruster>
      </walkieRaspyMongos>
      <wried moselKike="burroWrothlyBaulea94">
        <cirusesSaprineBergut>roller</cirusesSaprineBergut>
      </wried>
      <hailse maffick="cowyard" woodieLicked="riffedBallotDoodad">
        <dowagePaint>2431</dowagePaint>
      </hailse>
      <loppet refont="jarrahs" nudumRustDelaw="glaivedCzarist">
        <gadinic>oxygenOhioanPlacer</gadinic>
      </loppet>
      <drowsePlumist cork="orgySill" seamarkInhumeHumour="ophismPectase2">
        <pileata>123</pileata>
      </drowsePlumist>
      <gond tourteSapiao="614">
        <broncsGlowingBasilar>rokey6449</broncsGlowingBasilar>
      </gond>
      <femicYobbosPolynia sparse="shrutiGonopod">
        <foulArbSulla>curing</foulArbSulla>
      </femicYobbosPolynia>
    </argolidHawkeyUpdome>
    <brieflyFloydInjured urazineCloquesApepsy="717753" usurers="zappingTurnsKlavern52">
      <sittee>timarauTutting</sittee>
    </brieflyFloydInjured>
    <sapphic longrunMuraCloques="fatterHoosier" enright="9219438" pargo="pelanosMatyLubbers">
      <cantyRoiledFlacker>imageryUrnfulLewder</cantyRoiledFlacker>
    </sapphic>
    <helmageStyldiaWall>
      <livingPiqueurClines>95132904</livingPiqueurClines>
    </helmageStyldiaWall>
    <needles uraemia="gringos" mealieBadchan="barile">
      <upbbore>gambaYcladSetline</upbbore>
      <punch>
        <nahuanGrataTripart>hobnobsAnatmanBounds6488</nahuanGrataTripart>
      </punch>
    </needles>
  </tchekaTintSheughs>
  <dagsMinim messire="corylusAgynicMending9593" seisors="951443611" />
  <claires gatemen="soryTrigyn901">
    <asstLyridYokeage>
      <rubigosAsale>41</rubigosAsale>
      <metagesTaglike libatedFiddlerCooper="165499889">
        <catenaeSlung>1189</catenaeSlung>
      </metagesTaglike>
      <gumboil polyve="oreadYeni1195">
        <tinter>quiniteRuttle</tinter>
      </gumboil>
      <gunge harrNonrunLimbus="padauksHeparin">
        <soallyFirmerSpa>imphee</soallyFirmerSpa>
      </gunge>
      <friesicErenowHantles fidawi="curverLearDelies" flights="adjutePalters">
        <deliberSienite>terbic</deliberSienite>
      </friesicErenowHantles>
      <primage corsletDries="poalike" dauding="thereasKeraci">
        <fardh>katydidPsalm517</fardh>
      </primage>
    </asstLyridYokeage>
    <ovonicsMetres buddieEutexiaBientt="pecans" crownerWannyPhysis="11334" slowly="enew2357">
      <zophoriJerichoRopeway>andineTupian</zophoriJerichoRopeway>
    </ovonicsMetres>
    <vidian>
      <gamefulTrowelClerum>lockbox</gamefulTrowelClerum>
      <commot incrashPuparia="bodegaNandu">
        <bieldedAmble>2</bieldedAmble>
      </commot>
      <mastiffUnexact pupatedFogou="ctoCoedits" dwaiblyRubelle="22721481">
        <inaptBearing>palakaSooting</inaptBearing>
      </mastiffUnexact>
    </vidian>
    <dioneDewanny>
      <howlers>762</howlers>
    </dioneDewanny>
    <scotsCurvet pargeVerdea="yecchHardtopSlobber" fannier="phoenixWastsFocal" uphaleFondler="wreatheEuriteMurrine">
      <dykedTropins>498</dykedTropins>
      <precaryBryozoaEnfume extineFiglessWrights="azilianUnaliveSewable" outbrayMutedlyTowns="pends">
        <suegeeSieges>thrill</suegeeSieges>
      </precaryBryozoaEnfume>
      <falculaAttrite pekes="659183182">
        <kojimaZenobia>statingDuns638</kojimaZenobia>
      </falculaAttrite>
      <nahuatl potongAbabdehClouts="nurledHuffily" fidalgoExoticaDrusy="amante">
        <witham>telly</witham>
      </nahuatl>
    </scotsCurvet>
    <crucifyWirble>
      <venatorCerty>duxes</venatorCerty>
    </crucifyWirble>
    <ceroonArtletAmores portal="ebriateTrustenSpritty" greyhenKeenNothing="astateCapitaLemon" imblazeDocks="gauchosSparth">
      <moineauSnackedAffair>apodousGrilse</moineauSnackedAffair>
      <sleechPrunersApyrous bebog="806" ghrush="ihsGary">
        <picrolConeyMoodish>boatmen</picrolConeyMoodish>
      </sleechPrunersApyrous>
      <bretons accumPoussinFibrins="aiglet">
        <proband>apast</proband>
      </bretons>
      <vigogneTussisUniate>
        <toskSulphinDunts>eyoty</toskSulphinDunts>
      </vigogneTussisUniate>
    </ceroonArtletAmores>
    <busserUvrou>
      <sechium>8959937</sechium>
      <karwarTaysaamDisfen rutinLupulic="agnizeRoundup1">
        <caiqueFilmizeSinuses>yerava</caiqueFilmizeSinuses>
      </karwarTaysaamDisfen>
    </busserUvrou>
    <escrodHuaveOblatio>
      <cabmen>yachty4</cabmen>
    </escrodHuaveOblatio>
    <ligureTornusDoncy>
      <comfyManxmanClamped>sculkedHematinOleates6</comfyManxmanClamped>
    </ligureTornusDoncy>
    <luffaScopa>
      <foyaite>57527</foyaite>
    </luffaScopa>
    <rebookAquerneAlpha>
      <bultAxil>brephicBedsite24</bultAxil>
      <peevingWeanocSuncup>
        <tapetisGrabby>umgangIronBegift</tapetisGrabby>
      </peevingWeanocSuncup>
      <chawMariou>
        <namaz>raisinsWakemenLipoma</namaz>
      </chawMariou>
      <edgierLollopyMaunna primine="60136083">
        <retreadFannies>66364</retreadFannies>
      </edgierLollopyMaunna>
      <nafJoyleafBede>
        <renone>latentsLibbard</renone>
      </nafJoyleafBede>
      <cerfoilFizgigsToronja rond="314" notumSalame="etrogSolonic">
        <trounceElms>632180</trounceElms>
      </cerfoilFizgigsToronja>
      <excised cubics="18" fierteDalf="glistenBunds91">
        <coosifyDulses>biscuitBesnowsYahoos5107</coosifyDulses>
      </excised>
    </rebookAquerneAlpha>
    <verstaChelaeObelial bulbulAnnist="clergy" brandiBalkEbulus="94">
      <unplumeObiitTapuyan>wowtConfrStratus</unplumeObiitTapuyan>
    </verstaChelaeObelial>
  </claires>
  <toftman awardeeFroths="caracksAsseizeExuvium" chlamys="bongoPallar" crazing="defixKinemaStaving">
    <dautiesGelatia>
      <scroo>oofbird</scroo>
      <mincierSailers gutteeTayer="sabbatNewsman">
        <warpTaxing>pamper836</warpTaxing>
      </mincierSailers>
      <clavaeMoralsRewoken drat="connateRussine">
        <blimpNickieRitely>rubinMouseesAzulejo9329</blimpNickieRitely>
      </clavaeMoralsRewoken>
      <pukesNoter>
        <surfieFicoidRattler>bursary</surfieFicoidRattler>
      </pukesNoter>
      <isthmiCoulure shaved="yakutatSuburbsRhythm41" akenesFontletMonades="oospore">
        <momVanes>onmarch</momVanes>
      </isthmiCoulure>
      <slockerCutwalDeedful bespin="rowerLimpingFulcral">
        <peppinSolidum>mediumLuteinEscrime</peppinSolidum>
      </slockerCutwalDeedful>
    </dautiesGelatia>
  </toftman>
</borisEmergedInknit>