<?xml version="1.0"?>
<serose>
  <acaroidKarreeForking azlonEyewear="peliomaShamoyElutor" ingestaOutfluxPrester="ducked" runklySetousQuin="oogonia" />
  <wimbles sullenHexsDispair="husker" />
  <hutcher telergy="pams" mesteesCraningIcosian="tenezRheas165" enskyTupelosSittee="cinemaTabooDisbark">
    <gassersAgraceTugrik>
      <plushesSawlog>655</plushesSawlog>
    </gassersAgraceTugrik>
    <marquee>
      <mashieOboistsNet>91943</mashieOboistsNet>
    </marquee>
    <grangerPrimiDist>
      <dirgedVellumsUnarmed>senaah</dirgedVellumsUnarmed>
    </grangerPrimiDist>
    <recptWisped racings="borizeMatsueLyctid">
      <allooSinking>elonAscon7</allooSinking>
      <cartwayPlaybox unpious="70" ransomsSeater="hastier">
        <rudityMoldingFroster>furiant</rudityMoldingFroster>
      </cartwayPlaybox>
      <niftyCupula>
        <kinking>918</kinking>
      </niftyCupula>
      <anagogeKartelJoukery artusIngleRepew="sicc">
        <rindeAdnounsBlats>waningTunBaubles5</rindeAdnounsBlats>
      </anagogeKartelJoukery>
    </recptWisped>
    <too>
      <amyl>19397</amyl>
    </too>
    <outtearFiz>
      <grandpaSereinsAsitia>awns48</grandpaSereinsAsitia>
      <encoopErmineAcidly>
        <sixsomeCentavoFussily>hert</sixsomeCentavoFussily>
      </encoopErmineAcidly>
      <recountEmceingSlammer upcrawlIconism="596" bunsen="coatsGodlier">
        <venoms>arbuteLichen</venoms>
      </recountEmceingSlammer>
      <initiveFickler botiGawsy="solarThongsUnrhyme" wreathyFarmDicycle="colyoneBendaysBuboes">
        <fantadSoul>22001548</fantadSoul>
      </initiveFickler>
    </outtearFiz>
    <dazesTrothed>
      <laboresAlphinBacon>odylesBridaleAunt</laboresAlphinBacon>
      <acetaryMopsyPapyri muscly="cschDwarfed">
        <scanDecoke>guam</scanDecoke>
      </acetaryMopsyPapyri>
      <antibugJewelly>
        <randallClomps>ruddles</randallClomps>
      </antibugJewelly>
      <gawkingInkhornScalfe allowerNacry="veninSpecieKon" flunky="cimbriBuran">
        <toshes>4601</toshes>
      </gawkingInkhornScalfe>
      <kharHalbert backet="respiteIschar" petasosAoudadsVowers="mindfulGrainerWellat">
        <zogan>headyRaught</zogan>
      </kharHalbert>
      <quipsWaughtsGracile teazled="781128">
        <crenae>886</crenae>
      </quipsWaughtsGracile>
      <goaf>
        <menic>wullie</menic>
      </goaf>
    </dazesTrothed>
  </hutcher>
</serose>