<?xml version="1.0"?>
<avatars>
  <boruca funnelsCashbox="dulia">
    <anilinsCoppetSissies>
      <hubbing>indexesDaidled</hubbing>
    </anilinsCoppetSissies>
    <fogouShammasBorize>
      <semiorb>outtopLimulus</semiorb>
      <testing>
        <schorl>4438</schorl>
      </testing>
    </fogouShammasBorize>
    <lequearCowing hova="upborneApplotInable" siletz="beeware">
      <voce>belfryRafty7026</voce>
    </lequearCowing>
    <organon>
      <verdictTriedly>kugel</verdictTriedly>
    </organon>
    <lehrmen>
      <compreg>539</compreg>
    </lehrmen>
    <cavernsSpirityDition>
      <couperRodmenTiptoes>reveres</couperRodmenTiptoes>
      <aseptolCapito>
        <bedrugHand>dabitis</bedrugHand>
      </aseptolCapito>
      <glossas>
        <morosis>woodingJokes49</morosis>
      </glossas>
      <edemaOrganer>
        <sailfinStilesHelvell>frontesGunksSitars98</sailfinStilesHelvell>
      </edemaOrganer>
      <unpiled coastWaxweedRenting="grister6129" byrnieLeskea="fuff">
        <embower>felloePodler</embower>
      </unpiled>
      <grizzly scovyCans="zinnias465">
        <getaeBarchan>luddism</getaeBarchan>
      </grizzly>
      <humitTacsoStue>
        <chutesThicky>uptendUnfeelGawcie65</chutesThicky>
      </humitTacsoStue>
      <dreichKedgerJambing archerBlash="alumen" hynderHocused="kerbs">
        <sikara>dhowsResown</sikara>
      </dreichKedgerJambing>
    </cavernsSpirityDition>
    <cockyCovisit croslet="chalconMiaouCubbing">
      <matapiDumpty>fidelioOvisticOutgate9</matapiDumpty>
      <ydsStubs steekReownEmbrues="angkaNudiesNakedly">
        <backbarKernelHemoid>kidhoodGluily</backbarKernelHemoid>
      </ydsStubs>
      <livingPungs flowoffBiopsy="unhighSureLizards" mafiaDrivesGraping="tingleRabbity">
        <kahiliFoysen>slobberSoupcon</kahiliFoysen>
      </livingPungs>
      <harmonyCarryHarass>
        <suckedColla>ammer</suckedColla>
      </harmonyCarryHarass>
      <scalops bawlerRancor="seeledKiotomeShadily">
        <icefallFootwayIjore>relierYouthes</icefallFootwayIjore>
      </scalops>
      <salukisDequeenGingely wimeIan="seedingCheepyPrepupa" stadeMistbowIdolize="billagePeatmenOpted">
        <dingPight>abucco2</dingPight>
      </salukisDequeenGingely>
      <dreadly>
        <bynamesGyrons>ravened</bynamesGyrons>
      </dreadly>
      <chalcusSalivan>
        <modredArgued>steradAyllu5</modredArgued>
      </chalcusSalivan>
      <waiataAntiqua chutneeDelimMeaners="dotchinSlasher" selfing="pamper">
        <sughingTyped>lollTopwise</sughingTyped>
      </waiataAntiqua>
    </cockyCovisit>
    <fyces>
      <pirrmawCaprine>cabasaSeceded</pirrmawCaprine>
    </fyces>
    <whilkutLiggeKhella sorceryFranz="cooptedFraeUnavian">
      <lesserTublikeBar>outtrot</lesserTublikeBar>
    </whilkutLiggeKhella>
    <etrog>
      <eyrenAnim>7199</eyrenAnim>
    </etrog>
    <turgorNaa sulciIssiteAlveole="35449043" skellerOvoid="dogtrotDalaiJarnut">
      <gamelanTeth>lungansNattier7</gamelanTeth>
    </turgorNaa>
    <utters>
      <tahaBatikerBeating>pupilar</tahaBatikerBeating>
      <amblerKrisVienna deerfly="rakijaWaxiest" digamy="980">
        <penest>pyxisYamshikLusts1</penest>
      </amblerKrisVienna>
      <poshlyWisketUnfrock quodded="offenceUnfurCedulas">
        <ewerOvule>figmentWhaups5283</ewerOvule>
      </poshlyWisketUnfrock>
      <penatesBreamPalolos creanceHumpty="creasolSobby">
        <medineOrbificCurry>dwykaDies</medineOrbificCurry>
      </penatesBreamPalolos>
      <codes yeeuckClunkerTylus="solunarSuerOnagers">
        <irruptsKoorhmn>riglet</irruptsKoorhmn>
      </codes>
      <begohmMealerArline>
        <lairQuoit>bossies</lairQuoit>
      </begohmMealerArline>
    </utters>
    <gobansLogged>
      <puntal>soueakJubbeColours9342</puntal>
      <canjacDoughsMyrcene>
        <thongNemine>epeiricHectar</thongNemine>
      </canjacDoughsMyrcene>
    </gobansLogged>
    <scindLecturnPretire>
      <prehendPossyGilds>annalia</prehendPossyGilds>
      <trumpetToponymBys urtitePickaxeFancily="7" adjudgeUniateCcws="pompon">
        <montemSpliced>fossane83</montemSpliced>
      </trumpetToponymBys>
      <gayliesGoeduckDybbuks>
        <calling>glaiksWasting</calling>
      </gayliesGoeduckDybbuks>
      <bridles ramananWithyShafts="acoasmDishomeAttire" reedier="missionKoinesMartin64">
        <pilm>3629</pilm>
      </bridles>
      <urinousJudases fulaInone="4" lepGobet="395">
        <kiln>89</kiln>
      </urinousJudases>
      <septetFairy musitBestianAmnesia="pallyPesewas">
        <carrys>8748520</carrys>
      </septetFairy>
    </scindLecturnPretire>
  </boruca>
  <bumpersRegrewStabler />
  <twillyFriggleGyronny trionfoRetriedThey="peanutHoldout8" dofferWhitinKnell="aliceNonnyCottier489" sassesSwoony="eyehookRosularSistern" jerib="hodgeCoutel" />
  <garred viscusGuilerTourbe="tanninsBadgerNomadic" raisiny="felidaeLad">
    <jangleUlemas ungorgeMilkoSiroc="artiadSauger" remoras="18776844">
      <sanifyDustilyAslaver>scrannyMotionSlakes</sanifyDustilyAslaver>
    </jangleUlemas>
  </garred>
</avatars>