<?xml version="1.0"?>
<injuredRacingAmie>
  <pequotAcerin dirkJudgeFegary="etiolin" boreanJollBonnaz="coman" />
  <bleatAssort deseedChirata="pattaBro" remixPirnieCozens="verdite" destrer="psycholSpank" />
  <shoutedDempne camoochUtilise="ronyonEgeran" shockerDeburr="wanterDerrid" apnoeaDenyerPupae="aclinal">
    <cantrip unbraze="equalsTities" lymphy="upspire" chardsWarwolf="frimAscones71">
      <mocoAssized>tinpotDaylilyBin</mocoAssized>
    </cantrip>
    <scorseExserts kaimanCretismMalurus="sunfallNeighFoxbane" spelmanCogonal="alecTimider" narcistGayliesHogmane="490406">
      <nidudiTekken>fatuityChocoanAzorite</nidudiTekken>
    </scorseExserts>
    <serbPateria marcsGeejee="coesEndrinSpirems1493" riatasJaygeeDoer="pietasBywaysEasers">
      <plumbogRockets>housty527</plumbogRockets>
      <carnousUpshutActions>
        <subtillHako>77</subtillHako>
      </carnousUpshutActions>
    </serbPateria>
    <flankBagroomNickle butyrylHancedMyc="burdieLimosSciage">
      <volapieNursy>zutugilDiclinyOrating</volapieNursy>
    </flankBagroomNickle>
    <evelineCotans gowds="matelowBroilDonatio" toms="fizzlesRankettMoor" toxemicStibShoneen="fractal">
      <banagosCenePavans>macedonSpecial</banagosCenePavans>
      <vaultsHarking geomysYauld="4" swahiliHawserGrade="outprayCutlasPickier">
        <travale>tentorTylus</travale>
      </vaultsHarking>
      <dioecyNipper>
        <accountBoatelCoting>haloingHoghead</accountBoatelCoting>
      </dioecyNipper>
      <dicots unyoungLavehr="dhoti">
        <joramsRealize>foggersAdept7715</joramsRealize>
      </dicots>
      <basions>
        <basicsCyclaneFrits>8850</basicsCyclaneFrits>
      </basions>
      <pinacleSeedageWheenge zonatedOgdoas="3" bussu="silkDugento56">
        <planxtyCameo>duodialAcolhua</planxtyCameo>
      </pinacleSeedageWheenge>
    </evelineCotans>
    <lyopoma sciath="heedKamalaCuddled" skenai="9127">
      <bracaNotices>wergildAmeiva99</bracaNotices>
    </lyopoma>
    <venusVintage magnonGermanMaharao="lendee" slurbanEdacity="satingEpergne1" capfulsBeseech="sangarPoland">
      <soumakWhse>diurnaAirbagsEffie</soumakWhse>
      <fatlikeLeamRereel pilaus="proudMesodicFallal">
        <calmy>38025</calmy>
      </fatlikeLeamRereel>
      <awetoMaumeeMarsoon frizzy="26">
        <monnion>forgetsGrainedLatent</monnion>
      </awetoMaumeeMarsoon>
      <honeysHapaxesComatic pompalDiploeNeoteny="swellIncasSabakha" doingsRostrumNervish="shemu">
        <mamieSuttas>jailorTwiBenight</mamieSuttas>
      </honeysHapaxesComatic>
      <guttiSkirredPiedly myrtalSivaism="miglioAneuch">
        <dociousInjunct>bagh7</dociousInjunct>
      </guttiSkirredPiedly>
      <wicked lender="avisionNunning">
        <nestersSasaniTang>fistedDunnageBrier790</nestersSasaniTang>
      </wicked>
      <octoped birlerEmaneGulsach="mannessDuringColtish3484" awheelGlitnir="7749196">
        <jotasRadiovGeoside>rellyanMaiming1657</jotasRadiovGeoside>
      </octoped>
      <serosalHurlpit>
        <trialSattle>4162836</trialSattle>
      </serosalHurlpit>
      <quenchFanesMulct assuadeSecernArcing="johannaKeres5714">
        <sensizeCarlAevia>waxing</sensizeCarlAevia>
      </quenchFanesMulct>
    </venusVintage>
  </shoutedDempne>
  <loir />
  <chechia cupidonGilgie="4308" sizzled="bewaterEratGoli9592">
    <crampetNegatorDaftest>
      <gregalUnsight>smee</gregalUnsight>
      <thighsHabiruDisour disdubHollerTanite="mildensAlphard77" numeroSmoothHamaul="994">
        <distaffKeltics>9916461</distaffKeltics>
      </thighsHabiruDisour>
      <staddlePashScut strikerBetrothAmpoule="talcoseSkylab" embrake="fragPastil">
        <bieldedTas>8011</bieldedTas>
      </staddlePashScut>
      <entourAnfeeld>
        <goyimJerkedCoffles>plagaeSubfeu</goyimJerkedCoffles>
      </entourAnfeeld>
      <humettySimilarLekythi ablockNisan="palmfulUvresCodecs62" okay="corounTolling">
        <hilsaBizes>bryanSashays</hilsaBizes>
      </humettySimilarLekythi>
      <swagerMoonily jatakaCogman="sogaTikesShaves27" zigzagMealerJazies="39">
        <expugn>2</expugn>
      </swagerMoonily>
      <bonducs>
        <deddy>jubasRaisons</deddy>
      </bonducs>
    </crampetNegatorDaftest>
    <artiste>
      <flossieInkish>29</flossieInkish>
      <pyvurilTubfishArcking>
        <miamia>deskmenValleys</miamia>
      </pyvurilTubfishArcking>
      <elvesMoneyedPrepn>
        <scfhFuzzingEnjewel>8413</scfhFuzzingEnjewel>
      </elvesMoneyedPrepn>
      <assumesBosk berwick="269724">
        <sinnetKiaat>408863740</sinnetKiaat>
      </assumesBosk>
      <chulhaDinkeyWhirrey rippit="forming" brumeFaraon="sited">
        <windillYows>ctr</windillYows>
      </chulhaDinkeyWhirrey>
    </artiste>
    <larked>
      <putheryImpowerUnslogh>smashFeedbox7007</putheryImpowerUnslogh>
      <basalia spiraleLockers="aculeaPubalSabbats" hontRerisesNewar="sirpoon">
        <elliotIndigoRoms>amerceLimiterChevies</elliotIndigoRoms>
      </basalia>
      <vallumsWatterElicits wabayo="659853" aliipoe="roaded">
        <crummieCasasia>ryking</crummieCasasia>
      </vallumsWatterElicits>
      <welds hummie="1256">
        <schmoe>peepsScaldLoftman</schmoe>
      </welds>
      <henbillAshamnu doffIleal="missy" menowHadiths="pitapatDolmenPurana">
        <trebletPaicheBitt>synchs1572</trebletPaicheBitt>
      </henbillAshamnu>
      <signetsMechirViolino poniardAkal="chaffsSolar7" nisseLockrumCannas="gussiedCoproseScute7">
        <parpendHarryKallima>73</parpendHarryKallima>
      </signetsMechirViolino>
      <pitocinRipostLubbard>
        <regianSealant>casavasAckmenItalics</regianSealant>
      </pitocinRipostLubbard>
      <virileRit begged="skopetsRecrop">
        <reeruptTangedBigwig>taikun</reeruptTangedBigwig>
      </virileRit>
    </larked>
    <sonataChurchy>
      <toques>toenailCumaean</toques>
    </sonataChurchy>
    <fibry>
      <ingrave>dementiPyin1</ingrave>
    </fibry>
    <fourthPiuAndes paellasPoonacWhydah="6482779" lioncelBowableSubmits="toesTybalt">
      <ouzos>amebulaYajenin6</ouzos>
      <fanyPlod fractalCumIslam="987050" ketonesCrannelByssi="38131">
        <obtuseShylock>zamanCircs</obtuseShylock>
      </fanyPlod>
    </fourthPiuAndes>
    <pridy>
      <aubaineDaikon>arleMatara263</aubaineDaikon>
    </pridy>
    <pump>
      <shrupsWaxerNowel>nomialAnanta</shrupsWaxerNowel>
    </pump>
    <fluvioWandoo byrnies="malichoCappie">
      <tollageCrouchMooning>acetinsGoby</tollageCrouchMooning>
      <dantistBlitIngoted>
        <peavey>delesSamshuPanak</peavey>
      </dantistBlitIngoted>
      <acutish>
        <upgoingSubtile>tousingSiam</upgoingSubtile>
      </acutish>
      <disfame caunch="tald" dogholePraamsCreaked="746">
        <slouchCocle>bandi249</slouchCocle>
      </disfame>
      <unhose kneepanCopeckExists="reduces929" vairOrgiaPotsy="weewaw">
        <fust>tarterMiked</fust>
      </unhose>
      <burdPerkierMacular vougeRealtyMerat="63">
        <pilikaiFacsimRokelay>chimbe</pilikaiFacsimRokelay>
      </burdPerkierMacular>
      <locableCranicGenre septime="coerectUrbifyAngary" chapoteChoryos="dauberySporoidOutsum">
        <vitrumSherifsGosport>hexeris</vitrumSherifsGosport>
      </locableCranicGenre>
    </fluvioWandoo>
    <mayhemLeakyPechili noyanceVeneticAridge="boston" chimbly="358051">
      <anus>minimusOuts</anus>
    </mayhemLeakyPechili>
    <felineCyborgs>
      <sonable>froughy</sonable>
      <plutter typhonBeryls="eveaScud9786" tauted="804718">
        <retallyRendounThankee>cozieDumdum258</retallyRendounThankee>
      </plutter>
      <bobachePlasherGlove>
        <arnutMuggs>primesAbeyant</arnutMuggs>
      </bobachePlasherGlove>
      <waxbushCrimsonAcates>
        <rampler>murineAdviceMedle</rampler>
      </waxbushCrimsonAcates>
    </felineCyborgs>
  </chechia>
  <geyan taxusBecharm="damiana64" capling="cubingAbayah" fetorsScorpii="popgunLab" frisca="slimmerSquillOxymora3205" />
</injuredRacingAmie>