<?xml version="1.0"?>
<idealsNeutBonnwis>
  <honzoMeminnaSorbin manikinPuss="4" tiresMutches="2556" />
  <crumpleInfant />
  <crip sirkyAbilo="umberGammers" eireLanificSamech="scherzi" welkin="giveyFerries" wonder="pippingLacticLeveled" />
  <questedTans jiltersBodoni="758" prf="decusFetuses">
    <dareButyralCopihue>
      <tendBogusHotta>accumbSlumpedDuiker</tendBogusHotta>
    </dareButyralCopihue>
    <tremaCrokerSottery bredeCaltrapBeride="pionic">
      <creesSaltie>39197</creesSaltie>
    </tremaCrokerSottery>
    <cakesPicotee stumsMontant="between" curer="oxysaltToddler51">
      <rebelsAesopic>frigateFriscal</rebelsAesopic>
      <chasmedGrenierLows regivePoplarsBram="jettied">
        <stepony>8025896</stepony>
      </chasmedGrenierLows>
      <peepyDeciare vacatur="hylicBaraniBilious" tappers="steamLaic1389">
        <viewedBlowsNill>ossuaryQts</viewedBlowsNill>
      </peepyDeciare>
      <cubicPartialParleys>
        <tollmanCalces>arizonaCoaling893</tollmanCalces>
      </cubicPartialParleys>
      <missHornyLoggets sly="saharic" suidaeQuinchTendido="alodiaPellageCasqued">
        <liarsGollarEureka>kiltieFaunalDueful</liarsGollarEureka>
      </missHornyLoggets>
      <garlionGlyc cryGlynn="muckilyChrysinSqueamy">
        <peliasSmock>versalWafd</peliasSmock>
      </garlionGlyc>
      <insetsRamule meagreTatta="761" resshotXyloyl="fooledWiners">
        <empires>caravanClattyAniline</empires>
      </insetsRamule>
      <bakepanBetween exshipNavarch="pignetHubbaOvals" waygateUniplexSpills="62">
        <fleys>covens</fleys>
      </bakepanBetween>
      <shishyaHonda sawneyScantlePirl="bandogsUmbonicBirde">
        <ibidem>schavsGooseyJemidar28</ibidem>
      </shishyaHonda>
      <sekaneIliauOrnary mulctsAuntlyEvitate="nextUnspeed">
        <klephtShah>germOdaxRedive</klephtShah>
      </sekaneIliauOrnary>
    </cakesPicotee>
    <lossesAtlanta>
      <duskier>285</duskier>
      <madrona rumpus="baignetZizelPlacket">
        <undarkDripperTidbit>1</undarkDripperTidbit>
      </madrona>
      <sacaeSundersPsuedo revving="hechtiaFollisRooinek41">
        <benzoid>hypogeeIsology</benzoid>
      </sacaeSundersPsuedo>
    </lossesAtlanta>
    <addaxTitis slavishCurtesyPresets="76" kayaksSulfion="chaster" osakaPiperic="tsun">
      <glunch>6087871</glunch>
    </addaxTitis>
  </questedTans>
  <biverb>
    <almes acapu="unties" eloniteDisruly="hacksOad">
      <envigorLimina>radonsLogiaSpanker</envigorLimina>
      <outbid jigsawsMoires="latomyGibersJutties" boudoirHagborn="dickEarnerClio">
        <fence>468999970</fence>
      </outbid>
      <sucrier>
        <cindieUnreels>kemps</cindieUnreels>
      </sucrier>
      <perfayMaylikeParty moffleDellsSalish="tuyReskinTombaks">
        <caster>rabiEdifaceFront</caster>
      </perfayMaylikeParty>
      <misdietCrozer>
        <unjoyedDaidledTetract>gateage</unjoyedDaidledTetract>
      </misdietCrozer>
      <salivalHadj>
        <scandalHellbox>slimsChopped</scandalHellbox>
      </salivalHadj>
      <siloRets pottaro="1850" daalder="6856288">
        <fadgesFoulder>32787</fadgesFoulder>
      </siloRets>
    </almes>
    <oillessPoetics>
      <carpals>pylaMarlineVolt</carpals>
    </oillessPoetics>
    <arbaciaIntuitoGosmore>
      <smerked>faultsRisus</smerked>
    </arbaciaIntuitoGosmore>
    <styloidRanaJalkar talonic="jerrids" kafkaLingot="malachiUnmeet">
      <upwarpJewship>comusGhettiBlouse</upwarpJewship>
      <heeDyausBoots>
        <onanismRemouldBatched>magilpsLimean</onanismRemouldBatched>
      </heeDyausBoots>
      <upyardMargaEltrot sht="unliverSperm5457" goalageHilsah="64519661">
        <exocone>regivenOrectic</exocone>
      </upyardMargaEltrot>
      <reverie>
        <veinageAmbages>spuria6</veinageAmbages>
      </reverie>
      <lacing exaratePigdan="foiledLwopBol" funge="pacAnhima">
        <citrate>unsely</citrate>
      </lacing>
      <hookahWauled mennomAirflow="encomyDiscous">
        <arbaStyloid>endsealGougerRazzle</arbaStyloid>
      </hookahWauled>
      <overcry kerril="celomBarful">
        <kaikBhokra>2</kaikBhokra>
      </overcry>
      <evecticBehovesGreenuk drubber="cacanRougesFurls">
        <screichShanteyEstonia>kande</screichShanteyEstonia>
      </evecticBehovesGreenuk>
      <hyperinHunsMarinas>
        <scherzoTheresaHipbone>genson16</scherzoTheresaHipbone>
      </hyperinHunsMarinas>
    </styloidRanaJalkar>
    <retingeMarm>
      <alacha>tmesesPiazzas</alacha>
    </retingeMarm>
    <queuerUropygi>
      <silureMoonie>sudanicAmorph364</silureMoonie>
      <beanersBeliefs engramsModsFlorae="545">
        <slyBegloom>cagilyRibbetUnpured</slyBegloom>
      </beanersBeliefs>
      <noteLenca plumaPhratorUpreach="awashUntelicLawson8">
        <jowerHype>daftestEthnize</jowerHype>
      </noteLenca>
      <vervetsChen pailGoldcupHence="lindane" asiminaRyaAvarice="coudLullabyGowpen">
        <marsalaLorosCollow>18744</marsalaLorosCollow>
      </vervetsChen>
      <unlikedAnoxic saluted="bienniaEnamdar85" heathy="separteUrceole">
        <nignyeAkoasmShewel>cyclide</nignyeAkoasmShewel>
      </unlikedAnoxic>
      <perry khahoon="harmMollSards">
        <volvell>shawanoAnatmanPrenzie</volvell>
      </perry>
      <mutuaryDrubberProwess>
        <poussie>yaupersDickeys</poussie>
      </mutuaryDrubberProwess>
      <recantsAmurru piouslyNucule="moplaCedrol" cullersPtp="pamhyBobbledCalices2">
        <suasion>32272072</suasion>
      </recantsAmurru>
      <lancetWats farcialTammanyShindig="dyelineAccrualGaucy">
        <murtherBlushtLett>lichts</murtherBlushtLett>
      </lancetWats>
      <alertsLockramThymier>
        <managesCatface>368</managesCatface>
      </alertsLockramThymier>
    </queuerUropygi>
  </biverb>
</idealsNeutBonnwis>