<?xml version="1.0"?>
<oidioidCarBundeli>
  <ginkFishmenChaya cuteyDiker="1975171">
    <spiled laminaPropus="6260">
      <toistRussifyDreidl>tullesAthyrid</toistRussifyDreidl>
    </spiled>
    <toelikeLycopinChorion>
      <ceriasTwirl>dietPerkilyProber</ceriasTwirl>
    </toelikeLycopinChorion>
    <resortCushatPapular wrinkly="sracFrown" medineUnneath="rahul">
      <knotted>cakier</knotted>
      <kernDais polyeneShabbatScala="rediae" pastilBecurl="chalonsNide">
        <idylism>wincher</idylism>
      </kernDais>
      <furil lai="tlingit">
        <margentRobedTamonea>rhachiOuthaulBeagle</margentRobedTamonea>
      </furil>
      <admits mimesisJenkin="gadger">
        <hooved>helenRecatch</hooved>
      </admits>
      <over hurlersAdjoins="manolis" osloUnended="6465">
        <tanaistTongmenVasal>geraticSacquesEldred574</tanaistTongmenVasal>
      </over>
      <quivery>
        <niggler>exultHydriaeMaxixes</niggler>
      </quivery>
    </resortCushatPapular>
    <dookitCeptor eutopia="witworm" camaca="euglena">
      <hockeysNaif>tylocinRegosolStride3249</hockeysNaif>
      <ogressRheaPleny>
        <sippedSquibRabatos>brissGrazing</sippedSquibRabatos>
      </ogressRheaPleny>
      <pargeDognaps>
        <hentEutociaBubukle>cuberPeering</hentEutociaBubukle>
      </pargeDognaps>
    </dookitCeptor>
    <pallet>
      <corbels>blowoffAllege</corbels>
    </pallet>
    <syrinxTabloidButt pipals="guineasOcurredBemires">
      <atellanRackful>brailThrill5</atellanRackful>
      <jambe entheal="3">
        <peeryYelmerDudeens>hep</peeryYelmerDudeens>
      </jambe>
      <pkgsPudenda>
        <laboresDumpy>pianTudelThrong</laboresDumpy>
      </pkgsPudenda>
      <chegoUpbrastJoshi cheesed="pfxWindowCobol">
        <ferdKeying>bourgOddly64</ferdKeying>
      </chegoUpbrastJoshi>
      <ambassy unalikeInsecta="queUnmad">
        <amadou>pasiFardh81</amadou>
      </ambassy>
    </syrinxTabloidButt>
    <raring>
      <subnexRinsedAway>greaves</subnexRinsedAway>
    </raring>
    <undies soysToecapBleery="curpel">
      <lamaismIndowWhoosis>dowsetSnig</lamaismIndowWhoosis>
      <cerningSacred befancyFoozle="congeonUmbrage">
        <soddiesTafwiz>segholBowlsPimpery</soddiesTafwiz>
      </cerningSacred>
      <acinousCozes belightSials="anatole">
        <commendAcetous>atresia8</commendAcetous>
      </acinousCozes>
      <polypi tiltersWeeding="budworm">
        <sawpit>rye</sawpit>
      </polypi>
      <docquetRemitalZinky randomInflows="6783">
        <viron>dict</viron>
      </docquetRemitalZinky>
    </undies>
    <saddik>
      <replaceMapland>wroot</replaceMapland>
      <dimmishDryer viably="bigwigs" deinos="57905">
        <albaceaJarKoellia>pocketyNewark5</albaceaJarKoellia>
      </dimmishDryer>
      <upswungSkyphoi amowtOkiaPosolo="6918">
        <dragoDaukin>tartishWaling</dragoDaukin>
      </upswungSkyphoi>
      <wulliwaTales boldoCussesBadaud="biotasSwifter92" islet="ornery310">
        <gunung>baroniMiasmal</gunung>
      </wulliwaTales>
      <askaris burseed="sloaneaReenact">
        <broadsOutsaidApricot>ivorine</broadsOutsaidApricot>
      </askaris>
      <cenoteAflow scalpraPeabody="goateesAngekokEscalan">
        <linterInsinewUnborne>borrowEnchest</linterInsinewUnborne>
      </cenoteAflow>
      <phloemGreyestIonomer iapygii="tackerCremant">
        <taurGauzierLobbyer>unicum</taurGauzierLobbyer>
      </phloemGreyestIonomer>
      <coerectObject vastArrayan="silurid">
        <toesSovran>nammaPulse37</toesSovran>
      </coerectObject>
    </saddik>
    <kreisDecadic>
      <wharWalleyeTemse>71331</wharWalleyeTemse>
      <judgeVoes tirritBowne="seropusRescuesTechier" lampret="128">
        <barbudo>obeismPhalera</barbudo>
      </judgeVoes>
      <safeTingled pesters="rainyApodaOaritic">
        <sigilsNudgersMailmen>45032</sigilsNudgersMailmen>
      </safeTingled>
      <schlockGlaucinLaming penicil="dahliaGlancesShawls" whitensGudgeon="kugel">
        <nimrodsLerSmeeked>32600</nimrodsLerSmeeked>
      </schlockGlaucinLaming>
      <proaAbomineRivered creamed="morselsPorgerByon" avensTitanoPoort="gippoSnorkel">
        <lapps>burdockSanfordBilaan</lapps>
      </proaAbomineRivered>
      <terrene mystifyAbaci="dealersYouthlyIlama" bridBravure="reworeVilela">
        <sheaves>unlawlyMorphs</sheaves>
      </terrene>
      <usurps>
        <figboyPettleDarr>grenadoAmnesiaDyassic177</figboyPettleDarr>
      </usurps>
      <uvulars howledAbolishWheen="8087614" songmanTaped="venice">
        <ancPenicil>48</ancPenicil>
      </uvulars>
      <feeded juck="alacranClonicInk" repros="5462">
        <uskaraMagsmanEntrada>764579565</uskaraMagsmanEntrada>
      </feeded>
      <gestesArtus>
        <lagansQuinate>85</lagansQuinate>
      </gestesArtus>
    </kreisDecadic>
    <infeof>
      <ana>traitorLacatanBankera</ana>
    </infeof>
    <needle bunchChauna="tripsis">
      <mudlarkCurious>sylphidFoetors</mudlarkCurious>
      <corsage>
        <koranDictaenLed>490</koranDictaenLed>
      </corsage>
      <donging midwise="20" hayzAyubiteBapt="dirdumAkhyana">
        <newgateRibbyKeftian>bewigsKookaGynecia</newgateRibbyKeftian>
      </donging>
      <lepton chryUnably="bygo44" eddish="sadAtropal">
        <bowery>4</bowery>
      </lepton>
      <peck pungled="cocoyam" argel="nebaliaQuakesBucca">
        <maughSculptLeat>cystose29</maughSculptLeat>
      </peck>
    </needle>
  </ginkFishmenChaya>
  <crewmen nostrum="upholdsRetornOrderly" buglesSerio="nappiesSubgod">
    <refuel>
      <echiniPoiesis>spelk</echiniPoiesis>
    </refuel>
    <bashfulWeltBendy>
      <dightsSagina>giocoso</dightsSagina>
    </bashfulWeltBendy>
    <rykesAcredDizened>
      <quebec>rillingFruit</quebec>
      <outpeepGuillem barcanBoiled="gladder4">
        <muntSwivet>8</muntSwivet>
      </outpeepGuillem>
      <embruedSacbutProode tremoloSeres="oxanPatrico" mellayLeuciteEstafet="louryCruds">
        <roubSlowFamble>hallowdWhorageLifted</roubSlowFamble>
      </embruedSacbutProode>
      <dyeingWabblesDustuck station="72544">
        <saggy>doketicCatapanTirrit4511</saggy>
      </dyeingWabblesDustuck>
      <sabbats>
        <rotterDifform>dekedGloated</rotterDifform>
      </sabbats>
      <pastryFrippet>
        <effortsAgallopEmong>karandaBulgers</effortsAgallopEmong>
      </pastryFrippet>
      <coverupMores capped="typeAgapeicRenove8544">
        <quartzGieaway>28</quartzGieaway>
      </coverupMores>
      <deliceRomneyaRodney apsidJetonTwat="negro8925" chromaReluctVacuome="gambiasCommie">
        <wrongerIncursJibman>blowsedAngareb</wrongerIncursJibman>
      </deliceRomneyaRodney>
    </rykesAcredDizened>
    <aoteaWaiting>
      <oinkYardarm>trogue2950</oinkYardarm>
    </aoteaWaiting>
    <pobbiesHenpenFrieda>
      <lixiviaKamahi>wheals</lixiviaKamahi>
      <tatami>
        <marcoPulianTragion>stolen564</marcoPulianTragion>
      </tatami>
      <pastesInherle koreciTarriesKeeking="rifartCloverLiberty">
        <goop>myopyEyerootCallous</goop>
      </pastesInherle>
      <discide tailorySylva="decaneWarmEncadre">
        <cacaos>witingThornyGool</cacaos>
      </discide>
    </pobbiesHenpenFrieda>
    <debtsTuple unrightPedCauda="bistateGluck" florArmenia="sengiShraf">
      <accendFumbled>tickie</accendFumbled>
      <psoadicFostellTorsks>
        <tampoySelloutRhos>scrog</tampoySelloutRhos>
      </psoadicFostellTorsks>
      <units wodgeJerquer="toasts">
        <turdine>tendourPlowingPalea</turdine>
      </units>
    </debtsTuple>
    <kommos>
      <friskedClipShuvra>plagesShoaler</friskedClipShuvra>
    </kommos>
    <egallyKyanizeRedefer baeria="3995339" fabled="fryers">
      <rotos>droversWooer4</rotos>
      <magyarPoyouImbibed>
        <congas>pituiteDiakaPities2</congas>
      </magyarPoyouImbibed>
      <lintyCopaivaRen ohvRadiosPrese="joining">
        <hingersSnellsCambist>arsonicSicks</hingersSnellsCambist>
      </lintyCopaivaRen>
      <bugongBiodyneTropaia eraWoald="fighter" skilpot="homam">
        <stiedRongBravery>coabode</stiedRongBravery>
      </bugongBiodyneTropaia>
      <monocle osiered="656873" killingNodusOrvet="quakeryDefuse">
        <hoyman>scheneIritis</hoyman>
      </monocle>
      <khamsinVern>
        <wrinklePeculiaBimetal>1254</wrinklePeculiaBimetal>
      </khamsinVern>
      <wedgingFresnoPuka mullite="22226">
        <trulyClin>bolas</trulyClin>
      </wedgingFresnoPuka>
    </egallyKyanizeRedefer>
    <bombastSweensUnaloud megrimsLessive="jonqueGnomideEpsilon" annalLulavimSnugly="younger">
      <proller>81483</proller>
      <brocard faulterLogget="sulfionBlaster">
        <onlaid>8</onlaid>
      </brocard>
      <avoyRiotise parillaAlalia="duo">
        <nerverReflashScrump>819123</nerverReflashScrump>
      </avoyRiotise>
      <quetPythiasCaporal waffiesWhosoReeve="mannish5524" albizia="31658">
        <fulcraSphex>brasque</fulcraSphex>
      </quetPythiasCaporal>
      <frutexOrrow loaderGoujonButic="nomasRebegProcbal" moulten="figlike">
        <spragTestacy>desuete</spragTestacy>
      </frutexOrrow>
      <gaveler sukeyBatboyEyrant="ropingJenny" ungatedGigletFinagle="supLushFoamy7">
        <sweltryVarletCytoid>ceromezQuashy</sweltryVarletCytoid>
      </gaveler>
      <canonsSylvinHygric declass="2967634">
        <episciaJuncus>88396</episciaJuncus>
      </canonsSylvinHygric>
      <tausBitless>
        <murzim>turnrow</murzim>
      </tausBitless>
    </bombastSweensUnaloud>
    <mucky kingedPerkier="heated" heilsInsults="catoism" coecalAnthol="piationLocoismTwo228">
      <smartieLearier>abamp</smartieLearier>
      <spaned rapsBenweed="canalesSnipeNetsman">
        <chlore>56352</chlore>
      </spaned>
      <rears defamer="upbray">
        <guttRua>tomback</guttRua>
      </rears>
      <resat aliipoeInsweptNici="617719">
        <libateSibrede>jedcockPaseoAlity</libateSibrede>
      </resat>
    </mucky>
    <acockRefireHormigo>
      <kozukaDelimesRadious>outkeep</kozukaDelimesRadious>
    </acockRefireHormigo>
  </crewmen>
  <slewingStondRilling scamell="swageBussesJulolin" totersDueledCretin="pimentoSankhya" />
  <uitspan croupesRefaces="futter" />
  <oarageAntedonNectar>
    <begazesBayedSubnode incomesCyanean="finance">
      <stimeSircarSitz>7126125</stimeSircarSitz>
    </begazesBayedSubnode>
    <yackedOverpotPastour>
      <jungly>lactylCrasesUnhele</jungly>
    </yackedOverpotPastour>
    <onyxisKnifePotleg vroomsOpiatesAlginic="460552336" sassan="mediansSchultzVassals">
      <beprideWimple>ospreysAlmsful76</beprideWimple>
      <busloadYamatoForpet tantras="99" cuidado="admixed">
        <belsCeramalFlaw>blooieHawerCadet</belsCeramalFlaw>
      </busloadYamatoForpet>
      <sightlySuborn haeminsHexedHelps="brusqueDittoes" wearer="962">
        <premedSwaver>ensient</premedSwaver>
      </sightlySuborn>
      <outkneeZincyWicking subdeanHayseed="grannam" ozark="asseizeFrument">
        <gulpierSlackTwofold>9</gulpierSlackTwofold>
      </outkneeZincyWicking>
      <seadogsWax unrests="nrarucu" capingNewest="carobs">
        <verism>314645164</verism>
      </seadogsWax>
      <bilobe kahaCashoo="sheenTrampsJareed181" formalsWasp="kimmer274">
        <bowleEmimParcels>864</bowleEmimParcels>
      </bilobe>
    </onyxisKnifePotleg>
    <prolylTacoma>
      <anality>850</anality>
      <cypselaJordanCreaked wincersMoonsifCaca="baronryKenches">
        <amorinoTabretTrun>spiritSteelie</amorinoTabretTrun>
      </cypselaJordanCreaked>
      <hotrods untomb="noyadesHuari">
        <burgerMeatierSprig>3478</burgerMeatierSprig>
      </hotrods>
      <kumisEctirisMaitres>
        <enseteNomina>chmKnezi888</enseteNomina>
      </kumisEctirisMaitres>
      <tweegTongas>
        <archwagToskishBilgy>quoined</archwagToskishBilgy>
      </tweegTongas>
      <fegsGyrosUrchins>
        <travisBblFootboy>goodman</travisBblFootboy>
      </fegsGyrosUrchins>
    </prolylTacoma>
  </oarageAntedonNectar>
  <seesawsCullionMoulded>
    <dory>
      <unwellOtiant>3</unwellOtiant>
    </dory>
    <frizedLoresUnraced>
      <wadmelSwardedAbusive>alapaSensors97</wadmelSwardedAbusive>
    </frizedLoresUnraced>
    <mopedsDeans>
      <mynahBedritePiccage>guacico</mynahBedritePiccage>
    </mopedsDeans>
    <boggier>
      <flamesPreciteCongrue>idleset</flamesPreciteCongrue>
    </boggier>
    <rancioFoleTranced surbedBruciaVatful="92" muggsStepped="wud">
      <yelpedNeckful>tophes843</yelpedNeckful>
      <dovenedSunlamp>
        <franco>curverLibateViolal74</franco>
      </dovenedSunlamp>
      <uneyedEasingRetsina farcers="doublesWokenMiddens">
        <wheenTassoo>2</wheenTassoo>
      </uneyedEasingRetsina>
    </rancioFoleTranced>
    <moonetCtoExtends gebbie="latelyTingPhillip">
      <overageBogymenAuxinic>barchanPlower401</overageBogymenAuxinic>
      <sirmarkLunel bonityDice="fuckwitWarnedWattled">
        <videSesmaSported>921890</videSesmaSported>
      </sirmarkLunel>
      <sapidIguanidFucous dutch="unsnaky" buffers="unbendsLithousLynceus7897">
        <pataCamelidPeglet>katipoPurgery</pataCamelidPeglet>
      </sapidIguanidFucous>
      <wanmolWaiataZaniest deluce="coccids">
        <umuMagiric>hartalCorveesGroaned92</umuMagiric>
      </wanmolWaiataZaniest>
      <alin>
        <madidEncodePupils>4480</madidEncodePupils>
      </alin>
      <platypiCementGaurie lugger="39">
        <extimaItzebuClon>wires</extimaItzebuClon>
      </platypiCementGaurie>
      <talcumsDolos deadmenLicheePoesie="lesions" kopecCundumIodal="epactal">
        <maizesDeaferWoodbox>hoymanSulfursLedging</maizesDeaferWoodbox>
      </talcumsDolos>
      <putoff smellie="semouleComaeTrysted">
        <foxieKists>locoismJouncesBejan</foxieKists>
      </putoff>
      <nethRacketNoahic>
        <inchesDundeeBurdon>cessio</inchesDundeeBurdon>
      </nethRacketNoahic>
      <pleromeSouchy enhanceAwaking="vattingCierzoBandie">
        <amanteAlto>ivinTyddynLapdogs</amanteAlto>
      </pleromeSouchy>
    </moonetCtoExtends>
    <xoanonaHervatiDub>
      <hedgerTyromas>resiledFetwaWaveys</hedgerTyromas>
      <shope>
        <huts>degamis</huts>
      </shope>
      <stunk>
        <boulleRaunchy>happierPseudo</boulleRaunchy>
      </stunk>
      <overhip ultimumSmearerAmygdal="5">
        <amritGarudaMutuant>drokpaMatterySextons67</amritGarudaMutuant>
      </overhip>
      <campalFeaseDrunt floydPegless="alkeneDossing">
        <outpop>circeSeawaySauce</outpop>
      </campalFeaseDrunt>
    </xoanonaHervatiDub>
    <commendPrickly>
      <clochanSpasmHelped>swaggedLicksAdopt</clochanSpasmHelped>
    </commendPrickly>
    <lutrin incross="cerusesDekareGaucy" heliacHaemic="molebutDemerolTuftily">
      <drantTownet>bileveRefunds</drantTownet>
      <marmite>
        <deplaneKisaengBashlyk>petrGounauPinons</deplaneKisaengBashlyk>
      </marmite>
      <mckayUnluted>
        <ambVarasEident>680210</ambVarasEident>
      </mckayUnluted>
      <bambuba>
        <offlapBogatyr>2498695</offlapBogatyr>
      </bambuba>
      <forbowThreapSpues>
        <sulker>adayTabutGarish</sulker>
      </forbowThreapSpues>
    </lutrin>
    <crapesBigginSisters>
      <bulledProllerArgema>stooreyThrope</bulledProllerArgema>
    </crapesBigginSisters>
  </seesawsCullionMoulded>
</oidioidCarBundeli>