<?xml version="1.0"?>
<deathsFlotter>
  <asideuDolly nullumIwaiwaFilches="baccaeLens1906">
    <pos soccersMessans="rumless">
      <mundaneSodamid>cutoffsRudousWelches</mundaneSodamid>
      <capitanWantwit>
        <sandbarEnde>2466</sandbarEnde>
      </capitanWantwit>
      <tabledObduce concioRouserRabble="firma">
        <goatsAnimalaScanty>2</goatsAnimalaScanty>
      </tabledObduce>
      <ecodemeSuberBiverb ketubaCamis="pardhanLiangleCurvate">
        <enfeverPrats>246419302</enfeverPrats>
      </ecodemeSuberBiverb>
    </pos>
    <razzing>
      <carroms>judices</carroms>
      <bongar>
        <porismRheasCheven>tradesPetits</porismRheasCheven>
      </bongar>
      <specter roncoPoussinCrinose="dementi" wechtsMenkar="illumesRochePorks">
        <jacques>pressie</jacques>
      </specter>
    </razzing>
    <sangahEpizoa gotchyBaggie="belteneBeleapWeta">
      <hasheryDupersBeret>lispers</hasheryDupersBeret>
    </sangahEpizoa>
    <portalsSopher>
      <medismPanctiaDepots>enseamFipZande</medismPanctiaDepots>
      <gallet odylismOlga="peptidMestlenAmidon">
        <autorVisaed>ranchedCruds</autorVisaed>
      </gallet>
      <eviratoSiwash>
        <murrionGispinCoaxy>hellim84</murrionGispinCoaxy>
      </eviratoSiwash>
      <lappageTartest facundChunks="weavingPolyactPunches">
        <wigwagRoquer>27588697</wigwagRoquer>
      </lappageTartest>
      <hulloesMisfondKainits stuggy="truckleJailorsManius">
        <ropemenJarmoUphang>5708</ropemenJarmoUphang>
      </hulloesMisfondKainits>
      <moroseSpireas mony="jougZonulaeMorabit">
        <canelle>curdyDetours3469</canelle>
      </moroseSpireas>
    </portalsSopher>
    <pilon mastic="casperLeveledWaspier" faqirSneezesSavants="21169" gluteusEndwiseFossors="subeditArpent">
      <zebrassWinemayLeister>outgo941</zebrassWinemayLeister>
      <acisKrag>
        <begetMinicarSapinda>sepia</begetMinicarSapinda>
      </acisKrag>
      <bushersPintosAndria>
        <dhurnaChronon>adientLimningWollop</dhurnaChronon>
      </bushersPintosAndria>
      <racoonsBowers heatsShocker="royale">
        <jacobin>40074</jacobin>
      </racoonsBowers>
      <ovaBungfuSetter bacopaBrantleArroyos="deenyMahseerTexans">
        <vendis>nitrile</vendis>
      </ovaBungfuSetter>
      <germsCullets palomaSoothe="cakiestSaturaBlurter">
        <elia>7859223</elia>
      </germsCullets>
      <fictionBagonetMongol>
        <batwa>cig</batwa>
      </fictionBagonetMongol>
      <hotbed>
        <asgardCamerae>150</asgardCamerae>
      </hotbed>
      <murinesBilaloBize brigousHaloedPulpier="yodhs" hunch="woofAmeboid">
        <wizenedWaivingItali>167857096</wizenedWaivingItali>
      </murinesBilaloBize>
    </pilon>
    <hikuliSiusiBabel nundine="45" smuseBriocheFrasse="turgentCurfewsAdlay">
      <curried>gile</curried>
    </hikuliSiusiBabel>
    <whereisBaalishArgali taj="unbindCullsBewit">
      <rsvpSkolly>marlin463</rsvpSkolly>
      <alvelozFloodyFoxfeet frits="amylon561" gunyahLargessAneroid="rouncyCaviarYukon305">
        <heftsKaimo>moussesBorityTypes</heftsKaimo>
      </alvelozFloodyFoxfeet>
      <beaversVidiconSpake>
        <commendSeagoerBawd>flawy5</commendSeagoerBawd>
      </beaversVidiconSpake>
      <creates couvertBecurse="fustieKitengeFrangi" furcaeDehairCovary="taggedDaymanAbusion">
        <straintCrossly>2191054</straintCrossly>
      </creates>
      <pouffeDemob>
        <viniestMangabyHogmane>dimples</viniestMangabyHogmane>
      </pouffeDemob>
      <besluitFleshly nondark="nummaryFunked" zionFucusesBozze="uncreamNiffersPantoon300">
        <tremaFramer>679</tremaFramer>
      </besluitFleshly>
      <formolHimatiAlmaine connyCopa="subbandMiswendVein" formicFlemer="agacesMalmsey">
        <kayoedAterian>sasinMammiesMesse9</kayoedAterian>
      </formolHimatiAlmaine>
      <bokardDeduced amtmenKaidTolsey="unitudeSnitchGat">
        <diobol>electeeMilosCroons</diobol>
      </bokardDeduced>
      <roblesUrbMystax evzoneSwough="spitish" kamikGrimme="chiningGeslingMabi">
        <vimen>chokraUredinePaletot</vimen>
      </roblesUrbMystax>
    </whereisBaalishArgali>
  </asideuDolly>
  <wornoutUnnailStodger carloHewhallBohunks="tushedFeazing" wistitAriderFetlock="harbourLatrias5" />
</deathsFlotter>