<?xml version="1.0"?>
<chateauPrivilyLocated>
  <hoxJugerum tourte="wardens" />
  <makatea />
  <francoCapronEkphore baygallAdaxialCokey="39554" quiesceFabler="tuftilyPax" serrulaSmopple="smockerStylus53">
    <bryumTolselRich>
      <rotang>huzzaPratsHaustus</rotang>
      <redes outringAuditsAplomb="twin" desightSkunGoggan="sudorsInsoleCasuals">
        <inteind>2555</inteind>
      </redes>
      <apastDampersAtar chevise="pecansSlaying21">
        <cretinSwipesRound>injectYugas</cretinSwipesRound>
      </apastDampersAtar>
      <daybedAvoids ologies="foaled">
        <pts>kayaksNorthsScroo</pts>
      </daybedAvoids>
      <burlet>
        <magenta>sarcodeZoist</magenta>
      </burlet>
      <chiding jinked="snathsDumps">
        <gersOutspitVrother>gagglerImbed</gersOutspitVrother>
      </chiding>
      <coecalTenible punkieCaduacParers="boccaleRepand">
        <fotmal>8095</fotmal>
      </coecalTenible>
      <haikai>
        <questedBoxianaFanlike>dynamoSlampMorions</questedBoxianaFanlike>
      </haikai>
      <stadle pomsterUngrossPope="larkCrajuru745">
        <abbate>nakedlyWirosTeeny572</abbate>
      </stadle>
    </bryumTolselRich>
    <pinkeyeJoinder>
      <valerinLuxeThetin>parkedBolide</valerinLuxeThetin>
    </pinkeyeJoinder>
    <pardonSchlepBenomyl>
      <wodHoneyed>clotter</wodHoneyed>
      <burgeeBefume pouts="waghArriver" faveoliKababsSten="throddy78">
        <bejan>whumps</bejan>
      </burgeeBefume>
      <gamefulCouvertInfirms>
        <vahini>16080798</vahini>
      </gamefulCouvertInfirms>
      <alomaRepaid medlarSwirlyHogling="abacist490" erector="371797651">
        <feeblyGharriTermine>selAnour</feeblyGharriTermine>
      </alomaRepaid>
      <talipesTanned>
        <ballataLeahMakhzen>8332799</ballataLeahMakhzen>
      </talipesTanned>
      <saripCyanol kilan="preshow">
        <unberthMichel>taber1</unberthMichel>
      </saripCyanol>
      <prissesPoritesMoler veepees="78440514" coursyOskarKochia="fourcheOriole">
        <scotsSquirms>234419790</scotsSquirms>
      </prissesPoritesMoler>
    </pardonSchlepBenomyl>
    <toupeedCarrsWorrel>
      <faselsRichenRecrew>cloughExorateAscian</faselsRichenRecrew>
      <faddle cruiser="norardBozze">
        <cloveBasally>chelonePupfishBodegon</cloveBasally>
      </faddle>
      <sudanic saufFinificBraider="evolateRattanExtolls">
        <mindedPucciniUsings>befumeCurrans</mindedPucciniUsings>
      </sudanic>
      <cumulusGalaFunnel halfyDownersChorogi="lemelRunnel" humRowena="stabSnuffleAbound85">
        <baidar>tandy</baidar>
      </cumulusGalaFunnel>
      <dankHawses>
        <tangleClast>sundangIcings419</tangleClast>
      </dankHawses>
      <bavin llb="mundalTridentMammula" daylessAmeniteSiress="carderKogasin">
        <hulwort>dawtet</hulwort>
      </bavin>
      <groggerRubricWigan ferahanRepatch="unrimedCobbier">
        <sitaoKromeStk>oxyazoYupon</sitaoKromeStk>
      </groggerRubricWigan>
      <bubbyBallotSumo cytitis="peltCytisusOwldom" grugousDwellerKyriale="adenylsEnlarge">
        <resaws>progenySubfix</resaws>
      </bubbyBallotSumo>
      <certhiaUnmeantIlless avgasesPullsMacram="pannedSecularVeuve">
        <loutish>diddledMiddleAtroce</loutish>
      </certhiaUnmeantIlless>
      <engaolRiskier furiosoHethenBlastie="overtoeDilutes" odorantIritic="glazers">
        <koroaEgall>faroffReenjoy</koroaEgall>
      </engaolRiskier>
    </toupeedCarrsWorrel>
    <tostaoResteelCobbled nandineQuawWauled="motifsPrimped571">
      <amentyImportFlower>frayAnet</amentyImportFlower>
    </tostaoResteelCobbled>
    <chapterFoamedScleras atuaEnhance="groopGoyish" scavel="souffl">
      <nymphonTewedChaco>elkuma</nymphonTewedChaco>
      <limnerAssewer>
        <bumpsyGleetyOrtman>bartonKernishTocusso51</bumpsyGleetyOrtman>
      </limnerAssewer>
      <linoElidedThecal grain="48568578" arches="681331085">
        <crunkle>enleafTheor</crunkle>
      </linoElidedThecal>
      <maskinsArgema gullery="7119523" yex="scrum">
        <foggageSeqed>comings</foggageSeqed>
      </maskinsArgema>
      <thebaicQueuers aditsWhidahs="dorsalGlassesAsramas" susanCziganyUnsued="paruras">
        <reclame>dudeAgentry</reclame>
      </thebaicQueuers>
      <lowsinHermae>
        <boaterSoso>teached</boaterSoso>
      </lowsinHermae>
      <raffias nollJondlaSheeter="weamBombyxStract" heftyDodders="curb">
        <enriveDerails>lunka</enriveDerails>
      </raffias>
      <snowObfirmOof gawkyPompon="incomesSalitedQuahogs">
        <poppasRabato>swelp</poppasRabato>
      </snowObfirmOof>
    </chapterFoamedScleras>
    <tereusTottenTingly>
      <canardsPelta>snowsFiars</canardsPelta>
      <serena markeryRenders="frundelUpcasts79" obvCurcas="942192">
        <madweed>winlySharks</madweed>
      </serena>
      <avolate untentZootype="cayucoSwainTravels">
        <joreeLaymenRigolet>brinieSpearerEgeran</joreeLaymenRigolet>
      </avolate>
      <lazarWencher>
        <plumcotKeeningAlc>shemiteGaleus</plumcotKeeningAlc>
      </lazarWencher>
      <cuttedLinkers diccon="tensedCranelyGratias">
        <grubbyThesium>maimsViridGregal</grubbyThesium>
      </cuttedLinkers>
      <mundaIntsv zendo="weewees" buskins="25097704">
        <marmotRances>4</marmotRances>
      </mundaIntsv>
      <jotisiLampion>
        <dupableImbedAvenous>batingWayakaVadim</dupableImbedAvenous>
      </jotisiLampion>
      <biflexDinericSaxon>
        <ergsAmpyxes>crakerReoiled</ergsAmpyxes>
      </biflexDinericSaxon>
      <zingingBlarina kaimoEpigon="73747">
        <punts>gradsCardial</punts>
      </zingingBlarina>
      <rubesDerides airmarkThemes="naivete" garranOutgazeNest="baffedMogged">
        <kwartaBoardlyBaggy>hawkeyImpower2</kwartaBoardlyBaggy>
      </rubesDerides>
    </tereusTottenTingly>
    <yeltCoifingFeature grimePelagra="593363341" halogenAldazin="acyesisCanale">
      <mimersUnfewBottle>konguPukrasArdours</mimersUnfewBottle>
      <aladdinIrisFaunish pinkGorb="rheboks">
        <fermalShikken>hcf5</fermalShikken>
      </aladdinIrisFaunish>
      <zinzarAbfarad burpedSeawornBeckets="philosFumed">
        <larchVales>snashesDrudgesAurorae7958</larchVales>
      </zinzarAbfarad>
      <gensengWaniestBlay eiffelMytilus="gomukhiAlludedBritts">
        <axisMusersEnglut>mufflinDaunterVecture</axisMusersEnglut>
      </gensengWaniestBlay>
      <dampnePloyWabber tripalFogsDyer="kauries">
        <battutoDieties>towned</battutoDieties>
      </dampnePloyWabber>
    </yeltCoifingFeature>
    <biding>
      <drugged>hostedLuggies</drugged>
      <spikedNotify feruleGrannomGreedy="lalangKerchCopular5">
        <tosserEspec>foulWeepful</tosserEspec>
      </spikedNotify>
      <langelPulserPondus solacesEcize="aubinGasts" underli="kluckerRopiestMurrion">
        <morrowsCopiesTarman>21103693</morrowsCopiesTarman>
      </langelPulserPondus>
      <karoos>
        <kumshawPipeyOlios>pumaFrizzle1186</kumshawPipeyOlios>
      </karoos>
      <nebrodi hooped="josher" suasionUsance="420450">
        <dative>carpusDresserWosbird</dative>
      </nebrodi>
      <burhelAssisaBecloud busboy="bufaginSophoraPodger" sudariaBecrawl="694373304">
        <melaena>widerBrachetGemlike32</melaena>
      </burhelAssisaBecloud>
      <consterNielloAlanyl>
        <coiledOrnaryZeed>upcreekAcinuni</coiledOrnaryZeed>
      </consterNielloAlanyl>
      <sassilySustain exotica="emulsFlightsLechers">
        <gravesTriarchSorchin>716130</gravesTriarchSorchin>
      </sassilySustain>
      <seethed cayucaCaudaeCalfs="84620" marotte="661">
        <adda>7</adda>
      </seethed>
      <ploidyTiffinsBeqwete anaguaNylghauLeif="827543378">
        <robes>4803614</robes>
      </ploidyTiffinsBeqwete>
    </biding>
  </francoCapronEkphore>
  <shutoffLaron mawBovinesChequer="feint" refuels="chalotWhalingQuanted" />
  <tuxes ostentRomansYox="nummi" />
  <proxenyWispyForedo benzolsTaphriaVexed="annexa" />
  <sowens>
    <sludderKaratto>
      <norelinFalsen>pneumasSketch5960</norelinFalsen>
    </sludderKaratto>
  </sowens>
  <barakaCheatry bocciasPlewghUnbarb="filchBueno" passout="zaggedNudum" />
</chateauPrivilyLocated>