<?xml version="1.0"?>
<subtextShamanPelado>
  <asdics styletsRemaim="infeed">
    <sclateBotiTricot>
      <winnockForeby>fraught</winnockForeby>
      <knuffeMascons orfray="cunning96" overarmHerderChopins="affectAssoilsRoosa">
        <curageThoronFrosty>tarboyDimeMannide</curageThoronFrosty>
      </knuffeMascons>
      <keelFeringiAntical isohyetGaposis="poppetSpeak">
        <quatral>chancaBeringFanteeg602</quatral>
      </keelFeringiAntical>
      <reestJurare>
        <yatiganKipfelOpacify>canerNavetteTunings</yatiganKipfelOpacify>
      </reestJurare>
      <trayFeusTerraba tinklerBeshakeVicaire="132204" maclibCanteen="battier">
        <parvePalewOutpour>rilievoRiches</parvePalewOutpour>
      </trayFeusTerraba>
    </sclateBotiTricot>
    <trional>
      <stuberMuggar>rusineLogions</stuberMuggar>
      <bypUnsworeEffable domableDeificManetti="uncow">
        <siamangDeckenCommuna>perkinLoselryQuila</siamangDeckenCommuna>
      </bypUnsworeEffable>
      <dotter>
        <oakenVichies>gutlessWhidahs</oakenVichies>
      </dotter>
      <ton>
        <madrid>556819</madrid>
      </ton>
    </trional>
    <namma mockery="ozoniumCrabEnders" eludingBeeballChil="22595">
      <canelas>loansSivaism</canelas>
      <piecerUfs soleilNeumic="ecartes" somewhy="8572602">
        <gelts>7801</gelts>
      </piecerUfs>
      <kiaatUnovertChadors outcutUnhele="plenismEarflap">
        <stawJebelsKeratol>rewovenDaunder</stawJebelsKeratol>
      </kiaatUnovertChadors>
      <berlin saddles="rondeBracheMesitae" miscropHurdleUpdates="repriceBegirdsSunil">
        <ramrace>sepsid</ramrace>
      </berlin>
      <auristArsylLeaguer jouncyJonahOutjet="spoach">
        <periodReannexFud>gibuses</periodReannexFud>
      </auristArsylLeaguer>
      <postinsHealth>
        <binodePraam>3496080</binodePraam>
      </postinsHealth>
      <pylonsRegraftPli hijra="voice" cayuganRata="tantawyAlmadieMiswrit">
        <haustAtake>547</haustAtake>
      </pylonsRegraftPli>
      <hushful>
        <roomingUnfrees>padge</roomingUnfrees>
      </hushful>
      <wowseryEpigaeaLegate>
        <infoundSpielCudava>rimoseFamaNamaqua</infoundSpielCudava>
      </wowseryEpigaeaLegate>
    </namma>
    <washoanLeucousTenty>
      <purlieuPapist>45080735</purlieuPapist>
    </washoanLeucousTenty>
    <andaChibchaCried occasDunlopVerruga="airpark" leporis="19">
      <murvaUnlockElating>sangah</murvaUnlockElating>
    </andaChibchaCried>
    <mannifyUnmakeFounce>
      <bassoon>chirlMyogenGiantry</bassoon>
    </mannifyUnmakeFounce>
    <potherb tempehsBrumeCarisa="enigua" sabreurSabeSkun="remimicSuffuseTaluka" footleCantateJambeau="gliming763">
      <toons>gogletWappato</toons>
    </potherb>
  </asdics>
  <cariama araruHersedFontal="betook" paniscRbound="watsonMitchReject" />
  <simoomSchloop>
    <ethal>
      <xylolsBink>uria</xylolsBink>
      <mossiDermadGiddies>
        <zanjero>dunnish</zanjero>
      </mossiDermadGiddies>
      <sophianTrek>
        <subteen>typistsSurcloyCoaxer9010</subteen>
      </sophianTrek>
      <cribsFangleHeading>
        <fubsy>459859788</fubsy>
      </cribsFangleHeading>
    </ethal>
    <towhees islot="55411" scauperAbwatts="muraled">
      <skybald>blushyStreakFalling</skybald>
      <pylaDite doubletSuing="neapedBecurstKinhin">
        <waddie>38</waddie>
      </pylaDite>
      <forefit>
        <thillerPuddledKorai>web</thillerPuddledKorai>
      </forefit>
      <haleIsabel earnersGatsby="konguAddisonMoravid" petalLatirusSatire="aculeaYobs">
        <groanerUgroidBreech>guttuleCoggersWisents4150</groanerUgroidBreech>
      </haleIsabel>
      <stupidClenchEnteron chowse="steppeCackle913" lightenSaprinShier="unalBillowyTeioid">
        <duplaRapido>cointerSwanksRaya</duplaRapido>
      </stupidClenchEnteron>
      <nonfrat>
        <yttriumQuiffsTermon>weepersCedrateBiduous</yttriumQuiffsTermon>
      </nonfrat>
      <bwanasSquishy>
        <optima>wattapeMisura9124</optima>
      </bwanasSquishy>
      <glebeAndrew fimbria="jaycees">
        <clowerEnleaf>birdman</clowerEnleaf>
      </glebeAndrew>
    </towhees>
    <teco>
      <animaCharmerQuo>3390</animaCharmerQuo>
    </teco>
    <sinkyRundles>
      <pip>duelloChakazi</pip>
      <clon>
        <umbones>ephebesRavages</umbones>
      </clon>
      <pomeloFlimsy>
        <friersCladine>aidBosomedMazama</friersCladine>
      </pomeloFlimsy>
    </sinkyRundles>
    <postboxRicinicBunko spittleAegisReword="acinicSairyNecking">
      <salayFelahin>rittock</salayFelahin>
      <mastageTortaAbilao>
        <chordaTunishLigulas>1467</chordaTunishLigulas>
      </mastageTortaAbilao>
      <reverStuboy>
        <sijillIcker>alumineAlces</sijillIcker>
      </reverStuboy>
      <yike kashgaLinieHeptene="canion" piecen="apertLinchCymbium">
        <bullaceBunionsAlder>4574</bullaceBunionsAlder>
      </yike>
      <yourselCalfDevolve feezesDeicateGaped="gombos" udsVocatHives="pilgrim">
        <menskStingoRamie>dowses</menskStingoRamie>
      </yourselCalfDevolve>
      <hardtop isohels="velicCondPommelo">
        <somnerScrieve>percaCordeau</somnerScrieve>
      </hardtop>
    </postboxRicinicBunko>
    <banak reskewSodoku="feirie8334">
      <lass>wished2264</lass>
      <afghanAchage>
        <hassarPausesLetups>bahamas</hassarPausesLetups>
      </afghanAchage>
    </banak>
  </simoomSchloop>
  <superCowerHygric tortenReested="behightToeing69">
    <dauntonUrare>
      <hammockAgainst>agorasMorrion</hammockAgainst>
    </dauntonUrare>
    <reroseUntumid>
      <thsantSeedpod>feting</thsantSeedpod>
    </reroseUntumid>
    <reapplyDabbed>
      <dorseCommixt>zabianUsterMonarch9</dorseCommixt>
    </reapplyDabbed>
    <tjositeMacklesRatings>
      <gheber>1506266</gheber>
    </tjositeMacklesRatings>
    <howShaIsomers>
      <pourie>gufa</pourie>
      <parkwaySabed noblesLeanly="zuleikaEmeViperid4" styliseSapitQuieten="rereign5">
        <mosque>linemenTaxi</mosque>
      </parkwaySabed>
      <scandicMatzotPollens lasterTidewayMerlons="1713">
        <muscledCienaga>6</muscledCienaga>
      </scandicMatzotPollens>
      <photismAbodeQuoth lathersFetches="bacchus">
        <afireEmpaper>regrassDecals</afireEmpaper>
      </photismAbodeQuoth>
      <delainePeresSarode camoochZaffirWinish="humific">
        <bonksAegipanSauces>28</bonksAegipanSauces>
      </delainePeresSarode>
      <minicabJollied>
        <whitter>423236</whitter>
      </minicabJollied>
      <emoterWrit centenaDoneeBlowup="40195" vikingsPedulePrune="836">
        <himneWearishReacher>ampulesThrees6980</himneWearishReacher>
      </emoterWrit>
      <hydraeSalfernMonroe>
        <nilousLying>resumer</nilousLying>
      </hydraeSalfernMonroe>
      <quidsAnnexaArchsee malateInseam="scrout">
        <feasted>83</feasted>
      </quidsAnnexaArchsee>
      <saumonParao ruffledAunterGroset="8466" fluavil="babbly9">
        <devoirsStipedIbota>pfgOmegas</devoirsStipedIbota>
      </saumonParao>
    </howShaIsomers>
    <turtlesSleevedExceed>
      <withinAbrotinAss>2144</withinAbrotinAss>
      <fanger inoculaMameys="animize6" audingsNomsAnime="wagaun">
        <terbiumLoverCurran>itzebuNerols5698</terbiumLoverCurran>
      </fanger>
      <disdarMoney nogada="bde">
        <ameersChirm>9</ameersChirm>
      </disdarMoney>
      <bickersXylonicUncaked>
        <fellas>agonalHumbler9</fellas>
      </bickersXylonicUncaked>
    </turtlesSleevedExceed>
    <dusterSequani manageRyotwar="blawnDaftestVorlage">
      <lepidlyClavelBefog>dux</lepidlyClavelBefog>
      <roquerBonbo botanyFaenas="rudityStadial50" reformsBendeesIodite="calmierDase5781">
        <temper>702042</temper>
      </roquerBonbo>
      <fuzingToyish>
        <defocusCeiled>runrigSteed6</defocusCeiled>
      </fuzingToyish>
    </dusterSequani>
    <bokadamTetrose>
      <hienz>weepersWinrace47</hienz>
    </bokadamTetrose>
    <cerasus>
      <disroof>axtree6</disroof>
    </cerasus>
    <dowieOscule>
      <admitNostocPhies>emden</admitNostocPhies>
    </dowieOscule>
    <shotes>
      <refeignNock>grailBrendaDitto</refeignNock>
    </shotes>
    <fungate baboolProrsal="kanaff" lacuneEstonia="muchel">
      <nankinsConvect>anoilWapsFistula</nankinsConvect>
      <murkily>
        <sashaysBilith>6775</sashaysBilith>
      </murkily>
      <enghle exactBaltis="calliYetiDodman8" charbonDumpty="pivotChokOffhand">
        <upgradeFormedTorma>aquinas</upgradeFormedTorma>
      </enghle>
      <sakulya marched="begaudy">
        <punsterCannonTayir>clapt7</punsterCannonTayir>
      </sakulya>
      <chryAnnistRegnum metelUpayaYeo="vaginasPlenumsPoker">
        <liesh>purlRozenerLegate</liesh>
      </chryAnnistRegnum>
    </fungate>
    <proline>
      <orbits>tuggerFliskedWhuffle</orbits>
    </proline>
    <zunisChildes drills="1">
      <kasa>boneEvaded</kasa>
    </zunisChildes>
  </superCowerHygric>
  <wombatsInkedMudder>
    <agaoDowment totanusTullePangane="weasel" tartedMacon="phaedra">
      <rebegDrones>louiesTykeDeforse8830</rebegDrones>
      <rigadonDemes goalersCrusts="metranChypre" dovelet="21">
        <gramash>540284</gramash>
      </rigadonDemes>
      <totoabaMooress unwifedPtilota="rehoe">
        <irishMouflon>calcedEstatesHygiene</irishMouflon>
      </totoabaMooress>
      <castlePodgy rebusBiomass="tiaraTinnockFeeds444" bonderRecatchAgly="squirk208">
        <jampaniCetylic>sledderFlocced</jampaniCetylic>
      </castlePodgy>
    </agaoDowment>
    <stentorAnodicWindway>
      <lequearProphetAmmi>billetsBilsted</lequearProphetAmmi>
      <hottaBubberElinor>
        <sumRayahCries>skegsBergHaloes3610</sumRayahCries>
      </hottaBubberElinor>
      <tegulaSidled>
        <wintledZunyiteAghan>4061</wintledZunyiteAghan>
      </tegulaSidled>
      <altumalInvile>
        <pightle>congridPightelBeefier</pightle>
      </altumalInvile>
      <gusted couleurItacist="besauceSpate">
        <cresoxyTauryl>bureauxDiquatsParvenu61</cresoxyTauryl>
      </gusted>
      <revetoTopkick sabbekaHaltsPaleate="kath" archeryInblownGossan="soudge7">
        <regent>montane</regent>
      </revetoTopkick>
      <upgrown>
        <teatsReapsGebanga>galetKilnribSawers</teatsReapsGebanga>
      </upgrown>
      <monkess dunair="zonulasLacier" buskerCohort="santols">
        <doggleBrimLenora>80037670</doggleBrimLenora>
      </monkess>
    </stentorAnodicWindway>
    <apolune sencionAmorua="cloky" madrasi="mortonTattlerMiry">
      <disparTackets>vesuvinBicycle</disparTackets>
    </apolune>
    <sinsGranaDreks>
      <clothy>triggerDefiber5675</clothy>
    </sinsGranaDreks>
    <savola numbedSauriesTty="697" soldierOlpeSkyful="gravic" pheninManidaeWorthy="tissueyCrup73">
      <thiramOutwile>genuine137</thiramOutwile>
    </savola>
    <dingeyPitpan parte="unthrobBurgeeMombin67" thunnusExposerBawly="ceasmicSmutty">
      <babbieKnoppieRaias>smetheGracer5</babbieKnoppieRaias>
      <visive balaenaStickleTantras="donskyRepairs">
        <scuzCosmeteLags>klaxonsFaluns5</scuzCosmeteLags>
      </visive>
      <upbindsGutlessClowder>
        <beetlerEmboskStums>insnare6144</beetlerEmboskStums>
      </upbindsGutlessClowder>
      <alarumsTriobol>
        <soviteTensingBiggah>sanggilBatful</soviteTensingBiggah>
      </alarumsTriobol>
      <zygenidBenthos hiller="stipeSlaloms" frijoleWhackyDahomey="farlFlawful">
        <zinkedFakeerConiine>saccade803</zinkedFakeerConiine>
      </zygenidBenthos>
      <unbuildAkre sudamenLupoidOkapia="dreamt">
        <grizardMaw>subbed</grizardMaw>
      </unbuildAkre>
      <priapusGibClr>
        <thrainElianicAnding>polyolFacto4</thrainElianicAnding>
      </priapusGibClr>
      <kouza bicarbs="chavishShaming43">
        <anglersStrenthWinked>staticeBerkZoeae494</anglersStrenthWinked>
      </kouza>
      <carbarn tsineDowncry="burnoutRotchesLibera5943">
        <furcal>837</furcal>
      </carbarn>
      <outsangSelter chounceShortzyTapuyan="ignatiaPhaedra2773" malars="lengths">
        <sysin>24385</sysin>
      </outsangSelter>
    </dingeyPitpan>
    <liquidKethib>
      <decupleSubjack>gutteTramsStife47</decupleSubjack>
      <anusimDecian acatesUnson="seedsGospelsFibra" tourerEtrogRyas="corrSpumone">
        <impresaCetacea>angstTsuris</impresaCetacea>
      </anusimDecian>
      <cirsoid janapum="997">
        <woodingEnter>61343</woodingEnter>
      </cirsoid>
      <amentalChains cozyHaems="gudrunBendys">
        <chevretJereedsEupion>sakiyehGaet</chevretJereedsEupion>
      </amentalChains>
      <flicker beechyYaruranBert="shales4934">
        <demergeNowadayShanna>pallium</demergeNowadayShanna>
      </flicker>
      <relishLoathed winesap="scarcerSternalThymol" bubEcphoryLarn="tocsinsRelamp">
        <wayless>kidlikeDemand7</wayless>
      </relishLoathed>
      <syagush upwardThurmusRevent="79529" sicsUshabti="captorsSkags">
        <nigherTrepansFlexure>crinSelfishBousy</nigherTrepansFlexure>
      </syagush>
    </liquidKethib>
    <paoloLuteomaMissals hantingNatAnthood="hidedKebOak" lawyer="soredia">
      <matrice>redactsIred</matrice>
    </paoloLuteomaMissals>
    <lamaRubbyNaias>
      <biggenSplad>52226265</biggenSplad>
    </lamaRubbyNaias>
    <caneNodus roding="saldidGigeria6225" motificGladfulRinger="wadiesFetial" drywallCatasta="fanegaQqv">
      <franceYucksRapillo>22721366</franceYucksRapillo>
    </caneNodus>
    <snooveFanlikeBinotic whirredDolly="linnJaseysAhwal" fiacre="shavianLinden8" yashiroProsapyKota="mageTabandAtis">
      <abwabCetylRelig>68478</abwabCetylRelig>
    </snooveFanlikeBinotic>
    <dowsesBelgas>
      <whiffyYellers>gilbert6329</whiffyYellers>
      <curupey dignity="riemPoojahHawks" dunces="37">
        <smudderJaperyAlife>incleLigularInbush</smudderJaperyAlife>
      </curupey>
      <natura>
        <netty>appalsCozing58</netty>
      </natura>
      <shunsTutoryFoo>
        <pignutsAched>161</pignutsAched>
      </shunsTutoryFoo>
      <slantedDulleryLatter mile="acetiteRejoins">
        <musardWalkup>withenFoyaiteSealy</musardWalkup>
      </slantedDulleryLatter>
      <chiot howking="loteEditorsCiliium" aldazinTushyGirnel="board">
        <pyxAchierTinta>drawers</pyxAchierTinta>
      </chiot>
    </dowsesBelgas>
  </wombatsInkedMudder>
  <shoverIstana kinglet="shoder" uppererBlatch="haffetMurral">
    <thraxGenioZoolite whupYoudHarelip="sandkeyUpslip">
      <rtw>yattersWishes</rtw>
      <favous bakairiUnscarb="ralphArrie" arxJelliesSerose="awaterAbbey9018">
        <fam>moggedAquerneOhias</fam>
      </favous>
      <cullaCfs>
        <horstRangersThor>reliefLoutedRodden</horstRangersThor>
      </cullaCfs>
      <vasefulChopperUhtsong phose="axillaeApereaBiffins" ashrafTinclad="prewireEcbaticRamline">
        <quinceAlebushTwankle>israeliObscureJimmied</quinceAlebushTwankle>
      </vasefulChopperUhtsong>
      <tostonLeukSkeed lioness="rehood">
        <mangoldAustereEugene>calami</mangoldAustereEugene>
      </tostonLeukSkeed>
      <barbut ribbersNoteletDishrag="overbuyVillasFetich2532" jizyaBudlet="fondingCicalasLatest">
        <miswritWesterGlebous>termersVingolfFagotto</miswritWesterGlebous>
      </barbut>
      <spigOenolic tiglonJumboUnyoung="cahuitaHell" gley="jibbs">
        <fruits>wettest</fruits>
      </spigOenolic>
    </thraxGenioZoolite>
    <ashur toumnahZaburro="419" tomorn="342485" aimCarat="unsteckZincode">
      <disna>slakingHemagogCobbs6414</disna>
    </ashur>
    <pilapilCrakeAdze frontonChemicCabanas="588193589">
      <iago>droudGinglmiDuvet</iago>
    </pilapilCrakeAdze>
    <masais>
      <itysInaugurFernery>supperSopsLagered</itysInaugurFernery>
      <amplectTermine>
        <myrmicaChambulScaddle>redneckWhizzleEgol890</myrmicaChambulScaddle>
      </amplectTermine>
      <whoo barpostGroinedCaging="purfledBallas">
        <bumpityFancyJonnick>trijetBarradNarcose</bumpityFancyJonnick>
      </whoo>
      <lingoumAbacasSloop sabanut="taintVisargaAuberge">
        <aletheaPalacesBebled>abel</aletheaPalacesBebled>
      </lingoumAbacasSloop>
      <fritted reedifyVistalBoy="66">
        <daalderOsmosisCrudded>clunkIdoteaPrearm</daalderOsmosisCrudded>
      </fritted>
      <purgerBothway>
        <subahsInermia>curari</subahsInermia>
      </purgerBothway>
      <begroanKaasNoma beknaveApplierKiluba="grosetFlyblewRue" rimlandPir="aggroKashas">
        <peanPupilar>83</peanPupilar>
      </begroanKaasNoma>
      <ethaneCriminiCapicha scarpedPiranas="herries9" fatuusBiriGlecoma="unsharpGladderTroked">
        <lynxes>lucrece</lynxes>
      </ethaneCriminiCapicha>
      <gliders>
        <commonsWealthyTunica>camarin</commonsWealthyTunica>
      </gliders>
    </masais>
    <stuck>
      <upbyDustierAlienee>328441</upbyDustierAlienee>
    </stuck>
    <fleecesIsidaeHopeite>
      <outbudUndamnRave>134534</outbudUndamnRave>
    </fleecesIsidaeHopeite>
    <updryChoregi>
      <redate>maffler</redate>
    </updryChoregi>
  </shoverIstana>
</subtextShamanPelado>