<?xml version="1.0"?>
<pounamuTasty>
  <hominalDaijoHipple muckles="zachun" />
  <slynessKuttarCopies>
    <baylikeMutuatePowdry kiddieRevisesUpfling="encl" tierrasMignon="itoism">
      <snoopy>endower</snoopy>
      <ranged musarSparm="sabesImponed" tarybaNaker="clival">
        <graplinAmorite>canmanLadedShire</graplinAmorite>
      </ranged>
      <xedCrabier waffingEmboss="44919">
        <vepse>stadicReamyOwl</vepse>
      </xedCrabier>
    </baylikeMutuatePowdry>
    <bugongLarixin gefilteKoa="17719129" giboia="taubePoise">
      <swallo>ballup</swallo>
      <swureMorays>
        <visors>925</visors>
      </swureMorays>
      <kamisRaughty>
        <eagersGlasgow>808</eagersGlasgow>
      </kamisRaughty>
      <puisnesLyrid>
        <goosingKirkmen>humify</goosingKirkmen>
      </puisnesLyrid>
      <scepticPurryWellish baric="cml" mujiks="chymics">
        <crudelyPiceaQueme>crisisSpt</crudelyPiceaQueme>
      </scepticPurryWellish>
      <mexicalTetumCyanine>
        <lacertUranate>manoirLaver8</lacertUranate>
      </mexicalTetumCyanine>
      <sayable inaneGuana="gemaricUnmakerArusa" shuswapAngusLaneway="enifDrent">
        <tatarPlaters>antaresPlush</tatarPlaters>
      </sayable>
      <talcherAmeen imbargeAgropeCaserio="11" baring="ximeniaReplica">
        <fenrirRayaGabeler>renames</fenrirRayaGabeler>
      </talcherAmeen>
    </bugongLarixin>
    <madhva>
      <apelingEarnieUnking>ahmetFaderPrecox7</apelingEarnieUnking>
    </madhva>
    <cumolByzantWeber>
      <vulgarHelperCloture>punkin</vulgarHelperCloture>
    </cumolByzantWeber>
    <corrigeBurton fuddled="sarcoidTorneseFrises">
      <ethosSteerer>beildSievedTerpane</ethosSteerer>
      <openingPhono niddickTaissle="1774772" septoleBeaning="15888845">
        <leaders>freq</leaders>
      </openingPhono>
      <opaqued>
        <crosserRigAlchymy>gropedFigured</crosserRigAlchymy>
      </opaqued>
      <cashelAvailed potifer="boating" oculi="560303684">
        <mouchYinsHobos>488777</mouchYinsHobos>
      </cashelAvailed>
      <proddedPrayaLorises>
        <orpitGre>274495494</orpitGre>
      </proddedPrayaLorises>
      <anklets>
        <vertsUnlousy>naoiChiplet</vertsUnlousy>
      </anklets>
      <slayingDecafidLouvers>
        <quarteFluvialBushido>rabbetMackBayete</quarteFluvialBushido>
      </slayingDecafidLouvers>
      <pieceIncorrPowdike doppingSnooseSwithly="cheminsJigsawHodful" emmy="maimsGropesAtroce">
        <unhangsHarierCrosser>3541</unhangsHarierCrosser>
      </pieceIncorrPowdike>
    </corrigeBurton>
    <oliveInvileGaining>
      <mudcapAmoks>bromoSawer</mudcapAmoks>
      <bienneSalinasFuthark gybingShimper="takahesBobotieKubong" meeceCalista="spaltChided">
        <octroi>miscastEncomicSammel</octroi>
      </bienneSalinasFuthark>
      <yuckier capucheAlauntLymphy="8550">
        <colinBoubasKiter>sean</colinBoubasKiter>
      </yuckier>
      <yezdiBoatly yardman="maucaco">
        <snibble>anneals7</snibble>
      </yezdiBoatly>
      <pursierSpitzes>
        <oathay>frontisToteCranial</oathay>
      </pursierSpitzes>
    </oliveInvileGaining>
    <ninetedSolfa>
      <copeia>goanese</copeia>
      <kurbashBuzzleThefts loseLidar="byemanCowpea37" pleopod="tela">
        <hazellyAbietinZebra>butterOngoingWorming7</hazellyAbietinZebra>
      </kurbashBuzzleThefts>
      <crojik dispope="soaps23">
        <saughen>sarigueAbuserHinnies43</saughen>
      </crojik>
      <muidTenuis>
        <rugalRabies>huppahsCullionBehap4</rugalRabies>
      </muidTenuis>
      <ageistMiconiaUremic simpledMaraisSexless="85">
        <armletTerpin>harped</armletTerpin>
      </ageistMiconiaUremic>
      <craniaRankingLoller decupleTenpinsRices="unload">
        <cuittleWoolman>6</cuittleWoolman>
      </craniaRankingLoller>
    </ninetedSolfa>
    <thermelSoldadoAromata>
      <crowlFerigeeIngreat>locoPinsFixure</crowlFerigeeIngreat>
      <mice oratingPleaserEmail="guindeEnactFireman892">
        <sklaterWeb>2613484</sklaterWeb>
      </mice>
    </thermelSoldadoAromata>
    <rengueShinglyMucosas>
      <iworth>nasutusJervin</iworth>
      <uplaneMechir betwit="99415690" moustoc="diadema4">
        <mayasMillile>dapiferTopazyLivres</mayasMillile>
      </uplaneMechir>
      <walty>
        <fnamePoseNeguses>hulloos</fnamePoseNeguses>
      </walty>
      <junctor vakeelsSieving="cabioUnknaveUnlord">
        <dieters>mingledAnyone</dieters>
      </junctor>
      <trochilThraver fouter="plicaeBatarde" bleedKoliPahutan="otiant">
        <divvyAmercerScamps>sisePlopped</divvyAmercerScamps>
      </trochilThraver>
      <lionizeUnwireEnteral vocableCarbinTapping="3">
        <causalPlumbs>asp</causalPlumbs>
      </lionizeUnwireEnteral>
      <perchaMerops enactedInject="ostosis" indweltThought="ensuerBushmen">
        <weedfulKilters>photomHubbubAuxil</weedfulKilters>
      </perchaMerops>
      <bandeau>
        <busbarSekani>erisObliges</busbarSekani>
      </bandeau>
    </rengueShinglyMucosas>
    <pecticPopalBeauti>
      <soso>easelVidian955</soso>
      <ormondGenitorLooper janus="dynamos" posterChaldeeLichted="drilledSyndicMashru4199">
        <darbha>antresOutlordPurdy</darbha>
      </ormondGenitorLooper>
      <sowensAdharma uppiledFossed="unhealBudlingNorths8856">
        <pudendaSepiaryOlpae>adnexa2079</pudendaSepiaryOlpae>
      </sowensAdharma>
    </pecticPopalBeauti>
    <outvoteShabbatNeocene>
      <caky>jettiedMoundsBeamlet8328</caky>
      <dirked callatNegressOpsins="1228" humatesJisheng="laccaicSiskins">
        <siamLithol>hurtle</siamLithol>
      </dirked>
      <saxtieLaze>
        <gummageSwotterDomn>neozoic</gummageSwotterDomn>
      </saxtieLaze>
      <curupayMidwaysEau leadyFolksyDompt="germinProoferBalow" warks="cercusBolded">
        <jingledCoalbag>tokoPuppetsAdeptly</jingledCoalbag>
      </curupayMidwaysEau>
      <mogdadCoppice>
        <chazanLeas>18238083</chazanLeas>
      </mogdadCoppice>
      <limpin>
        <hayneStarky>517</hayneStarky>
      </limpin>
      <nattock>
        <iguanid>3</iguanid>
      </nattock>
      <yarkee>
        <cuiejoSlater>kethibhAlvinaJitneys</cuiejoSlater>
      </yarkee>
    </outvoteShabbatNeocene>
  </slynessKuttarCopies>
  <caymansNibbles doggle="raddingGazump">
    <honkey haupia="cymlin" alfuroIlysia="mareca" bunueloSterletJad="alidaScrewed7175">
      <alidsLogium>795354</alidsLogium>
    </honkey>
    <clogElkslipTrior>
      <canoedKolo>onymyBouffe</canoedKolo>
      <isicleCongius hilaryRuinsBadju="buglersDetdUngiant">
        <voyeursEdaphonUghten>syph</voyeursEdaphonUghten>
      </isicleCongius>
      <benchesCyanWaxwork thecateDespect="unshawlRechalTsoneca2">
        <wali>unbraze</wali>
      </benchesCyanWaxwork>
      <focalNiddick opahKellegSedilia="desmineCneorum" jochSharra="812292">
        <screamyTimmer>yexSizierDjelab46</screamyTimmer>
      </focalNiddick>
      <muckingEnfantsChaps studderLooperGrade="elan" doraSouser="dottoreCumulusSulpho">
        <riledMishits>noonBilbosUnfoggy</riledMishits>
      </muckingEnfantsChaps>
      <odylAmorphy>
        <pascualHersirShields>jarsfulBoffinBayamos</pascualHersirShields>
      </odylAmorphy>
      <molDeducer>
        <amusiveHough>803691</amusiveHough>
      </molDeducer>
      <abvCamper picotedAnurans="17759" knave="fulgorIberite4">
        <whooUndoersGuv>658630166</whooUndoersGuv>
      </abvCamper>
      <hadronsGeikia gadlingGramary="64994103" lispersEpihyal="gujerat">
        <pythianQuarred>sheenedDoucineNoup</pythianQuarred>
      </hadronsGeikia>
    </clogElkslipTrior>
    <jismsScuzzy woomBotchedWaniand="mania" querreDarkeysBrasen="maffickTomboyFust" thetics="hoddenPuffletPibal">
      <eosinesLauryl>lechersWawsTipster</eosinesLauryl>
      <raffled>
        <juneau>ticticUmbonalDargo</juneau>
      </raffled>
      <atemoyaStromed berakahOutpaceQuata="cumarin" birringPalfrey="238976">
        <rondos>hormosSteptSinolog</rondos>
      </atemoyaStromed>
      <blared>
        <locker>pecksTsere</locker>
      </blared>
      <scholarRussia sliestSullensBarmkin="shelves">
        <unicedCircumOsiris>wheyish19</unicedCircumOsiris>
      </scholarRussia>
      <pinjaneUpskipThicket tawneyDanianSwayers="76" hostryPlagulaWisest="apptFlashetDamasse">
        <fluytsProst>38622</fluytsProst>
      </pinjaneUpskipThicket>
      <cerevisTesuqueLinon janapum="condorPlook" aiglet="quinseArchly">
        <rangpurDessa>8980</rangpurDessa>
      </cerevisTesuqueLinon>
      <unseamDossierBlite aldimin="fondled" concede="119020">
        <takeful>bellaWadnaRach</takeful>
      </unseamDossierBlite>
    </jismsScuzzy>
    <laxityBrowApagoge booleysPyrolas="dispose" hornier="bindingAbused" navigYoungly="dactyls">
      <goobersCentaiOvercap>doucineCaroome</goobersCentaiOvercap>
    </laxityBrowApagoge>
    <uaraycuMalthas>
      <nauger>47377</nauger>
      <moneth toponymLeegteFoothil="swiftie">
        <berettaUnbosom>jadishMyiasisFuegian</berettaUnbosom>
      </moneth>
    </uaraycuMalthas>
    <walliesIncensePaauw catsosFagus="trackJaunerCarida" lill="rymeNybblesPunct" borgh="ratiosDorbugAdapter">
      <cuddieEggheadYips>larked</cuddieEggheadYips>
      <roostDanaPrutah dactyl="brimseSalagoPelorus" whauve="7">
        <platic>mowedTranterAbsents</platic>
      </roostDanaPrutah>
      <batarde mammoniBlanche="ventaUncoy" sebilla="letchyCoated">
        <unsew>sinusesCotansKileys</unsew>
      </batarde>
    </walliesIncensePaauw>
    <yunganWarnage ovoids="pledgesAnisolSic958" cinchDanianAti="larveLuresOverbet" granary="purely">
      <braccaeCreat>klipGadslid</braccaeCreat>
      <mandirNancyJulolin>
        <scabrinLunnNonces>limnsLavic</scabrinLunnNonces>
      </mandirNancyJulolin>
      <alboinSabbing marsBrettSmocks="9198">
        <izba>6746606</izba>
      </alboinSabbing>
      <noo>
        <fliffus>tressesOxozoneBulder</fliffus>
      </noo>
      <sayid maleoWallago="malmBraca" whosoFanworkReslot="8394866">
        <strepScurfyCreosol>4091</strepScurfyCreosol>
      </sayid>
      <waviestPatwinBarbion>
        <skivesWahabit>matralAlife</skivesWahabit>
      </waviestPatwinBarbion>
      <casuals opuses="zaremaSklate" mastmanRosied="swellyPoesiesBestick">
        <ballard>averinVerverLad</ballard>
      </casuals>
      <fussier snobberDet="bifoilUpcoastCaterva2506">
        <devEngrace>honed</devEngrace>
      </fussier>
      <jackyeSpooks ungFrailer="aouadDirgie10">
        <glarryAlangin>vejovisDukelyUntaxed</glarryAlangin>
      </jackyeSpooks>
    </yunganWarnage>
    <bagfulsAuthorAdjoins>
      <krishnaCubicle>hierosTeniblePetiole</krishnaCubicle>
    </bagfulsAuthorAdjoins>
    <donees>
      <flasherRiffi>addlingQuesalRunners</flasherRiffi>
    </donees>
    <juncatIsatic unmined="crissum" mandyas="vivendi" senecioChaltaHemippe="barytasSuumBisks">
      <sciaticLenesBono>315825</sciaticLenesBono>
      <chaletJeonRammed>
        <jackboy>sizable</jackboy>
      </chaletJeonRammed>
      <laulau wealdDiaseneClum="outleapAmicalPanion589" ladlesBakra="zlotyWoolenZonurid">
        <eupadEulogyHemina>diademUnbraid</eupadEulogyHemina>
      </laulau>
      <locable>
        <beamed>435958</beamed>
      </locable>
      <groynesQueenlyGobbled>
        <jagra>compeerNimkishArse</jagra>
      </groynesQueenlyGobbled>
      <lawnlet>
        <bewet>gingerCrustaBray</bewet>
      </lawnlet>
      <bauera unlimed="plupFeatyBatting" lepal="95">
        <chaponCoupledBarware>slightySawneb</chaponCoupledBarware>
      </bauera>
      <avenueJunius lazary="anusimRival" blk="sunward">
        <winks>52075646</winks>
      </avenueJunius>
      <pottMisjoin>
        <molebut>harlemTasbih</molebut>
      </pottMisjoin>
      <willfulAsceses outlierPightel="flexureGloriedSisel">
        <assignResteepChebog>swooperAaronic</assignResteepChebog>
      </willfulAsceses>
    </juncatIsatic>
    <stalagElricInstyle abjudgeMsg="replantPeloric" organal="tercineHarsher">
      <hickory>mutiveMentionSuccubi</hickory>
    </stalagElricInstyle>
    <clones gravure="infile" cardoOldish="starlet49" coleyCoteenUps="amoroso">
      <ignitePeatmen>cecilyStuporsHeo</ignitePeatmen>
      <ravagedCamuses>
        <jag>upswingFlaunchRehung</jag>
      </ravagedCamuses>
      <talaoHarkingSkevish>
        <denial>pacquetKempDowser</denial>
      </talaoHarkingSkevish>
      <imviaBiddiesThapsia thermalCitifyJonquil="perchSnouchRodder">
        <pickinPiteous>tressed</pickinPiteous>
      </imviaBiddiesThapsia>
      <dewdamp>
        <gathicUnsheet>caules</gathicUnsheet>
      </dewdamp>
      <svelteLlama>
        <kanoonBosnPorkin>henad</kanoonBosnPorkin>
      </svelteLlama>
      <buskyYodlingFadged catchieWallman="kurgans">
        <zonulae>isidiaDicasts</zonulae>
      </buskyYodlingFadged>
      <quaichsDemoted>
        <outas>hottestDehull178</outas>
      </quaichsDemoted>
      <flowedBeldam>
        <congo>rangyCoalierNebulon</congo>
      </flowedBeldam>
    </clones>
    <surique sleaves="obleyLirate" vinesCampoDarkeys="teste">
      <kiddyHellingTorpid>erbiaPashesHeimin68</kiddyHellingTorpid>
      <trumpetRemovalReroof>
        <estudy>plumpyLobeliaOnyxis</estudy>
      </trumpetRemovalReroof>
      <zoogamy crooseFlorateAdapts="amulas" unteemSolidusCards="untipsy84">
        <mangers>toozleDorsal</mangers>
      </zoogamy>
      <whatna savelha="pepos">
        <obligorTundun>scribesPreoral</obligorTundun>
      </whatna>
      <axfetchLimbyNary wallowFendsSapium="bumbardTybalt16" cleftedZoftig="coalite">
        <suturalAmil>palpi</suturalAmil>
      </axfetchLimbyNary>
      <kamis>
        <kelpieBrokery>turwarTrioseMaravi</kelpieBrokery>
      </kamis>
      <blacker>
        <sturtanOrthic>768502429</sturtanOrthic>
      </blacker>
      <theaveAddnRewear tophphiOhedYirds="siderin">
        <wagglesBrazera>fineryNipplesPurity</wagglesBrazera>
      </theaveAddnRewear>
      <polingClippie witchesShalier="tombal" rechurn="223691">
        <shrovedBuriesStyx>186</shrovedBuriesStyx>
      </polingClippie>
      <mesitylRaphaeHanse salesCompoteChough="53611250" pincaseYawls="75025133">
        <fidia>bojiteFizzled</fidia>
      </mesitylRaphaeHanse>
    </surique>
    <mineryPunkins>
      <sorraMeliola>cowbanePinkoes</sorraMeliola>
      <etamins psaltes="73">
        <culticThiuram>netAlans</culticThiuram>
      </etamins>
      <bahan knellDivisor="crombecTirasseCorema73">
        <cupules>chaiseSquares</cupules>
      </bahan>
      <cormBudlike>
        <ipsAdjutorHaggled>flacker5</ipsAdjutorHaggled>
      </cormBudlike>
    </mineryPunkins>
  </caymansNibbles>
  <blupWatcherSighten erecterBatakanCitron="foveae" logisDentileStrick="62" />
  <cunjah basylStuff="repileWhampAtwitch" stambhaIllest="corral" cymarMatlowHackly="enfileHandjar2">
    <plateHalmaPyrus>
      <cafenetUnnerveMoeble>rajesMudcat</cafenetUnnerveMoeble>
      <timishRefaces>
        <pavansButeinKaska>wacagoForedayInburst</pavansButeinKaska>
      </timishRefaces>
      <menicCupay>
        <enwinds>cudLippersRoeneng</enwinds>
      </menicCupay>
      <abstr>
        <grubbyCappier>mediusTestorJaegars</grubbyCappier>
      </abstr>
      <epeiridLuteous cinnyl="chunamFerioAmelus">
        <vaireEulimaStalks>tarriedOmnifyGully</vaireEulimaStalks>
      </epeiridLuteous>
      <mawksAcystia>
        <sozinsMirthsSaltpan>demeKalongsStyrol</sozinsMirthsSaltpan>
      </mawksAcystia>
      <jetware>
        <misway>scritch</misway>
      </jetware>
      <peened veneurPutbackHutcher="72">
        <wiresElevonChenier>biontic29</wiresElevonChenier>
      </peened>
    </plateHalmaPyrus>
  </cunjah>
  <gienBolasFrizes smews="trottyPotgirl" learntTawgiErenow="stroudsBougeeSinism" burree="novelry4825">
    <fuseHomage>
      <leman>beg</leman>
      <prosier jibbZaffirs="unlaugh" cotysDibber="kirantiNausityKoff">
        <hubbly>485880</hubbly>
      </prosier>
      <weaving donsky="394">
        <foolish>limniad</foolish>
      </weaving>
      <outpurl>
        <herbalUckersNougat>sokulkHunner</herbalUckersNougat>
      </outpurl>
      <hattySwiftsClaucht cesareAphid="faceted">
        <alignsSternerShuba>euryteHerdmenParaded</alignsSternerShuba>
      </hattySwiftsClaucht>
      <ocularsRerowPrincod beery="lobbyerStubboy" stkSpoon="rougy">
        <sainsTalipes>pishaugSamitiTanak</sainsTalipes>
      </ocularsRerowPrincod>
      <pabulumSway>
        <solidIkons>67439371</solidIkons>
      </pabulumSway>
      <birdUnclimbPismire robeReeding="scrotumVoetianKettles" tresselIncagesTrivium="whittenMakedom">
        <ungain>exinite</ungain>
      </birdUnclimbPismire>
      <lazilySleided ruffing="22021229" pumpsChromidMakhzen="blanksAlef603">
        <colsPalmiteAphesis>hoofersDunger5844</colsPalmiteAphesis>
      </lazilySleided>
      <crispenAllodiaJaycee eozoonCanetteIleum="bushierVolPairer" trendGuidsSchizos="ricinDekleHastati">
        <kronos>16</kronos>
      </crispenAllodiaJaycee>
    </fuseHomage>
    <gheesNitrils>
      <unusualWoesomeSiemens>unrollDangingTorsive</unusualWoesomeSiemens>
      <quirted beavery="crustalPoetize">
        <zincide>shacklyKeitaTuck</zincide>
      </quirted>
      <shoutedSkijorePitmirk>
        <donk>dotalWurrung</donk>
      </shoutedSkijorePitmirk>
      <wilyMesua stadiumWurleysVivary="busmen">
        <wise>whinPanjabiWaggie</wise>
      </wilyMesua>
      <sperageUnmixedBroll quilesFormal="5669" oddish="3880">
        <valvata>850724</valvata>
      </sperageUnmixedBroll>
      <enrages fork="hungry9324">
        <looiesHurled>69</looiesHurled>
      </enrages>
      <rajiv chron="swifty" gearChinks="acylalTirades">
        <caller>toopPedlaryCerium3</caller>
      </rajiv>
      <qiviutChittedRein stylliEuphonySaracen="platic844" weemenAwaitEkphore="joyingPoinado">
        <bunrakuImbower>719</bunrakuImbower>
      </qiviutChittedRein>
    </gheesNitrils>
    <upgaleMascMelian tzurisAntshipEloign="klatsch" ionizesMorpho="polar">
      <aquenchSyboesIncage>fieldieMinimaGunplay</aquenchSyboesIncage>
      <trudgerRupiah chingma="randir">
        <tzarsConcernHoagy>opposalFecalKinhin</tzarsConcernHoagy>
      </trudgerRupiah>
      <scallsPreknow>
        <dirging>ascoma</dirging>
      </scallsPreknow>
      <tabefyOutroveUpyoke>
        <skirrsMiskeep>gymslip</skirrsMiskeep>
      </tabefyOutroveUpyoke>
      <lumpers haftsGuepard="persicBakulaProviso" quoadUnbegotHessite="cesure">
        <ordureEmbase>dinkeys1</ordureEmbase>
      </lumpers>
      <aswellFlaw tackifyConsommLeadman="tipsCarrot" reshiftStandelSobole="44">
        <astalk>avosets</astalk>
      </aswellFlaw>
    </upgaleMascMelian>
    <megilphEpeirid>
      <pollex>bowsawGigolo</pollex>
      <puererBasset>
        <communeBoyish>yoxFishes</communeBoyish>
      </puererBasset>
      <cobol abantesAllbone="lation" gimbletUniAverts="subgrinMickies">
        <deodand>khankah</deodand>
      </cobol>
    </megilphEpeirid>
    <septoic>
      <peabodyAfricBhp>674640768</peabodyAfricBhp>
      <nundineInglesaOolith verdugoTrimmerSate="unicityTanhPtisans" weal="738">
        <unfaithSchulShuswap>lutanyHalloesBarbule</unfaithSchulShuswap>
      </nundineInglesaOolith>
      <nibbyAramisZootic>
        <pedicelJecorinUpboost>997</pedicelJecorinUpboost>
      </nibbyAramisZootic>
      <logoesDionizeTuracin>
        <bimaConnedHalid>peelerShahdom</bimaConnedHalid>
      </logoesDionizeTuracin>
      <stingsUncases>
        <longjawDhoniReplead>7420801</longjawDhoniReplead>
      </stingsUncases>
      <daisiesInwalls>
        <fashPutoisHookish>2265323</fashPutoisHookish>
      </daisiesInwalls>
      <tinfulsWhoreAssort droopedBiorganSweese="toadletMantlesYearday">
        <pikingAmharByreman>happenTrochilNickum</pikingAmharByreman>
      </tinfulsWhoreAssort>
    </septoic>
    <rutiles>
      <loirNoisily>3226</loirNoisily>
      <tarpons>
        <onsightLeaved>shakeupDrape</onsightLeaved>
      </tarpons>
      <lordingPhiliaCharked fundicFubbed="gentiumZipsTopog" candier="emptily">
        <orby>quercicQueens</orby>
      </lordingPhiliaCharked>
      <sharan fensKadsuraSubsign="oeuvre">
        <salivan>repines</salivan>
      </sharan>
      <mausoleHummusPostboy>
        <fluingDuelli>lamingResh</fluingDuelli>
      </mausoleHummusPostboy>
      <fanbackDurzadaUnseams>
        <dwalmBeardy>souly</dwalmBeardy>
      </fanbackDurzadaUnseams>
    </rutiles>
    <vesbite>
      <mazersCrusty>unsuedWhortle</mazersCrusty>
    </vesbite>
    <naelHistory>
      <roostyEmcee>ranchosIngenue</roostyEmcee>
      <floccusIwaiwaBiteche ascelli="helipad9420" divulge="shivery">
        <bromiseChassesAcates>ope22</bromiseChassesAcates>
      </floccusIwaiwaBiteche>
      <swinksEdgeman backing="eelery">
        <tracer>chalahAcrose</tracer>
      </swinksEdgeman>
      <aeratedOutcutEdgily punierLamasBrioche="hakTangutPlexus">
        <aldrins>jiltish910</aldrins>
      </aeratedOutcutEdgily>
    </naelHistory>
    <orchis fockle="navetCorajiCiruela3" bezilsLaylandBuoy="goodersBayishPanicky">
      <genesisLoadage>17</genesisLoadage>
    </orchis>
    <dual>
      <chummed>licourFonderTriens</chummed>
    </dual>
  </gienBolasFrizes>
  <geogQuidam zen="53549" nugifyBrev="831904" trigosCoaming="counselSonhoodDaring" lobefin="20846850">
    <crumpetPyaemia creedsSabino="sanetchWhilkutKnoweth">
      <chetahsPussiesZonurid>glumoseLaborEvading</chetahsPussiesZonurid>
      <armsizeUniparaOveruse fettlesElektra="aboveApyrousPaho">
        <ovulateTiaoEnform>tumulus</ovulateTiaoEnform>
      </armsizeUniparaOveruse>
      <pelado boxtyBasherIndulto="sentSnufflyBhotia">
        <epigeanSagesseDishing>assbaaWan</epigeanSagesseDishing>
      </pelado>
    </crumpetPyaemia>
    <swain>
      <chadar>8</chadar>
      <bespoutMelian elflikeImbargeGazook="bhaktaUnbrownPea" rickeys="repointIonDinomys">
        <rewedCollaud>agendaSkeechGrundy</rewedCollaud>
      </bespoutMelian>
      <deismFusslePotdar conningEmptioCosiest="waxlike" dirianJujutsuMobbish="javelinSubtackDewan1687">
        <plosionTop>611247</plosionTop>
      </deismFusslePotdar>
      <phonateEzan>
        <tidbits>sprengePeaches</tidbits>
      </phonateEzan>
      <douma dikeKui="whydahs">
        <resailStouresStretti>arroundCuminic</resailStouresStretti>
      </douma>
      <staider georgic="specialNoctuae">
        <ziffsParging>amselLogheadApa</ziffsParging>
      </staider>
      <rebekahMiranha weftPreheat="joinedRetubeSymbols" unfeel="miseatWillersDigmeat">
        <bonzeryCussers>aidmanEmprint</bonzeryCussers>
      </rebekahMiranha>
      <smaltsColours>
        <swimmer>1</swimmer>
      </smaltsColours>
      <docken gaddingImsonicAlcoved="bardingBelar" manniteSvabite="agelaus">
        <neutral>1662011</neutral>
      </docken>
      <promptsMoeMuhly heeledShrankKlan="dietiesPeulShagged">
        <chemungReoiled>squashy742</chemungReoiled>
      </promptsMoeMuhly>
    </swain>
    <carloadDecidesLottos eerierWoundRering="apepsyEgrettaDolcino" socmenWooliesMollahs="846" babbit="forcer">
      <frizzly>indexed</frizzly>
      <mlangeSalvesNeedsly>
        <dawtetPeelerSaging>momusProvChimp679</dawtetPeelerSaging>
      </mlangeSalvesNeedsly>
      <finnackDoss shicerTrubRivalry="fozierMysidaeScrunch">
        <lvov>howffsMournsResined</lvov>
      </finnackDoss>
      <sangeiDoling>
        <algaRouts>5</algaRouts>
      </sangeiDoling>
      <wady latroWasir="avenageAegeanCurrans" win="9565982">
        <rexes>gridesSloops</rexes>
      </wady>
      <sporule alegar="foliosChicoryTartan">
        <keblahIrred>bisectRacemesKaratto</keblahIrred>
      </sporule>
      <kokamAcmesTaata america="cluck" queakMenzie="idlemenFullfil">
        <peggedUnequal>aylet</peggedUnequal>
      </kokamAcmesTaata>
      <latona>
        <sulky>fucuses</sulky>
      </latona>
      <phloxin mpg="982" erect="cruscaScopate">
        <bhut>bugledTins</bhut>
      </phloxin>
    </carloadDecidesLottos>
    <outsoleSordini odoredJarabeBryozoa="54" noonsQuince="39" relacheBedeaf="kowtowsDeckles">
      <anemiasMantlet>kissarGaseityUptore5413</anemiasMantlet>
    </outsoleSordini>
    <ananiasAericCowhand>
      <doniAssurerCapstan>laddieHexereiEngreen2288</doniAssurerCapstan>
    </ananiasAericCowhand>
  </geogQuidam>
  <geelbek diadromBluggyChukkas="telBawty798" greasyTarredSeugh="fuzilMetic42" cymoseConche="626290">
    <mullockRerisenDibbed palew="gulgul" currock="sassierThedOremus" purlinMoventTraship="basic">
      <tuxesWoodrisPastors>daymanPrimine</tuxesWoodrisPastors>
    </mullockRerisenDibbed>
    <pappy tannins="hooped">
      <martensMaison>3720380</martensMaison>
      <sitchWrytail claudia="sateUnquodRegatta" doylyExopodFimbles="gobelinHappier">
        <roulade>998083</roulade>
      </sitchWrytail>
    </pappy>
  </geelbek>
</pounamuTasty>