<?xml version="1.0"?>
<radialGestTheseum>
  <atakeOdylize gunniesAlcaeGreasy="boxlikeBagioTreen" yawpersPolynya="enserfs9" duncish="likker" remene="stampeeAjoureGasbag">
    <partageLancha>
      <guajira>pasoMapsBurgh</guajira>
    </partageLancha>
    <esterosOilletFrot porkiesEngouee="18706" bisectHookup="resty" creeps="viuvaPreamps">
      <fisherOpted>caphiteEspritNamaste</fisherOpted>
      <rasennaWaunsKhatin>
        <nonplus>serpigoBrusselEndleaf</nonplus>
      </rasennaWaunsKhatin>
      <locableDarg>
        <peltishFeatestUnbase>muzarabTwitchyDabby</peltishFeatestUnbase>
      </locableDarg>
      <fluffSmelts sleep="cholosBrerdParotia">
        <ranterDrudge>fornentCoaeval</ranterDrudge>
      </fluffSmelts>
    </esterosOilletFrot>
    <wheezedCrypto famine="matchyStinksBrame">
      <portenoGeology>5</portenoGeology>
      <vitalPisachiAugh>
        <mopeierJukes>feuar</mopeierJukes>
      </vitalPisachiAugh>
      <lobfigDryfatSolio>
        <kisra>unrimedTuarnTabret</kisra>
      </lobfigDryfatSolio>
      <clartsQuattieAbort marines="namersDiluter884" scouseBarberyImamic="jambs">
        <deltic>1</deltic>
      </clartsQuattieAbort>
      <countsGateauTowery>
        <arius>409</arius>
      </countsGateauTowery>
      <shrOopod>
        <abanetKhodja>ronyonAutoma</abanetKhodja>
      </shrOopod>
      <dvorak duality="aliaMenacedCadbait" elapheSkibobs="gristerBine">
        <refusesDefial>blobsUnrobe</refusesDefial>
      </dvorak>
      <bannockPicryUpflare>
        <unrebelFellsGuilt>untiptFie813</unrebelFellsGuilt>
      </bannockPicryUpflare>
      <bipontSawfish ramtaEvoker="pega">
        <vaultyStanzasPott>daroga</vaultyStanzasPott>
      </bipontSawfish>
    </wheezedCrypto>
  </atakeOdylize>
  <petcockAsses awlKashimCrain="sakUngoneNacrine11">
    <oliveOutseaShivah>
      <caeomaDistyle>782490</caeomaDistyle>
      <talckedAmhar rhymes="6" tombacsSanand="joom">
        <plantaeMakhzenReverso>scarfeHermesScarus</plantaeMakhzenReverso>
      </talckedAmhar>
      <hymnodyDictums giftingThorinaSonder="hasslesSynovia">
        <puffedDefer>74298013</puffedDefer>
      </hymnodyDictums>
    </oliveOutseaShivah>
    <capetteForleft echosFledgySagaman="lackeysKhedivaBecost" cedrolNatakaCapita="hobbledReabuseInscape1" moriori="marabouTeerClow1674">
      <sasaniMoonsif>7</sasaniMoonsif>
      <apogean bedropIfsBaggala="veinyDombeyaPester" sobbersNoetianAtely="piddockUnstuffUnjoint">
        <smirklyAxised>jurymenAgenda8</smirklyAxised>
      </apogean>
      <redskinIonian>
        <quire>pahiJoyrode</quire>
      </redskinIonian>
      <amateur favus="brags" wershRyasRunkles="junkersAlmost">
        <pungarAmices>muddleCham9159</pungarAmices>
      </amateur>
      <octose roto="735083" abaloneAperch="248">
        <marliRebore>639</marliRebore>
      </octose>
      <noneneShapeupSnaith sinaean="emeutes" gatReedifyPolyzoa="46">
        <parleyZoonDrills>882</parleyZoonDrills>
      </noneneShapeupSnaith>
      <nbgPargedArgyll acids="operons">
        <jubhahsHumaner>rainilyPhoner501</jubhahsHumaner>
      </nbgPargedArgyll>
      <whasleUnmadParelle voiderShticks="hoydenTeetersEyeseed" fewmetsDattoTallol="lyresMenadsBlarny">
        <uptideSunbeltDonet>140</uptideSunbeltDonet>
      </whasleUnmadParelle>
      <ungamyCrudesNore>
        <scowsManiocs>babootFinds2689</scowsManiocs>
      </ungamyCrudesNore>
      <talisArdourRother>
        <horaceKeyseat>93413353</horaceKeyseat>
      </talisArdourRother>
    </capetteForleft>
    <tittieQuechuaWindz canedMamey="bulkedLowlierShock18" gainlyFlukier="uspokenGrivetRessala">
      <brawn>jesper</brawn>
    </tittieQuechuaWindz>
    <sporranRave pilusliPayer="864122585">
      <erminedGanoineBurk>solvusVexilTankah</erminedGanoineBurk>
    </sporranRave>
    <wastryAvidChits ggrCires="photosViresHouss" bisectEmbace="unflakyZygotic" berimed="froughToughlyMormons">
      <taraponPaledBarney>189623</taraponPaledBarney>
    </wastryAvidChits>
    <waupHarriet>
      <heydaysHanoiRebus>munsterDrest</heydaysHanoiRebus>
    </waupHarriet>
    <prosedDawtitPinner dojiggyFila="clingerTwingesFilicin" dwinesCircler="5043" subunit="gab">
      <junoniaRiffsTots>58048157</junoniaRiffsTots>
      <ellingSabaismNasion>
        <accite>balitaoLiversShufty</accite>
      </ellingSabaismNasion>
      <dogdom feinterArgoticBlinky="jungianPaggle9" frate="pinning">
        <acronymExsertTinsels>cris</acronymExsertTinsels>
      </dogdom>
      <silkmanTroch>
        <taxites>viscusIncisalTaxless</taxites>
      </silkmanTroch>
      <rhaRenu missang="untrend" barghamMahdismCrasser="glory">
        <mulchedMauby>27</mulchedMauby>
      </rhaRenu>
      <decentPotshaw>
        <unaus>samshuDaza</unaus>
      </decentPotshaw>
    </prosedDawtitPinner>
    <unspicy wendell="socoPenmanGainly">
      <unwaresApolog>hugestGorlingAsherah</unwaresApolog>
      <shivvyGadgeCooked frowned="rigletNesiotPunty" cassianWhish="logiaGibbers">
        <visita>pappous</visita>
      </shivvyGadgeCooked>
      <kazooUkeAlupag agoutaLargess="inclaspCowpoke">
        <incasBereft>759</incasBereft>
      </kazooUkeAlupag>
      <galores outrageZosteraGuars="splenia">
        <conacrePaddledTeughly>valent</conacrePaddledTeughly>
      </galores>
      <abjures nominyPein="premitBaloneaSummut" calefPwtEspier="myomas">
        <disruptSoaks>raffled</disruptSoaks>
      </abjures>
      <wilmer kookeryAvoidsTef="koswite" castle="kitabiIreful">
        <boxwood>folksay</boxwood>
      </wilmer>
      <oarlop>
        <damasks>quisby</damasks>
      </oarlop>
    </unspicy>
  </petcockAsses>
  <screedsIssues>
    <hlqnStints>
      <leisSeduceeHemes>417859</leisSeduceeHemes>
    </hlqnStints>
    <bushetRedealAcy euonymyCruster="lvalue">
      <sobsKrubi>jeonLatianHeap</sobsKrubi>
      <takaEolithJicaque pravousUnlinedLeggy="pagers" effortDwamishLandage="diskery">
        <stawGamdia>painfulArabisNoam</stawGamdia>
      </takaEolithJicaque>
      <glore rapidMothsPeerdom="drumlinUncloudLevant" abdaliHaircutSayal="shrimpsCebianTwill">
        <umberedFessing>88039</umberedFessing>
      </glore>
      <radial>
        <hypnoneMafuraChechem>neeld</hypnoneMafuraChechem>
      </radial>
    </bushetRedealAcy>
    <macawBlunker lupanarSelectsCobless="fanner7667">
      <edgerEscrod>tuglikeKindles</edgerEscrod>
    </macawBlunker>
    <outlainProvingCopper>
      <totedMaytideRetial>spruePilmyBaldy</totedMaytideRetial>
    </outlainProvingCopper>
    <testyJustsProsoma>
      <patientNakeder>safawid</patientNakeder>
    </testyJustsProsoma>
  </screedsIssues>
  <gouareeCynaraAntis />
  <duncish mullerLoyallyVesanic="twireHolpen" emydesOvert="chauferWag" fovent="wiringAesir" causticAdrenal="swimMilers" />
  <animo hiders="33273234" />
</radialGestTheseum>