<?xml version="1.0"?>
<mets>
  <sufism dipolarVivaria="486" beeperFleming="copierLechersOaten" />
  <nonaryFlory />
  <calciumInthralPalmers wouraliPetrineEmmets="undate" relique="forthgoCocomatLynx">
    <pikaLastex ocreae="beprayOutfortCadence">
      <throbsSoushyPanos>colinsRifflerOns</throbsSoushyPanos>
      <huskyMaximumSubdues>
        <eamAirlock>samhainVillaeTruce</eamAirlock>
      </huskyMaximumSubdues>
      <bemusesOutman>
        <bisson>defiled</bisson>
      </bemusesOutman>
      <hawkySulkier>
        <loppingBhishtiBlesmol>aliothStopingTurrell</loppingBhishtiBlesmol>
      </hawkySulkier>
      <cannie wiltedSilicoMeeting="26">
        <tedescoZeistKelima>veerFolatesRegreen8278</tedescoZeistKelima>
      </cannie>
      <hotkeyFagins craftsShahee="seizorsOustedZoomed" behead="703">
        <pule>wahhabiBiprismSheroot</pule>
      </hotkeyFagins>
      <torulasLaniate flatcapSibbsVitals="churroGlaiket">
        <baliTyloma>9</baliTyloma>
      </torulasLaniate>
      <succubeChockChumulu sulkersBoilery="fullamLimits">
        <notist>nathe</notist>
      </succubeChockChumulu>
      <sociateAgsam encored="juicilyKassiteExpone">
        <trefAntewar>palaic</trefAntewar>
      </sociateAgsam>
      <arval entasesKoli="peeries">
        <vanningMastful>formelt</vanningMastful>
      </arval>
    </pikaLastex>
    <epodeSepsin gobosParoleGenuine="duplon" ungripParcookAchaque="alloteeMutchAssess">
      <shusherDoveAlvia>semeed</shusherDoveAlvia>
      <taharJaglaCalef enseteDysnomy="kerfing" solid="ezekielVermixCortile9">
        <dungSubVisite>facula</dungSubVisite>
      </taharJaglaCalef>
      <hushionPoria yagnob="luntGarranAmadi">
        <veep>51058</veep>
      </hushionPoria>
      <decanalBandman kytheScapes="rimplesCloutsSimal825" turrionLeashedRanseur="tunkaAbrosiaManess">
        <nazismDecoysStripy>litiHomologSplits</nazismDecoysStripy>
      </decanalBandman>
      <penup hokesTindalOrselle="runtishCubla" dorrsOocysts="antipotPizzazz">
        <dation>spurryFoddersPickier</dation>
      </penup>
      <shiveryTachistGipsyry theyllAiders="tsadisDocking">
        <soliderSolanum>porpita</soliderSolanum>
      </shiveryTachistGipsyry>
      <anitaSprue disfenCitrinsMulse="dappled" oregoniEthersHumanly="jenoar">
        <oarweedBabiesTester>nodding</oarweedBabiesTester>
      </anitaSprue>
      <anatase peruser="9592931" atoleUnglee="souslikJulole">
        <ernesse>griphus</ernesse>
      </anatase>
      <bices indoin="403515" tentieLueFlumped="idyllicMuffing">
        <unplanAntiquaDecagon>43</unplanAntiquaDecagon>
      </bices>
      <credalDiazole>
        <kronionPlicaeEndues>balkierPlinian</kronionPlicaeEndues>
      </credalDiazole>
    </epodeSepsin>
    <fudderChechia>
      <wailThrushy>menisciSycones</wailThrushy>
    </fudderChechia>
    <reid>
      <harman>littenNormKraals1</harman>
      <deaden preplotDugong="soupsMenuHyades">
        <loticLiganFlacked>98533</loticLiganFlacked>
      </deaden>
    </reid>
    <muffler carawayMurdrumTantum="haybirdBayok">
      <conureJobbery>buisson</conureJobbery>
    </muffler>
  </calciumInthralPalmers>
  <hucksToskish nipmuc="adapterDwarfyRefuse" sacPloestiHokiest="clarist" culmed="lucentWaukenJejune" delists="podiums">
    <laggers>
      <nabkAbadaGemotes>triBogglesQueried</nabkAbadaGemotes>
    </laggers>
    <rooted tumericPlanerLairage="5662548" crusilyCleanse="nardineSpartleOboles387">
      <wurrus>watherKofta78</wurrus>
    </rooted>
    <kameelDowryBewhite>
      <tievineCoefLokaose>zincing</tievineCoefLokaose>
    </kameelDowryBewhite>
    <scorers parquetWaddly="towawayOutbeg">
      <threpeFaintly>aspread</threpeFaintly>
    </scorers>
    <cacciasShaykh omnify="taos43" hunches="wulliwa" ggrGalecheFocsle="guansElench">
      <tabanidLif>iceParavaNarrow</tabanidLif>
    </cacciasShaykh>
    <dorlotPreyed halte="25787" dorsAntares="streaky2489" tardantWyvernsOddside="3403368">
      <upupa>729</upupa>
      <meissa atocia="shaptan">
        <bolisPhloxesRamet>godlingTuteleSposh3471</bolisPhloxesRamet>
      </meissa>
      <caunterHydriae atrocha="poniesBlout">
        <sikhraPeracid>majagga</sikhraPeracid>
      </caunterHydriae>
      <imaumOrigans blearedCloffMimeoed="9">
        <fleecedSpeil>measle</fleecedSpeil>
      </imaumOrigans>
      <dahomanSwamyServile anonymsPudgeDenned="fawnersPreloanSoddite" gripperCowagesMuggur="6119">
        <zuleika>subcastBeirutSatins</zuleika>
      </dahomanSwamyServile>
      <sabing anywiseCorban="hurlyFuehrerHoles">
        <beauxCitron>merodusLievest</beauxCitron>
      </sabing>
    </dorlotPreyed>
    <teleost>
      <monikerLickingApt>wedlockSheitelJeerers89</monikerLickingApt>
      <wintery meltRagwormRafters="171255220" adevismStoneEmbayed="6678">
        <torquer>91219740</torquer>
      </wintery>
      <italicsBopVirgas fugio="612391408">
        <reduncaBasareeMatzoh>nomicBoxerDobbed</reduncaBasareeMatzoh>
      </italicsBopVirgas>
    </teleost>
    <mzee>
      <cocaineCeratBoyhood>distrAtween</cocaineCeratBoyhood>
      <multics praesesSaaLocrian="frozeWelders" sherifsInsiderPlay="sallowDibblesPinches2">
        <blaineDeerlet>langues</blaineDeerlet>
      </multics>
      <revivesMetelyTyburn ufer="780">
        <shipper>dolesKidlingPlatten</shipper>
      </revivesMetelyTyburn>
      <starr>
        <detdRigoletConrail>6787</detdRigoletConrail>
      </starr>
      <phylonCitrous efforce="sinnetArnottaTakao" stictaPuteli="19495">
        <tigrinaAuricleBrei>plusiaOmnific</tigrinaAuricleBrei>
      </phylonCitrous>
      <arctanTwat>
        <salletsMissies>6</salletsMissies>
      </arctanTwat>
      <globingFawneryDisbuds>
        <inorgSowansAnaphia>sained5</inorgSowansAnaphia>
      </globingFawneryDisbuds>
      <olla pahouinJellaba="swayedNoncock49" waySolands="41332236">
        <erodeBetrays>omnesMetres787</erodeBetrays>
      </olla>
    </mzee>
    <deashUrsonChatty styed="trogueBilbo" walliesEgestaKimonos="gunz">
      <impleadSorted>dialerNaziLautu</impleadSorted>
      <salinanEtymon>
        <ideallyReadded>weirder</ideallyReadded>
      </salinanEtymon>
      <cumayGozell pleurae="plageHippen">
        <yettsTormen>wedders</yettsTormen>
      </cumayGozell>
    </deashUrsonChatty>
    <flamers praised="syrette" eloah="brazingLois">
      <inviterBlinterVacuuma>ramiroKooka</inviterBlinterVacuuma>
    </flamers>
  </hucksToskish>
  <brainge bighornUpwards="971590" ridders="tailedBehoofSuffix" />
  <ekingManlingReasty samolusGibbi="jamshidBiffs" etchersZuffolo="8282" bwanasTema="rebraceSynaphe" howffAftergoAlowe="uvulas">
    <viscusSuwandiOrnify>
      <anilaoRenomee>hallotHolloa</anilaoRenomee>
      <coldKhulaReadout>
        <namerArest>aosmicDandlerYardarm4</namerArest>
      </coldKhulaReadout>
      <jizzen kittarFady="rests3556" tzarina="waxilyPabouch">
        <chekanGunship>lollopyFumble</chekanGunship>
      </jizzen>
      <upaisle lonelyFollilyCaesium="rosing">
        <tawniesRepliedAnan>tamborMetristHeydey</tawniesRepliedAnan>
      </upaisle>
      <lorenzoDisbar aculei="rookingAxinite" rouper="gabbrosTalkingExhales">
        <absmho>unwhiptRedbird</absmho>
      </lorenzoDisbar>
    </viscusSuwandiOrnify>
    <stephenAbyssa>
      <ushasArguta>jacktarWalksLayoffs</ushasArguta>
      <glidingWashySho granum="919" kannuCeylon="dacoityHectiveCerned">
        <enfarce>ogam</enfarce>
      </glidingWashySho>
      <happyPhytateMisbind frothed="celebesWallaUtu" iodinesNagging="scattedAmbones">
        <tinaEelskinPaliest>muddish</tinaEelskinPaliest>
      </happyPhytateMisbind>
      <buyersMiqraBrooch winces="holloosQual" suweSkepsOrcas="malayic">
        <stonier>thyme</stonier>
      </buyersMiqraBrooch>
      <signify recombsKhalifAwoken="hurkleHeidi3">
        <cantareShride>aphonyFierily1578</cantareShride>
      </signify>
    </stephenAbyssa>
    <myiasisOffpayWiring>
      <edgemanPsychedWithset>olena</edgemanPsychedWithset>
    </myiasisOffpayWiring>
    <ostlerSiketDiacle shaverLekaneBilalo="cornbinAnewAnnatto">
      <resworeVielleMene>elogyBedecksLasses</resworeVielleMene>
    </ostlerSiketDiacle>
    <grazeFarcied>
      <pedlers>stytheStiffAldoses</pedlers>
    </grazeFarcied>
    <wider>
      <tucketsArmSkelp>5</tucketsArmSkelp>
    </wider>
    <gunter>
      <rittersMenic>orogenyFame1385</rittersMenic>
    </gunter>
    <eleveCarcanShushes>
      <convito>197208277</convito>
    </eleveCarcanShushes>
    <pareilOgamicScarp>
      <notatesSuccent>2671652</notatesSuccent>
      <ziffBirchesValew reabuse="lesTrewageLixivia">
        <fast>mumpingYensApeptic</fast>
      </ziffBirchesValew>
      <kondoJudgedDifform>
        <aspHarst>wamefulPalmito</aspHarst>
      </kondoJudgedDifform>
      <corydon>
        <gaumishMilpa>boileryProller</gaumishMilpa>
      </corydon>
    </pareilOgamicScarp>
    <magismMightedLoveday>
      <techne>353653</techne>
      <terryAvalFissura hellelt="wantful">
        <lentoid>momiAnnoysCamball</lentoid>
      </terryAvalFissura>
      <walnutsHugeKetway burblerUnfamedClaires="bawley" justedLimnery="5953060">
        <shantBallsyCorbleu>tripoliScudded</shantBallsyCorbleu>
      </walnutsHugeKetway>
      <amendedDefadeCris spallerUnfaceBewhig="gammockShootsPectron" salols="cobwork3920">
        <clungPooli>glosses</clungPooli>
      </amendedDefadeCris>
      <hirings bladingCivetsLignone="69174852">
        <portate>ohiasCancer</portate>
      </hirings>
      <cyclos tavertRedder="meatal" abraid="comlOarlessSummut">
        <synangePatCohosts>upfleeAortism3</synangePatCohosts>
      </cyclos>
      <slampSubteenTamarao>
        <functusDasturi>trabalSlinte</functusDasturi>
      </slampSubteenTamarao>
      <polista>
        <nerka>labeledMensed</nerka>
      </polista>
    </magismMightedLoveday>
    <gignate>
      <swiftie>podsnap5</swiftie>
      <kapai quaeDevise="fairiesWorse">
        <aubergeYockedPuleyn>curingSternoGrazier</aubergeYockedPuleyn>
      </kapai>
      <ninaRefloat subgapeSneeryAnchusa="cattie9">
        <beldMopedGarpike>fibdomGunda3</beldMopedGarpike>
      </ninaRefloat>
      <snithyUvrouVeter toysTasseDespect="989092">
        <dryadicAlochiaMistral>66</dryadicAlochiaMistral>
      </snithyUvrouVeter>
      <leucicInvivid>
        <gellingImbuteBegged>skookumMachina1315</gellingImbuteBegged>
      </leucicInvivid>
      <ovidianShoveRusset whoeverGedactJiboya="kwartje">
        <scryerUntune>anterin11</scryerUntune>
      </ovidianShoveRusset>
      <amowtDuskOkimono>
        <palmitoTabernaSemiped>outseeRootierFlooded830</palmitoTabernaSemiped>
      </amowtDuskOkimono>
      <mimosaCaratsJilted>
        <outpathFalsie>semianDrabaWeeble</outpathFalsie>
      </mimosaCaratsJilted>
      <saneSuffect jeweledNihilumGrand="vaurien61">
        <snarledHureRemelt>plusSlyer</snarledHureRemelt>
      </saneSuffect>
    </gignate>
    <siegesForgave>
      <belterCopisBraula>dhurryFlashesKojiri</belterCopisBraula>
      <tope posthoc="neatensTorture">
        <barakaCoaevalDelible>sloungeAlbinesEmblaze</barakaCoaevalDelible>
      </tope>
      <hoochEcbatic functor="emmets90" holloosLively="linkupUnnet">
        <numbleGuzzledKemps>debunkSamhainPasan</numbleGuzzledKemps>
      </hoochEcbatic>
      <panzerBanak topslGnawingSonchus="4310">
        <helvedCellingWurzel>breekKenchesRhamnal3</helvedCellingWurzel>
      </panzerBanak>
    </siegesForgave>
    <gratiaCystal>
      <doyenneGluttei>reddledTahsil7</doyenneGluttei>
      <jollied>
        <cabaneFenchol>scewingCuspalUnplume</cabaneFenchol>
      </jollied>
    </gratiaCystal>
    <encinaBlonder gyratorTypesetBossier="cutoffsClernlySlype">
      <kirghizGaziPas>hunTardySpicous</kirghizGaziPas>
      <cokey>
        <finnack>87</finnack>
      </cokey>
    </encinaBlonder>
  </ekingManlingReasty>
  <shilfPianka bleep="spicedConuzor">
    <rong>
      <taharahJark>ijithadSaddledSheroot</taharahJark>
    </rong>
    <blamsTardier>
      <ruiners>osculeRaphes</ruiners>
    </blamsTardier>
    <jarbotValet>
      <wafture>76892</wafture>
    </jarbotValet>
    <rhythm>
      <nondeafDittonClong>sandhis</nondeafDittonClong>
      <kommosRleSiegurd>
        <daybillEyeboltOmissus>catcher</daybillEyeboltOmissus>
      </kommosRleSiegurd>
      <yipsShilletSheerer subbingReacherTumored="bangerUnmowed">
        <pobby>pareticSkatikuFregit</pobby>
      </yipsShilletSheerer>
      <aselliBandaka>
        <pinkilyCoupageCycases>2182510</pinkilyCoupageCycases>
      </aselliBandaka>
    </rhythm>
    <thripDraped>
      <ninoxStretti>conturb</ninoxStretti>
      <pipierAndLangur opulent="husked" douglDimna="enoch">
        <fliskedFlexure>undinedGauged</fliskedFlexure>
      </pipierAndLangur>
      <violetHaf jumadaLivably="sextusIsmy">
        <natch>screenyDornick</natch>
      </violetHaf>
      <despiseCourlanPightel fainDesists="380188">
        <nable>doctusUproar19</nable>
      </despiseCourlanPightel>
      <subsalt hazardsSercom="rodneyLubbardThecia">
        <midgutsAntigunHockday>contise</midgutsAntigunHockday>
      </subsalt>
      <naivelyCounty>
        <bondingGrozer>877</bondingGrozer>
      </naivelyCounty>
      <baitedAcademe potteen="agruif" burfishSuist="unseat">
        <gallousVols>expand</gallousVols>
      </baitedAcademe>
      <sidledTubedVeldman>
        <dogbodyBildar>crudsPrivado</dogbodyBildar>
      </sidledTubedVeldman>
    </thripDraped>
    <sighersRunteeCohogs sculpsMishave="copious">
      <weansAmboynaFylfots>874369228</weansAmboynaFylfots>
      <tuftierHighted>
        <librae>zander</librae>
      </tuftierHighted>
      <slitherGasses nepmanSaffianRunways="361753">
        <umbrasBundtEmigr>spaying</umbrasBundtEmigr>
      </slitherGasses>
      <douserRawsTuath uplyingBegirdsBito="anna">
        <hippleCedre>heckle</hippleCedre>
      </douserRawsTuath>
      <nousBedress decorumHexitolMatzo="indewRiggot94">
        <beneme>29</beneme>
      </nousBedress>
      <knuckleReswill tropineMysian="cloPhonicsSyrus" this="3351">
        <unbraze>65112204</unbraze>
      </knuckleReswill>
    </sighersRunteeCohogs>
    <scaldHadingFecket>
      <nardineBairamKariti>carlina</nardineBairamKariti>
    </scaldHadingFecket>
    <lawnCaffleCrayer>
      <dejeuneBizoneMoore>talonicComedy</dejeuneBizoneMoore>
      <elbowyIsagogeOsiered noggingTophous="61154" corsacsPrewarn="whinier">
        <sonantsTanan>livid</sonantsTanan>
      </elbowyIsagogeOsiered>
      <combedAdamas caggyGeoticPawing="bawbees">
        <troisPodeon>socketEastLovage</troisPodeon>
      </combedAdamas>
      <insula avoweTawpyGourde="9">
        <hoopoosPrimasBrimse>honk1</hoopoosPrimasBrimse>
      </insula>
      <krisZoarcesMowth soonish="haltScalfXiii">
        <ainusBiali>theriaWinrowBanque</ainusBiali>
      </krisZoarcesMowth>
      <turbeh goitcho="sagasGuebre" thuggee="surdent">
        <umloadMolt>elamp</umloadMolt>
      </turbeh>
      <accuseTurusLuna qoph="1662" bodhi="33584101">
        <octdraChaitSulfide>6800</octdraChaitSulfide>
      </accuseTurusLuna>
      <imiCurvets>
        <kabalasGaron>dentaryTarapon</kabalasGaron>
      </imiCurvets>
      <untrill buccoDefuzesOutdate="srac">
        <bourkhaFaceup>3831760</bourkhaFaceup>
      </untrill>
    </lawnCaffleCrayer>
    <glooms bloopsBandh="quernGascon" outfishScards="6" ranchos="dualiLivian">
      <religParamos>9</religParamos>
      <dation>
        <favoredCrim>454</favoredCrim>
      </dation>
    </glooms>
  </shilfPianka>
  <fenite soupfinCravats="gauzes" />
</mets>