<?xml version="1.0"?>
<gorily>
  <thermicKhesariShopped />
  <vacuousLongbowDenning />
  <uncroptSeimasGlaucic>
    <jiggler>
      <oversawFoxskinModi>asdicsStiles</oversawFoxskinModi>
      <dreighCollied milordUpchuck="wheyVacate" sighfulGanoses="ducalHawkishReggae">
        <awaitedSliest>loto</awaitedSliest>
      </dreighCollied>
      <creolin crucify="bustRecopy790" pierineLeaped="tyreDeific">
        <ratably>herbyOryssid</ratably>
      </creolin>
      <coprahs>
        <hudsonFoullyWhuffle>elixirPfui</hudsonFoullyWhuffle>
      </coprahs>
      <awingly>
        <closeup>gingeli</closeup>
      </awingly>
      <geoponyUta saiyidBousesSwiwet="barbaLtr">
        <dazyJumperTithe>gowpen28</dazyJumperTithe>
      </geoponyUta>
      <danta>
        <admits>coxaShereef</admits>
      </danta>
      <pleases>
        <brigued>dirndlLaurus</brigued>
      </pleases>
      <shelledProgsDamnum serail="oniscusWoo">
        <lighter>polkTendreXiphius</lighter>
      </shelledProgsDamnum>
    </jiggler>
    <koa>
      <rondino>nicky</rondino>
      <unmined hutzpaHalids="savolaRebanAlmah">
        <misbillCedrate>minumCasitas</misbillCedrate>
      </unmined>
      <boozed blaubokToxElenchi="6411" appelsGougedGeomaly="cockilyFiacresCafila">
        <biti>frisks</biti>
      </boozed>
      <secluse aliquotRamulusNymphid="pebbleMadweedBathkol" plantadAddendGoster="venders">
        <enclog>bienniaYoi</enclog>
      </secluse>
      <cariocaSunroofBinghi mehalla="yeahZurich" testa="gyrinusRudy">
        <bibelotPapyral>4</bibelotPapyral>
      </cariocaSunroofBinghi>
      <zebrinaKaes>
        <geod>spradEchards</geod>
      </zebrinaKaes>
      <fidePecksAbettor>
        <valoremDispeedBowyer>mohwaOrochonNonda</valoremDispeedBowyer>
      </fidePecksAbettor>
      <chawkHeatenDeep>
        <toxical>methylDeeping</toxical>
      </chawkHeatenDeep>
      <parelle seismsEstafet="kuskiteRagEeriest">
        <inpour>kamsins</inpour>
      </parelle>
    </koa>
    <boltelNandine>
      <yorlinMoronesRepleve>arietid</yorlinMoronesRepleve>
      <lanseh calmerHobits="702" sicanaSabora="banjoes">
        <cohibitChromasMowt>dakoitsWantageDeb1</cohibitChromasMowt>
      </lanseh>
      <exerts pogies="bocher" assalto="vimpaKelkFunic">
        <lueticsLoudestOenolic>setdownMensingKellegk</lueticsLoudestOenolic>
      </exerts>
      <abmhosLeprine spolia="8117">
        <craizeyNasusAbduced>kariWinesopBroos</craizeyNasusAbduced>
      </abmhosLeprine>
      <tautGypsterCulpose nowchStoory="haverelNilous">
        <trevetsPietonDineric>cuppasResailRanding</trevetsPietonDineric>
      </tautGypsterCulpose>
      <cadewPeroxyFib debowelVernine="sweetieEquinesHerms21" pantlerHinter="caribCancMiriest2494">
        <plazaVictory>nonacid</plazaVictory>
      </cadewPeroxyFib>
      <kokamRegrab jestsTsktsks="illudeEncupPeach70" maculaImmewLeaps="cordalTchekaSkal">
        <asconiaAweelElevons>unlustBovidKibbler</asconiaAweelElevons>
      </kokamRegrab>
    </boltelNandine>
    <havelPlanet>
      <mmfMidlegSagai>misery</mmfMidlegSagai>
      <hubTinnyMegohms>
        <gundyGoonieUnvocal>dolus</gundyGoonieUnvocal>
      </hubTinnyMegohms>
      <exomisSeismol>
        <lewisiaPegador>35616285</lewisiaPegador>
      </exomisSeismol>
      <elbowedCruset>
        <asslikeUntenty>stab14</asslikeUntenty>
      </elbowedCruset>
      <slokingTrannieHansoms>
        <foresIridine>rasoresYearnedHackler</foresIridine>
      </slokingTrannieHansoms>
      <rhinos>
        <rampireMilvus>apnoeicSarape</rampireMilvus>
      </rhinos>
      <tunicinHavocLashing twirpsRipstopRacoons="novo8" stubMercers="begohmAdry">
        <jotaGuaninsAponic>reflameRays</jotaGuaninsAponic>
      </tunicinHavocLashing>
      <fiscsAbettalCannier purdahsCloofMichery="anomalFasting" theetPingersClerisy="petrolsThamin">
        <passeLettersAminded>shammosConstr</passeLettersAminded>
      </fiscsAbettalCannier>
      <whilockDola trayAbscamBehedge="415060" cruety="tautogAnosia">
        <balmsShikaraBesauce>oilcanLemuel</balmsShikaraBesauce>
      </whilockDola>
    </havelPlanet>
    <leasedGoneySirup>
      <nuzzledForciteEscolar>outsoleIncubusAtropia</nuzzledForciteEscolar>
    </leasedGoneySirup>
  </uncroptSeimasGlaucic>
  <suddPaydaysBoser lnr="outwore" rimateHanking="nestAdmittyWarmful" spiranMythBarger="679586" jawboneGowningAmbry="geezEryopid">
    <petiteFindjanRaising>
      <mamboYurtGrata>culmed756</mamboYurtGrata>
    </petiteFindjanRaising>
    <wennier>
      <preenLewdestOnwards>maclura</preenLewdestOnwards>
    </wennier>
    <minious>
      <outcome>smaltosTowkayDinka</outcome>
      <belateLumbagoBaaed vinyon="ocubyFinerMyalia3559">
        <airestDaukin>kyklopsGodlier</airestDaukin>
      </belateLumbagoBaaed>
      <promitLhd rhymyPests="410">
        <ecthymaPopessDruttle>ashur</ecthymaPopessDruttle>
      </promitLhd>
      <gladdyAhmadi maystPaxGayness="oraclerPurfler">
        <hoboeQuickie>larreeKifsKronos</hoboeQuickie>
      </gladdyAhmadi>
      <volley>
        <hemuleChaffedShamim>pendedBoxierEndites</hemuleChaffedShamim>
      </volley>
    </minious>
    <yorkersFreers teufitNincom="unflock" riboseShear="blueish">
      <roper>175</roper>
      <bunceAgonia brewer="jarvisPapable">
        <pirogTwibilsTramell>soumak</pirogTwibilsTramell>
      </bunceAgonia>
      <naphthaZoarial haskard="aetatBargingTrapans">
        <spawlRabfakCattie>thereasDeburr</spawlRabfakCattie>
      </naphthaZoarial>
      <polyveFastsToros>
        <stevanRefresh>helicon</stevanRefresh>
      </polyveFastsToros>
      <labellaRustled cheepedNicksKhanjar="rinkaBaraza">
        <rhesisOcoteFusses>74</rhesisOcoteFusses>
      </labellaRustled>
      <anmiaBlas musguPolkAldol="dewater" disuseFighter="baniaLenYagis">
        <ophiteNeustic>brigued</ophiteNeustic>
      </anmiaBlas>
      <mitraChinafy snickey="knives" albainnDratIzzards="pansGweduck">
        <atheousBantengKarvar>slayingDireful</atheousBantengKarvar>
      </mitraChinafy>
      <deavingThitsi tushy="poppinOutpace" wackeImbondoKisaeng="wealdenAcnida">
        <lathingLongeQualia>472079287</lathingLongeQualia>
      </deavingThitsi>
      <minderKana xenopusKohlHarling="modula">
        <penners>sargosJeepneySpinach</penners>
      </minderKana>
    </yorkersFreers>
    <herbierStraveIdea planch="crosnePik9192" sculpinBoletic="vegaDatapacOthello" bells="entera">
      <homingMahallaShabbos>1379238</homingMahallaShabbos>
      <cassiriStrapHematal manul="junker" unpacksLessee="nutant45">
        <bangashAsprawlIsoxime>brideBacileEthinyl</bangashAsprawlIsoxime>
      </cassiriStrapHematal>
      <realestKubanka>
        <geer>thawn</geer>
      </realestKubanka>
      <zizzlesColobBarche vestsEither="commemJougs">
        <mocTalas>40181</mocTalas>
      </zizzlesColobBarche>
      <hoarily manet="olpaeBatwaAdam70" quilesBunked="xenian">
        <indulinDapicoEgypt>zorilsBracon974</indulinDapicoEgypt>
      </hoarily>
      <galliumBluffStaio sangley="jollilyScena" bamPolloi="996075">
        <uncrimeGuises>pankinSubmitSwiwet</uncrimeGuises>
      </galliumBluffStaio>
      <uvularRossSoleas lucesChionisUngive="pillowsImblaze" champerVedana="totumVogues512">
        <gabbaiMolimen>267374</gabbaiMolimen>
      </uvularRossSoleas>
      <pupidaeCurvetTottie vaireMullion="tourneyGirtPsykter">
        <recombSissier>propaneDomineHolden</recombSissier>
      </pupidaeCurvetTottie>
    </herbierStraveIdea>
    <gashyBewhiteHongs>
      <foggishCoyer>hogheadXerafin</foggishCoyer>
    </gashyBewhiteHongs>
    <pinnuleHotcakeAbreast>
      <myocdiaEtruria>gestioCroppaImmound</myocdiaEtruria>
      <juglansTaggedSultam forslow="mercies">
        <abioses>4317203</abioses>
      </juglansTaggedSultam>
      <steropeCholer admixesSculptEpidote="725">
        <nailyTaurean>53859061</nailyTaurean>
      </steropeCholer>
      <branlesWraithy blendJingles="36891">
        <sabingWhisks>villainMemberStalled7878</sabingWhisks>
      </branlesWraithy>
      <waybungUpbraid>
        <asculaHeughs>reroofPitcherSkef6</asculaHeughs>
      </waybungUpbraid>
    </pinnuleHotcakeAbreast>
  </suddPaydaysBoser>
  <jewed fermis="dightUntaut">
    <adolf montageRamps="ginglmiYowed">
      <emuls>moneySextet</emuls>
      <syriasm>
        <chettikAidman>maneh</chettikAidman>
      </syriasm>
      <seedilyMitra>
        <pipal>orwell</pipal>
      </seedilyMitra>
      <malloyInstr>
        <waggonsClaws>maltine</waggonsClaws>
      </malloyInstr>
      <chaoriAmbaris stonesUploomPalmo="spreeAgaricGelants" erring="trilled7549">
        <skeich>9</skeich>
      </chaoriAmbaris>
      <mogo>
        <fibberSuckenCrub>52</fibberSuckenCrub>
      </mogo>
    </adolf>
    <tuttingGreeterBiset>
      <giustoRelieveAlisma>187061638</giustoRelieveAlisma>
      <sprittyMonte julidae="cacodylHellHangul">
        <roachSerpentDridder>thripel</roachSerpentDridder>
      </sprittyMonte>
      <ultimeKiltingContent auetoPlumet="bombleWesters4" bagfuls="cedulaBarnabyGrasp">
        <putzHoweverLippers>dorabVisitorWafd</putzHoweverLippers>
      </ultimeKiltingContent>
      <tsking>
        <splintIsamine>maltedLievestSneezer</splintIsamine>
      </tsking>
    </tuttingGreeterBiset>
    <toyotasShowy>
      <groggyFinnick>twankayMoniedBothie</groggyFinnick>
    </toyotasShowy>
    <ppm stean="dikastRooferGrise">
      <mammets>barras</mammets>
      <emotion pleasedAmalgam="postwarSubclan" exesJubilee="cussGnome1145">
        <tallitZirconCuratic>60343945</tallitZirconCuratic>
      </emotion>
      <boterolQuire curaSackers="382498">
        <tissues>9</tissues>
      </boterolQuire>
    </ppm>
    <afrete>
      <curredLowsest>besaielFob</curredLowsest>
      <mikrkra jambonRebud="afreet707" singleAcmaeaSin="949">
        <hadean>dacoityGlandesDuchy</hadean>
      </mikrkra>
      <unhazedSangars dadaismEpop="2" clethraChuffed="8252">
        <crowderManila>wall</crowderManila>
      </unhazedSangars>
      <caphtorPosingSubbase>
        <befoolsIodize>6855273</befoolsIodize>
      </caphtorPosingSubbase>
    </afrete>
    <doddieTienKota>
      <enmeshBittern>muskierTweenyListen98</enmeshBittern>
    </doddieTienKota>
    <feversGlyoxal roerHallion="toroidsClavolaDimane">
      <facesMestenoQaf>brushetEndless</facesMestenoQaf>
    </feversGlyoxal>
    <smoochPairleAdj nonuserDinkingBladder="chase">
      <palanka>flumedDuckpinParate771</palanka>
    </smoochPairleAdj>
    <waifed baleise="faked" sabinsHainchSumph="92896">
      <hachtPlierEquates>resinicDestainKissel</hachtPlierEquates>
      <onwardMutic gasogenFrike="bearpawHerms">
        <spewerMijlPommet>1026162</spewerMijlPommet>
      </onwardMutic>
      <epinard signorSarkTroughs="bhp" xxiMadded="thyrsesTzuris9">
        <adj>alcogel</adj>
      </epinard>
      <prunellChillFourier>
        <love>38079</love>
      </prunellChillFourier>
      <shamoysCulBespawl unsleekMeadsLatency="3">
        <isawaUnsews>emanant</isawaUnsews>
      </shamoysCulBespawl>
      <thwiteCarboysHood>
        <semitalQuinaryCalmly>fussifyZokor602</semitalQuinaryCalmly>
      </thwiteCarboysHood>
      <presets sawers="hubblyAnesis">
        <upatticExileSapient>insertsWhisk</upatticExileSapient>
      </presets>
      <avikom mani="hearted">
        <rebite>stannyl45</rebite>
      </avikom>
    </waifed>
  </jewed>
  <damoneScaringGravid sowtGreboCutted="hearthsChronUnjust" snig="locosPee" nympho="aft" proturaDipcoatUprein="randingLaggin3">
    <siccingBandido sophene="osteomeHoosgow" savingBioticKatun="603" topfull="pyralidWarse">
      <bulluleSkoalsFamulli>dorey</bulluleSkoalsFamulli>
      <connive atabalPlayers="swipesToon92">
        <shapingVrother>charger381</shapingVrother>
      </connive>
      <coying>
        <earbashTagsterDoomage>sebificSwallow</earbashTagsterDoomage>
      </coying>
      <emagramTorrefy>
        <whitiesGulamanCyclone>344388</whitiesGulamanCyclone>
      </emagramTorrefy>
      <camansiKingdom>
        <versWhirrsTwiddle>chilliThicke45</versWhirrsTwiddle>
      </camansiKingdom>
      <yessedBumeliaMahran gumtreeBoatageKnolly="spisula">
        <kickierAbnet>31755996</kickierAbnet>
      </yessedBumeliaMahran>
      <castles>
        <absolveSiding>tagetol9</absolveSiding>
      </castles>
      <thackWark skemp="9053623">
        <pavanesThienyl>aging</pavanesThienyl>
      </thackWark>
      <faggotAzhaUnslyly>
        <gemot>gomeisaShafted</gemot>
      </faggotAzhaUnslyly>
      <resurgeBalker>
        <asthma>pataMuskies</asthma>
      </resurgeBalker>
    </siccingBandido>
    <kousin>
      <nappies>cymas</nappies>
    </kousin>
    <sockoVivific felsparAoife="unfaded461">
      <outadds>546311538</outadds>
    </sockoVivific>
    <brockle>
      <zoilusMissoutClouded>4140</zoilusMissoutClouded>
      <jillionDouceHeeze mummersPodger="swayfulReinferWithers" imines="dentileFowlpox">
        <battedMoistly>wouchElectraHappier</battedMoistly>
      </jillionDouceHeeze>
      <croc doggersBeratedWadmals="ecocide45">
        <palmierAnguleChegoes>endiaPlashy</palmierAnguleChegoes>
      </croc>
      <thysen queeve="goumierTracesLotuko">
        <kilneyeImpall>hoddyStrands</kilneyeImpall>
      </thysen>
      <boottop unitalNonslipBliaut="hibbinLintolFeere" gumharSpelunk="58211">
        <rentes>licania</rentes>
      </boottop>
      <lallandIranianManhood>
        <mumsy>487552</mumsy>
      </lallandIranianManhood>
    </brockle>
    <nolosWivers>
      <phora>tanrecHadjemiEstats</phora>
      <pomadaEristic rollOpencut="imbatScorns46" nubiaSimcon="groupArgyllAnne">
        <dondia>97625</dondia>
      </pomadaEristic>
      <indraHeavily gigolosNeurineSubline="eloignBangs" tatuQuaddedSibs="proteusGastric">
        <ferfet>italici4</ferfet>
      </indraHeavily>
      <exmoorSarlak zebrassTwiggyHeloma="erwinTwangle">
        <debone>unsoul</debone>
      </exmoorSarlak>
      <unsaferGonad tingisWarpsDjebel="gooey">
        <tipulidOldsFalloff>pimpishSnockTaxons89</tipulidOldsFalloff>
      </unsaferGonad>
      <hagwormChapped beastly="vuln9584">
        <cobbraWaukenAcinic>driestSpikedDamps</cobbraWaukenAcinic>
      </hagwormChapped>
      <refiredVealing prepn="hutzpaCoagula" mullerGrigriAnlases="mapperLilith">
        <headcapSlooBywalk>leonSjomil</headcapSlooBywalk>
      </refiredVealing>
      <daoineTeasySnozzle ennerveLightyTubae="3">
        <skuasLyctidJocoque>drooledHouriHatti</skuasLyctidJocoque>
      </daoineTeasySnozzle>
    </nolosWivers>
    <nair>
      <insole>26</insole>
      <vexerMeatusAnjou feridjiZemstvo="mortisBeefy" cecityHashy="rorqualTailfan">
        <polypedDobroesPickee>gypsyry</polypedDobroesPickee>
      </vexerMeatusAnjou>
      <wistingOrcasJazzed suf="noises">
        <huskDogmataDroukit>70044</huskDogmataDroukit>
      </wistingOrcasJazzed>
      <eureFlaysBespell>
        <gippo>443</gippo>
      </eureFlaysBespell>
      <recycleRubella>
        <sanseisRakitHupa>18</sanseisRakitHupa>
      </recycleRubella>
      <algineSternedBoskets>
        <zaparanCupula>bobbersInsets</zaparanCupula>
      </algineSternedBoskets>
      <papoula debusOsone="leghornPinas3167" upsyDurra="7809">
        <romeo>laralia35</romeo>
      </papoula>
      <wirra sweenyPoleis="vilaAnconas" thujone="50">
        <sionJackeen>myringa</sionJackeen>
      </wirra>
      <prizedTuggerEnruin partenScenic="56957475">
        <richestKristiMixes>fernery</richestKristiMixes>
      </prizedTuggerEnruin>
    </nair>
    <imbat>
      <rooses>yephede</rooses>
      <howlingFrolics gleanerMoppetsOblasts="gruelsTrooped72" drchDasturi="wepman">
        <tucketBeneMayans>pict</tucketBeneMayans>
      </howlingFrolics>
      <arabsAbushCorinne macies="arcaneCompoPickled">
        <seawantNepa>crimpleBesagueEthnish</seawantNepa>
      </arabsAbushCorinne>
      <risibleBodes anightPurset="casebox" numisAndaquiMorbify="agapae">
        <hoaxingChudicReceded>boggish</hoaxingChudicReceded>
      </risibleBodes>
    </imbat>
    <quotes>
      <rhodesBye>gaslike</rhodesBye>
    </quotes>
    <kutchinNabbing>
      <jackrod>joolaTendry</jackrod>
      <meliolaJeetee debord="54407">
        <burlilySillier>peins</burlilySillier>
      </meliolaJeetee>
      <serbia casseFelspar="zygalDosedRecoals">
        <whenasCoked>zeatins</whenasCoked>
      </serbia>
      <rabatTautingDropper plinked="softasBilstedFlyboy">
        <hydaticBiophor>grylli784</hydaticBiophor>
      </rabatTautingDropper>
      <feelyStigmas piroghiLysidinBrewis="46">
        <gamsShiningLanioid>385</gamsShiningLanioid>
      </feelyStigmas>
      <barman pgnttDogiesTrawled="corbleuMundanePrang" faff="akpek5">
        <gyronsWhilomOffside>cotoniaKafiz</gyronsWhilomOffside>
      </barman>
      <zymases>
        <thaught>piscina</thaught>
      </zymases>
      <toughSynovia budtimeYoungun="aperTanwoodCowper" doggle="79806560">
        <kelsonShooedAlveloz>sneb</kelsonShooedAlveloz>
      </toughSynovia>
      <geonicImaged>
        <tareaAroundQuerido>buteinWifie</tareaAroundQuerido>
      </geonicImaged>
    </kutchinNabbing>
    <acousmaPalsyChauth riotistSmear="807" beaufin="loriesRewardsCalydon">
      <unnethHygeenRabies>coppledDerrisRecide</unnethHygeenRabies>
    </acousmaPalsyChauth>
    <kookaWooshedBankers>
      <flenser>84</flenser>
      <papeyGriffsLuckie>
        <noilsFixionHalvahs>buffierBastiDiatoma</noilsFixionHalvahs>
      </papeyGriffsLuckie>
    </kookaWooshedBankers>
    <malaise drunker="noiseAsaron" office="99021772" turnoffDau="takaoPaschaCojudge">
      <kilosDalesCracker>crimDongaDaising</kilosDalesCracker>
    </malaise>
  </damoneScaringGravid>
  <redefySowishGrugous />
  <petr skemmelChurrsCatechu="piendChiveyDegras" cebids="96008">
    <pastimeBewidow adenousComalsShintai="rewakesRhaetic5">
      <whaJassDakhma>choosey</whaJassDakhma>
    </pastimeBewidow>
    <pyrotic>
      <yirn>dohter</yirn>
      <coction hemagog="goldurnFeroceCanids">
        <shakoesGladiusEnwood>eryngoWosome274</shakoesGladiusEnwood>
      </coction>
    </pyrotic>
  </petr>
</gorily>