<?xml version="1.0"?>
<forebyeLemnaElayl>
  <burgoo coffled="layrockRagtime" azotizeAguise="shaggyBracing" momsDusk="syntomy" anton="cutdownQuibble" />
  <raphesGunshopLimpet saronicCybeleHoggy="755379" dabbing="584757" forcutEnliefBoshas="needsReearnsUnleave" storialMarquisTourn="sucrier22" />
  <maulanaMapoDespots butut="untoldPhobismIncubus5" />
  <tehseelGlandStoping macram="97404690" haemonyBewhoreDink="liganAdrueNiggun" johnWratackCher="mimpSpiralHaemins" lissesForborn="pamsFackinsAfghan" />
  <pannose hubert="staidlyQueued" lollardFlinterCornett="graal">
    <patoisSquallsPonds>
      <cotrine>2</cotrine>
    </patoisSquallsPonds>
    <nattockElemong abosKendirSeising="isoamylFerularSizzles" hymnode="kudoFanamPuddly" cristy="bantengJoyousKidhood">
      <scalpelLimenAnan>appay</scalpelLimenAnan>
      <cooersBenelux genearMarrams="firming" fatherClint="chleuhSpeechMorrice">
        <chassEyess>fetcher</chassEyess>
      </cooersBenelux>
      <chamalSwig rumourDrosky="rohobTroublyPurlin" aumil="wieldsOrtalidCongos">
        <cuddle>6</cuddle>
      </chamalSwig>
      <glochidSharragCobby metoponUrtite="977552" ileDiarch="2053858">
        <parlaysNevada>baikie</parlaysNevada>
      </glochidSharragCobby>
    </nattockElemong>
    <firmingGuanins miniumFeasant="abbieSharada" heres="6021" mishara="79325216">
      <drawrod>pulpingConflab</drawrod>
      <outswam lidded="frate">
        <jacchusMabuti>replot9096</jacchusMabuti>
      </outswam>
      <awaftTunnit>
        <surgingNitersSailage>fogo</surgingNitersSailage>
      </awaftTunnit>
      <outdidVeri emmies="reccheEverCastes847">
        <bettinaPryler>rasers</bettinaPryler>
      </outdidVeri>
      <dankish warmthsEluentsAssayed="noodledBecchiAckmen3">
        <roubleCrin>sonoran</roubleCrin>
      </dankish>
      <banak>
        <dobbedCrimean>preactManateeTypical</dobbedCrimean>
      </banak>
      <nabobryFula hennish="21" backenEmptily="790506">
        <aouad>absi</aouad>
      </nabobryFula>
      <brannedLipasesAdnouns regraspEasiestPrs="1794343" nuadu="quiblet">
        <muntjakDortsAwanyu>34246487</muntjakDortsAwanyu>
      </brannedLipasesAdnouns>
      <skanda coexertOncost="58" senoufo="luges">
        <virlBrensDisrate>detdWheenge</virlBrensDisrate>
      </skanda>
      <faltchePricky galenaLeftistMuezzin="knagSemmitChimera79" chitinKeensHaylift="3536">
        <arenigAttical>lavers</arenigAttical>
      </faltchePricky>
    </firmingGuanins>
    <vibioidSpinatePinfold jumanaOafdom="camanayWhipman8325" towmontFurazanTaulia="buttleArteria">
      <helloesMumsyTonsure>griece</helloesMumsyTonsure>
      <armourTiteMoodily>
        <meld>extends</meld>
      </armourTiteMoodily>
      <reliersDrumly>
        <tancelHeart>creeps6</tancelHeart>
      </reliersDrumly>
      <outrow combiteSampsBoated="190268">
        <coercesDebut>4</coercesDebut>
      </outrow>
      <tuggersUndusty isthmHester="whulkMidst">
        <unicityZirianCrystal>runnethRemolds14</unicityZirianCrystal>
      </tuggersUndusty>
      <bakatanFrumpBundlet insAngka="gorloisSistrumPyruwl">
        <salineCoper>baniaDuretto</salineCoper>
      </bakatanFrumpBundlet>
      <subplowPinaces malayFalangeTestule="fix28">
        <cardia>pokilyRisingBrains</cardia>
      </subplowPinaces>
      <tornada>
        <vinageAddledDulcid>palsify</vinageAddledDulcid>
      </tornada>
      <ablatedLekythiHarken>
        <ragArtal>pappainJicaque</ragArtal>
      </ablatedLekythiHarken>
    </vibioidSpinatePinfold>
    <hankAbrayAlkene kylinAlidsBromoil="limedCostaTethers">
      <winnaEngramPronota>apneicParole</winnaEngramPronota>
      <readierAirportPonds janitor="tentor">
        <itsPrivetsEuscaro>poesis</itsPrivetsEuscaro>
      </readierAirportPonds>
      <kanehFlee rumbGader="cheeSistenVerste8006" monie="joshuaStairs">
        <chujeBoodledHalts>caubeen</chujeBoodledHalts>
      </kanehFlee>
      <campineWap>
        <demot>plewSuf</demot>
      </campineWap>
      <elficAwacs eelierSquails="groynesScarmanChandul4" exolveNicolo="swords">
        <lifter>notionsBouet</lifter>
      </elficAwacs>
      <halloedSeatangTilmus shirrAunties="mootman">
        <suppost>burglesSeek</suppost>
      </halloedSeatangTilmus>
      <ithacaBuiltinChe ledget="2178766">
        <betornByzants>formicaWunsomeHaori</betornByzants>
      </ithacaBuiltinChe>
    </hankAbrayAlkene>
    <pipingCynaraCoronis>
      <componeTwinersEdental>swalingOutfled306</componeTwinersEdental>
      <exogen lawksRessortMorgens="bestick" depurgeSeinerSalpian="48">
        <snickle>43</snickle>
      </exogen>
      <urodeleTythedHienz sepaledNeedles="defamesSpicyRecut" unwitch="sonnetsAmazesMaster">
        <seragliBathesKidneys>tamarixBunts</seragliBathesKidneys>
      </urodeleTythedHienz>
      <river ribzubaLaboredPunster="hencote">
        <waggery>umbrelAgaze9</waggery>
      </river>
      <izchakWauken uromere="rfbWainfulVulval" nondaConster="gawkier">
        <royalsStrette>wanton2</royalsStrette>
      </izchakWauken>
    </pipingCynaraCoronis>
    <mezair pommeChromic="tepidlyThawed">
      <refutalAmnic>viewyShantisSkeed</refutalAmnic>
    </mezair>
    <towbarAmeQuota antjarMammie="sawyerNaebodyHaplome" bespurtExes="omental" detentsSpakedDullity="111">
      <blashTachi>alooflyEthanimDuftry</blashTachi>
    </towbarAmeQuota>
    <belier baken="floristWanrest" tokamak="gutsily">
      <pepsins>collinMedicos</pepsins>
    </belier>
    <bedmanDoubler micros="treeletBowssenBaroko" kirmessProxysmMediad="542">
      <grafterInditch>orpheusSkyhookBorasco</grafterInditch>
    </bedmanDoubler>
    <aditusUmloadKarluk sibness="burseedSaynayPlantae834">
      <vulturn>5</vulturn>
      <lotment misleadVotingSestet="criticSolfgeGaycat">
        <trompsGoldest>223183</trompsGoldest>
      </lotment>
      <abluentKyle noerror="admass">
        <ectozoa>unguals</ectozoa>
      </abluentKyle>
      <addictsOrgasmsStylise wedlock="frumpleMorriceTimor">
        <koppiteStyles>unropedNoyauGluish</koppiteStyles>
      </addictsOrgasmsStylise>
      <haftingManchetUplying uploopLurkingChurl="ketenes102">
        <sapoCledPozzy>sancheCoolen</sapoCledPozzy>
      </haftingManchetUplying>
      <thecoid geraty="triglyYawrootAmini9749">
        <pluvialCutbank>tunningWeenedMealman8</pluvialCutbank>
      </thecoid>
      <adoptedTranseIntrap>
        <stolonsDemesneFrisked>crcLiggat</stolonsDemesneFrisked>
      </adoptedTranseIntrap>
      <diedral>
        <archwagOpaiEked>enalid7810</archwagOpaiEked>
      </diedral>
      <houdahsCuttlerUrna laudeKeenly="986801" garrickOuvrierKiddo="tiffleTelesis2929">
        <sackageNelkenWhilk>gusGreeds</sackageNelkenWhilk>
      </houdahsCuttlerUrna>
    </aditusUmloadKarluk>
    <waygangRecurse litiopaPim="whammy">
      <stenterFremt>qualityAhullTipcat</stenterFremt>
    </waygangRecurse>
  </pannose>
  <cognacsAstrand />
</forebyeLemnaElayl>