<?xml version="1.0"?>
<jelloAdeep>
  <batfowlPauser acoasmaWicksRockery="padtreeEnalite752" />
  <emceingTyphoid frigate="aby" assaisUpeygan="bairnie" reverbsHealing="obeahs" />
  <civet algarad="dunlopMorcote" sudes="befilch" troched="ginsengSulphur6" shrieveVaganti="soso">
    <faucalsEffsDubbin>
      <cravesFubberySpinose>535</cravesFubberySpinose>
      <pesaHowfing singlesUnlax="awrongFinialsTradite" ackeeCyanolDixy="mutates">
        <kristenCandifyService>cyclizeComose</kristenCandifyService>
      </pesaHowfing>
      <crusta>
        <woldyOstein>olioSteers615</woldyOstein>
      </crusta>
      <soakenBazars sortBifidly="laqueus">
        <megilphVrow>sessed</megilphVrow>
      </soakenBazars>
      <plumousYogh>
        <moodir>sisham</moodir>
      </plumousYogh>
      <craftSpaviesStooge>
        <elihu>clavusTiriba5495</elihu>
      </craftSpaviesStooge>
    </faucalsEffsDubbin>
    <bastersTataric dyspnoi="crawledOwes">
      <twistedMeiotic>ilkChukkar</twistedMeiotic>
      <realgar>
        <porpitaKerman>musing4831</porpitaKerman>
      </realgar>
      <allylsChurrsAmebous lohanaAlipata="vangsHasidic">
        <slingerNitridLamba>arango</slingerNitridLamba>
      </allylsChurrsAmebous>
      <odouredStudied bulgy="9319765">
        <artisteOthonnaHilsah>twillsRatines</artisteOthonnaHilsah>
      </odouredStudied>
      <hiate>
        <sexuale>scyphaMunifyCourge1152</sexuale>
      </hiate>
      <tabacumLbsStrey>
        <huariVawntie>inflowStempel41</huariVawntie>
      </tabacumLbsStrey>
      <dwarvesDownier>
        <putdown>neela</putdown>
      </dwarvesDownier>
      <sages areolaOutseaUnnice="groggerRamRadiale">
        <sestet>scabrinLituola54</sestet>
      </sages>
      <horntipOviduct deklePks="adight2091" dauMorceauEnalite="litatuTylion">
        <antientCaddish>23595792</antientCaddish>
      </horntipOviduct>
      <rhbRodding ospreysResume="locketGlar84">
        <mimicSheikhNovelet>yaoortJesteeMar</mimicSheikhNovelet>
      </rhbRodding>
    </bastersTataric>
    <beingsMichabo cauboge="aerariaApologyCynoid" mendsBeleaf="deplume">
      <tarai>utick</tarai>
      <gurjunReject philter="pintasBunkingWanness" persiaYetzerNodulus="cavernsFeloid">
        <overapt>8</overapt>
      </gurjunReject>
      <arcacea terriJomonSocky="insense6974">
        <modenaWakens>amugis</modenaWakens>
      </arcacea>
    </beingsMichabo>
    <dillyDewfall surcrue="abacaxiSridhar">
      <debarks>birkyEscapedUnbog</debarks>
    </dillyDewfall>
    <varahanRepale>
      <fozyRedosSepta>fringes</fozyRedosSepta>
    </varahanRepale>
    <vigiaLeuco riffingOvest="777006" brannedSnyingRipsaw="nodalSambharReshoes">
      <googol>flet</googol>
      <unsaintGiantZebecs mmfdForetGrummet="roundsTundrasTimucua" vietnamSepion="amtracsJiltersAgnes">
        <fezzan>saguranCricoidStaned</fezzan>
      </unsaintGiantZebecs>
      <ovineGoblin>
        <stacteLithate>1035</stacteLithate>
      </ovineGoblin>
      <dreamy>
        <matriceDungonCapella>menageStrains37</matriceDungonCapella>
      </dreamy>
      <steakHerdsContes translAmylums="3">
        <apnoeaBucklerReginas>banningJauksMartens</apnoeaBucklerReginas>
      </steakHerdsContes>
      <ably>
        <natherTadArsle>zabaism</natherTadArsle>
      </ably>
      <jobbedZimmiUnitive synonymFormingEikon="peauderEulogyFage12" danielChokersCnidian="selsynSpermin">
        <iotaCanner>simples</iotaCanner>
      </jobbedZimmiUnitive>
      <brokerRestep>
        <concussVitrous>bruciteOctene9510</concussVitrous>
      </brokerRestep>
      <seahDiantre linchetWept="3123518" dynamicBanjo="brawlsCipo">
        <upcarryAllah>870435</upcarryAllah>
      </seahDiantre>
    </vigiaLeuco>
    <buxom houvariBrownie="pterionComboExogens" disleaf="chopperPoles" sadhDetiUnwelde="unclingGuising">
      <deletesStarnie>gurgoyl5583</deletesStarnie>
    </buxom>
    <seguesBoyarOoglea>
      <lavableBitumenInt>pashkaGrego</lavableBitumenInt>
      <widgeonHorste kylies="aggroupOssaChimere">
        <regluedAffairBesew>damnersPremedsLurcher</regluedAffairBesew>
      </widgeonHorste>
      <paenulaTragalRental utricleIssuant="pewyAbadite" befileScribeSkua="mocoa">
        <soapyTaulchSlad>odorfulShavingErinose</soapyTaulchSlad>
      </paenulaTragalRental>
      <rumless>
        <sith>32137</sith>
      </rumless>
      <callumShotsYodles>
        <spassPelterNasab>34983373</spassPelterNasab>
      </callumShotsYodles>
    </seguesBoyarOoglea>
    <hieraMoldyStirred>
      <osirideSirdarsScalar>untimidHotpotMuumuu</osirideSirdarsScalar>
      <lallan rhaphe="twizzleBoggledRefloat" conch="stripedVip">
        <fisnogaVivax>514</fisnogaVivax>
      </lallan>
      <jinnTittupyLingle kissarPeremptLepers="crepy" leuma="mycelesChortleFainted">
        <citifyCageDertrum>489</citifyCageDertrum>
      </jinnTittupyLingle>
      <hestiaMund housersImpubicTael="98">
        <arias>8556591</arias>
      </hestiaMund>
    </hieraMoldyStirred>
  </civet>
  <diffameTicklyKittel charleyRew="knoll" laftPinguin="prepdPincase" aggroCudeigh="knish" />
  <lavaretJowed baufrey="stepupMeantes" hetaeraMilersPoitrel="huppahs" feringiSpewersEvermo="branHunnishPalatua" lollingDucs="kronionSatangs">
    <coseyLaxnessPacay>
      <bersimMeropesSurbase>atsara</bersimMeropesSurbase>
    </coseyLaxnessPacay>
    <magpies aspicArmill="horaeChablisGrunt434" clocheUnsameFouled="spencer">
      <laroid>caposMusketWardage771</laroid>
    </magpies>
  </lavaretJowed>
  <rompuUraoGradus>
    <grayer>
      <pedesMoodir>telurgyClowned</pedesMoodir>
      <oghuzGainage francicFerrierFlinter="alidadaGipper" coropoHoddensWracker="63093">
        <iminoWearing>biotasGoolde</iminoWearing>
      </oghuzGainage>
      <unswornTchai sixmoKarmic="packIrrate" calced="dungs">
        <japeSestian>4726</japeSestian>
      </unswornTchai>
      <adrenoSellieGranary anomalUsurps="outeatsBareka">
        <aloud>snuckAlcalde</aloud>
      </adrenoSellieGranary>
      <foetidSkeelOrgyia obscura="intrusZapped" geladas="rawhideOutpipe">
        <layout>kubaZemstvo</layout>
      </foetidSkeelOrgyia>
    </grayer>
    <sextonsHoustonAmus swabbyLogoff="49739" genesee="freety" impanelBemoonAffich="tessaraVertu">
      <duoviri>57</duoviri>
    </sextonsHoustonAmus>
    <basharaCoghle>
      <ecbasis>250</ecbasis>
      <sayableAeonialQuatern wendigo="metwandChallah4734">
        <tribadyRatals>749119341</tribadyRatals>
      </sayableAeonialQuatern>
      <cycleWitessSavants sconcedHarness="8128553" orrises="soliton">
        <meroCynismBoc>thecoid2853</meroCynismBoc>
      </cycleWitessSavants>
      <leprousNigel urasesSyrupsFrig="ligulesLeetman8" faginsCanvass="anticaBransle">
        <unhabit>educandSoftas</unhabit>
      </leprousNigel>
      <unsatin spaitsBustard="hikes61" pearls="flumesRosillo">
        <regrownWrithenMongrel>adhakaAlluded</regrownWrithenMongrel>
      </unsatin>
      <swineBiota>
        <tourizeCaterCleeks>ouzo</tourizeCaterCleeks>
      </swineBiota>
      <yokelryPivot>
        <tinnilyLikefulTrimer>7</tinnilyLikefulTrimer>
      </yokelryPivot>
    </basharaCoghle>
    <browden>
      <timbe>snipers5</timbe>
    </browden>
    <flipper gidPortals="malabarElechi71">
      <uncapedLansingFrolics>unrrove</uncapedLansingFrolics>
      <suinaHomard>
        <idyl>331120615</idyl>
      </suinaHomard>
      <inamia asitia="goodieWagoner" visierStimuliKedger="evoking">
        <honkedUntelicTeredos>whollySoleret</honkedUntelicTeredos>
      </inamia>
      <tabagieFiatsAtropal>
        <baleys>4515</baleys>
      </tabagieFiatsAtropal>
      <smockerMesneDiacope kyung="unslaveSardian">
        <greener>fitcher</greener>
      </smockerMesneDiacope>
      <cudwortBrodSorcer mesostPaucity="pottersScramsFernier">
        <reefAquateNarcs>ceriteDumpersVihara</reefAquateNarcs>
      </cudwortBrodSorcer>
      <jargleBonzeLibel>
        <selsyn>bnfUncasesGladdon3967</selsyn>
      </jargleBonzeLibel>
      <bigmittInflowGolds>
        <dolcanAghanStibial>22524</dolcanAghanStibial>
      </bigmittInflowGolds>
      <lallanLabileFrizers>
        <chelateChapper>69411</chelateChapper>
      </lallanLabileFrizers>
    </flipper>
    <woke>
      <taiaha>eden</taiaha>
      <pittism mammeesEndarchEnhat="atreus" bondedTinnilyPotlid="putrid90">
        <reaksBefile>375344134</reaksBefile>
      </pittism>
      <tektosDolourFil hightopSplakeTrunked="reinsOpposerCalenda" hoofish="thawier">
        <chace>labredtPulton</chace>
      </tektosDolourFil>
      <sade final="4225" obtund="96334138">
        <ichebuAdmixOutdid>bibasicPloyedRontgen</ichebuAdmixOutdid>
      </sade>
      <jokeletPasan staceyEpuloAzulite="mezcalWhirledAntlike">
        <rahdari>boof</rahdari>
      </jokeletPasan>
      <gossyWhiled>
        <urian>651039882</urian>
      </gossyWhiled>
      <cryingBrechan livingsFurzesMarkkas="pinbushMudrock" helder="99">
        <revvingWisherTaxer>cawUnsleekSertion9270</revvingWisherTaxer>
      </cryingBrechan>
    </woke>
    <dualize>
      <krapfen>jargonsRamseyMyomas6</krapfen>
      <scaladoGarnerSuranal duliaDimeterDod="nativePope" bursal="miminaeBotulin">
        <dilater>stalerSafenerEnif792</dilater>
      </scaladoGarnerSuranal>
      <cornageSteppesAmplest slumped="2432026" ablockWhitsun="liversDornickWhuff">
        <dahlinAsaddleHip>soilsTetchyAtaigal</dahlinAsaddleHip>
      </cornageSteppesAmplest>
      <stopingUvulasRobinet loma="79114">
        <gadi>ramusi</gadi>
      </stopingUvulasRobinet>
    </dualize>
    <orchicDeafensOsamine daffery="hodmenEnecateDestain4">
      <shutoff>straked896</shutoff>
      <calmyUndirk randellCocosBraided="77839141" magasinLysates="depressImmoralAtonic">
        <mensual>flunkGoodmenMustily</mensual>
      </calmyUndirk>
      <ankaraOmen macule="dialist">
        <blowbyWheelyGoblet>kivasHyenicSlitty</blowbyWheelyGoblet>
      </ankaraOmen>
      <axin zirianOghuz="65810">
        <fondakPolaris>6306887</fondakPolaris>
      </axin>
      <calade chantedTout="girned7323" bebumpHoped="madcapsUpclimb">
        <anenstCirroseRabidly>kishkeUnicellGobber151</anenstCirroseRabidly>
      </calade>
    </orchicDeafensOsamine>
    <wigan>
      <doand>volvell</doand>
      <bebrineAugitesNaght scrazeUnrroveRaghu="stuboyMarrons" relacheStoupsAla="7">
        <asaphUlidiaEnrobed>flexGuzzles</asaphUlidiaEnrobed>
      </bebrineAugitesNaght>
      <cocamaWether>
        <emulsinClupein>avocadoAbama</emulsinClupein>
      </cocamaWether>
      <yarnsNandowSkulled>
        <glecoma>rods373</glecoma>
      </yarnsNandowSkulled>
      <abradeShoppe enruin="uncurl" temserBagreefSusan="preserMinuend">
        <copter>bangle</copter>
      </abradeShoppe>
      <fifishVoltaic>
        <silker>1991983</silker>
      </fifishVoltaic>
      <trimmed flavinRehairDindled="gadfly6" tabanusDesmidsWrites="bodiesAliyos">
        <ashwortTamper>impietyOreodonTrefah</ashwortTamper>
      </trimmed>
    </wigan>
  </rompuUraoGradus>
  <focsle malay="hirsleHornetyRockers">
    <ibm>
      <decorsSkier>konrad</decorsSkier>
    </ibm>
    <bussuNonegoGawish achene="sarsen9803" struse="falcate7">
      <biliateEntrikeAchech>isolexCowpenFleeced</biliateEntrikeAchech>
    </bussuNonegoGawish>
    <stolistFenderWynne>
      <tritureMaffiasBabis>4816903</tritureMaffiasBabis>
    </stolistFenderWynne>
    <pearsViolone pitanga="pestersCue" snifterUpbrace="presetsPouncerSlower" belief="aedesCodderHyle">
      <trans>rancourElkanah28</trans>
    </pearsViolone>
    <skinkerDotkin wushLysisJuri="unrayBriarySinal" indued="quod">
      <dodona>wokowi</dodona>
    </skinkerDotkin>
    <loamsQuench>
      <nuttersBerainAccrual>94</nuttersBerainAccrual>
    </loamsQuench>
    <mollandKulak toggel="sundar55" loricMayvinsTriaxon="donnotSltCost">
      <pured>66018</pured>
    </mollandKulak>
    <syncs>
      <addnlMontjoy>homamPirnsChives</addnlMontjoy>
      <staJellib kaasBreedyLobworm="udellAcrotic">
        <sourdre>dawtie</sourdre>
      </staJellib>
      <sanseiInshell>
        <stipelVexedShavee>signorBezantySummits77</stipelVexedShavee>
      </sanseiInshell>
      <conyrinComberRotal>
        <buddhTreaderKlam>veta</buddhTreaderKlam>
      </conyrinComberRotal>
      <tzetseOffingsUnstuff uparm="swage">
        <quakierStonedDysury>localeDochmiiTweag</quakierStonedDysury>
      </tzetseOffingsUnstuff>
      <charmsPhialaeBodice nidusAsop="hissersCatelEheu">
        <cayuses>cither350</cayuses>
      </charmsPhialaeBodice>
      <talersCurlily jocumaKeywaysCombers="angleWalkway">
        <taraDreche>rhosStaitheMafurra</taraDreche>
      </talersCurlily>
      <seen croomiaNotherBuddhic="8">
        <josieBrocket>rariety</josieBrocket>
      </seen>
    </syncs>
    <purryBlaeBoheas>
      <eplot>titresToenailGenets</eplot>
      <hufferFemalesClerics>
        <erucRedates>airedNepal</erucRedates>
      </hufferFemalesClerics>
      <hypnodySwayfulMarrowy delict="longer5" muraledLeakier="individReheats735">
        <willieMiddesEutaxie>jatacoFicelle</willieMiddesEutaxie>
      </hypnodySwayfulMarrowy>
      <appeals mountSholom="snawingDrossel" verbalsRopiest="nichevoUndyingDrubs">
        <bikinis>6785356</bikinis>
      </appeals>
      <hazzanShannaPinned macrura="enderonMask">
        <animalJubhahs>warlyJaegarsMuraled</animalJubhahs>
      </hazzanShannaPinned>
    </purryBlaeBoheas>
    <paged>
      <gospels>922973</gospels>
    </paged>
    <roxieKinked musalesRuggownAmasty="444775659" toutsAlumni="azazelMuddled" monroeReunionSprewl="hallmanZeniths">
      <upgape>vesper</upgape>
      <osheaWhelve>
        <demeritTambura>simper</demeritTambura>
      </osheaWhelve>
      <maddleToughy yellerSpongTwisty="kitbagBawbeesSanford">
        <sensal>hushesMaize</sensal>
      </maddleToughy>
      <verus>
        <neckStarryGaet>1117952</neckStarryGaet>
      </verus>
      <sinningPenniInclave blunksLowboy="66">
        <wronglyBelliesAlacran>2</wronglyBelliesAlacran>
      </sinningPenniInclave>
      <blaws bullate="tockAnnat">
        <tassetsFrokinUnpurse>bleakerTiphia</tassetsFrokinUnpurse>
      </blaws>
      <emblissPoncesHawses firesCanadolCedi="wittomeNaevoidDisroof" juddersDoganaIncline="decimaAxisedHardie">
        <agorotEmodin>ednaJeames</agorotEmodin>
      </emblissPoncesHawses>
      <abvolt lethals="441">
        <raxVivandi>ignitorScares</raxVivandi>
      </abvolt>
    </roxieKinked>
    <querele subtree="sacring" cockpitTogue="giblehBijasal" muskegsSecantBaffed="742490">
      <putoutVorlageNuchale>maliWhill</putoutVorlageNuchale>
      <cabasaFilthGuard>
        <aboon>9077556</aboon>
      </cabasaFilthGuard>
      <ovisac>
        <khatinArawaShrubby>ablutedNevel2</khatinArawaShrubby>
      </ovisac>
    </querele>
    <metes>
      <piaffedDeashes>downed</piaffedDeashes>
      <levierHutlike wastierSheaves="urnsStaticeEelery">
        <chase>spumoidSoften</chase>
      </levierHutlike>
      <alcedo amities="rosserAbwattsOxbow">
        <liaiseMarxianBade>onlookShoppesGisla36</liaiseMarxianBade>
      </alcedo>
      <daffleMaomao bamahAnility="chacoli">
        <grubbleVestees>placent</grubbleVestees>
      </daffleMaomao>
      <stoonDeliriaWaff crotchyWinnowsDenting="4" pigskinAughVacona="mutch">
        <harariTaurianMale>849</harariTaurianMale>
      </stoonDeliriaWaff>
      <locaHundredDilater lancerOleary="5577533">
        <whorlsSudder>751574</whorlsSudder>
      </locaHundredDilater>
      <leanyChained tallBoglesBeastly="yaggerPeptize" nauticsBumeliaBleep="vicariiFetlowHapax">
        <vent>caseoseScreams</vent>
      </leanyChained>
      <bushingHaggaiPavings victal="bulletyBegad6" fonded="firemen">
        <mislaidJesuits>bethelStands</mislaidJesuits>
      </bushingHaggaiPavings>
    </metes>
  </focsle>
  <gaulin kashrut="endoreLardersStates" noxialRelinkAngelic="bloaterFoldage" atropos="stormy" jaunderPongaRivered="leekish41">
    <oblongProsierReverb suzettePinolesMoier="pinnaeEponymyPurrone">
      <icepickOutlot>915450</icepickOutlot>
      <theAdriftFerned subvein="gossanNaigMore" reenactNaggersFloran="bob">
        <vagaryTashieRacemed>mossesPentite</vagaryTashieRacemed>
      </theAdriftFerned>
      <eluvium>
        <blub>numpsRefitTinne</blub>
      </eluvium>
      <faculaHaslets taberPeisedLesson="fettedSoallyBrayers" pasilloContuneTylocin="rebillAkoasm">
        <rhabdos>pledgee</rhabdos>
      </faculaHaslets>
      <nanger hitsMustela="synnemaChuter">
        <timberSeining>unsaintLaurelEmporia1</timberSeining>
      </nanger>
      <ullucuHova>
        <themedRaters>raleWhispArched</themedRaters>
      </ullucuHova>
      <slaskFibbingNyas tinamou="ecthyma" dowage="5868">
        <hearGadoids>abatonCravatsTruncus</hearGadoids>
      </slaskFibbingNyas>
    </oblongProsierReverb>
    <fawnersBecheGrumium>
      <abrosiaPasty>accords99</abrosiaPasty>
      <defoilBaronryChugger>
        <gaspingTaguanDepeter>pygmoid</gaspingTaguanDepeter>
      </defoilBaronryChugger>
      <pan>
        <noctuleEmusiveEven>437834775</noctuleEmusiveEven>
      </pan>
      <umbonal ospore="hellier">
        <thirled>duenas</thirled>
      </umbonal>
      <vocat nullah="wacJennieHowlet">
        <bableRason>shoofly</bableRason>
      </vocat>
      <iserite cotype="argle" slatchBacopaMood="carvalDhabbFucate">
        <relapseLupousWonts>amelandFellows</relapseLupousWonts>
      </iserite>
      <ergasiaPensterRabid obvertFrottedSolideo="cranks7" affeirExuviae="brachiaBeanosTied">
        <markabJetties>giftureIllfareAlloys</markabJetties>
      </ergasiaPensterRabid>
      <mulatta beewortSnerpPtoses="16557983">
        <violandLuddy>baalizeBilge</violandLuddy>
      </mulatta>
      <outsins dasyure="475759695" hellmanInhoop="cusksOutedge">
        <tachs>abigail</tachs>
      </outsins>
    </fawnersBecheGrumium>
  </gaulin>
  <sunbathMakers florinsBurdie="12" scroff="hagship">
    <aahs reenactArdent="pickers">
      <quayage>bondersIsolomaMeio</quayage>
      <tiddleyDates>
        <tenancyFilly>rimmedParleysElmy</tenancyFilly>
      </tiddleyDates>
      <eunuchsRicracsSuslik>
        <britCitrilEgeran>204485774</britCitrilEgeran>
      </eunuchsRicracsSuslik>
      <wingers>
        <laitheGrandly>5941287</laitheGrandly>
      </wingers>
      <choirsPushNautili ibericMafflin="bevetoWitwall">
        <vesteesKwan>342735</vesteesKwan>
      </choirsPushNautili>
      <brulotsGipsied fraid="vowessDoubletFighter">
        <scop>navigTibbitChook</scop>
      </brulotsGipsied>
      <galletaScrobCursa lige="galenaTokay" jammersNarcein="unledBorageBayamo">
        <pickledOldest>stippleGambs</pickledOldest>
      </galletaScrobCursa>
    </aahs>
    <freityMuscid>
      <hotnessAreolaDispend>wisses</hotnessAreolaDispend>
    </freityMuscid>
    <tigersBateaux tibetBedazeStela="snorkerCanliAquavit" lintolDemon="cloursVulvas" jointerPerdrix="sypher8943">
      <nomaFalsie>risibly</nomaFalsie>
    </tigersBateaux>
    <hutlike imbrierSoigne="mynah" tabagieClione="212493">
      <asarta>euecticJewbird</asarta>
      <palmitoNondarkWhited freaked="feijoaGlutDetenu">
        <spallerLebenBathic>4221</spallerLebenBathic>
      </palmitoNondarkWhited>
      <kaftansPraxeanIsatid juhaAmireMottes="mashers" fotiveHopbindBurgout="41">
        <crissaBecketCydippe>10342364</crissaBecketCydippe>
      </kaftansPraxeanIsatid>
      <calix cormelDense="talithaSynemaInwork">
        <klippe>midday</klippe>
      </calix>
      <kathy>
        <gwelyCultch>apiece</gwelyCultch>
      </kathy>
    </hutlike>
    <yaggerPyrones>
      <alenuContenu>9</alenuContenu>
      <corojoHoitBoopic>
        <ariana>jujuistMoralesFplot4876</ariana>
      </corojoHoitBoopic>
      <godwinEnstore>
        <demonicCoalierDeus>bonders</demonicCoalierDeus>
      </godwinEnstore>
      <sploresArround emydian="cassan">
        <picamar>jixieRigorsVixen</picamar>
      </sploresArround>
      <biffs strewerWorsen="stoicalEmbdenPertain" sirmark="septier">
        <revulseBearhug>8561534</revulseBearhug>
      </biffs>
    </yaggerPyrones>
    <adzeHarkee>
      <affablyBlancCafila>chauvinSlates</affablyBlancCafila>
      <blijverJabulesSowan>
        <dopattaHoppers>beekiteSoughsFizzier</dopattaHoppers>
      </blijverJabulesSowan>
      <wenchVrows fleckerSquidgeUlitis="ditionPav" ruralClosCerasin="bluerOvisWharl">
        <lamellaAruspex>menkindGroomyDollied2377</lamellaAruspex>
      </wenchVrows>
    </adzeHarkee>
    <daedal>
      <animosoToughsHade>maggotyPunting</animosoToughsHade>
      <spallsIvrayEmirate scream="48209" susiCundy="781">
        <pianetTimaniPewters>putoffsKeekersMavens</pianetTimaniPewters>
      </spallsIvrayEmirate>
      <avenidaShiplap ailantoAtveen="hadedPotholeLewing733" unlayJogged="34892">
        <ura>fowageCleanseStyrene</ura>
      </avenidaShiplap>
      <olmBacis faky="argentBastenChaoses" luterCursedAgal="venulae">
        <influxFerthManumit>syagush</influxFerthManumit>
      </olmBacis>
      <atavusMallumAmating chaunaUnrued="arryishUncast" dryopsMagismFactum="yidMiocene">
        <gadwallDakhmaHerd>bellona</gadwallDakhmaHerd>
      </atavusMallumAmating>
      <spermsMacaque wurleyDeaner="dhanushSumpsAgade438" testySits="overact">
        <fugardWeasonVexable>verdant</fugardWeasonVexable>
      </spermsMacaque>
      <curdyThiol smidginMisaimsVotally="39583" heptal="24957328">
        <loutsStereosFestive>injurerRecroonBrekky</loutsStereosFestive>
      </curdyThiol>
      <azoritePunjumPortray>
        <tarnSetwise>62027660</tarnSetwise>
      </azoritePunjumPortray>
      <azoniumJerlPrisage taredEllagicScog="muffledOrgHurts">
        <fatwood>ovatelyPlumes</fatwood>
      </azoniumJerlPrisage>
      <flesh tuberinParvuli="drabantUnspiedGnomed2869">
        <mavinSeizingTapers>ikon60</mavinSeizingTapers>
      </flesh>
    </daedal>
    <aludelWoodedTucana>
      <risserMirk>mondesScoutedFitzroy</risserMirk>
      <japersIngrate sprucerThewierJunctly="rustilyWepman" bilcockLayetteDorsi="except">
        <goatyScreet>koosinSproilPantler</goatyScreet>
      </japersIngrate>
      <wanedUpboils>
        <lepteneSeraphs>mollesChassisLivyers</lepteneSeraphs>
      </wanedUpboils>
      <shiverySnickerLedgy>
        <repickLacedFascet>bistortMechMetopes</repickLacedFascet>
      </shiverySnickerLedgy>
      <venaTurningShegetz hyperin="symbionHeySabot" onwardsXystos="tomponGodownWickets">
        <hike>arcella1</hike>
      </venaTurningShegetz>
      <miswire soloed="bhavanPrinkedToluyls" semple="coactedPelengAbaci">
        <bankingDionizeOrts>comitje</bankingDionizeOrts>
      </miswire>
      <reindexHollaPlanets charScrimeSuckled="priggedGaditanJaspis" abiosesEphebus="cabbieSacquesChaucer204">
        <somal>4313431</somal>
      </reindexHollaPlanets>
      <awacsAskersLisses greavedDukkerSchola="bombersPeccaryTummed" shrivenPiloted="sabe">
        <nuraghe>courierButtonyTopless5422</nuraghe>
      </awacsAskersLisses>
      <paladin lashes="clepesRegreetRabbets" pontistSecre="6460">
        <dogdoms>toff</dogdoms>
      </paladin>
      <ungulp redeck="tarveBrumeFulcra4" tollsLitu="wernerClawsKnit">
        <vex>outawe</vex>
      </ungulp>
    </aludelWoodedTucana>
    <bumboat>
      <catnap>hoecake</catnap>
      <damnii tazeeaTabbed="saivismWarrin" vas="unbareFizzledNaique">
        <navarch>glumpyTaunted</navarch>
      </damnii>
      <chappow barlockReseeks="masseurVelours">
        <gregorIncUnyoked>bagreefZorilloTucking</gregorIncUnyoked>
      </chappow>
    </bumboat>
    <harrow drunken="marksLathing">
      <mondoHantlesThimber>sarsaIreless</mondoHantlesThimber>
      <scutageSaurian tipreeEssling="gonimic910">
        <pinoTzimmes>pewsDenyerFellic</pinoTzimmes>
      </scutageSaurian>
    </harrow>
    <cylices>
      <leuds>591</leuds>
    </cylices>
    <adjournSative riggaldPartenPlasms="dirtierProctor" rosyRedacts="wooraliWidgetSyphons">
      <asia>7987</asia>
    </adjournSative>
  </sunbathMakers>
</jelloAdeep>