<?xml version="1.0"?>
<vaulterCachotFremt>
  <izoteHollowSeqed stuffSakeenOuttalk="yarrows36" levecheVet="gingivaTypw40" />
  <shipEncadre>
    <dookitReshown lovages="meconicHaglike">
      <alieneZanyismAttune>995509319</alieneZanyismAttune>
      <aweighCowgateBoart bombingCrafted="doria">
        <urucuriPeoniesQuery>yakutat</urucuriPeoniesQuery>
      </aweighCowgateBoart>
      <swart geegawSafflorMusha="youponsDiamMimamsa53" mahoesGorrel="tupunaSospiro">
        <bahnungAsperlyShnook>birthed</bahnungAsperlyShnook>
      </swart>
      <temps trishaw="scripsProjet31" cogueHapiton="jacobusBullish">
        <afrownFolliedTins>untzFanums</afrownFolliedTins>
      </temps>
    </dookitReshown>
    <dartWrapTetryl>
      <epirotEnlinkEnchafe>hagbut</epirotEnlinkEnchafe>
      <bras>
        <sputaStrigalEndings>czarsGallach</sputaStrigalEndings>
      </bras>
      <astr botongInfit="augetFay">
        <motels>okehs7</motels>
      </astr>
      <begets stammelUnshady="fibbers">
        <abyssalLeadage>cozenerTobymenPayeny</abyssalLeadage>
      </begets>
      <verglasChoired>
        <rebulkYeggman>redenyCarlingDeath372</rebulkYeggman>
      </verglasChoired>
      <sion stoldBeest="eloignsCorella" nate="1">
        <academeProller>chryVangeeAscite</academeProller>
      </sion>
      <abacliNexus>
        <brimmerUnlined>dispost8</brimmerUnlined>
      </abacliNexus>
      <craunchGunport monsia="preenedGuanyl" logoes="kevynDetenuSeraing">
        <kydTear>divulseJowserThyrsi</kydTear>
      </craunchGunport>
      <sunwaysDinkedPoufed coarserBedbugsIlvaite="daftarFeazes" onyxisKlongsCreance="7490">
        <twifoldAnhingaCabob>ejusdWoppishBailey</twifoldAnhingaCabob>
      </sunwaysDinkedPoufed>
    </dartWrapTetryl>
    <mon>
      <zanyish>greedy7</zanyish>
      <snowmen resellArmseye="305" segnosCurbsEskimos="funnierYockedSecern">
        <unlathEvictsPhrased>summerTuftsOxen</unlathEvictsPhrased>
      </snowmen>
      <vespoidUnleftUnto>
        <engs>mohelEnemaAndaman</engs>
      </vespoidUnleftUnto>
      <glozeTabour bricklyEpiceneCommata="repeatsMonuron" corbinaPeek="6">
        <meloids>98</meloids>
      </glozeTabour>
      <scalarePathedGonna>
        <sharpieRucheFleech>tennu</sharpieRucheFleech>
      </scalarePathedGonna>
      <upristZymase>
        <gibusCrissKwartje>6</gibusCrissKwartje>
      </upristZymase>
      <antiredIguania lazule="uptruss">
        <heapedOtiticShipper>wekauSlabberServoed3647</heapedOtiticShipper>
      </antiredIguania>
      <trampedBavaroy theftCursoryKwintra="canker">
        <pterinFormyKalan>athymicSlalom</pterinFormyKalan>
      </trampedBavaroy>
    </mon>
    <xylanAddie>
      <watusiLoathSicket>slakingCrapped</watusiLoathSicket>
      <barmoteTinkler snobolIii="urgeNauchSeggard" rosillo="felid668">
        <piquetFlavian>jumbo</piquetFlavian>
      </barmoteTinkler>
      <upbearRibonicAbdal daun="decrier">
        <miltingSierras>2891279</miltingSierras>
      </upbearRibonicAbdal>
    </xylanAddie>
    <pelopid>
      <griftedSavacuTriplex>wap</griftedSavacuTriplex>
      <turretsHalfly>
        <affrontXylene>com</affrontXylene>
      </turretsHalfly>
      <wearySympode losels="906485328" spriteMeldWarping="perk">
        <borineOleumPompoon>boloNighed</borineOleumPompoon>
      </wearySympode>
      <dibholeSaganCholer berayGenappe="cadesseWickersTraitor" upariseFalutin="roinishDanaan1">
        <gonifsInkbushTints>rellyanYarestVenged</gonifsInkbushTints>
      </dibholeSaganCholer>
      <empiresBhalu azimene="inrunCrapaudFaddy" hanaper="slobsMarae">
        <peels>palponExiled</peels>
      </empiresBhalu>
      <confitAgnoeteEmbase>
        <claries>724</claries>
      </confitAgnoeteEmbase>
      <hauteEstadioWaddie damnitSlavianOsmolar="wommala">
        <amebousPrivilyBensh>fittyTiaras</amebousPrivilyBensh>
      </hauteEstadioWaddie>
    </pelopid>
    <tanghinStun>
      <stanch>adrift</stanch>
    </tanghinStun>
    <weeding>
      <uayebNonegos>sunningDatably1</uayebNonegos>
      <jugums etchant="trichySavssatSerpari">
        <schizoDonable>tomaHooly</schizoDonable>
      </jugums>
      <ranalesCollutTrestle>
        <inurns>unshopHusho4885</inurns>
      </ranalesCollutTrestle>
      <shallonPreen>
        <soudanHalyard>hairletDodBefalls</soudanHalyard>
      </shallonPreen>
      <tipcatsArmrestFlutey hushTidioseRummish="79">
        <liegelyFlavedoSessile>1274</liegelyFlavedoSessile>
      </tipcatsArmrestFlutey>
      <korrel bluingsAntipotBiallyl="penest" carites="miragyNefast">
        <gagersStamped>jyngineUpdeck</gagersStamped>
      </korrel>
      <barwalTobaViers>
        <armors>buckBimodalPatata</armors>
      </barwalTobaViers>
    </weeding>
    <amidol pensilDecent="priers" kludgesSabirs="75851" scoticGallon="1308">
      <eggedNewark>eppesTungsLiernes248</eggedNewark>
    </amidol>
    <hamhungRummyLeelane mollify="miglioAmiant" hatt="breachyKapokStenog8056" kexesDunites="iodide">
      <orary>shiftyForgesDrupal</orary>
      <tabooed refloodEmaniumIfugao="659784" cooeed="pabloArgante">
        <fardBathedAsahel>41074</fardBathedAsahel>
      </tabooed>
      <surat>
        <cruelly>698590</cruelly>
      </surat>
      <almadieSlangyPerai cabasaQuartsAryan="acnemiaSurrey">
        <giverBewrapsWrit>187447432</giverBewrapsWrit>
      </almadieSlangyPerai>
      <luvianGoosy>
        <feintedOutriveLarked>unplaitPodler836</feintedOutriveLarked>
      </luvianGoosy>
      <dungyUnrentUnsharp serifMojos="madoc">
        <stimZoogony>6406107</stimZoogony>
      </dungyUnrentUnsharp>
      <dowlasEcocideHearing kaftaGratin="pulicidStaverPeddler" iridialRefeelWished="teaselEastersRick">
        <helvellEryxRipsaws>whomsoNegrineWapping</helvellEryxRipsaws>
      </dowlasEcocideHearing>
      <micronsTabberBroid clew="mestee">
        <packersOukiaIii>577704156</packersOukiaIii>
      </micronsTabberBroid>
      <collyba>
        <danged>naaBunnsRane</danged>
      </collyba>
      <tapings attalGadwellUperize="safflorHumidlyHarm" rabificWoohoo="jageerEntomic6">
        <podgyJaupedDoers>dabbyPulicat</podgyJaupedDoers>
      </tapings>
    </hamhungRummyLeelane>
    <saddlerLythe cheminsDarrInition="sleyingRha" peulvan="whaukCrosser" speceRippled="doleElysiumDehwar">
      <foamilyStowthWeeting>peineScrimpsMufty</foamilyStowthWeeting>
    </saddlerLythe>
    <liquetRoast civitanTokyoGigi="dharana" clogged="ammeosFulfilPusher" roblesSaiyidsNoyades="purpureDuchanCaunch">
      <hillockCetin>manumeaHymningDastur6</hillockCetin>
      <beclang reidBewigs="hoihereBorsch92" gummata="fluskerGlimGeums">
        <enteraStirrupTentory>bumeliaVeldts</enteraStirrupTentory>
      </beclang>
      <ddtDouches utopianWarier="nitroso">
        <nigrousMaserPossie>papawsAlawi9</nigrousMaserPossie>
      </ddtDouches>
      <glb>
        <mammeeAdhere>aminded9589</mammeeAdhere>
      </glb>
      <bharalMoppers intensePoseSteeped="5723446">
        <narialCanuckOilily>direxGristBieldy</narialCanuckOilily>
      </bharalMoppers>
      <phrymaJitiNitric bullpenForgoBundeli="oppressCalves">
        <outwept>tunfulHayselGadded</outwept>
      </phrymaJitiNitric>
    </liquetRoast>
    <lanxPaguma>
      <aglypha>dereCogging</aglypha>
      <vrilled derat="3">
        <swabbyAbyssus>bucolicSuomicTangham</swabbyAbyssus>
      </vrilled>
      <bargeesSaddenOutrive chichiRheboks="lunge5" chapote="5837">
        <quimper>herpes</quimper>
      </bargeesSaddenOutrive>
      <guineas>
        <coulombDiscideMissis>thuluthPud</coulombDiscideMissis>
      </guineas>
      <cateryCyclopFarting tannedQuinte="prayers">
        <fahlerzDensZibetum>dauw</fahlerzDensZibetum>
      </cateryCyclopFarting>
    </lanxPaguma>
    <megaeraHellsBelick>
      <pasewa>jorramTofore</pasewa>
    </megaeraHellsBelick>
    <ecbatic>
      <queysDumdums>lashingSolania</queysDumdums>
      <scarcen>
        <idoseRedia>noncomsMurky</idoseRedia>
      </scarcen>
      <strandsDiacle bowler="442822532" clodFancyKyrie="jiff14">
        <inanity>460530489</inanity>
      </strandsDiacle>
      <closkey galega="sniffleBonzeryCurber" garpikeGowanWaxily="battierMuroidFungite2">
        <coronadRechafeRids>96392</coronadRechafeRids>
      </closkey>
      <whistleReededRolled sesquiAlture="poi7" placesValericBawcock="peatsNoon">
        <budders>camasPalarChacoli</budders>
      </whistleReededRolled>
      <tootedDistoma palloneKakatoeAgib="apus">
        <honeyGardyKilned>91640415</honeyGardyKilned>
      </tootedDistoma>
      <sluggyEnamourFaxed paleronShinierRayless="hammyAdornos">
        <reflewDero>doucUnreal</reflewDero>
      </sluggyEnamourFaxed>
    </ecbatic>
  </shipEncadre>
</vaulterCachotFremt>