<?xml version="1.0"?>
<retardsPiranhaManly>
  <sowars />
  <padouCorpl astir="vitialAboughtBrogued8694" />
  <sotBoracic dhobeyGurgeonPlatch="impheesMcgAllay3157" tinsmenTods="obsceneZmudz3987" weet="pinkifyDestin" />
  <hiatal />
  <barman>
    <apathicTov>
      <creekySept>canapeUngild</creekySept>
    </apathicTov>
    <spoornRectumsPercoct pythius="3270887">
      <werent>jagua</werent>
    </spoornRectumsPercoct>
    <uppowocLehuaEnrib>
      <pterisRamblesPossums>vetturaUnloath</pterisRamblesPossums>
      <homishLignose sagierCaltrap="216359569">
        <befoolsDorps>1538402</befoolsDorps>
      </homishLignose>
    </uppowocLehuaEnrib>
    <fluvialExon>
      <quelledDebouch>cowierScreigh4</quelledDebouch>
    </fluvialExon>
  </barman>
  <scattyArclikeVadose noonishTwinerRafty="40063089" causalTarumaSunbows="5319" attachZoisiteSox="anosmiaLowse" shardedSithPluteal="charpoy4106" />
  <uncinusRamalDickty proartMasaisLimas="steepVistaedWidowy" arctiumBuff="witanSteak" tardiesAmylom="cupidonMainor" congasCloof="latounRumania">
    <checksKoeri halebiAchGuilty="79" negatorFoamily="legumes5" yabbiGongmanSibyl="phizAnywayNein2">
      <spandyMunity>ommiadLitteryIkona</spandyMunity>
      <ecbole curaceFlam="elan1" woundNylghai="legatusFurrowSomnify">
        <petkins>42</petkins>
      </ecbole>
      <patacoSneezeTourize acharneInsunk="62" startsDiversRetrue="roynousOwnsSteeve">
        <barque>3187646</barque>
      </patacoSneezeTourize>
      <baka ameba="5317">
        <hallageTitusFrosh>persaltTucano</hallageTitusFrosh>
      </baka>
    </checksKoeri>
    <windageRolled>
      <busyingMistralMoed>fungiGeerah</busyingMistralMoed>
    </windageRolled>
    <harmineFalafel radicel="bleederBohoraAroeira" trucial="paulina">
      <rayahs>7519901</rayahs>
      <yercum seenil="roughHuntersBemixed" agy="taikun8">
        <unfed>7317989</unfed>
      </yercum>
      <ginnySayestMakhzan abiesLastre="666">
        <lactifyCzarian>milagesConduceWrier</lactifyCzarian>
      </ginnySayestMakhzan>
      <sirrahsSquads>
        <minibus>chouseCiudadAln</minibus>
      </sirrahsSquads>
      <spiraleBobbing>
        <lament>aperchKelly</lament>
      </spiraleBobbing>
    </harmineFalafel>
    <pholcidPhonies doney="1864940" uploomRimer="cisticEdward" gladlyBumickyMires="stepups">
      <ahuatle>2175</ahuatle>
      <yoghsPhalanx>
        <sensileApsid>532</sensileApsid>
      </yoghsPhalanx>
      <tsuga tinselsFugios="jacking">
        <kecky>psisOversowHaskard</kecky>
      </tsuga>
      <precookOnetime bashedClayen="sorbate" nettlesTrishawBashlik="exclave">
        <siegeCycl>83375</siegeCycl>
      </precookOnetime>
    </pholcidPhonies>
    <weevil>
      <lumbangAustralAgeless>ecuFressTmema53</lumbangAustralAgeless>
    </weevil>
    <rubbisy thienyl="guldenScionsSauve">
      <emicantAnoles>oathCothish2155</emicantAnoles>
    </rubbisy>
    <worshipGraip>
      <agoniedPoignetNinut>27448885</agoniedPoignetNinut>
    </worshipGraip>
  </uncinusRamalDickty>
</retardsPiranhaManly>