<?xml version="1.0"?>
<balder>
  <creeshyMegapodCroft fadlike="22183886" goumiIncorr="lambentGittite">
    <lepismaSaver>
      <estampBac>flossesEspeireClaps</estampBac>
    </lepismaSaver>
    <buttyMayas>
      <skiableZeuzeraAnalyze>lutistsMnevis</skiableZeuzeraAnalyze>
      <boxings nautiliComm="toutQuam">
        <palterShaykhKnolled>rufflyBiotasYon</palterShaykhKnolled>
      </boxings>
      <refloorPouncer infoldVoledKachin="unhoseAtriaWises" sauna="enhaloUtility">
        <mazut>gerberaHooleeCranely</mazut>
      </refloorPouncer>
      <smoos uptimesTongued="bandlet" thonderAmine="esterBedderPeridot">
        <decreed>rhodiumWinerSesqui</decreed>
      </smoos>
      <unzipsReshook plumed="burnersPoonahYaxche">
        <zostersDelint>eyeballFungoidRimiest</zostersDelint>
      </unzipsReshook>
      <pitpitUnrind siluresPenfoldEmerant="toryessAyieldOgres" philicTeicherTetany="8">
        <ogorAnesis>892783667</ogorAnesis>
      </pitpitUnrind>
      <brokers claretSkeatDruze="aluco">
        <karats>sicced</karats>
      </brokers>
      <nebulaeGrace>
        <birred>haetSarge</birred>
      </nebulaeGrace>
    </buttyMayas>
    <dexies uncsLobberSpeered="14" pappainPicking="nudgersMehtar">
      <hootayRustPonhaws>sprucer9</hootayRustPonhaws>
    </dexies>
    <comitesOtotoi atabalsAccloy="hiodont" numblyDepr="hipmiFleyedCresol" onusNetbushMawger="glumalEds">
      <skinny>talwar</skinny>
    </comitesOtotoi>
    <mamillaClang>
      <senegaWanton>sunsuitCledge</senegaWanton>
    </mamillaClang>
    <felledInsectPon boombox="895" letterMuddied="petrelsDealateFatihah" poonsDenial="2726">
      <domify>268266</domify>
    </felledInsectPon>
    <detCivite>
      <tarocco>gimbleMushru</tarocco>
    </detCivite>
    <reynoldHockersSuicism embolicPapaver="igadHalloedCantuta" thesaur="173" pariPitmirk="malmedOrselBulling">
      <doucelyGlebal>859</doucelyGlebal>
      <menaldCahow lunged="entropy" astylar="pungledNoyfulAmblers927">
        <isoline>seamletUnmaker2</isoline>
      </menaldCahow>
      <typhusFogging pussiesScabby="glauberBushfulAzarole" candida="meumHorolPocket">
        <agio>glazed</agio>
      </typhusFogging>
      <xylopia>
        <ennoyBenumbBoobs>rosinHoorahsFainted</ennoyBenumbBoobs>
      </xylopia>
      <overfatGishPuttan parmack="doubles">
        <sporontHaemonyOarial>berendoPulers</sporontHaemonyOarial>
      </overfatGishPuttan>
    </reynoldHockersSuicism>
    <astertValval grogModredJungly="dofferByspell806" dipodicKnoutsBushet="etneanRetile">
      <kalesLarderGuaican>pompierTabagie</kalesLarderGuaican>
      <tln haglikeFieriSalele="68884845">
        <pitcherUncow>scenasFineish</pitcherUncow>
      </tln>
      <feasedAwnings umiaksManhunt="aioli170" hayaLamdenNongray="piperlyAbrookOkapia">
        <agriaDover>winnockPappiRazored</agriaDover>
      </feasedAwnings>
      <lekane curator="guachoGrampaBusiest" wooled="maxixes4304">
        <ciergePycheSvgs>6101231</ciergePycheSvgs>
      </lekane>
    </astertValval>
    <inwoveGetspa>
      <dowsets>boolianRabidly35</dowsets>
    </inwoveGetspa>
    <empasmChorogi bedipPry="cutey" preotic="mobRuman41" chimpsUraminoMawsie="mahajunAbreastCased">
      <darylQueerly>92111</darylQueerly>
    </empasmChorogi>
    <kharwa bourdonToday="chinner">
      <bartree>pros</bartree>
    </kharwa>
    <vidual>
      <taxineDuopolyRepry>imine</taxineDuopolyRepry>
    </vidual>
    <looters leaferyToweredMiosis="remitalRerun">
      <imbasedChined>10</imbasedChined>
    </looters>
  </creeshyMegapodCroft>
  <hastif unpiped="jetsamsItysLuna" trickyMantuas="akpek" altar="drammedAnilinoHopples" bizonal="barvelFanegasJetties" />
</balder>