<?xml version="1.0"?>
<oasiticAmiles>
  <angrySurviseBoxier apostemParlous="66">
    <runite>
      <frankFlyoverMorphon>typier</frankFlyoverMorphon>
    </runite>
    <catingGabbles fuller="usneaChakobuMikados" redheadBlobber="spayadPennaeTreeman52" eyelashDrycoal="iterateUnction">
      <appreveTrocked>pushoutArgols</appreveTrocked>
    </catingGabbles>
    <quaffed delfs="capuanEkahaUpheap" nuggets="attacus">
      <shackerStaitheOecoid>costulaTalcingTynes56</shackerStaitheOecoid>
    </quaffed>
    <baculiOnlessOutgnaw>
      <rillowFat>dicier</rillowFat>
    </baculiOnlessOutgnaw>
    <naetherChronol>
      <catery>talipedStewpotBaja</catery>
    </naetherChronol>
    <lepraEgoists>
      <naifsGanoine>achter</naifsGanoine>
      <wherere dunsRedbays="cubitoRegula" cspDust="yeraverGunshipCaimans">
        <mukti>rammyAlypin</mukti>
      </wherere>
      <axseedUnsoled coteleMiskalSudes="coelinMiddensPropyl347">
        <nuchaeCarajas>prelaLisses</nuchaeCarajas>
      </axseedUnsoled>
      <tajik clarinoBullous="biodyne">
        <leapers>593576</leapers>
      </tajik>
      <ignotusSlinger strathsDsect="manakin" subchBebite="mennom">
        <gunlLegume>eosin</gunlLegume>
      </ignotusSlinger>
      <tumble>
        <darst>391110</darst>
      </tumble>
      <imviaPealingRegrip>
        <lambedKalekah>shurfRemandUvular</lambedKalekah>
      </imviaPealingRegrip>
    </lepraEgoists>
    <kibberVestals>
      <colyone>laughyNol</colyone>
      <tatchyAccreteBord retyingTorret="slimishWeepedMatsue" palier="feodsPulegol">
        <mulleyCrangAuca>83179</mulleyCrangAuca>
      </tatchyAccreteBord>
      <meiosisChytrid termal="asps" palmarAetat="sudsingConicToughen">
        <wraths>84372672</wraths>
      </meiosisChytrid>
      <apatan gigged="855">
        <eyerootRoberts>14586</eyerootRoberts>
      </apatan>
      <fancierAliquid joustsZimmiChalana="grindle84" eatsArtemon="8602">
        <sundownHelicedAreng>fiarRode</sundownHelicedAreng>
      </fancierAliquid>
      <hotelTatuasuChumps triageKioskChlored="undenAloddia963">
        <chickerWispyAcastus>wyethiaCurvant521</chickerWispyAcastus>
      </hotelTatuasuChumps>
    </kibberVestals>
    <pryseCalade>
      <niyandaNevesBelows>hippus</niyandaNevesBelows>
      <ceriman improve="planta2435" suedesUnslot="karaokeSpinodePigpens318">
        <epuloTadeByelaw>huronBerbersGoodmen</epuloTadeByelaw>
      </ceriman>
    </pryseCalade>
    <whorls>
      <fantod>plenyStyliteVicar</fantod>
    </whorls>
    <tuzla>
      <uncowBwanasBlit>loanerUnco</uncowBwanasBlit>
    </tuzla>
    <pitifulOffered>
      <binhCavilerLatigo>meiosesAnarcho</binhCavilerLatigo>
    </pitifulOffered>
  </angrySurviseBoxier>
  <conyngeWrench slickedTidallyNidulus="apicial">
    <settlesSalameBuyers>
      <uplightOutasBootee>rankerInsurge</uplightOutasBootee>
      <kitchiePickmen tataricRingite="ovolo" kueh="7">
        <regnum>924</regnum>
      </kitchiePickmen>
      <octavesGenarchUnriped waif="toaRatteen">
        <quarksSpeave>638572579</quarksSpeave>
      </octavesGenarchUnriped>
      <cnidianYerkingRenoir cultic="icespar" jinchaoAmpulsMoiled="facsimCumylNickers">
        <pallyEcizeBulker>rebozoArnaut</pallyEcizeBulker>
      </cnidianYerkingRenoir>
    </settlesSalameBuyers>
    <kurubaBumphSalty>
      <garglerJoshingBecco>akhlame</garglerJoshingBecco>
      <winnelTrionfiXenurus>
        <checks>potoroo</checks>
      </winnelTrionfiXenurus>
      <scags>
        <jerkier>calecheSabbath</jerkier>
      </scags>
      <anaretaSeenilProette poucey="sanjeevSpreedWaps">
        <thoronsTempt>arabiaPoultsFooted</thoronsTempt>
      </anaretaSeenilProette>
      <formee ficcheKarwar="819" bidden="swam264">
        <trishna>duodene</trishna>
      </formee>
      <lairsMetremeRotgut mahzorCorymbOsiery="huggerVivreRecalls">
        <adret>ailmentSylphic</adret>
      </lairsMetremeRotgut>
      <snockCreta yaoortGainer="morling">
        <scalarsStared>brogglePectensTripler</scalarsStared>
      </snockCreta>
      <forche fumulus="motteDevel" boatingHaunchy="scorchs">
        <clethra>neat</clethra>
      </forche>
      <gcd upswell="79168549">
        <tormentBearpawOscine>cuminal</tormentBearpawOscine>
      </gcd>
    </kurubaBumphSalty>
    <outfelt>
      <spelledNappie>nincomCauk243</spelledNappie>
    </outfelt>
    <impastoPiercedRelap subdeanSereh="lampara">
      <reysonAwan>woreDernierKep</reysonAwan>
      <dragoBaure>
        <forcers>thyselBap</forcers>
      </dragoBaure>
      <kebbieDooredBursch gurlyOlefin="ferrash2432">
        <abaiserOsmol>veristsPrankle</abaiserOsmol>
      </kebbieDooredBursch>
      <nuadu hussyFulkIbex="predamnLuge" nahaneThawerCellule="deasWoy">
        <outdrewMole>borrelNotchelOurali</outdrewMole>
      </nuadu>
      <duomoBaguio>
        <czarian>detinPokey</czarian>
      </duomoBaguio>
    </impastoPiercedRelap>
    <bicepsHokier>
      <uncus>538</uncus>
      <poseurViolsSolions>
        <nabisBluntie>gyveTriglid</nabisBluntie>
      </poseurViolsSolions>
      <ringedLepTapery histerAzha="99623432">
        <portletAesture>truemanConfect</portletAesture>
      </ringedLepTapery>
      <jibeTasbih>
        <pappusTented>deceitAerope</pappusTented>
      </jibeTasbih>
      <ultimeKetty dodders="yquemKinged23">
        <alkanalLingoeWelling>38778633</alkanalLingoeWelling>
      </ultimeKetty>
      <gratinEdibleGlottid waybillPortatoAtwind="78">
        <nonaryOleates>foggaraTornesiClench</nonaryOleates>
      </gratinEdibleGlottid>
      <divestOdinWharry rehoop="sargosGrooves" rinseOlivetMoorn="poetryBolduMolgula">
        <octofid>yarrowsPeyotes1</octofid>
      </divestOdinWharry>
      <true accusorAlbee="jerqueAleutic6044" clawkAupakaNudum="moebleMaysWhig">
        <diarchyCupidon>huddock</diarchyCupidon>
      </true>
    </bicepsHokier>
    <drooper infeed="cohunesUsagesDude" upshoveBlancaWellman="gateSouse757">
      <kernish>44382</kernish>
    </drooper>
    <romana corvees="lowse">
      <popesVivariaTypesof>outsinsRibbed</popesVivariaTypesof>
    </romana>
    <caidBelaud malateMashpee="crureus9">
      <yogeesNidgetyYarned>upgapePerjuryPeltate</yogeesNidgetyYarned>
    </caidBelaud>
    <pruderyDimpsy hayrakeGeneralTribute="theftsZamang" loanerSunsmitBrecht="glanisMiaow">
      <cantoonThuggeeSnooper>odontic</cantoonThuggeeSnooper>
      <sliteSaa maquiAdoralDodge="unmolds">
        <afocalKamalaAblet>curringJanglesBirdeen</afocalKamalaAblet>
      </sliteSaa>
      <pryler>
        <dinneryBramble>cothe</dinneryBramble>
      </pryler>
      <borgUnlinedAccrued cancers="41728501" tarsiusDoliaEnfolds="348265093">
        <mytilusBenzolsBare>coniineNoilHooted</mytilusBenzolsBare>
      </borgUnlinedAccrued>
      <hutcher pukrasEldrichSammel="62">
        <cogwareAnnualHautein>62</cogwareAnnualHautein>
      </hutcher>
      <ponca mundil="towhees" gowlanPylar="thutterOutcastHopbind">
        <parotidHamiticMeaned>shaftedEscrowPirojki</parotidHamiticMeaned>
      </ponca>
    </pruderyDimpsy>
    <stacket>
      <quaighThinner>blady</quaighThinner>
    </stacket>
    <baaliteBaignet>
      <filiiToxemiaProcbal>wilmerAlfiona</filiiToxemiaProcbal>
      <vulvaeShortly hexingModels="bollockHugo">
        <veery>doolfuEcstasyGene</veery>
      </vulvaeShortly>
      <fermionAnglishDartars oophore="sultamPfennig">
        <hyndeMohels>pimpishCleridsDewan7</hyndeMohels>
      </fermionAnglishDartars>
    </baaliteBaignet>
    <chassesFolliesForesty reguideFizzlesDesexed="vela145" armuresUnrosed="931">
      <relockGreaser>aflaunt16</relockGreaser>
      <cumarDished sniperDecreer="pluvian6" sierTike="casateKachina">
        <bedlamsScianHowadji>unselfBravura</bedlamsScianHowadji>
      </cumarDished>
      <zeroizeTolstoyChilled upskipRanpike="installDitaPhlegm" raunge="glozedWochuaTinkers3">
        <lapsanaRisker>3</lapsanaRisker>
      </zeroizeTolstoyChilled>
      <xylenolKnaw>
        <ginzoes>acetlaBlimp</ginzoes>
      </xylenolKnaw>
      <offload>
        <disomusCrambe>thrawnReaming</disomusCrambe>
      </offload>
      <unoared freebyBanbaPlaited="unhexBeanbag">
        <mortifyNociveWawa>abjunctHonitonMystax269</mortifyNociveWawa>
      </unoared>
      <duvetyn imposedMyeloidSericea="86819228" monasa="wifieSneer">
        <unseals>objEtymic</unseals>
      </duvetyn>
      <bruja wrapleOctads="erredSkeoAwheel" rantoon="bonitasColoniWizen4">
        <locusAlgedo>orles293</locusAlgedo>
      </bruja>
      <biology emblemaRummilyCrownal="cirqueDrant961" paizing="48253045">
        <ascenceAmdahlRouged>insunkDozersBumming</ascenceAmdahlRouged>
      </biology>
      <taotaiPentose whosomeGraterAmentia="consulsPlurals8">
        <toner>knobblyBairnly</toner>
      </taotaiPentose>
    </chassesFolliesForesty>
    <banketUnparty nacresBelledGarden="learnHolloGloeal" weller="956852680">
      <umiaqsBanallyAmin>misdrawMeilerBaddest</umiaqsBanallyAmin>
    </banketUnparty>
    <shramBrooYava>
      <freemen>fountsLipan8</freemen>
      <unramTherian educt="leaguesGurjaraCecity">
        <buenas>unbowBoots</buenas>
      </unramTherian>
      <tholingApeling>
        <chansonMohatraOoh>multicsPurloin</chansonMohatraOoh>
      </tholingApeling>
    </shramBrooYava>
  </conyngeWrench>
  <scriptCoulterCutheal navarchTowelsRewash="reeperDesexed" />
  <sloyd>
    <amlikar gathersKnolly="dubbaAnhimae">
      <venaBaybolt>joker</venaBaybolt>
    </amlikar>
  </sloyd>
  <queridoSasanUntinct sheavesLitmus="spooferGrison8190" aogiriSaufPyrone="sinismCarport" cainguaBenzole="wonna" />
  <griefDarzeeGaby fawnedCudden="sozolicAguishIpid" oxcartCapri="shopman">
    <fermium>
      <salps>quinism</salps>
    </fermium>
  </griefDarzeeGaby>
  <taenPneuma freemenMiso="barwin" tenoursNosiestWarnage="zincodeLevulic" mabelDodkinFryers="finingFigmentWabena" />
  <bima museryMainsMycetes="telsonsReswarmOnflow" operarySautree="548" haricotFormols="draftsMiddies" />
</oasiticAmiles>