<?xml version="1.0"?>
<malitiaDarkieHarmost>
  <keelfatAmores soxComingsUnidly="chouleFurmetyAvulsed" budder="fuzee245">
    <sightlyGools>
      <kissed>hyneColpheg</kissed>
    </sightlyGools>
    <rhemistMaulers fraikGamic="alky4" otherSadesCyclopy="73182313">
      <ccoyaDanuriVeiled>136936</ccoyaDanuriVeiled>
      <clivisFirmer>
        <dumdum>34377344</dumdum>
      </clivisFirmer>
      <hailse averahUpupoid="448">
        <outsFadging>marotteButeosRyepeck8</outsFadging>
      </hailse>
      <dogtail zymosesCrunchyLamer="guildic">
        <buryBendys>poloiBanjore</buryBendys>
      </dogtail>
      <flattopSlurps bacchar="groppleTartansDesmoid">
        <spec>murresDorask</spec>
      </flattopSlurps>
      <burnet>
        <anyways>totoaba</anyways>
      </burnet>
      <forbad>
        <purismsDisuseHelipad>floutedNagman</purismsDisuseHelipad>
      </forbad>
      <carbora>
        <viewierManager>dia</viewierManager>
      </carbora>
      <nachaniNahum gooroo="tasty" zonallyDrowner="anxious">
        <hiddelsAdorersYelek>acctSlushes5</hiddelsAdorersYelek>
      </nachaniNahum>
    </rhemistMaulers>
    <jibes incaJurane="beliedSpitsCladine2445" derobeDwelled="nudges" cosmoGalen="123009635">
      <chilies>4340897</chilies>
    </jibes>
    <pipi>
      <mormalHeoIckle>grecoueShilfAumakua797</mormalHeoIckle>
      <floruit taghlikMatelotMadefy="wekeen">
        <sneest>innersCurdlyKeratin</sneest>
      </floruit>
      <suntVacuuaShover>
        <jobarbeWaviataFervent>unhastySuraheeLaager</jobarbeWaviataFervent>
      </suntVacuuaShover>
      <growed lotase="runny" uppardShotten="blesmol">
        <dlr>josephaDillier</dlr>
      </growed>
      <moulder oreganoUlmic="zincy">
        <mirthsMutingMazy>feeCornuaSejunct</mirthsMutingMazy>
      </moulder>
      <halberdWantful crunodeMeshes="87">
        <descureStolons>unstoreMastmenBenorth9019</descureStolons>
      </halberdWantful>
      <aotusCadereAraru>
        <forerunActin>rafting7</forerunActin>
      </aotusCadereAraru>
      <xylomas>
        <spieled>74554337</spieled>
      </xylomas>
      <unold>
        <sequanChowderSharky>50718795</sequanChowderSharky>
      </unold>
      <shimalChicles>
        <jeepersNumbingNavarch>78718763</jeepersNumbingNavarch>
      </shimalChicles>
    </pipi>
    <ceilerUpbank medusanOrias="keyageIdism">
      <streaksMoonjaCaecity>falla</streaksMoonjaCaecity>
      <whilsPsychid>
        <mairieCursesRateen>7212406</mairieCursesRateen>
      </whilsPsychid>
      <stipeBatlerIneptly typpsSyzygyGauffre="reneges" argel="naja">
        <mycotic>vulgHusoEthnos</mycotic>
      </stipeBatlerIneptly>
      <capsulaGuidedCopps>
        <dilatesColonerSantal>atones</dilatesColonerSantal>
      </capsulaGuidedCopps>
    </ceilerUpbank>
  </keelfatAmores>
  <watersUpwaftBedell aizoon="cronySubdueEighths" />
</malitiaDarkieHarmost>