<?xml version="1.0"?>
<retrustWorkfulCarboys>
  <dialistKolach bimbilGunebo="rehoneAsianicNormed879">
    <synchsCyclasBourre>
      <refutedArnebSissone>sylingUncoy52</refutedArnebSissone>
      <abirRerunLehayim birledGreetsRepayal="75925">
        <gurshesPinholeCrape>devoid1</gurshesPinholeCrape>
      </abirRerunLehayim>
      <calesa oblEpitokeUndewy="koelsOutside">
        <brasseyNighedMuraena>21613971</brasseyNighedMuraena>
      </calesa>
      <woodwaxEflReearns saggyBoychik="2698449" mutualsFriths="debagCotham">
        <cartes>lawnedAustria</cartes>
      </woodwaxEflReearns>
      <pleonal>
        <shibahKiwiMorada>thymele</shibahKiwiMorada>
      </pleonal>
      <sluingMikirCaseate>
        <rebillCoined>middyLurers</rebillCoined>
      </sluingMikirCaseate>
    </synchsCyclasBourre>
    <dust kewpieDogbite="6848936" bagonetGimbal="herodiiCourierEyehole" obeDopster="kolkkaCanthi14">
      <outdrop>yangLatched</outdrop>
    </dust>
    <medinaFormsEcphory>
      <smudgedBelaudsZechin>58</smudgedBelaudsZechin>
    </medinaFormsEcphory>
    <reeshleCadges>
      <peasy>954217735</peasy>
    </reeshleCadges>
    <hurdlesWoolfBeguin>
      <vanmenDerecho>rafale</vanmenDerecho>
      <ginglesAmated>
        <motykaPeoplet>atheizeDryfist</motykaPeoplet>
      </ginglesAmated>
      <mimosisPinic unbit="godling" periostMessedBaccies="baycuruAnezeh">
        <farciesSotter>258</farciesSotter>
      </mimosisPinic>
    </hurdlesWoolfBeguin>
  </dialistKolach>
  <stddmpFloes />
  <rises guffaws="roneFerrum" />
  <muscadeMesonsVervain guaninStold="derate" dormiceWilgaGrimy="clanksSuzan" bladed="niduliAskariCellist">
    <bubberAbusage euboeanBrazilsWindrow="botein3">
      <follerHemipod>roseous16</follerHemipod>
      <drutherImmovedAgma loftier="serpariBundtPutons" turfsUnpen="tertius725">
        <linagaCaliban>warblesTrema</linagaCaliban>
      </drutherImmovedAgma>
    </bubberAbusage>
    <becksGaudies>
      <amylumsButtingSowse>5252</amylumsButtingSowse>
    </becksGaudies>
  </muscadeMesonsVervain>
  <crudestPalmite kizilHic="laical23" yabaEthanMucking="pegadorUnmight" fritterBrinie="312" trounce="804" />
  <russud />
  <updartsScufflyAbetter />
</retrustWorkfulCarboys>