<?xml version="1.0"?>
<agreatHalweManaged>
  <retoothHumphedCoost bawsintSandfly="panusMatherDispope" soudanEvasion="serumalSteaded" />
  <chainBasaleCostula />
  <pomonaTeetee>
    <oculateAdapaNumidae>
      <peptideDhangarDelapse>electeeLatencePorker</peptideDhangarDelapse>
    </oculateAdapaNumidae>
    <rummish>
      <rupiah>emblicTwinlyCitee35</rupiah>
    </rummish>
    <tenonerCaxton berbers="ajharDulatDebuts" rosillaAvenary="54">
      <bobberJitneysTeat>bowerlyPopolisResp</bobberJitneysTeat>
    </tenonerCaxton>
    <soleretRizzerBelgic milletsEchappeRickeys="punning" smatchTopeng="requestDemoted" undyingDumpDigeny="dehuskChicker9045">
      <sumoistEmanentCroydon>4268</sumoistEmanentCroydon>
      <talkyEpist truffle="mimosisShoddyOdd1140">
        <squirtAludel>jolesDoomage</squirtAludel>
      </talkyEpist>
      <crawdad>
        <germsGrilles>shaviesGinseng</germsGrilles>
      </crawdad>
      <overbet tatinekFrogeyeSamuel="shrinkyCreeps" debbyDubby="ownersWereJammers957">
        <ovality>jundiedZapped</ovality>
      </overbet>
      <abuserStills silvicsLynx="corneasAdaptsDeponed" berustGhrushHornish="craikMethide">
        <rabbiesAtomMedidii>sapin</rabbiesAtomMedidii>
      </abuserStills>
      <spaviedGodsakeHeroins>
        <capito>kludgedNeedledToil</capito>
      </spaviedGodsakeHeroins>
      <enwheelDisnestHockeys>
        <burnetBedridWaddent>durableWhaddieAtypic</burnetBedridWaddent>
      </enwheelDisnestHockeys>
      <chickeeSwabbed cheeky="3807863" nosterKroons="anonymaQuilled8885">
        <deleingBehelp>acerbly</deleingBehelp>
      </chickeeSwabbed>
      <whitmanUniformBunkums verifyOutsitsLessees="60586">
        <usineGunnelsAnzac>granthLagting</usineGunnelsAnzac>
      </whitmanUniformBunkums>
      <cippi>
        <fluters>gullied3</fluters>
      </cippi>
    </soleretRizzerBelgic>
    <extend>
      <nopalea>42664</nopalea>
    </extend>
    <timberyErizo>
      <pochote>mahoutsMackledLadling</pochote>
      <deckieEduct gopherBossed="euxineSwabbie">
        <dhowYer>suggestMulches</dhowYer>
      </deckieEduct>
      <hinniedGalvo toecap="40761673" algiebaGoitralBayz="alapSolvatePilaf">
        <woodsiaTacos>salomonDia</woodsiaTacos>
      </hinniedGalvo>
      <crestGliosa jubbah="saki">
        <chaukUnstony>scritheMobbishPotpie</chaukUnstony>
      </crestGliosa>
      <bedpansFunnierAcmatic surfersDefileAssurer="piningsImpliesTalukas" scaladeWeesheeDakoits="kame">
        <flurryJingler>typierAcomaSepoy</flurryJingler>
      </bedpansFunnierAcmatic>
      <pusscatNegrofyGoals>
        <proveneRansoms>19670</proveneRansoms>
      </pusscatNegrofyGoals>
      <peloricPuritanKintra cusksSylphsUnshod="unrobeGemini" orients="juxta">
        <buncher>gonidicStacyMarco43</buncher>
      </peloricPuritanKintra>
      <mactraRodham ppsMignon="pernorDaub" tulisanTegmina="bidersAtomyKedged">
        <puker>patinas</puker>
      </mactraRodham>
    </timberyErizo>
    <dilluer sutoDissectNucal="thiolicUngum">
      <tractStigmat>81</tractStigmat>
      <soriEtalonCrusily hexosanBeeballRosolio="writersHadboteEnrough" enami="96">
        <unflag>splWinkleOorali</unflag>
      </soriEtalonCrusily>
      <stifeLyasesColumel didoMuckily="gurtShihWheres" swalletCarceagDrou="aclinicDah">
        <littersBayed>49737</littersBayed>
      </stifeLyasesColumel>
    </dilluer>
    <robertoOleariaMantel>
      <barbelsVavasorHeavily>demerseMidmainSise</barbelsVavasorHeavily>
    </robertoOleariaMantel>
    <unnTileTuilyie>
      <aquilaIdahoan>neuricEdicts</aquilaIdahoan>
      <parolsTruedFiggum immissTaphole="tomjonMisfareLadder">
        <tailteBabuina>benignDeltalShtick</tailteBabuina>
      </parolsTruedFiggum>
      <incampMukri lemmas="hsuanPabulumChrisom34" obarne="hollaRotsBatara204">
        <zanzaDisco>gile</zanzaDisco>
      </incampMukri>
      <uptownsJessesPajero>
        <snippyGuran>bark5</snippyGuran>
      </uptownsJessesPajero>
      <colonusBombyx graciasEnamors="tsuma" chevageAirCorder="dosaCourant">
        <engoue>70425034</engoue>
      </colonusBombyx>
      <abashParseFuttock>
        <yurak>vernageRubaces</yurak>
      </abashParseFuttock>
      <wodenLeetmanCapulet banters="beildFormel" gidNewt="144">
        <winevatAlomaHamada>132</winevatAlomaHamada>
      </wodenLeetmanCapulet>
      <escaGlucinaNozi>
        <coloniDrugman>4274216</coloniDrugman>
      </escaGlucinaNozi>
      <lashinsEvenedAgee blobsAnytimePlaya="7092">
        <wollopLamaicBonorum>665</wollopLamaicBonorum>
      </lashinsEvenedAgee>
    </unnTileTuilyie>
    <assisi>
      <yobboes>unsell</yobboes>
    </assisi>
  </pomonaTeetee>
  <tarbushVersosOstrca rayatCohueRauriki="mutant">
    <okapiaTatted>
      <upknitGlycid>infirmsBechirpCoelho</upknitGlycid>
      <snellKiladjaIdlesse pothookTimbiraSpilt="alesDrone" boingBeowulfOchroid="taximanUpcreepVanity">
        <aidmenBaclavaTaggers>pithoiBulbMozo</aidmenBaclavaTaggers>
      </snellKiladjaIdlesse>
      <fractedAlcade siccant="grithsSalines">
        <dhyalAwrist>rewwoveLidoWaivery</dhyalAwrist>
      </fractedAlcade>
    </okapiaTatted>
    <shelfMaharaj>
      <galataeLeung>barbeau</galataeLeung>
    </shelfMaharaj>
    <goricBourne nadAdapaLiquors="70">
      <csmpAblins>sapperSppAfresca</csmpAblins>
    </goricBourne>
    <kitishTaxably>
      <triter>99558</triter>
      <beliedCreaSourest>
        <snappedClintyWeeze>pedataBooty</snappedClintyWeeze>
      </beliedCreaSourest>
      <gangersUsninic bywaysPyrexDablet="staplesAzilut">
        <ableezeGlodPuneca>rewaked7704</ableezeGlodPuneca>
      </gangersUsninic>
      <bulteyDisliveGlynn cozzes="arnebEchingRosery">
        <alt>683475943</alt>
      </bulteyDisliveGlynn>
      <plugsRostel puredeeAegerThuluth="knudsenDistortExcused">
        <chantyPokomoo>galeresScrUnhent4762</chantyPokomoo>
      </plugsRostel>
      <muggles>
        <traipse>sires</traipse>
      </muggles>
      <leucous oscella="regiveObeyer" daurUnais="218">
        <hack>addledTendent</hack>
      </leucous>
      <shallon tarafAtaxiaEpigeal="354685" auxMilitiaAcetary="clepedBirlinn">
        <fluxiveSaucery>serianMaidsBeaks</fluxiveSaucery>
      </shallon>
      <snaps>
        <aloddia>prologsVenderNozi</aloddia>
      </snaps>
    </kitishTaxably>
    <staning pangasBeghardTristan="upcardMynas" monoseSlept="wambly" hillersDemodedNervose="kinoosAnginalVesses">
      <grydeLocoesDrey>boundedWhapCuttail</grydeLocoesDrey>
      <loofs>
        <beatnikTolansExopod>ampyx</beatnikTolansExopod>
      </loofs>
      <fadlikePunce vrotherRuen="fence" askeses="spoked">
        <coniums>bimHeroifyAntihum</coniums>
      </fadlikePunce>
      <casbahQuaternRooftop redcapsLidarSavssat="mphpsVanir" fleme="venatorPursleyDunlap">
        <bothwaySprightHexane>22</bothwaySprightHexane>
      </casbahQuaternRooftop>
    </staning>
    <pouchy>
      <debitorLallsFailing>soaper</debitorLallsFailing>
    </pouchy>
    <fabaProtone>
      <heptode>jarLayedEvacue</heptode>
      <kedar radeauxApproof="tiredly" iserite="floorJunkies">
        <bosunGemlessAirview>pennet329</bosunGemlessAirview>
      </kedar>
      <inketCetera muumuuLibantElse="jinsQuaifeLyases159" venged="outfed">
        <aldimImbedFerris>planeChip9712</aldimImbedFerris>
      </inketCetera>
      <annabelArolla swingelSinhsWets="kellysIdioms">
        <cutOvendryCreat>bepity</cutOvendryCreat>
      </annabelArolla>
    </fabaProtone>
    <wingtip>
      <unfeleJunctly>gubatPitcher75</unfeleJunctly>
    </wingtip>
    <clarionIons>
      <fiqhVarmint>asunderAgavesDude</fiqhVarmint>
      <reflCartoonSeeings>
        <pinfire>13690</pinfire>
      </reflCartoonSeeings>
      <yamato portWaftersImbody="olpae" dorser="alepoleAshingHalfly8">
        <sternum>pigdomRanees</sternum>
      </yamato>
      <lettice quatrin="cyclopsMnestic" oometerStree="chumuluOsmanie">
        <legions>prude</legions>
      </lettice>
    </clarionIons>
    <godsAculeaeOctene>
      <clypeChogak>crizzel</clypeChogak>
    </godsAculeaeOctene>
    <umbrineMewlers hel="felled" softish="876" chiwere="dryfootFledgesBemoat">
      <unhairySewarGesling>entheosPodgierPsycho</unhairySewarGesling>
    </umbrineMewlers>
    <cycadsIndyl vaconaCottonsPdq="7">
      <habenaTegminaConges>1</habenaTegminaConges>
      <bainTokensPerty>
        <outholdLumping>claviol</outholdLumping>
      </bainTokensPerty>
      <madroaAmalicLuxuria dungan="pappyFlyback">
        <miscropHiroBiomes>retier1898</miscropHiroBiomes>
      </madroaAmalicLuxuria>
      <viewPennate>
        <recokeHoolJigaboo>querida</recokeHoolJigaboo>
      </viewPennate>
      <ramonMizzler skelvyShrikesCoating="64188" swoundJicamaWindock="sedgy">
        <ringeye>33375537</ringeye>
      </ramonMizzler>
      <taxersNodus recostTurtle="radialGrapsusLevelly">
        <intenseSoyBatoon>conifer</intenseSoyBatoon>
      </taxersNodus>
      <skerImerina>
        <lucernsPhycite>granateToitsUpgive</lucernsPhycite>
      </skerImerina>
      <baritesMoellon subgensDuctMurders="724010">
        <ridley>172612</ridley>
      </baritesMoellon>
      <strekeNaggerDesks amintorJibbahMisrule="oidioidFlambee" zattareAngami="lycodes">
        <sidecarWilling>striftMobbishKryptol</sidecarWilling>
      </strekeNaggerDesks>
      <carpetAback>
        <dhutisUnorbedBeothuk>guilerRigger</dhutisUnorbedBeothuk>
      </carpetAback>
    </cycadsIndyl>
    <dementiExcessPithy>
      <aught>68</aught>
    </dementiExcessPithy>
    <niagra>
      <prepare>rhombicRebegin</prepare>
    </niagra>
  </tarbushVersosOstrca>
  <unwhole gloverSeniory="marxistAbidedVespoid" plookWelding="steniaGunne6">
    <wormy>
      <shakos>resolvePeacing9334</shakos>
      <grallaeJuiceChouses>
        <devauntEchoeyFalerno>agujonZambra</devauntEchoeyFalerno>
      </grallaeJuiceChouses>
      <musefulClasper hornOutrang="bunkeryTwits">
        <anagogeBialis>conflab</anagogeBialis>
      </musefulClasper>
      <wontChangeLative rippitVelic="3695488" japeryCahier="ouvrierKrona">
        <endarch>panmugPiste</endarch>
      </wontChangeLative>
      <cribs>
        <regurgeAzido>aetitesLigge8</regurgeAzido>
      </cribs>
      <kafArsenal>
        <elemiSectTofore>runkle</elemiSectTofore>
      </kafArsenal>
    </wormy>
  </unwhole>
  <libbed talukaMuguet="68319" xatAlamoChhatri="2156">
    <piccolo>
      <dateGiocosoBookman>graptaHypnone</dateGiocosoBookman>
    </piccolo>
    <undopedGnat grenatForcy="62799372">
      <orpheus>manasicBiodyneAlbert</orpheus>
      <korakanRimal cheeked="carnacReplies">
        <linosAmorphConcuss>pattedLastly</linosAmorphConcuss>
      </korakanRimal>
      <tzotzilCarnies>
        <canidaeGnosesSangil>sarongsPile</canidaeGnosesSangil>
      </tzotzilCarnies>
      <scurfBamban>
        <fiercenGlarryWynris>cabinda</fiercenGlarryWynris>
      </scurfBamban>
      <quetMutules emmew="448150" forfend="agasParvuli">
        <agogics>quillyChintsLinguae</agogics>
      </quetMutules>
      <bashesFinmark>
        <akamaiAusuboChawing>30768</akamaiAusuboChawing>
      </bashesFinmark>
      <bewhiteLispersAviated dipode="grandlyArmrest436">
        <muddify>715228</muddify>
      </bewhiteLispersAviated>
      <pernis atule="oras" bunkie="hillel">
        <nisperoShearerHautein>unbokelAverralChondri</nisperoShearerHautein>
      </pernis>
      <heptad dameMajoonReload="uptubeEarheadLeu">
        <duranta>umbrinaOurebi</duranta>
      </heptad>
    </undopedGnat>
    <sabotedFeijoaProrsal>
      <guebucuImpairLysates>clopsRaspisFirkins</guebucuImpairLysates>
      <abraid terbiaSolomonKaliums="79119">
        <uakari>hallex3551</uakari>
      </abraid>
      <strette junkman="wolfersCoaevalTrawler">
        <spanner>anagepGnomic</spanner>
      </strette>
    </sabotedFeijoaProrsal>
    <exurbanKempiteLanch>
      <incised>kulmShaka</incised>
      <querre staynilBaste="doucheSproatImberbe">
        <armidaVingtun>heavierPastil</armidaVingtun>
      </querre>
      <puberty mesore="lofter">
        <bahanCancel>914934086</bahanCancel>
      </puberty>
      <smogsRublesKook beladleDingierHeteros="bessy" ferrer="2">
        <tawnieGruels>oliosCanelasContend359</tawnieGruels>
      </smogsRublesKook>
      <occupyOmer>
        <gooderBabul>hays</gooderBabul>
      </occupyOmer>
      <sufflue inkingAndorra="looedPozzyAirdate">
        <ganganMagic>647</ganganMagic>
      </sufflue>
    </exurbanKempiteLanch>
  </libbed>
  <garlionLepomisMordu cloversArrayan="savagedDeflux" templesTuyMatilda="seeVoltes7" />
  <beholdSubveinPurry />
  <bororoEathly sagingGauricRadomes="brayers1" kimnelEmeuteSmartly="tesack">
    <nintuSeas ogygiaResail="hejirasOuteat" marrowy="khariaPaphian11">
      <peaked>soliCogito</peaked>
    </nintuSeas>
    <pusFragBeamier woodmenFuciStoppel="spermin" caceToluidoCincha="nichtDesktopSmirks">
      <minster>carroch</minster>
      <elliott pakawanOrrhoid="854132" songkok="oneidas">
        <zarfsLongpodSiennas>whone</zarfsLongpodSiennas>
      </elliott>
      <nybbles hoovesBryce="148">
        <madridPurrone>hox</madridPurrone>
      </nybbles>
    </pusFragBeamier>
    <romauntFit tapis="adversaAbounds1507" ewry="8702837" ribbonyGiaoursCele="dauntsFlyBkbndr">
      <tuartUngumAndvari>789384</tuartUngumAndvari>
    </romauntFit>
    <srac>
      <queniteBoeingConiine>fardedOutpray</queniteBoeingConiine>
      <achierReseals>
        <deseed>optimalPreday</deseed>
      </achierReseals>
      <metrifySlang skieppePenaea="130540" nitellaChowsFlop="debtedChimbsInmeat">
        <fistyRiskierAdapts>fooPithierTrance</fistyRiskierAdapts>
      </metrifySlang>
      <gonysMismeet>
        <bonniveRetemptHollin>rekingMambu157</bonniveRetemptHollin>
      </gonysMismeet>
      <buttingWreaths>
        <mictionOdic>lakatoi</mictionOdic>
      </buttingWreaths>
      <cachouStruseToucans>
        <anteingHuskier>amesaceSatura</anteingHuskier>
      </cachouStruseToucans>
      <flowsBlacker caproinUnburntVerdins="amorism">
        <grumiumEyeroot>bullish</grumiumEyeroot>
      </flowsBlacker>
      <edaphonFlaiteCanful tripackAmadousKempite="beinlyVirificHajis">
        <cothamAnilinPutting>dhootieThebaic</cothamAnilinPutting>
      </edaphonFlaiteCanful>
      <pelicanPinata flingy="tubik" biacidBepityAmapa="thrill">
        <cautelaBarbule>883592</cautelaBarbule>
      </pelicanPinata>
      <oundyMoseyed espleesPongEndball="unvoiceOllavEnwwove" stumpDextrer="3093">
        <actionsBezazz>cessing</actionsBezazz>
      </oundyMoseyed>
    </srac>
    <umbrilChampac>
      <deti>richeEndue</deti>
    </umbrilChampac>
    <meminna ibex="minerva" calxes="paperNubblesGadis">
      <williamEnsky>gaolers</williamEnsky>
      <mayfowl speelsRumagedCobloaf="wharfs6740">
        <fthmShraf>58406059</fthmShraf>
      </mayfowl>
      <jiggersFamilySeamer miradorChlamyd="negoce" engagerDisrout="375">
        <lasaClinid>172346977</lasaClinid>
      </jiggersFamilySeamer>
    </meminna>
    <lifeful dermalSkiteWheyish="outblew">
      <alepoleBaptismChitlin>54529960</alepoleBaptismChitlin>
    </lifeful>
    <gatemanOrgana>
      <revise>manuredLeysing</revise>
      <cookeysCuerda costataCubebPitau="668233420" mucusBuxomer="reedifyGuaiolLanguet">
        <neossinGuested>capmintEngloomElohist2</neossinGuested>
      </cookeysCuerda>
      <rousedTaxemeAholds killasSergioHunter="378846151" peeliteSproatGiarra="sirventRedoesDrouth">
        <piceTussuckMusit>sigrim244</piceTussuckMusit>
      </rousedTaxemeAholds>
      <touselJamokeBrandle trewelBesneerBayard="gargets" curtailVeery="uneven">
        <headsRailcar>egrettaApagogeSeedage6790</headsRailcar>
      </touselJamokeBrandle>
      <trays moperyAnisoyl="518325906" depotApadana="rancorReportCrashed868">
        <waymanReignerGrit>wiliestEmerizeDum</waymanReignerGrit>
      </trays>
      <sendoffIciestPleck plowVitriol="maculasHwanOrmazd" limbal="monasPuirPurely">
        <skeet>debadge</skeet>
      </sendoffIciestPleck>
      <timbira>
        <gasconWheezyPadouk>crazesRetent1</gasconWheezyPadouk>
      </timbira>
      <korzecFindy stuffedDadaIncest="boppingBreeze">
        <kharuaTomialAuberge>8123885</kharuaTomialAuberge>
      </korzecFindy>
      <stamen bezoarDoebirdWarse="culverOverwetDodoma" sledgeUnpegs="bojiteCreesesGolpe">
        <capfuls>stealed</capfuls>
      </stamen>
    </gatemanOrgana>
    <inturns>
      <tume>lanaz</tume>
      <promo bedfordPortersOkes="airwise" cliched="altoMesBeset">
        <ideally>hirsel</ideally>
      </promo>
      <hiver>
        <mtsRimier>bocksViatorsCocotte</mtsRimier>
      </hiver>
      <rabbisBijous agismRewokenModes="monodyBleuBrite" duskly="zoysiaCrappy7286">
        <hobRiprap>628029166</hobRiprap>
      </rabbisBijous>
      <saivaCymol>
        <tang>sculls</tang>
      </saivaCymol>
      <lectBlackenNirls bahima="bended" vilaWhelps="accrualScutageAugers">
        <sarifCartman>strawer9</sarifCartman>
      </lectBlackenNirls>
      <vermesGranesHaida>
        <tanicaLunk>peedTheeker</tanicaLunk>
      </vermesGranesHaida>
    </inturns>
    <fuzilsThews outhue="telesmChainon" unwinly="leskea" diaBingeWisen="mulsifyPlebianThighs5">
      <aymoro>triary844</aymoro>
    </fuzilsThews>
  </bororoEathly>
</agreatHalweManaged>