<?xml version="1.0"?>
<moriceVoideeAeoline>
  <habus norieAgalaxy="maffler224" skyedPreconyFecks="tanga" />
  <freightGuepard scriber="32" groanedFiordsStars="63" trichiaCawquawPinion="oafsMidmainSatin">
    <hussRicinus>
      <brieferMuonSamurai>nagaRifeHayes</brieferMuonSamurai>
      <wamesEnki>
        <cagouleAntientNewsboy>fullfil</cagouleAntientNewsboy>
      </wamesEnki>
      <satanChalana>
        <feeliesBreaths>void</feeliesBreaths>
      </satanChalana>
      <mugginsGreed dynelBeduke="alalus" sideral="unwadedBiogensSpitish">
        <coombs>emprint</coombs>
      </mugginsGreed>
      <pentailBather>
        <longers>urgers</longers>
      </pentailBather>
      <libreYangtzeDequeen>
        <khakisHerpLakey>becuiba4434</khakisHerpLakey>
      </libreYangtzeDequeen>
      <swathsCloy uncowLimuliDeletes="baikieAcaena" sustainEvolveUnsolve="cajuputHulksSpitals">
        <glegMonton>doublesYawneyAlchimy</glegMonton>
      </swathsCloy>
      <evaTellers>
        <leafing>hejirasHoldersSuncup</leafing>
      </evaTellers>
    </hussRicinus>
    <annectEncagePiece guzzled="vizslasSomne" frameHeiled="24127969">
      <awetoMaleoSuranal>aught</awetoMaleoSuranal>
      <certifRiotous kuarEmbusyAdepter="bakeout" tetter="becchiThugdomLehrmen">
        <chapter>crispAztec5291</chapter>
      </certifRiotous>
      <lyeryTelei horste="crapySillockLimn">
        <dualaEnwrite>hesVilaSecpars</dualaEnwrite>
      </lyeryTelei>
      <annihil>
        <nodule>trunPiefort</nodule>
      </annihil>
    </annectEncagePiece>
    <sunstar pewage="achar" adulateSpumesPhu="saporsEnlaced">
      <sonoresGuyersClio>482650246</sonoresGuyersClio>
    </sunstar>
    <waitsLufferManuel>
      <fallal>petriTripe4033</fallal>
      <deaningSitcom swedgerRavenedBulking="elatersSenders">
        <gawkilyMottle>byeman</gawkilyMottle>
      </deaningSitcom>
      <guywire vitroSpirlie="cymbelJigmanCoped" craichyMilkmen="uvate32">
        <zestBepress>adenoidBegay1</zestBepress>
      </guywire>
      <ovonicsThochtRazour>
        <bonnock>tembuBarbes</bonnock>
      </ovonicsThochtRazour>
      <prees>
        <hastler>cetes675</hastler>
      </prees>
      <modelsHackletDenmark torpor="oxbrakeHetericBields4132" learMfr="665937241">
        <relumes>7890363</relumes>
      </modelsHackletDenmark>
      <dingies>
        <damAeqPentyls>bawbeesFiringLeanest</damAeqPentyls>
      </dingies>
      <stonkerBarnagePogies noblingAriderBeamed="bornylInroad">
        <bumps>taskageBocal</bumps>
      </stonkerBarnagePogies>
      <pranavaScolderParasol>
        <fussockLatched>managedRepolonBarking</fussockLatched>
      </pranavaScolderParasol>
      <craftyBharaMappers rearingGulden="predyPannusLowed31">
        <shrag>arigue</shrag>
      </craftyBharaMappers>
    </waitsLufferManuel>
    <cloursTroths>
      <mendelPepsinsGingery>teensTelfer</mendelPepsinsGingery>
      <calycliPerter>
        <rewaterServius>siphoidChelpBejewel</rewaterServius>
      </calycliPerter>
      <semballPinkest pentose="152">
        <nicoloLambiesComales>curshipTrucked</nicoloLambiesComales>
      </semballPinkest>
      <cavuMarcoPaddler iceniOvarin="6022402">
        <ferularHankOsier>33</ferularHankOsier>
      </cavuMarcoPaddler>
    </cloursTroths>
    <klamathCleamFauve>
      <actuVicaraCancion>yocksLapped</actuVicaraCancion>
    </klamathCleamFauve>
    <wagonedBrokers>
      <burrock>rabatoLascar</burrock>
      <stauk barbaChous="wedlockBeamerTaruma">
        <keistGervase>farmer</keistGervase>
      </stauk>
      <straitsPulsers>
        <outcantNisseHamulus>boxworkSpears</outcantNisseHamulus>
      </straitsPulsers>
      <actualsLutrineComvia telegu="5678592" butmentFretsPruta="mitUnclasp">
        <geistCheare>spatted</geistCheare>
      </actualsLutrineComvia>
      <bawdrySurgeShawy vulcanSpeels="feeb" sawyersBushily="grussTaglet">
        <kelticsCauterHayey>beardCalando</kelticsCauterHayey>
      </bawdrySurgeShawy>
      <tow proses="scrapsPlywoodPlotch574">
        <sheensSandpit>inermia</sheensSandpit>
      </tow>
      <lineasSosoishContuse besluitBarauna="80" drainedChobWaggled="ergotedPleckGravely">
        <frogleg>gavials</frogleg>
      </lineasSosoishContuse>
      <peppy nurseEmeusMenages="yankee6">
        <pended>tamureSofar827</pended>
      </peppy>
      <prasesFidsMaru>
        <tewlyDemihag>offingsElliotHaff</tewlyDemihag>
      </prasesFidsMaru>
    </wagonedBrokers>
    <hinduAlvinTampers hillers="eminent" picaraAditioPisum="itolandHugSawarra">
      <paruraCastle>rhonda</paruraCastle>
    </hinduAlvinTampers>
    <floggerRuewortAprowl>
      <durrasMemosSynodic>titlistSequelaDonack</durrasMemosSynodic>
    </floggerRuewortAprowl>
    <kioskNumenIxodes>
      <watalaRailerOrgany>gorrel</watalaRailerOrgany>
      <madnepAthenaVinier volventClayedSagiest="playersReplow6">
        <lulavFusible>hajeRosatedSubtend</lulavFusible>
      </madnepAthenaVinier>
      <kotokoKipsDixit zamorinSistrenForeran="canyEverest" wakariPoucerInvalid="accloy23">
        <tesackLigure>49572</tesackLigure>
      </kotokoKipsDixit>
      <shure dulcifyKendReferda="measureAveninHaffets">
        <khan>clouted</khan>
      </shure>
      <vaticalGostherEdited cobbsForgat="2">
        <snawsOspreys>25170569</snawsOspreys>
      </vaticalGostherEdited>
    </kioskNumenIxodes>
    <kohlanWoolsey eild="lunganRowthsSurname4353">
      <unspeedGraven>agamidOvaria</unspeedGraven>
    </kohlanWoolsey>
    <ladikHakka>
      <gonzoTitter>6611</gonzoTitter>
    </ladikHakka>
  </freightGuepard>
  <dunksBoydomTryout>
    <sornersPediwak anerly="75984332">
      <alkenylFurSmerk>azide</alkenylFurSmerk>
    </sornersPediwak>
    <outbuzzSolace>
      <nuculidClappedPomposo>bertin</nuculidClappedPomposo>
    </outbuzzSolace>
    <touses>
      <gripsComping>peep5</gripsComping>
    </touses>
  </dunksBoydomTryout>
  <ziametBurned pawed="purely6" adnexedAlumiumLievest="tockPorge" email="bluedTepal" sturbleAwanyuMythize="saigasCloacasManitu6333">
    <haustUmm rhinaPeptizeNabak="spurred" faff="chounceCuffedNouche" gothismIncaseMarmot="cannersWeep13">
      <gretelSharerEndable>unbury</gretelSharerEndable>
      <pupeloVisnomyVanlay remeetsSprees="tahin" suppost="chalks">
        <screetHeavens>molaryBoracicAswoon</screetHeavens>
      </pupeloVisnomyVanlay>
      <posies>
        <umpireAmenty>potboysKylikecRecedes</umpireAmenty>
      </posies>
      <hulver>
        <jun>loadumTroft9</jun>
      </hulver>
      <bilbosBibelotComenic gundogsStetchPaths="mustedSugaryOnymity" swobsFlesher="deportSnog">
        <sessile>arghanAzonicMaps6200</sessile>
      </bilbosBibelotComenic>
      <reblot>
        <totanusGaslikeMoodish>clivias</totanusGaslikeMoodish>
      </reblot>
      <chegoesFungalDrayed cerotin="pazareeRillBlurb">
        <egolDivineHausse>dewormsAgrees</egolDivineHausse>
      </chegoesFungalDrayed>
      <madiaKraut>
        <mantoWeightsKelp>shaheeExies</mantoWeightsKelp>
      </madiaKraut>
      <twiggenCapletsPomp flappetSubdeb="alterFolliedClinoid5" kalisKupperMangos="speckyShilletGinned">
        <wended>40917318</wended>
      </twiggenCapletsPomp>
      <tuathLoxodon tows="durionDirBelonid" bonyPaperyKickier="tiersTarbetSubplat">
        <etchingMalkinGote>4173</etchingMalkinGote>
      </tuathLoxodon>
    </haustUmm>
    <perisPiled>
      <sabersLivierKarsha>synacmy69</sabersLivierKarsha>
      <proofedWilhelmPlatier>
        <plugmanEcdyses>jakartaOutgnaw4147</plugmanEcdyses>
      </proofedWilhelmPlatier>
      <amhranHelenin haireTythedSucces="doradosSlimierLynn" lapwingNubble="krepiBanande201">
        <widowyGudScouted>320426</widowyGudScouted>
      </amhranHelenin>
      <sardianHavens>
        <urheenLentile>17030437</urheenLentile>
      </sardianHavens>
      <wifelet tack="774">
        <grossesRepleve>sonchus</grossesRepleve>
      </wifelet>
      <acmaeaAdditaGryde affixes="gazesTsktsks">
        <owser>3211239</owser>
      </acmaeaAdditaGryde>
      <mulemenFicinStanine algomicCawAdelia="childedFridgesRanker" lithely="50">
        <waltzed>76</waltzed>
      </mulemenFicinStanine>
      <clopped>
        <neascus>roomPoleUnioval</neascus>
      </clopped>
    </perisPiled>
    <cariyo otolite="chyazicThebaic" siest="toriest">
      <adonistBulimy>witwallSlogged</adonistBulimy>
      <cowponyLukelyReplans domineeBallingOvens="porogam" tizziesCalinutCaplock="frapeWoolwa11">
        <letter>iconic</letter>
      </cowponyLukelyReplans>
      <tortor emoveEtc="sarkfulFilator">
        <tylosisGrudgerVrow>injunctSortsTekke</tylosisGrudgerVrow>
      </tortor>
      <zea larkyScourySweaty="9489">
        <cripesAstrutNotaeal>9</cripesAstrutNotaeal>
      </zea>
      <khakiedRename cashou="coxyHyaliteDaubery">
        <moneralFluvioRusines>filcherObolet</moneralFluvioRusines>
      </khakiedRename>
      <quinelaGuidePata>
        <tassets>ostsis</tassets>
      </quinelaGuidePata>
      <agriotQueak fronterNoshing="riversUnknots61">
        <imparks>lockageMikirTenfold</imparks>
      </agriotQueak>
      <pomaceMoonackFraela disdain="eelboat" hulwortConusesVolary="feestSiricidDemarch5">
        <diurnalTunney>speaks</diurnalTunney>
      </pomaceMoonackFraela>
    </cariyo>
    <pinjra bedwarfSingsDorsel="lammPilifer" adroop="waubeenWaiting">
      <aspectsRibonic>bayishCadgers</aspectsRibonic>
    </pinjra>
    <uphaleXxiv>
      <cherish>25010426</cherish>
      <sackfulPrespurAhmet gynecol="akinAgley" gis="diacid">
        <debted>burbotAdatLeach2</debted>
      </sackfulPrespurAhmet>
      <welterGait mogul="dauberyRoss" rognonPainterUnisons="sueded960">
        <doggingAerial>huskier</doggingAerial>
      </welterGait>
    </uphaleXxiv>
    <loggiaDemies>
      <aufaitSapwortSophist>538438668</aufaitSapwortSophist>
      <outlashKuaCaderas>
        <thyrold>147847</thyrold>
      </outlashKuaCaderas>
      <arduChaya toivelAdolfNadiral="teleostSifting6107" toftmanInningHaratin="shawlGlasserStibble">
        <cyder>758</cyder>
      </arduChaya>
      <yeather charismSabella="grips34">
        <trebledYoccoAkia>bidery</trebledYoccoAkia>
      </yeather>
      <catwortSargos>
        <stonersAloud>tildesDualistLinalol4</stonersAloud>
      </catwortSargos>
      <whilendEmbound marquis="thomistUnkamed">
        <candidaBurrow>cadereCorageEleven7</candidaBurrow>
      </whilendEmbound>
      <zareeba>
        <heckleHulloo>lakmus</heckleHulloo>
      </zareeba>
    </loggiaDemies>
    <smirchyDeric>
      <andorraDaveHooka>83</andorraDaveHooka>
    </smirchyDeric>
    <actg>
      <leashesPrecystSlum>filla</leashesPrecystSlum>
      <algenibMuter tapwortVelites="sizeKirned" hamletWambaisMinuend="manor9992">
        <ergodicRaiderEardrop>sirsRun</ergodicRaiderEardrop>
      </algenibMuter>
      <equerryPremeds eftsDevvel="bustardLawyersDisport" wireCoriin="treads">
        <bouffonTopau>859530</bouffonTopau>
      </equerryPremeds>
      <earner>
        <roc>4</roc>
      </earner>
    </actg>
    <caball>
      <casavasZinnia>8965</casavasZinnia>
    </caball>
    <reheelOstiaDardan uretal="elishah" unhighMattockLinac="praySmatch">
      <tarteValsa>476911</tarteValsa>
      <chivied agilelyTagmeme="grimmia4">
        <syzygalSteepedCammas>erenowKirkmen</syzygalSteepedCammas>
      </chivied>
      <fcsDeadingPicul>
        <echelle>petroSeedy</echelle>
      </fcsDeadingPicul>
    </reheelOstiaDardan>
    <gurgled>
      <gartersDragsFounds>468</gartersDragsFounds>
      <seavyMorcoteMilkman bowlineCorvus="fermeHeimdalStlg" rompeeRaid="9726">
        <hasidicTegs>96217197</hasidicTegs>
      </seavyMorcoteMilkman>
      <nacelle yatagan="2401">
        <sockmanGuntubPand>pingoVang</sockmanGuntubPand>
      </nacelle>
    </gurgled>
    <anguriaZanjon claimedEyey="6010" unhappiAswail="mende">
      <whapped>inculp</whapped>
      <sapsuckTippingNirles pifflesRioter="tutlerLairmenNeg4">
        <crake>goetaeShinily</crake>
      </sapsuckTippingNirles>
    </anguriaZanjon>
    <beatas outweptGinney="self5" curvleMacrame="podgeRetrosAroused" spayard="reastyRitusMimidae">
      <privityBahama>617</privityBahama>
      <folksyPhysics>
        <sunnaBasaltAscitan>atavismTovahSessed</sunnaBasaltAscitan>
      </folksyPhysics>
    </beatas>
  </ziametBurned>
  <dumpishBagioSticks />
</moriceVoideeAeoline>