<?xml version="1.0"?>
<facientWoesProgger>
  <biloBatad hawaiiArew="925036833" />
  <gannetPithier tansy="uniusComfily" repenSporing="crainKazak">
    <sidhe>
      <hawkeys>ribbonPomak</hawkeys>
    </sidhe>
    <dearies>
      <been>relieveSnivelsLamba</been>
      <sabanBowyangSquet waling="164105" cullaysTingle="mahomet">
        <naifs>sippleEdictum</naifs>
      </sabanBowyangSquet>
      <conatusJejunalPoppa acridyl="outpath">
        <debauchCotonia>7866</debauchCotonia>
      </conatusJejunalPoppa>
      <muzz neakesFrowsy="7590" bopeepVoltaicVelds="zaptiehCurvantSwaraj3608">
        <acresLapies>chaneIntarsa</acresLapies>
      </muzz>
      <pranksDione bungledBlaflum="doand93" tacoJabbleDudine="oribisCrannog">
        <burgeeWaylandChimera>ashpanSendoff</burgeeWaylandChimera>
      </pranksDione>
      <staffer>
        <stipple>justin</stipple>
      </staffer>
      <quinnatNudens marblerTzardomAstable="morphosRoyt">
        <circles>wencherCedratUnnobly</circles>
      </quinnatNudens>
    </dearies>
    <ovulesBuckuFanega>
      <ploimaProblem>edgingOcticMegrim</ploimaProblem>
    </ovulesBuckuFanega>
    <gagedEpinaos>
      <contusePheeal>unsweet</contusePheeal>
      <pirnie>
        <ceticBetingeResizes>cuttersRugbies</ceticBetingeResizes>
      </pirnie>
      <jawsViresAestive bumbledTomcatPitprop="porosisTetrol" spissusBarbers="858">
        <incloseAlbinic>65</incloseAlbinic>
      </jawsViresAestive>
      <phoneysHdlcDuress werste="unfeary">
        <duals>showdomLollsGaster</duals>
      </phoneysHdlcDuress>
    </gagedEpinaos>
    <spitful>
      <mimes>draggyBlotsKoipato</mimes>
    </spitful>
    <surfaceRithe targes="36959909" roastedEssenisMucket="brasierPineryNoyau" whosoSociateTercio="booteeAnemic">
      <palgatCebathaBeglew>fadings</palgatCebathaBeglew>
      <ostlers>
        <litargeOscheal>monologLuvian84</litargeOscheal>
      </ostlers>
      <mremPoiseLiteral>
        <brasilBebusy>oralistDhurnaTraik</brasilBebusy>
      </mremPoiseLiteral>
      <jabbedGoofs cupperVistaMintage="throuEmptilyGaut1013" postboyFrizzly="6">
        <neal>kelderFoxtrot</neal>
      </jabbedGoofs>
      <ebrictyLucidaFry offbeatMiliola="90766990" unwinly="clubsReiversBoasted">
        <macucaSelfful>juntasPawMustela</macucaSelfful>
      </ebrictyLucidaFry>
      <helotry fraysSour="cheviot825">
        <orageClosh>66831909</orageClosh>
      </helotry>
      <elling outeatGloversMaimer="zirakRaising150">
        <nessusProg>211200</nessusProg>
      </elling>
      <immiChook acomaVaguioFidate="enginePhysidDomer">
        <scillas>25</scillas>
      </immiChook>
    </surfaceRithe>
  </gannetPithier>
  <spankyUnhooks conoidScarpeEsker="miasmic" />
</facientWoesProgger>