<?xml version="1.0"?>
<yestMiskeep>
  <locatorUnlordOont rocherBrowed="immureWummanMiguel" vitriolEdwinaJamdani="dogearsZolaize4" />
  <playockRenner punkieInjust="proser" chypre="480463" evangBedcordCerises="kittingFablersPucks">
    <farfalByrlingRouter>
      <whiftLoraOafish>meeredSwep</whiftLoraOafish>
    </farfalByrlingRouter>
    <agnates>
      <inmew>ensuantPuranas</inmew>
    </agnates>
    <knapeTreeman>
      <gunsterTraiks>grainerPyrones5803</gunsterTraiks>
    </knapeTreeman>
    <bereanIncanMiotics doglegsImpot="linemen3">
      <fratchy>trudgenUnsoul</fratchy>
      <beisaBellotePeyotyl lenapeKerasin="subtlyFrayneLugsail921" outr="4">
        <uncrook>765</uncrook>
      </beisaBellotePeyotyl>
      <bisext kinase="slubHepatic" cotesEngulf="dodkinNonjuryUpgape">
        <baalimRetableOctode>jauping</baalimRetableOctode>
      </bisext>
      <metaEmpyema>
        <cosetsDigenic>onyxis</cosetsDigenic>
      </metaEmpyema>
      <gaddangTickieRedug scandic="deditAvatarsCurcuma272">
        <platly>tiglonsGlarily</platly>
      </gaddangTickieRedug>
      <fennelBigroot crassCatlinsAmain="5" spondyl="931">
        <countorItalon>khangaJenoarTaunted493</countorItalon>
      </fennelBigroot>
      <unharshAdditur>
        <faroEnhedgeKellies>eigneSavoyedStamnos12</faroEnhedgeKellies>
      </unharshAdditur>
      <swabbyGoitralUrease>
        <broguedDenial>beaued</broguedDenial>
      </swabbyGoitralUrease>
      <doggetCaliphSubanal>
        <boheaBunglerJacht>19</boheaBunglerJacht>
      </doggetCaliphSubanal>
      <yidGalangaStichel>
        <latomyKnoll>connachLudden</latomyKnoll>
      </yidGalangaStichel>
    </bereanIncanMiotics>
    <avocat>
      <wolfingDrawl>frenumMahzorYazata</wolfingDrawl>
    </avocat>
    <charact>
      <swankieDoll>inspeak</swankieDoll>
      <urinoseGriquaCirce>
        <denisWinned>cogitosModern</denisWinned>
      </urinoseGriquaCirce>
      <wiggen>
        <nexal>whilkSufficeMelteth</nexal>
      </wiggen>
      <padnag>
        <aflauntValvateBlume>outseek</aflauntValvateBlume>
      </padnag>
    </charact>
    <ikhwan fogey="isortWaxworkAsuang">
      <edital>embeliaCitrousMapuche4</edital>
      <edaphicExpires vetiverScuppet="treas">
        <tepeesSeahRiboza>margieDerek</tepeesSeahRiboza>
      </edaphicExpires>
      <dzeren tonerYawned="944519" unurnedMargotSenator="circletKillImpress">
        <rublis>tinnilyDeboneUvala</rublis>
      </dzeren>
      <duckpin>
        <ensure>caplockFeeze</ensure>
      </duckpin>
      <bolicheMisaddsLass undutyRelatesFitched="murrayMirkyBelgium">
        <exhanceFillers>pyknicsMesobar</exhanceFillers>
      </bolicheMisaddsLass>
      <dykageHarnSealed affeerUntrod="bemoonSahibFinable">
        <jefeDeodandTyrants>bucareScirpusAdoors</jefeDeodandTyrants>
      </dykageHarnSealed>
      <baresmaPuds>
        <sennitsHackney>owghtQuakersHaggeis</sennitsHackney>
      </baresmaPuds>
      <papier>
        <apropos>flavorsPennersDepass</apropos>
      </papier>
      <mycoticEnnead>
        <rimyTwistedDipter>ascript</rimyTwistedDipter>
      </mycoticEnnead>
      <desueteUngloomCrudity>
        <maximedPuces>15886</maximedPuces>
      </desueteUngloomCrudity>
    </ikhwan>
    <spasmedAntealTricks toxodonSyntony="peahen">
      <podos>367140</podos>
    </spasmedAntealTricks>
    <bircherBulimicCosmist>
      <plimRichterFuelers>trishawGreco267</plimRichterFuelers>
    </bircherBulimicCosmist>
  </playockRenner>
  <tuckner tarazed="ballanSievedTholus" calmedHomrai="apotypeTraship" merilSnailUntaped="442">
    <blah airtime="weirdos29" pochoteEyey="oilishWoodletShitten9">
      <lench>2422</lench>
      <faithsHimati hognutGobi="5679">
        <venus>mopers</venus>
      </faithsHimati>
      <rubatoSugat>
        <strikedWarray>28522</strikedWarray>
      </rubatoSugat>
      <carpiumRefeign audit="churlsNervosaKnacked3467">
        <hydriadRehairWaggish>comenic</hydriadRehairWaggish>
      </carpiumRefeign>
    </blah>
    <redox>
      <dibbers>inkling</dibbers>
    </redox>
    <tahamiFoldyGlutin>
      <aider>methodDemalWasps</aider>
      <torasHumiriaBiron>
        <lactid>pursuer</lactid>
      </torasHumiriaBiron>
    </tahamiFoldyGlutin>
  </tuckner>
  <walrus yelpsBulbarRegrip="946" vitricsMelanin="shinedKreuzerHoghead6875" dorsale="ogpuTunicle" gentianBodle="2">
    <tablet>
      <tregetReallyProtea>punkest7</tregetReallyProtea>
      <ohoInsack hallooGrazersGriper="pewfulUtible" quartosUnridCabiric="glazers">
        <distomaHiesGarland>camerasLavage</distomaHiesGarland>
      </ohoInsack>
      <sangerProggedTheb>
        <ozoner>767819523</ozoner>
      </sangerProggedTheb>
      <riven sheasAzorian="bandidoSaphena" everted="daphnadClonicMartyr8">
        <hymnsAlloseCapone>tack</hymnsAlloseCapone>
      </riven>
      <earlessWrinklyInfall divulgeOopodCowpats="bummieSpunge9">
        <guarsSpuggy>afftSethead</guarsSpuggy>
      </earlessWrinklyInfall>
      <vedangaBoguingYecchy lysine="bravi87" dollarXxvHolmium="vomitosArgiopePhorone">
        <niceishBenumb>elodeaBrawliePipeage191</niceishBenumb>
      </vedangaBoguingYecchy>
      <popelyLimpetPrefect crissalClarainTagua="sidingsDaresayMisfire">
        <behaveDeterTiplet>curdleWeroolePesetas53</behaveDeterTiplet>
      </popelyLimpetPrefect>
    </tablet>
    <stivyAnstoss>
      <wades>zolaistKnapeGuacimo9</wades>
    </stivyAnstoss>
    <egretta neger="palmira">
      <quetzalHillary>merrilyHods</quetzalHillary>
    </egretta>
    <olamFliping>
      <splicerTurcizeHefty>73473</splicerTurcizeHefty>
      <uptearPunkahs fragileFleetsKrait="plasminSweller57" batell="saintly">
        <songoCometsYon>sciIonomer</songoCometsYon>
      </uptearPunkahs>
      <matzah>
        <peaveyPunterChador>pentArchgodJibi</peaveyPunterChador>
      </matzah>
      <forrueDrailedMidiron unfaintRarioraNudnik="ilima" tornese="61884">
        <bibcock>hadeKaik</bibcock>
      </forrueDrailedMidiron>
      <enaliteGedsRinkite melaninMurrClosely="chacmasListelAbusing" vetchyMima="6079">
        <abnakiOnsets>paha</abnakiOnsets>
      </enaliteGedsRinkite>
      <espialsCardia>
        <constatBroking>17233</constatBroking>
      </espialsCardia>
      <hoitDentineUvulae pincian="statizeJumbuckKhasa">
        <morling>lew</morling>
      </hoitDentineUvulae>
      <orlopPyosis hybosisSketYang="prussic">
        <cheviesDrove>judiceHoaxer</cheviesDrove>
      </orlopPyosis>
      <keelsShamoyAnchory sprentStewartWath="okehCahuy" mishitsOstlerCamote="testifyHacksaw1940">
        <rameUnowing>areadySmartedLingtow227</rameUnowing>
      </keelsShamoyAnchory>
      <syruperShure waefuVexils="rabificElongSchelly" triarylCooties="impone">
        <pell>419596749</pell>
      </syruperShure>
    </olamFliping>
    <fired>
      <premanSmousBoogers>yieldsDehortAslake</premanSmousBoogers>
      <subveinHaunter>
        <gor>76</gor>
      </subveinHaunter>
      <horserOcellar chekistUndrag="666389749" arterinChogaKirve="834170905">
        <incisesUpcockExtine>coree83</incisesUpcockExtine>
      </horserOcellar>
      <poyJibbahArlene>
        <granthi>messrsHorsesPraya</granthi>
      </poyJibbahArlene>
      <racionSorrenTrance toeyLowbell="271228" quapaw="boke">
        <abusageChanty>7123130</abusageChanty>
      </racionSorrenTrance>
    </fired>
    <waughtDiarialRaiders>
      <eburnaPentoic>boychik</eburnaPentoic>
    </waughtDiarialRaiders>
  </walrus>
  <avellEngreenRaccroc midasUpkeeps="57969312" />
  <looeysRombleIxodid wohlac="tallowSpringsTaxidea9" kathalLienal="belgaePenkMarital" />
  <gaucherSpoonAlinit raylessWithSetose="carvelsShawm" defiant="dec" chiopinAchar="77872431">
    <broiden>
      <lich>deliaSkinProse</lich>
      <acrodusSylvan grapingDanio="itdBoardlyXylitol" carayan="darnsWommala">
        <kolobusSheer>bearderUncasesInfauna4592</kolobusSheer>
      </acrodusSylvan>
      <reviveLiv susAgreeGranges="15">
        <solonDissour>erbiumsSuther</solonDissour>
      </reviveLiv>
      <inctriUster haf="scarperTushNetlike" corning="6404">
        <delouse>slineGambir</delouse>
      </inctriUster>
      <bindersChalets subsill="sapsSleeky">
        <townishTabandHackery>tizwinManors</townishTabandHackery>
      </bindersChalets>
      <sidUnreeve>
        <casaqueVirlsOolong>popeyesMudded</casaqueVirlsOolong>
      </sidUnreeve>
    </broiden>
    <pepsinNarked langLutfiskCinder="4">
      <davielyPurveysTeguima>upslantOvular</davielyPurveysTeguima>
      <tonguePliersAvdp duomi="boggledDogwoodMinchen676">
        <genevasTheIgname>5</genevasTheIgname>
      </tonguePliersAvdp>
      <bustardLhb stanine="1014" atwirlLimulid="dindledGobiDryops201">
        <barkersIvory>nahuaBubePenlop</barkersIvory>
      </bustardLhb>
      <teamedSuburb>
        <charadeRebrown>3</charadeRebrown>
      </teamedSuburb>
      <lenseMetumpMochudi bufidinSansUnrolls="lyasesLekYas">
        <corvineMacana>tilers</corvineMacana>
      </lenseMetumpMochudi>
      <addisRonionOutcrop amused="3" azotine="529279">
        <chapon>maboloIbycterRanges644</chapon>
      </addisRonionOutcrop>
      <manasAlme>
        <quinnatOctose>3</quinnatOctose>
      </manasAlme>
      <stroke>
        <immew>dumasAwmbrieBibbed43</immew>
      </stroke>
    </pepsinNarked>
    <platly adjagDisbarkPhotos="bibbons111" maybirdChromesTourers="anlia">
      <quachil>kelpAbelAtria</quachil>
    </platly>
    <guttar>
      <refectRulesPilled>unsued2261</refectRulesPilled>
      <uredemaPeachSacral>
        <angelicHoes>16959</angelicHoes>
      </uredemaPeachSacral>
      <broosePronely asselfFlywayAccts="bahistiOafdomAnoure995" slurbanZingana="virtu">
        <lignumFlaker>percase</lignumFlaker>
      </broosePronely>
      <tarpons>
        <ciceroHulsiteUndub>gasconsSoutarSabring</ciceroHulsiteUndub>
      </tarpons>
      <regrows stourly="tuglikeGushersBoyos">
        <drover>ingreveLeghornFurner</drover>
      </regrows>
      <kimbo voarSeemersForhale="toising303">
        <waxers>coryph</waxers>
      </kimbo>
      <macingPushy>
        <enraptsShekels>33287</enraptsShekels>
      </macingPushy>
      <costsAcouchy>
        <lebenYaruro>gleir</lebenYaruro>
      </costsAcouchy>
      <arabicBinitNegated oolites="tutballGunongFackins">
        <moongTunlikeScrimpy>nurseryXylate</moongTunlikeScrimpy>
      </arabicBinitNegated>
      <bidget>
        <wayakaAlign>serranTawneys</wayakaAlign>
      </bidget>
    </guttar>
    <newelDcorKulaki>
      <marianGlacifyPagurid>cambionScaniaDentils</marianGlacifyPagurid>
      <pisang>
        <lawter>978077</lawter>
      </pisang>
      <droptTibicenBinful>
        <subdialKeruing>kittulStilledDormers</subdialKeruing>
      </droptTibicenBinful>
    </newelDcorKulaki>
    <spoffyUcal idaMammoniHalt="189">
      <pearlin>92928179</pearlin>
      <semite furandiFalsityDungeon="hydrant9670">
        <girdledCagBiorgan>matrixInbondCampane</girdledCagBiorgan>
      </semite>
      <welchesKashiraAgamic flyDureful="zoeticGloamCosteen" couril="hillersGeraty3920">
        <monera>9</monera>
      </welchesKashiraAgamic>
      <welkins>
        <misaverYakonan>ravenerInanesAdarme</misaverYakonan>
      </welkins>
      <youdAdosseeWales>
        <nogal>watsGuareaCistron</nogal>
      </youdAdosseeWales>
      <coalersPelioma tawing="6403886">
        <retundWallfulOctants>nuttierUntown</retundWallfulOctants>
      </coalersPelioma>
      <peumusMoocahKenaf>
        <duomos>actinDepleteForseen</duomos>
      </peumusMoocahKenaf>
      <pibroch>
        <cradgeMaydays>gellantKevelRewarms</cradgeMaydays>
      </pibroch>
    </spoffyUcal>
  </gaucherSpoonAlinit>
  <ovaloidFondle>
    <anatifaTraffic>
      <civiesMimmockKudize>busby</civiesMimmockKudize>
    </anatifaTraffic>
    <draggyAlmeh>
      <kaibab>322609</kaibab>
      <anywhen uptownsUppingsLuite="jennyEthenol">
        <cobbers>monal3732</cobbers>
      </anywhen>
      <hoddins>
        <osculesSaigas>kasida</osculesSaigas>
      </hoddins>
      <ringatuStyletsScraily kruRetile="reseal" asinineWagh="amolish">
        <stero>29087</stero>
      </ringatuStyletsScraily>
      <fadosColonesTaproot>
        <tradyChronosThugged>delsDweller9100</tradyChronosThugged>
      </fadosColonesTaproot>
      <busiestDioxidBowsed delire="dumbleOutlash">
        <bonks>ergMargaHilum</bonks>
      </busiestDioxidBowsed>
    </draggyAlmeh>
    <anormalCistaeNaiant>
      <shrivelResends>odorantDoum</shrivelResends>
    </anormalCistaeNaiant>
    <nannieOomiacsVitamin hoven="yoeNisus" shivsCodling="imbowerFatihahChaum">
      <waps>domentGypsine</waps>
      <auntyResells>
        <drazelFoxbane>popifyUnpawnTill</drazelFoxbane>
      </auntyResells>
    </nannieOomiacsVitamin>
    <playsGladysIcings jinxesBikie="fritts">
      <yogurt>lidarBockey</yogurt>
      <cacanDama>
        <jellabShiahTrebly>amishgoChettyDunno</jellabShiahTrebly>
      </cacanDama>
      <stiffer impaledArginTuftier="567037546">
        <pelotas>coquitaAzymite</pelotas>
      </stiffer>
      <smack twereRustier="prowarCaudata3774">
        <watery>493285</watery>
      </smack>
      <friskinBinode squirts="schule">
        <tabardsScarce>5262979</tabardsScarce>
      </friskinBinode>
      <rend boomsMahranHolcus="jabiru">
        <arsenicCosmoid>assurer</arsenicCosmoid>
      </rend>
      <zeroAskew>
        <occludeClinahPannose>66520</occludeClinahPannose>
      </zeroAskew>
      <dilisBirring swotterAbuttal="39100807">
        <coolest>arzavaPurlin</coolest>
      </dilisBirring>
      <yaya>
        <ranaSibs>waired307</ranaSibs>
      </yaya>
      <thymey yapLenvoy="kolas" mahaFriggedPrawny="ameedUncausePeyotyl">
        <spudder>lades</spudder>
      </thymey>
    </playsGladysIcings>
    <jubbahBaubo divusCamisAnt="tympaniInseaClubby" cymoid="eyelineDunks">
      <gangan>parrallSpenseCohob78</gangan>
      <siren>
        <dimesCoteenSalami>usual</dimesCoteenSalami>
      </siren>
    </jubbahBaubo>
    <verekArrests>
      <algistMirdOrganal>8865</algistMirdOrganal>
      <tublike>
        <earbash>ingomarJoineryActuate</earbash>
      </tublike>
      <hwt curraghRissian="elixirs">
        <upbelt>maleeOdylistRemene482</upbelt>
      </hwt>
      <duefulBrl decanolLyard="rollixLeucismEeyuch" regrown="poinard">
        <oglerWanyoro>42</oglerWanyoro>
      </duefulBrl>
      <passado vergesDecadi="gadling">
        <aud>dezinc</aud>
      </passado>
      <habenal>
        <baklavaSarlac>curiumCopersSicking5</baklavaSarlac>
      </habenal>
      <settlorBarnBaccare boasted="horn" pirHeapsAnoetic="caoineFillip">
        <chasmBogfernMelagra>76378013</chasmBogfernMelagra>
      </settlorBarnBaccare>
      <popdockTulchin marquesUpreach="climateCheerly" warray="lollersByes">
        <snortyTenureKyathoi>taketh</snortyTenureKyathoi>
      </popdockTulchin>
      <linSepultYelk limingSerai="tickie">
        <willing>manessTeraph</willing>
      </linSepultYelk>
      <squaccoMyoxus purse="upburstCasino">
        <plumier>danzigChillyBeclose</plumier>
      </squaccoMyoxus>
    </verekArrests>
  </ovaloidFondle>
  <unpowerResole tetanicTrendle="romneyaJackCreel">
    <bacin>
      <scroopsChinasBandeau>percidTyped</scroopsChinasBandeau>
      <pochoirTurncapEjam villote="careyWindigoSeptole">
        <cameraeKyacksSoricid>forestyHillier1585</cameraeKyacksSoricid>
      </pochoirTurncapEjam>
      <defierForkers fatally="tannishErnJuchart" simsim="tiddyForwore9">
        <parchedGignateGerkin>cagn</parchedGignateGerkin>
      </defierForkers>
      <techieApicula>
        <solfge>cuttooBridler45</solfge>
      </techieApicula>
      <streeks gashyCymeletWamus="tewtaw" demyKioko="nejd">
        <peasy>sayers8736</peasy>
      </streeks>
      <nonskidPaarLupis shrugBricoleSeres="replum" alegar="whereasAldea">
        <fingram>yards</fingram>
      </nonskidPaarLupis>
    </bacin>
    <recti>
      <deluce>lairdieCongeon</deluce>
    </recti>
    <ropy>
      <loaderRedyingCanzoni>255</loaderRedyingCanzoni>
    </ropy>
    <taggersRolley totalsColladaSicks="15416076" quiches="crissetBlaverChambre5">
      <tawse>amiableWinnow</tawse>
      <blearPantileMaroon gadidaeSoldansUnburn="thighsCajangNewsies">
        <chymase>15</chymase>
      </blearPantileMaroon>
      <dancy anglify="codist">
        <tupaiid>wlokaSpaedPecket</tupaiid>
      </dancy>
    </taggersRolley>
    <gibGain>
      <tollmenUnci>unbungSheltieHoit</tollmenUnci>
      <carcelSail>
        <unpiece>ignatiaRubeFrights</unpiece>
      </carcelSail>
      <besague cathole="miskillHipline">
        <maugreInquiry>7</maugreInquiry>
      </besague>
    </gibGain>
    <barger>
      <camery>blarinaPeavy</camery>
      <embaseDogtieEclegm nunki="8444096" bedevilTriersCopis="gerentsSinify830">
        <naggar>ningBodierProblem</naggar>
      </embaseDogtieEclegm>
      <vinedAdorer nomoi="23071">
        <cytitis>76028934</cytitis>
      </vinedAdorer>
      <persea costaeInfield="attendReverieZaffres">
        <lugRestung>474</lugRestung>
      </persea>
      <miseMythoiDisci horatioOutled="330542" furylNakederUnbench="fuzing">
        <dieterReedits>allahHic</dieterReedits>
      </miseMythoiDisci>
      <becalmsDieriRakily>
        <ingotedAgingsKadsura>ruinMuntPurges5</ingotedAgingsKadsura>
      </becalmsDieriRakily>
      <cuspidAnaemiaBodoni>
        <comitjeWeeted>seropusLaney</comitjeWeeted>
      </cuspidAnaemiaBodoni>
      <qatsNowhitArace>
        <dertrumVilloid>huddledRosakerResigh</dertrumVilloid>
      </qatsNowhitArace>
      <thouSafflow kerflopRexineJollier="843011" cranchSabayon="neumsFlavoGestalt">
        <tendsDawkinImbed>abigeusRefectsBolshie</tendsDawkinImbed>
      </thouSafflow>
      <outdoes>
        <gonimicPouf>girella63</gonimicPouf>
      </outdoes>
    </barger>
    <yahganUnhoodsStayers>
      <nad>599226</nad>
      <penname>
        <forcer>wombed</forcer>
      </penname>
      <albinesUnism nymphGalipot="accused6">
        <catclawWhatten>212053</catclawWhatten>
      </albinesUnism>
      <oxygensPleurum funori="shah">
        <renewAplombSutoria>grex</renewAplombSutoria>
      </oxygensPleurum>
      <rounEarnerWeapons tropineHotfoot="escapeMoted2507" virgateRawheadKirpan="2">
        <looverKodakryTron>diplexBrisque</looverKodakryTron>
      </rounEarnerWeapons>
      <kloofLida lutrinValewTroland="khot">
        <toorockSneezes>sawyersMaskingGlotum</toorockSneezes>
      </kloofLida>
      <overtopLepa iodolScruze="succub21" sashedIllect="unglueShabby">
        <shiresDariDefray>mudland8</shiresDariDefray>
      </overtopLepa>
    </yahganUnhoodsStayers>
    <atamansTrin>
      <pipette>2</pipette>
    </atamansTrin>
  </unpowerResole>
</yestMiskeep>