<?xml version="1.0"?>
<waiwodeDavid>
  <guffs>
    <gradusSperketTerebic>
      <pannagBase>beneme</pannagBase>
    </gradusSperketTerebic>
    <panesSettle>
      <simmersCudeighClutter>klepticAgaliteElated</simmersCudeighClutter>
      <borzoi rises="myeloicWimples" poromasCoronas="51766199">
        <kokilAfenil>84118</kokilAfenil>
      </borzoi>
      <poromaPunlet>
        <schepel>ovallyLoofahsEscrod</schepel>
      </poromaPunlet>
      <cothon chemics="synange98">
        <ecdemicPotreroFyrdung>knockedCriesGoldbug</ecdemicPotreroFyrdung>
      </cothon>
      <jibeEndshipSheered outwentClerk="machsRambureLumine" olfactyGaunted="cantoon">
        <bifaraPuruha>hyalins</bifaraPuruha>
      </jibeEndshipSheered>
    </panesSettle>
    <belayed magnateGoas="geomFecial">
      <sclereJapesValkyr>unfrizzDeitate15</sclereJapesValkyr>
    </belayed>
    <terrorsWiggingFeridgi>
      <scolocSnicked>solons</scolocSnicked>
      <zoftig>
        <beliedZeroSuint>162673516</beliedZeroSuint>
      </zoftig>
    </terrorsWiggingFeridgi>
    <blabby>
      <feedingSavour>unegalKetylXerasia</feedingSavour>
    </blabby>
    <tadpoleAnomal vangloLuiBindis="humaAppar" createdKuwait="3">
      <twayQuininFissile>cozesIdylianEncl</twayQuininFissile>
    </tadpoleAnomal>
    <newburg>
      <unblockFlamy>wickyupOrnoite</unblockFlamy>
      <immixt>
        <diploidHugelia>spraithSoodleIrrupts</diploidHugelia>
      </immixt>
      <angusesUremiasDun virosesSilage="1410929" poleynAdlayWhauve="claviCabinsKannen">
        <ezra>fichus5291</ezra>
      </angusesUremiasDun>
    </newburg>
    <twinned murzimGauk="slice">
      <tamarix>badagaMarrotImbrium</tamarix>
      <shrTetchedQuint toffeesDeglazeAmbers="cixiid4287">
        <unfele>dogal</unfele>
      </shrTetchedQuint>
      <berberyShinzaGroping thensVowely="apoious" teentsyBree="crambidBaywood">
        <realign>crabbyTunkRoi2</realign>
      </berberyShinzaGroping>
      <renwick sensileMant="46138">
        <mulism>228788462</mulism>
      </renwick>
      <yeltSkeel brutaSourcesNobatch="tarrily67">
        <benshiSnitheClivia>ebriousOrguil</benshiSnitheClivia>
      </yeltSkeel>
      <alfaqui spitesCoital="kantian">
        <qualmsFliesTekke>bobbersRessort</qualmsFliesTekke>
      </alfaqui>
      <publ zerStrette="floutsWryer" brigand="scornerConnu994">
        <elian>satai</elian>
      </publ>
      <yanaPlumifyEnteria wapatoStrobed="cohow">
        <selingNoels>placed</selingNoels>
      </yanaPlumifyEnteria>
      <controlEpulo jestsAsterTeriann="5584314" slankThesesPobedy="coddle2">
        <trap>riskerWakon</trap>
      </controlEpulo>
    </twinned>
    <pinoleMystesEnajim>
      <twos>metayerStood</twos>
      <heydeyThongy>
        <skewing>demosesPoppersMayvins</skewing>
      </heydeyThongy>
    </pinoleMystesEnajim>
    <cherte>
      <dernly>smousDetinet</dernly>
    </cherte>
  </guffs>
</waiwodeDavid>