<?xml version="1.0"?>
<vasterBricked>
  <pourersCetylicOof tychismSifterBortzes="258">
    <sayest broiderTacananBelays="1908">
      <sayingsQuebecSittee>malmingPeonize</sayingsQuebecSittee>
    </sayest>
    <clallamGrizzlyFlirts unfittyTineoid="cuckoosReran">
      <thriftHdlcHexitol>codensWisking</thriftHdlcHexitol>
      <casked>
        <unpartyTolus>dabs</unpartyTolus>
      </casked>
      <wakambaHandsaw rushees="lettuceFormule" barrow="immaneBrissAni9">
        <leggier>yabbleKeyless</leggier>
      </wakambaHandsaw>
      <photom penmanCecilia="cene" rebbes="5">
        <clipsWrabbeDanta>licualaAdagial8871</clipsWrabbeDanta>
      </photom>
      <jauntedSalival dolosScolbItcze="laudeGenresAriled" unharshHadjee="portorMingeWanghee">
        <rimulaImmoralHagworm>unarch</rimulaImmoralHagworm>
      </jauntedSalival>
      <salpidBromateArouser>
        <jose>safawidJaguey</jose>
      </salpidBromateArouser>
      <facersBloomsDione aguada="rybat65">
        <pelagicWhoo>cartoonFluence</pelagicWhoo>
      </facersBloomsDione>
      <limneryTintScepter>
        <niyama>nicklesUtu</niyama>
      </limneryTintScepter>
    </clallamGrizzlyFlirts>
    <athbashTarataNephria>
      <amicous>309927010</amicous>
      <ppsGoonyVelated>
        <naotoAdytta>slawsCorks2</naotoAdytta>
      </ppsGoonyVelated>
      <totersYeom pothead="gaelStabbedAlpeen">
        <sonicFaithedRapiner>upcurve</sonicFaithedRapiner>
      </totersYeom>
      <sketeTabla slowingCocle="roust">
        <mangourSerraeDecoder>pasewaOtyak</mangourSerraeDecoder>
      </sketeTabla>
      <blind>
        <crisps>sizalEardropNutpick</crisps>
      </blind>
      <hureCreteTintype clings="pastis">
        <alibleRedskin>veal</alibleRedskin>
      </hureCreteTintype>
      <unityParadoPeached biggerSeqenceGundie="gibeBlowfly" bembaAccollTarasc="inwoodJowledUnhip">
        <kumbukBarrenSignet>cavallyStrette</kumbukBarrenSignet>
      </unityParadoPeached>
      <tensile corerTipperMouille="scythesFagine4" profaneGytling="networkSnuggle1">
        <neurite>40526</neurite>
      </tensile>
      <turnipyVicarlyAmicous>
        <coaxerGerated>pituri</coaxerGerated>
      </turnipyVicarlyAmicous>
    </athbashTarataNephria>
    <rebidsSabutan>
      <derridCerosin>lipide</derridCerosin>
      <forkersRutateMangona sornari="sheafyGlandesElchee3" cerciIrma="cnidaQuinton">
        <oxters>432</oxters>
      </forkersRutateMangona>
      <mukhtar aphelia="evenLeasow872" circleVagileGlaky="79682930">
        <coppraHash>tophsDesaltSpilth</coppraHash>
      </mukhtar>
      <fordid>
        <mcgDool>abbestCounty</mcgDool>
      </fordid>
      <gadite zolaism="pollistBreccia">
        <atopyTurfier>bedbugRetried</atopyTurfier>
      </gadite>
      <mazard>
        <sunbath>leavier79</sunbath>
      </mazard>
      <logiest>
        <coning>tattiedAcquist</coning>
      </logiest>
      <jetsamsHullock>
        <quarticBrid>awhirlClamantQuetsch</quarticBrid>
      </jetsamsHullock>
    </rebidsSabutan>
    <licitlyMimeoVestlet>
      <supineEciton>trivetsArtarinUnfoul</supineEciton>
    </licitlyMimeoVestlet>
    <subpassPotTendrac>
      <datableMagyars>776836</datableMagyars>
      <saiphHarastFallage>
        <koosinPanpipeCadette>grittie563</koosinPanpipeCadette>
      </saiphHarastFallage>
      <suuEyesOptant sikra="4183">
        <racketsVomiter>amita</racketsVomiter>
      </suuEyesOptant>
      <arcidaeAgelastAdmits muraled="419" rebillsEdmondLemmata="sinkyEstafa">
        <gobia>8</gobia>
      </arcidaeAgelastAdmits>
      <gatsbySyncsPonying arousesAvahiGutsy="7">
        <curser>tallateZoosTerbia</curser>
      </gatsbySyncsPonying>
    </subpassPotTendrac>
    <hecuba>
      <unhurtFunfairCreeps>episciaRoughet</unhurtFunfairCreeps>
      <centryToadPeonism depassPandar="kinds" jokes="gooniesHalloed">
        <shavers>samechsYoruba1</shavers>
      </centryToadPeonism>
      <daurMislenEyre erineumQueersBateful="6" sleds="hewghDiesel">
        <lodges>767</lodges>
      </daurMislenEyre>
      <tuzzleTheban frameaHunyakChasty="year" mentha="brinded">
        <kapeika>tonicCooees</kapeika>
      </tuzzleTheban>
      <outmanTapia>
        <ninox>bunkums</ninox>
      </outmanTapia>
    </hecuba>
  </pourersCetylicOof>
  <distOctoberBillman aziminoNullary="gausDogmataMew" earock="31174191" quarta="yorkersDird" whishCarksBolt="jollityOrgiacsRassle1">
    <parousDire>
      <pocoson>scrubs</pocoson>
      <crineBoletiBromios>
        <bumming>aspiresBankersPref</bumming>
      </crineBoletiBromios>
    </parousDire>
    <decast>
      <peakerDisco>fuzes</peakerDisco>
      <obeliacInbirthShoplet>
        <paganic>dittoedHatty</paganic>
      </obeliacInbirthShoplet>
      <funs alway="central" chokierCacimboPilose="addeemPeewit">
        <ingrainIngangs>4</ingrainIngangs>
      </funs>
      <perrieWindingZoster>
        <mourner>5888</mourner>
      </perrieWindingZoster>
      <zabra idioms="cotanAfdMagpie" gebCharts="miseatVittateTafwiz">
        <spandle>28924</spandle>
      </zabra>
    </decast>
    <bruzz partookDeilFimetic="forseenUncus" carvelOndy="comtismConnachBattik" brassicTegmina="gasparJanesUnlumpy639">
      <smarmy>964</smarmy>
    </bruzz>
    <cloveHelewou>
      <nested>stemmyAxoidVarved5</nested>
      <dedoFlushes>
        <sakersMituNed>solenneSkymen</sakersMituNed>
      </dedoFlushes>
    </cloveHelewou>
    <spewed tantricCartesBunkie="heliumsSinning" termiteLentils="6">
      <ensoulEspartoUtricle>2531811</ensoulEspartoUtricle>
    </spewed>
    <forsadoGan>
      <mangold>462214</mangold>
      <diedricPholas courtbyAufait="jurevis" cassateAuratedZequin="splentsUnrig">
        <floridSubarea>benched</floridSubarea>
      </diedricPholas>
      <lewieCaratsGrits pareve="passee" trocheMisate="nyeMansoTopazy">
        <marriedMelinisRamesh>arboreaTermersBobbers887</marriedMelinisRamesh>
      </lewieCaratsGrits>
      <bonkingBalladSics milliad="runoutSouth">
        <hansaOlenus>remuda</hansaOlenus>
      </bonkingBalladSics>
      <henad inwindsVoidsInleak="uralianAum1748">
        <plunked>1</plunked>
      </henad>
      <esere>
        <blesmolRetiral>guyRentalZanzas</blesmolRetiral>
      </esere>
      <agnathaFesty ignored="copsKogiaMistook">
        <linersRichen>gladeyeAmanousMelagra</linersRichen>
      </agnathaFesty>
      <thisllUtah>
        <boraces>2912</boraces>
      </thisllUtah>
      <valet>
        <fenterSermoPlimsol>teneralElytra</fenterSermoPlimsol>
      </valet>
      <revertsInures>
        <subanalOxamidThacker>bummelAlgors</subanalOxamidThacker>
      </revertsInures>
    </forsadoGan>
    <goran>
      <mervCourbTanoan>716</mervCourbTanoan>
    </goran>
    <buffyCinnylSquashy>
      <enlistNeela>openestRockies</enlistNeela>
      <sinewsTaunton hurrahCrambleTummies="terrorsReles" golesFeazingImbed="argandDoglegsMaumee">
        <vaporerLati>249854821</vaporerLati>
      </sinewsTaunton>
      <miffy>
        <busier>bourseAkhoondCatjang</busier>
      </miffy>
      <tokamak>
        <acerblySiamese>enplaneShimei</acerblySiamese>
      </tokamak>
      <sixtesTypists cowslip="whingLnrFerie74">
        <foggierTictocKaty>pacinkoAmused</foggierTictocKaty>
      </sixtesTypists>
      <otosisKajawahPlayer>
        <cocuisa>2225</cocuisa>
      </otosisKajawahPlayer>
      <belightMidiron pipraSlurbowRaspite="rulers">
        <anywise>snooted</anywise>
      </belightMidiron>
      <recramp>
        <genitalOzoenaFerrite>fifthsPoller</genitalOzoenaFerrite>
      </recramp>
      <charmelStockedBunuelo shoppeCha="cretizeWhapuka">
        <collybaSoosoo>preciteBagne28</collybaSoosoo>
      </charmelStockedBunuelo>
    </buffyCinnylSquashy>
    <poolingJackman flaunt="adightDarkens" cagiestBarwalTacnode="slentDispellNopalry" tunica="liardsBetelsCalci">
      <quintus>gablingTrapeze</quintus>
      <dumpHumboRoadman rapacesDidle="latomy" unitaryArmuresCitizen="burlyNoyaded3060">
        <trullsRetral>mudflowBenmost</trullsRetral>
      </dumpHumboRoadman>
      <dinericSprunt>
        <scorceAlbatasTsurugi>kindlerEmusifyLumpy</scorceAlbatasTsurugi>
      </dinericSprunt>
      <fletherDorrs>
        <reblockAggersSewers>vintaCoign</reblockAggersSewers>
      </fletherDorrs>
      <ouzeDizzenDurzi ideoPapainsDecamps="3476" frijaTunefulNoumena="queansReaversEgards">
        <mucous>conteurLentor</mucous>
      </ouzeDizzenDurzi>
      <direxit odderAustinRabific="especAmuletsSculsh" ozonise="visierDoesntIrish523">
        <galpZestier>nagnailBebeeruJudgers</galpZestier>
      </direxit>
      <uncos taxman="edoniArouser" oakenDeluded="oogoniaBenzoleAleutic">
        <slashedUncia>paronymJibed3</slashedUncia>
      </uncos>
      <brionyAsciansStored dishragGombeenBallet="haidanWhop" faenaEmeritBirlie="bailieSeedage">
        <pshaDayworkPavane>barDefilerTricot9</pshaDayworkPavane>
      </brionyAsciansStored>
      <jusGaskinGiggit>
        <streamy>kotoiteAggro</streamy>
      </jusGaskinGiggit>
    </poolingJackman>
    <pimpledFriend>
      <uspoken>venularArcus</uspoken>
      <nepit>
        <existPinardAlienor>pranksSuctionKikongo</existPinardAlienor>
      </nepit>
      <ruggy nutty="drowsesDatersEpicier" akeley="humhum">
        <glist>nolPoussin</glist>
      </ruggy>
      <keddahsDudes>
        <batisteSelinaLbw>64435405</batisteSelinaLbw>
      </keddahsDudes>
      <solidusHuskingBobcats>
        <witterMill>icefallGalli</witterMill>
      </solidusHuskingBobcats>
      <wigglerOxidise nixesWhiffed="lunkersRaringBullnut">
        <jerkiesMaguari>manzana</jerkiesMaguari>
      </wigglerOxidise>
      <admiresNarcein overmix="cocoons1411" discourGenipPaulism="infirm">
        <riksmalPlumousEdison>amidWurmalTakable9</riksmalPlumousEdison>
      </admiresNarcein>
    </pimpledFriend>
    <streaksPassmanHexose duallySulphid="perkToothsPyr" clinSpirity="437672928" percaImbarkCahows="owlhead738">
      <xanthan>kaberu</xanthan>
      <toucheFittenCineols ozonizeCookedChaetae="rambo" wetsuitLimmataBroomer="waffiePhasedPub">
        <mowBoranes>sweltyBrrr</mowBoranes>
      </toucheFittenCineols>
      <cephasCouthly coopee="naggleBetterDaisy">
        <goulashVineae>chinnyTonishVillus</goulashVineae>
      </cephasCouthly>
      <ruddlesProrata spurs="bogmireRummagyMarges" gis="muffsRebelJingoes">
        <lumpen>joreeMurklyBridges</lumpen>
      </ruddlesProrata>
      <amentyPalooka talipatCapless="31700267" shudna="dottoreMangoesChaetal3">
        <twinesTuchisNovel>212556</twinesTuchisNovel>
      </amentyPalooka>
    </streaksPassmanHexose>
    <fated jadedKnapsFrock="actgBaculiTarpons" karos="etoffe">
      <cludderJanes>roanokeHorsedStrage208</cludderJanes>
    </fated>
    <clinchBoing coochLactic="midis8146">
      <unfeleCosilyStinter>kaibabServersPinked</unfeleCosilyStinter>
      <soundCnemial>
        <zooidal>560363</zooidal>
      </soundCnemial>
      <shiv>
        <bazigarSonlyRemore>dofferWastine1</bazigarSonlyRemore>
      </shiv>
    </clinchBoing>
  </distOctoberBillman>
  <swamySakeretEosines glistenNomePisum="trazia" />
  <cabalasLinkerKotows />
  <electre arsenyl="bosey" abillaTriduum="fillSwatch93" naceCulticDilis="guckedGaggeryGlycyl" />
  <khokaNurtureAdeep skiechKopje="3245850" croon="pannes" uncriedAugererBowls="1" stir="sheersFecit">
    <cruisesThickenArpens eucrePorcineDihely="coholSowsAmas" appmtBeesPrezone="ransomVignin">
      <vrow>49585</vrow>
      <halke barytas="loupeSquegBedog">
        <env>kiki</env>
      </halke>
      <ducapeBonangRiveted>
        <neukPansJundy>sizableAlibamu215</neukPansJundy>
      </ducapeBonangRiveted>
      <strafer quoniamQuetzal="strop">
        <sanand>animizeUviolLairage254</sanand>
      </strafer>
      <sashayWarrin hewedScrimp="creolesRotalia">
        <clothoCanoe>davit1</clothoCanoe>
      </sashayWarrin>
      <dapiferInphaseRepound cladTumoursRubelet="mooder">
        <haslockMisbill>epuloidVarnishLetty</haslockMisbill>
      </dapiferInphaseRepound>
      <catonicGallicTreddle paxiuba="lataxKloesse" towropeLorisesPurfler="remoras">
        <rhos>celeminHoickedScarrer</rhos>
      </catonicGallicTreddle>
    </cruisesThickenArpens>
    <nobbierCrtsOyes>
      <fause>18</fause>
      <behungWelcher>
        <spumierSaim>mannRusa5408</spumierSaim>
      </behungWelcher>
      <albergoBhistieBergere itemiseLoselry="enami">
        <fusspotDallanTalons>woonsAnomalTorrent</fusspotDallanTalons>
      </albergoBhistieBergere>
      <cyclize charmerDense="9795">
        <apoiousFeatous>uraniteScarlet</apoiousFeatous>
      </cyclize>
      <valkyrPeacodAraucan boterolGutters="335649586" ooblast="chiviedOrlopTiwaz">
        <gauzierCaging>falcataJehovahBeglare</gauzierCaging>
      </valkyrPeacodAraucan>
    </nobbierCrtsOyes>
    <hayerVagary rajeevBidar="5" succussThewier="sareeAssoils" hawed="6">
      <geryReelect>autoecyClavateGazer</geryReelect>
      <infantsMonic>
        <opulentWronglyMeader>liturgy</opulentWronglyMeader>
      </infantsMonic>
    </hayerVagary>
    <glebesMythoi>
      <riskily>tofu</riskily>
    </glebesMythoi>
    <funkia>
      <chymicsInositeDread>fanweed</chymicsInositeDread>
    </funkia>
    <parserFlusker>
      <sensedRupiaScuzzy>44</sensedRupiaScuzzy>
      <lowesForgingUnseize feastlyMelitisSingle="dollingLutfisk">
        <edictsTzetzes>dowy</edictsTzetzes>
      </lowesForgingUnseize>
      <larkedCudsMatico glottalRiotWhole="sorocheAstatic" puntoCarnacReships="dashedMangeWingate">
        <ovariesRosinyDirdums>meantesMerodusPinger</ovariesRosinyDirdums>
      </larkedCudsMatico>
      <alypin>
        <loricSuavestRubefy>rubiousLayship</loricSuavestRubefy>
      </alypin>
      <demain onerGemul="83859" coyishAfros="donorBiggins">
        <direxNanmu>forweep</direxNanmu>
      </demain>
      <hadron jangar="mayings8304" yperite="idestGunzianPici301">
        <pachisi>louversSubnetsUnheal37</pachisi>
      </hadron>
      <aporoseRestir trentOutrateCurupay="sweathPersaeRespray6" citrine="gauferKidsOliva">
        <lemel>292070355</lemel>
      </aporoseRestir>
      <nauntHybrids chalothGaraged="nutletNevellBursal">
        <recooks>kudizeOxters</recooks>
      </nauntHybrids>
      <heistsFerradoTarrish xyphoidFeagueSubfile="buroCalesas" gaunchRettedBudless="unwhigFusesSuppone">
        <shippenCnidae>sanicle755</shippenCnidae>
      </heistsFerradoTarrish>
    </parserFlusker>
    <tapling>
      <gooeyPauliad>helledWhuskie</gooeyPauliad>
    </tapling>
    <imports>
      <pookaunChummer>upwaysFlanch</pookaunChummer>
    </imports>
    <novenasBarkingRobots>
      <landed>agible</landed>
      <getfdCiudad huffierImbrute="17">
        <ausubosFlipe>boshbokAwmbrieEdgily51</ausubosFlipe>
      </getfdCiudad>
      <auhSkibob miroNasardGametal="38801" ebrietyMilden="knockedSheepy">
        <sabicuRepsEclipse>leewan</sabicuRepsEclipse>
      </auhSkibob>
      <sobbyUniviedPlaybox schorls="unselfJawlikeAcron" edibilePropaleRumen="recursCadbitRapper5219">
        <bacopaAjogKimbang>nullaryCottons</bacopaAjogKimbang>
      </sobbyUniviedPlaybox>
      <crouchVall lhiambaLoq="keenedCiscoPlotful" jarveyCoddedGuns="sitter">
        <tastily>calabaHellcat</tastily>
      </crouchVall>
    </novenasBarkingRobots>
    <outcryBedawee>
      <addaThornenAttest>gasparEmydOddity</addaThornenAttest>
    </outcryBedawee>
    <seorMonteroExcised brawlsMoonier="2186108">
      <enstampCajang>peining</enstampCajang>
    </seorMonteroExcised>
    <scholaeBasallyKanat>
      <epics>farmery</epics>
      <peineBekickSuina phraserBezazz="tass72">
        <litholDiners>infer</litholDiners>
      </peineBekickSuina>
      <chatakaUnsoftStounds canthi="lanBoneenNewburg">
        <hawkieVirifyHepburn>swineryFungate</hawkieVirifyHepburn>
      </chatakaUnsoftStounds>
    </scholaeBasallyKanat>
    <mahoutsApotypeSludgy sprunnyLodensConnate="subsale" chadar="3343630" tetroleCapered="upscale">
      <qungGaonic>bleezyBurets6726</qungGaonic>
      <cubed befameAlpeenErgot="spooredHareldaFellata" datingGriotsDecrown="trfBanjara">
        <dmod>argolsGoaleeQuench</dmod>
      </cubed>
      <goanna immuteAnywhyCaroli="3">
        <talpify>5120</talpify>
      </goanna>
      <acpt epiderm="witanTacso" ajointUpchokeStokvis="673143694">
        <carib>813553211</carib>
      </acpt>
      <honoursWristed dorsalJogged="129" varsha="spect">
        <haredFlavousBazaar>395</haredFlavousBazaar>
      </honoursWristed>
      <mathDidymisEighth subpimp="sepia">
        <javaliGuarea>797574649</javaliGuarea>
      </mathDidymisEighth>
      <slumpRebrewDroned avernBangingTabid="ranellaCorves" pitirriSiumFunder="broncosRhenea">
        <wizTalcumChappie>faveoli</wizTalcumChappie>
      </slumpRebrewDroned>
    </mahoutsApotypeSludgy>
  </khokaNurtureAdeep>
  <wormersTotersAnour matcherLocaled="topplerRerise" copusRammageSfumato="aglyconTargumCoffer7392">
    <aerope arorasScauper="hateLathie3" abieghJockoOstia="bigly" bilicHippianSakis="pastsBeardScarce">
      <sudaryDrecksPph>ergodicTalite</sudaryDrecksPph>
    </aerope>
    <fagald>
      <saigonTwitted>pokableEyasYokes</saigonTwitted>
      <suptionTawnily tochersScholar="altared">
        <whitsun>9317</whitsun>
      </suptionTawnily>
      <defassaAmbariSnowcap lollersCathrynGerbo="repasteAucaner">
        <fabling>59</fabling>
      </defassaAmbariSnowcap>
      <coitalComournTuilyie pinturaCanids="68863" rondinoFrenum="85577">
        <quibusAroph>portage</quibusAroph>
      </coitalComournTuilyie>
      <neddiesGuajira lysol="tree" aged="tumbleQuiteveKeuper">
        <aradObvertsEtui>435705993</aradObvertsEtui>
      </neddiesGuajira>
    </fagald>
    <alswithLicks>
      <luteletHewtDucats>sensism</luteletHewtDucats>
    </alswithLicks>
    <unburstGirded>
      <karmaTerronWoodier>mundil</karmaTerronWoodier>
    </unburstGirded>
    <gozellEnamourUnfelon>
      <proartGazaboPickery>shrafOctetJoust</proartGazaboPickery>
      <mobsmenPlaypenEsq sighReclude="slipeSwarth9424" angolarFilietyPegh="pyralidPinoliaBefret783">
        <bilgierLatooka>oneself</bilgierLatooka>
      </mobsmenPlaypenEsq>
      <duenna pommeloReauditSwatow="jointedPhoebeLongies3">
        <camail>rolowayFluTrogon1</camail>
      </duenna>
      <raman degassKeryx="811871084">
        <tuckedPickupSoldier>2449</tuckedPickupSoldier>
      </raman>
      <ruts tonkawaDisrupt="birkie">
        <purer>yeardayRodhamStyrone3</purer>
      </ruts>
      <wontonsWhipcat fitly="jingoedVirgil">
        <fellerDisrankCavorts>agonies</fellerDisrankCavorts>
      </wontonsWhipcat>
      <outwits>
        <rockets>6</rockets>
      </outwits>
      <refallWheezesShoppes>
        <scenist>pandect</scenist>
      </refallWheezesShoppes>
      <mauvein engageBilboesKyschty="cressesBrarow2">
        <zattareBelageScrinia>whippa8435</zattareBelageScrinia>
      </mauvein>
    </gozellEnamourUnfelon>
    <wieldy>
      <nathanGillian>preserHarmalSativa</nathanGillian>
      <throesArdelioRegain rotteGard="inletAgnosisLira">
        <iditeBaraka>gambs</iditeBaraka>
      </throesArdelioRegain>
      <anywhy exine="drownds" woomerFacing="magilps">
        <whirler>lunetsBendell</whirler>
      </anywhy>
    </wieldy>
    <whitest bonderNoonSaqib="hiatus">
      <peglessPoverty>70</peglessPoverty>
      <miringKansas camoodi="nannie">
        <cuneneiShinePalmar>upsy</cuneneiShinePalmar>
      </miringKansas>
      <photomaPension toguesNoosing="griph" quinic="65">
        <goney>besoinChirkerReeking</goney>
      </photomaPension>
      <unscarb semibayIbid="32208">
        <abris>succoseJuri</abris>
      </unscarb>
    </whitest>
    <riveredDailies ruffleThriftsDryfist="blibe" parasolKollastSchepel="asrama">
      <viasGladify>161537940</viasGladify>
      <maliBali bigot="threoseRutic" surd="curtana">
        <timothyPylorus>premiumMahoeKindly</timothyPylorus>
      </maliBali>
      <freedomBugleFuzils agrinTuckerMegaara="urheenUnrural71" hopbushSoaked="toxityAdam">
        <insoulsIsotopeHesped>longpod39</insoulsIsotopeHesped>
      </freedomBugleFuzils>
      <jampaniUpcoast>
        <browChloredAogiri>condoneShikiiChamal30</browChloredAogiri>
      </jampaniUpcoast>
      <dromoi>
        <chevet>ginkgo</chevet>
      </dromoi>
      <beckyDerk>
        <pungiePipid>whelpedGinger</pungiePipid>
      </beckyDerk>
      <laodah saughyRucks="pythianIlludedBeigel" voyagesCallopFatsia="178">
        <boozierTavers>utiDozenthTricae8</boozierTavers>
      </laodah>
      <acedias sexualGramsTibias="679362383">
        <unweelZeugmaMegaerg>blijverGaloshe</unweelZeugmaMegaerg>
      </acedias>
      <gaboonEellikeAlcaide sherriLetticSoarer="foxtrotPolster">
        <mascaraFumifyCedre>scagliaCoheadCholane</mascaraFumifyCedre>
      </gaboonEellikeAlcaide>
      <skiceAvgasesPuerer santimsNaa="chantry">
        <excelUlulantSquaw>jordanButyral19</excelUlulantSquaw>
      </skiceAvgasesPuerer>
    </riveredDailies>
    <cerevisCentos>
      <entiesHoned>purgesDevout3957</entiesHoned>
      <remijia totemy="spicksAnounou">
        <flegmPerataeBoxier>balliumPrebill4289</flegmPerataeBoxier>
      </remijia>
      <bavaryLipide astirStoga="brothLabials">
        <nowisePlagoseQuieten>singeyMartAnklets</nowisePlagoseQuieten>
      </bavaryLipide>
    </cerevisCentos>
    <tsktskDeceiveSneaked>
      <nicely>cretizeWauchle</nicely>
      <pumeDauntedGidgee woodlot="carnic">
        <shallopBeshrew>41938</shallopBeshrew>
      </pumeDauntedGidgee>
      <heaven loqShairds="jocumYaguazaUnpity">
        <oathedForblowWigdom>4792</oathedForblowWigdom>
      </heaven>
      <cattilyCoodleStion dimitryStunned="abnerAnatta" aerugosInlayed="nodeFerrer7">
        <campaCurser>cowbaneSizzledBanal1523</campaCurser>
      </cattilyCoodleStion>
      <nondarkGanev cyaneaPigfulCadged="humific">
        <carrellCastanaPerlite>muggursConflux</carrellCastanaPerlite>
      </nondarkGanev>
      <editorKoosinBikini thutterShoteFeign="chamoisLucetAgatize" stivers="piannetBinocs">
        <muscles>9224074</muscles>
      </editorKoosinBikini>
      <nco spunch="plat">
        <condos>girdingGrabs</condos>
      </nco>
      <buoyFenchylWirr>
        <sondersLitesWinston>misaverDefined5</sondersLitesWinston>
      </buoyFenchylWirr>
    </tsktskDeceiveSneaked>
    <protide kojikiObole="lovedayOutguns" sod="ampereGabbier92">
      <sauceryGironsTwankle>3084</sauceryGironsTwankle>
      <cyclopsMispen>
        <seamusStickum>8311</seamusStickum>
      </cyclopsMispen>
      <tongerBowpin>
        <noughty>doniaSarcasmVivda</noughty>
      </tongerBowpin>
      <floorsVakia>
        <menuki>duster</menuki>
      </floorsVakia>
      <reamuseMaguariSeaware boules="muscariChurchyDiamant8">
        <baith>fevered</baith>
      </reamuseMaguariSeaware>
      <metope>
        <catkinsHottieLinder>whimmedPaeon</catkinsHottieLinder>
      </metope>
      <hoursMerinos raiaTautly="milldamSquamySoueege" summat="kongBlobber">
        <ghouliePiewifeAbrotin>kameSpiff</ghouliePiewifeAbrotin>
      </hoursMerinos>
      <wamefu>
        <mispageExcudit>gravest</mispageExcudit>
      </wamefu>
      <deerfly ardureRuppiaUnamo="testierCreeper">
        <reppedLiquidCanada>4365490</reppedLiquidCanada>
      </deerfly>
    </protide>
  </wormersTotersAnour>
  <belightSackenAmidine towserUnflockPoinado="locatumReseda">
    <glassieJesuate>
      <outdoTamanuBenumbs>ruesYeeuch</outdoTamanuBenumbs>
      <bedamnsCeraLeas>
        <frowlPize>wabe</frowlPize>
      </bedamnsCeraLeas>
      <hipposMascle snivels="lanierSneap50" larvalParsonyEidetic="92894">
        <salivanEnneadsGil>betake</salivanEnneadsGil>
      </hipposMascle>
      <abubbleGarbillZongora feirieZebruleMaloca="griftsSpisulaPash">
        <aburtonCoontahGuango>ripienoGuanizeLaguna</aburtonCoontahGuango>
      </abubbleGarbillZongora>
      <racingsNuanceTrid>
        <wakonStalksCutwork>housers</wakonStalksCutwork>
      </racingsNuanceTrid>
      <screedAmicedParus three="overput" bruitedAphemic="grecizeGardy">
        <tezkereRivulus>rosetum</tezkereRivulus>
      </screedAmicedParus>
    </glassieJesuate>
  </belightSackenAmidine>
  <pyriticTeatherSalient clinkedAlhena="bytalk" axiom="523085">
    <smilersLimeysChappie hylaStoresRuiner="pintlesCoadore">
      <anconadGinnetSacrums>107489697</anconadGinnetSacrums>
      <module focuser="bopped">
        <vicunasNazismTassard>tyler</vicunasNazismTassard>
      </module>
      <apiinMosaist diting="321552">
        <hottieAskipWhooses>cabbingGrabMapping5</hottieAskipWhooses>
      </apiinMosaist>
    </smilersLimeysChappie>
    <russetyKensAvoider>
      <sillagoCover>lunare</sillagoCover>
      <lizzieNegIsotony primpChidraCohunes="24746018" domusTracts="86297">
        <gumpusCalin>flip</gumpusCalin>
      </lizzieNegIsotony>
      <yawnerCulches goiterWheenZemiism="5866" spails="flabrumLouvreEngraff44">
        <intimeOuenite>twibil15</intimeOuenite>
      </yawnerCulches>
      <unhumidIdes>
        <wassail>26909</wassail>
      </unhumidIdes>
      <flabraInducer epidiaAmulaeScogie="bistroPeroxyCiseaux3" biceRetard="pricersWhins">
        <diamideRybatRat>crispyTense</diamideRybatRat>
      </flabraInducer>
      <rework>
        <paiock>reglossThonder</paiock>
      </rework>
      <rotaryMassing pistic="594678">
        <minorShowilyFustily>towrope</minorShowilyFustily>
      </rotaryMassing>
      <mullite bolagAchaguaRegaler="colossZoolith9043" culrage="7">
        <sphericSkaw>chrismsBegrett</sphericSkaw>
      </mullite>
      <rampire slotmanGlaliHaratch="snivelyMunsiff" baresmaSazen="7531">
        <lutecia>repugnsBayboltWanting</lutecia>
      </rampire>
    </russetyKensAvoider>
    <frustaThesaur>
      <wouldnUckers>bestab51</wouldnUckers>
    </frustaThesaur>
    <unhairBajoire>
      <ardish>caulksClausum</ardish>
    </unhairBajoire>
    <churlsGravataRuesome>
      <stirrupGatlingParlors>takeful</stirrupGatlingParlors>
      <faciendProrex>
        <dulcetLeeredWayfare>8477960</dulcetLeeredWayfare>
      </faciendProrex>
      <giulioIngluFrills geed="69125745">
        <initial>antaivaInuring7</initial>
      </giulioIngluFrills>
    </churlsGravataRuesome>
    <crasis>
      <farrowRoddersMusers>1</farrowRoddersMusers>
    </crasis>
    <cawingCraggy kwapaFunnilyMothery="sapiensTorilisBarilla">
      <affixtPlayock>oomiakVepsish</affixtPlayock>
      <claptAloyauCoheirs>
        <effundShirazAlfin>lowboysDirtNibong</effundShirazAlfin>
      </claptAloyauCoheirs>
      <scentAwadhiNymphon>
        <dingy>8717832</dingy>
      </scentAwadhiNymphon>
      <mariouAudings>
        <outlimnTwite>scampPawpaw2449</outlimnTwite>
      </mariouAudings>
      <wassieKansa lilial="lioncel" fockleApagoge="boothesFretter52">
        <saco>franticAvens</saco>
      </wassieKansa>
    </cawingCraggy>
    <haricotHelly accrualSaniesFaltere="munifyRepage">
      <epiboleOilingSpermin>redeck</epiboleOilingSpermin>
    </haricotHelly>
    <tilikumCivic>
      <synoviaHellimTempeh>donzelCarload1129</synoviaHellimTempeh>
    </tilikumCivic>
    <thungQuartzy naegateUgandan="collopGipsiesDecuss332" oocystLiftsGrosse="bejaVisne" berther="46">
      <amylicSnobdomMelba>33012893</amylicSnobdomMelba>
      <peakishHoarish kell="7298" hooeys="zonaryLignum">
        <moochesFanonsWoolmen>decream3</moochesFanonsWoolmen>
      </peakishHoarish>
      <terraneConcileCrois rehashScarves="orgoneMonacoThyme" spottleLiesEyehook="onehowTautest">
        <weedyGuntub>mardiNummi87</weedyGuntub>
      </terraneConcileCrois>
      <maness pagumaNovate="librasMusarStunty" earnerFumishBallata="sozins">
        <beadleNudges>delis</beadleNudges>
      </maness>
      <yeast>
        <garbillScouseCevian>vmsizeInvidia</garbillScouseCevian>
      </yeast>
      <buffy hobbismPlacer="diurnaAruloDowd5" beetDhaman="slingeMandala">
        <trowsTomato>shishWhereup</trowsTomato>
      </buffy>
    </thungQuartzy>
    <doublesMeatureCuffy gongmanShadkanHerbane="inturnsPreburn">
      <inrailSunfastBawra>3</inrailSunfastBawra>
      <hapuTaut amtracAdviserCharca="4" snaggle="goodbye">
        <nettles>seetheDixain</nettles>
      </hapuTaut>
      <parfey miswrit="oophyteGrilsesOutwall">
        <chantey>18651</chantey>
      </parfey>
      <avichi>
        <elfwifeColcine>534105303</elfwifeColcine>
      </avichi>
      <labiaRheebokFainted>
        <coolersUremias>sovietPowdry</coolersUremias>
      </labiaRheebokFainted>
    </doublesMeatureCuffy>
    <nitridsYearlyMoister>
      <shoeboyDimmed>227344729</shoeboyDimmed>
      <thorpUnsnarlMysosts cairdRebills="eyebathSogetVorhand">
        <ligureEmigreeTaces>8651</ligureEmigreeTaces>
      </thorpUnsnarlMysosts>
    </nitridsYearlyMoister>
    <fjeldBult snookerBowheadFores="whopped2174" commitsCrowsSpringy="peccantItch91">
      <lactoCoohee>samucanPatta</lactoCoohee>
    </fjeldBult>
  </pyriticTeatherSalient>
</vasterBricked>